# Yale Bright Star Catalogue, 5th revised ed. (Hoffleit & Warren 1991), CDS V/50.
# Generated by tools/stars/convert_bsc5.py. J2000 positions, epoch 2000.0.
hr,ra_deg,dec_deg,vmag,bv,name
1,1.29125,45.22917,6.70,+0.07,
2,1.26583,-0.50306,6.29,+1.10,
3,1.33375,-5.70750,4.61,+1.04,33 Psc
4,1.42500,13.39611,5.51,+0.90,86 Peg
5,1.56667,58.43667,5.96,+0.67,
6,1.57917,-49.07500,5.70,+0.52,
7,1.61042,64.19611,5.59,-0.03,10 Cas
8,1.65333,29.02139,6.13,+0.75,
9,1.70875,-23.10750,6.18,+0.38,
10,1.82583,-17.38639,6.19,+0.14,
11,1.93375,-2.54889,6.43,-0.14,
12,1.94500,-22.50889,5.94,+0.14,
13,2.01458,-33.52944,5.68,+1.12,
14,2.05042,-2.44778,6.07,+1.38,
15,2.09708,29.09056,2.06,-0.11,21Alp And
16,2.07250,-8.82389,5.99,+1.04,
17,2.17083,36.62667,6.19,+0.48,
18,2.13917,-17.57750,6.06,+1.67,
19,2.21750,25.46278,6.23,+0.97,
20,2.33417,79.71472,6.01,+0.19,
21,2.29458,59.14972,2.27,+0.34,11Bet Cas
22,2.26000,18.21194,5.53,+1.04,87 Peg
23,2.26000,-54.00194,6.33,+0.74,
24,2.33750,-27.98778,5.42,+0.42,Kap1Scl
25,2.35292,-45.74750,3.88,+1.03,Eps Phe
26,2.50958,11.14556,5.51,-0.07,34 Psc
27,2.58042,46.07222,5.03,+0.40,22 And
28,2.62375,57.16556,6.74,-0.08,
29,2.57833,-5.24861,5.84,+0.98,
30,2.50875,-82.22389,5.28,+1.05,Gam3Oct
31,2.67833,-12.58000,5.85,+1.01,
32,2.66083,-73.22444,6.64,+0.37,
33,2.81625,-15.46806,4.89,+0.49,6 Cet
34,2.89333,-27.79972,5.41,+1.34,Kap2Scl
35,2.93333,-35.13306,5.25,+0.44,The Scl
36,2.99625,48.15250,6.16,+1.45,
37,3.04167,-17.93833,5.25,+1.48,
38,3.21000,37.69333,6.73,-0.13,
39,3.30917,15.18361,2.83,-0.23,88Gam Peg
40,3.35000,26.98722,6.30,+0.65,
41,3.37833,41.03528,5.72,+0.31,23 And
42,3.42542,-26.02194,5.94,+1.55,
43,3.43417,-26.28472,6.31,+1.48,
44,3.50958,33.20611,6.25,-0.01,
45,3.65083,20.20667,4.80,+1.57,89Chi Peg
46,3.61500,-7.78056,5.12,+1.62,
47,3.33083,-84.99417,5.77,+1.72,
48,3.66000,-18.93278,4.44,+1.66,7 Cet
49,3.73375,22.28417,6.24,-0.01,
50,3.74500,8.82083,5.79,+0.31,35 Psc
51,3.72708,-9.56972,5.75,-0.08,
52,3.77917,31.53583,6.45,,
53,3.79417,27.28306,6.35,-0.02,
54,3.74250,-34.90444,6.17,+1.34,
55,4.05833,76.95083,6.35,-0.07,
56,4.09000,43.59472,6.15,+0.05,
57,4.03708,-31.44639,5.67,+1.35,
58,3.98000,-75.91139,6.49,+1.00,
59,4.14208,8.24000,6.11,+0.92,36 Psc
60,4.23792,61.53333,5.74,+0.88,
61,4.17708,-20.21056,6.47,-0.09,
62,4.28792,47.94750,5.89,-0.09,
63,4.27292,38.68167,4.61,+0.06,24The And
64,4.20417,-78.78056,6.77,+0.46,
65,4.42917,51.43306,6.14,-0.13,
66,4.38583,-19.05111,6.45,+0.37,
67,4.44875,1.68889,6.17,+0.94,
68,4.58208,36.78528,4.52,+0.05,25Sig And
69,4.57167,11.20583,6.05,+1.03,
70,4.67542,43.79111,6.11,-0.08,26 And
71,4.65958,31.51722,5.87,-0.01,
72,4.67417,-8.05278,6.46,+0.68,
73,4.67750,-43.23528,6.33,+1.21,
74,4.85708,-8.82389,3.56,+1.22,8Iot Cet
75,4.92333,40.72972,6.33,+1.18,
76,5.02167,48.86528,6.52,,
77,5.01792,-64.87472,4.23,+0.58,Zet Tuc
78,5.10167,30.93583,5.90,-0.10,
79,5.18958,32.91139,5.79,+1.59,
80,5.14958,8.19028,5.37,+1.34,41 Psc
81,5.22708,10.97694,6.56,,
82,5.28042,37.96861,5.18,+0.42,27Rho And
83,5.16250,-69.62500,5.51,-0.05,Pi Tuc
84,5.38000,-28.98167,5.18,+1.00,Iot Scl
85,5.44292,-20.05778,5.12,+1.82,
86,5.60625,13.48250,6.23,+1.22,42 Psc
87,5.36917,-77.42694,5.97,+1.40,
88,5.71583,-12.20944,6.39,+0.66,9 Cet
89,5.80250,-31.03611,6.55,0.00,
90,6.00833,38.57722,7.39,+1.97,
91,6.06500,52.02000,5.57,-0.12,
93,6.19792,61.83111,5.40,0.00,12 Cas
94,6.12375,-2.21917,6.07,+1.22,
96,6.27667,53.04694,5.74,-0.06,
97,6.35083,1.93972,5.77,+0.86,44 Psc
98,6.43792,-77.25417,2.80,+0.62,Bet Hyi
99,6.57083,-42.30611,2.39,+1.09,Alp Phe
100,6.55083,-43.68000,3.94,+0.17,Kap Phe
101,6.65583,-0.04972,6.19,+0.90,10 Cet
102,6.81125,-25.54722,5.98,+1.03,
103,7.01208,17.89306,5.06,+1.65,47 Psc
104,7.05708,44.39444,5.17,+0.03,
105,6.98208,-33.00722,4.81,+1.64,Eta Scl
106,7.05292,16.44500,6.06,+1.58,48 Psc
107,7.08375,10.18972,6.04,+0.43,
108,7.08792,-20.33500,6.43,+0.59,
109,7.11000,-39.91500,5.43,+1.56,
110,7.23583,36.90000,6.26,+0.92,
111,7.17958,-50.53278,6.26,+1.09,
112,7.72917,77.01944,6.21,+0.84,
113,7.58292,59.97722,5.94,+0.01,
114,7.53042,29.75167,5.23,+0.24,28 And
115,7.46625,-14.86417,6.14,+0.37,
116,7.45375,-32.11667,6.57,+1.34,
117,7.51000,-3.95722,5.72,+1.56,12 Cet
118,7.59458,-23.78778,5.19,+0.12,
119,7.61583,-40.93944,6.19,+0.33,
120,7.60875,-48.21500,5.69,+0.35,
121,7.85542,66.51944,6.18,-0.10,13 Cas
122,7.85667,33.58167,5.87,+1.14,
123,7.94333,54.52222,4.73,-0.10,14Lam Cas
124,7.92167,52.83944,5.60,+1.15,
125,7.85417,-48.80361,4.77,+0.02,Lam1Phe
126,7.88625,-62.95806,4.37,-0.07,Bet1Tuc
127,7.89000,-62.96583,4.54,+0.15,Bet2Tuc
128,8.11167,43.49472,6.70,-0.01,
129,8.33042,70.98167,6.42,-0.01,
130,8.25000,62.93167,4.16,+0.14,15Kap Cas
131,8.14792,20.29444,5.38,+1.08,52 Psc
132,8.09917,6.95556,5.67,0.00,51 Psc
133,8.14375,27.58056,6.67,,
134,8.20458,28.28028,6.30,+1.00,
135,8.29333,54.89500,5.93,+1.04,
136,8.18250,-63.03111,5.09,+0.04,Bet3Tuc
137,8.60375,66.75028,6.48,-0.08,16 Cas
138,8.42125,-29.55833,5.55,+1.27,
139,8.34708,-71.26611,6.13,+0.23,The Tuc
140,8.61583,-52.37306,5.57,+0.47,
141,8.73042,13.37111,6.40,,
142,8.81208,-3.59278,5.20,+0.56,13 Cet
143,8.88667,-0.50556,5.93,+0.44,14 Cet
144,9.03458,54.16861,5.08,-0.11,
145,8.97792,13.20667,6.41,+0.52,
146,9.11375,60.32611,5.79,+0.29,
147,8.92125,-48.00083,5.51,+0.44,Lam2Phe
148,8.88917,-54.82194,6.06,+1.01,
149,9.08333,27.25472,6.50,-0.09,
150,9.01250,-14.97361,6.45,+1.06,
151,9.02875,-22.84250,6.06,+0.29,
152,9.19417,44.48861,5.13,+1.60,
153,9.24292,53.89694,3.66,-0.20,17Zet Cas
154,9.22042,33.71944,4.36,-0.14,29Pi And
155,9.19708,15.23167,5.89,-0.15,53 Psc
156,9.28000,24.01417,6.47,,
157,9.33792,35.39944,5.48,+0.88,
158,9.94708,82.49389,6.40,+0.55,
159,9.33625,-24.76722,5.57,+0.72,
160,9.15583,-65.12472,6.42,+1.26,
161,9.37708,3.13528,6.39,+1.33,
162,9.32542,-54.39417,6.41,+1.00,
163,9.63875,29.31167,4.37,+0.87,30Eps And
164,9.79125,49.35444,5.43,+1.64,
165,9.83208,30.86083,3.27,+1.28,31Del And
166,9.84083,21.25056,5.87,+0.85,54 Psc
167,9.98167,21.43833,5.36,+1.16,55 Psc
168,10.12708,56.53722,2.23,+1.17,18Alp Cas
169,9.67000,-73.13722,6.85,+0.11,
170,9.99125,-33.96167,6.69,+0.51,
171,9.96667,-44.79667,6.01,+1.14,
172,10.11917,-16.51694,6.49,+0.92,
173,10.13708,-23.80444,6.14,+0.70,
174,10.17667,-4.35194,5.91,+1.10,
175,10.28000,39.45861,5.33,+0.89,32 And
176,10.11000,-59.45444,5.89,+0.55,
177,10.51417,66.14750,5.83,+1.04,
178,10.40000,24.62917,6.04,+0.26,
179,10.51625,50.51250,4.80,-0.11,19Xi Cas
180,10.33167,-46.08500,4.59,+0.97,Mu Phe
181,10.62958,58.75333,6.17,-0.01,
183,10.44333,-56.50167,5.70,+0.20,Xi Phe
184,10.86708,47.02472,4.94,+0.18,20Pi Cas
185,10.67875,-38.46333,6.06,-0.03,Lam1Scl
186,10.67417,-60.26250,5.98,+1.32,
187,10.61833,-65.46806,5.39,+0.50,Rho Tuc
188,10.89750,-17.98667,2.04,+1.02,16Bet Cet
189,11.11000,47.86417,5.67,-0.12,
190,10.95917,-12.01167,6.02,+1.10,
191,10.83833,-57.46306,4.36,0.00,Eta Phe
192,11.41250,74.98806,5.66,+0.05,21 Cas
193,11.18125,48.28444,4.54,-0.07,22Omi Cas
194,11.04750,-10.60944,4.76,+1.01,17Phi1Cet
195,11.05042,-38.42167,5.90,+1.16,Lam2Scl
196,11.32167,55.22167,5.42,+0.04,
197,11.18500,-22.00611,5.24,+0.33,
198,11.23792,-42.67667,5.94,+0.28,
199,11.13458,-62.49778,6.07,+0.44,
200,11.66250,69.32500,6.33,,
201,11.35042,-4.62917,6.15,+1.62,
202,11.25000,-53.71500,6.15,+0.53,
203,11.36958,-12.88083,6.15,+0.61,18 Cet
204,11.56292,55.30528,6.52,,
205,11.54542,44.86139,6.05,-0.07,
206,11.42375,-16.42417,6.47,+0.31,
207,11.67667,59.57444,6.39,+1.09,
208,11.94208,74.84750,5.41,-0.08,23 Cas
209,11.44000,-47.55167,5.80,+0.64,
210,11.54917,-22.52194,5.50,+0.98,
211,11.63750,15.47556,5.38,+1.65,57 Psc
212,12.03792,72.67500,5.87,+1.01,
213,11.75625,11.97389,5.50,+0.97,58 Psc
214,11.80667,19.57889,6.13,+0.27,59 Psc
215,11.83458,24.26722,4.06,+1.12,34Zet And
216,11.84833,6.74083,5.99,+0.94,60 Psc
217,11.97833,20.92528,6.54,+0.50,61 Psc
218,11.93042,-18.06139,5.70,+1.30,
219,12.27500,57.81583,3.44,+0.57,24Eta Cas
220,12.00458,-21.72250,5.57,-0.06,
221,12.07250,7.30000,5.93,+1.10,62 Psc
222,12.09583,5.28056,5.75,+0.88,
223,12.20875,50.96833,4.89,-0.11,25Nu Cas
224,12.17083,7.58500,4.43,+1.50,63Del Psc
225,12.24458,16.94056,5.07,+0.51,64 Psc
226,12.45333,41.07889,4.53,-0.15,35Nu And
227,12.35667,-13.56139,5.59,+1.30,
228,12.30792,-24.13639,5.90,+0.95,
229,12.23625,-46.69778,6.27,+0.90,
230,12.47000,27.71083,7.00,+0.36,65 Psc
231,12.47167,27.71028,7.10,,65 Psc
232,12.38917,-23.36167,6.28,+0.13,
233,12.68167,64.24750,5.39,+0.49,
234,12.57625,45.00222,6.15,+0.01,
235,12.53167,-10.64444,5.19,+0.50,19Phi2Cet
236,12.14750,-74.92333,5.07,+1.37,Lam Hyi
237,12.81833,61.80583,6.07,+1.88,
238,12.73917,51.50806,6.39,+0.28,
239,12.51542,-43.39472,6.48,+0.29,
240,13.72125,83.70722,5.62,+0.09,
241,12.89042,51.57111,6.21,,
242,12.67167,-50.98694,5.22,+0.36,Rho Phe
243,12.82625,3.38500,6.37,+1.07,
244,13.26708,61.12417,4.82,+0.53,
245,12.96708,-43.70917,6.90,+0.35,
246,13.22250,38.54861,6.69,+0.02,
247,13.16917,-24.00583,5.46,+1.24,
248,13.25208,-1.14417,4.77,+1.57,20 Cet
249,13.36750,37.41806,6.06,+1.14,
250,13.44833,52.68917,6.27,+0.19,
251,13.30167,-24.77694,6.46,+0.44,
252,13.10125,-69.50444,6.22,+0.56,Lam1Tuc
253,13.75042,58.97278,4.83,+1.21,26Ups1Cas
254,13.64667,19.18833,5.74,-0.01,66 Psc
255,13.57333,-8.74083,6.16,+0.92,21 Cet
256,13.77167,48.67861,6.27,+1.68,
257,13.40792,-62.87139,5.70,+1.56,
258,13.74167,23.62833,5.47,+1.00,36 And
259,13.81125,24.55694,6.20,+1.62,
260,14.05375,57.99667,6.21,+1.37,
261,14.23167,68.77611,6.37,+0.38,
262,13.99375,27.20944,6.09,+0.14,67 Psc
263,13.92667,-7.34722,5.85,+1.52,
264,14.17708,60.71667,2.47,-0.15,27Gam Cas
265,14.16583,59.18111,4.63,+0.96,28Ups2Cas
266,14.19625,60.36278,5.55,-0.07,
267,14.00625,-11.26667,5.31,+1.52,22Phi3Cet
268,13.98125,-27.77556,6.10,+1.67,
269,14.18833,38.49944,3.87,+0.13,37Mu And
270,13.75125,-69.52694,5.45,+1.09,Lam2Tuc
271,14.30167,23.41750,4.42,+0.94,38Eta And
272,14.41542,45.83972,6.12,+1.02,
273,14.62958,66.35222,5.97,-0.02,
274,14.45917,28.99222,5.42,+1.08,68 Psc
275,14.55917,33.95083,5.98,+1.00,
276,14.47708,13.69583,6.32,+0.89,
277,14.57875,21.40444,6.37,+0.09,
278,15.12917,70.98306,6.39,+0.13,
279,14.68292,-11.38000,5.61,+0.97,23Phi4Cet
280,14.65167,-29.35750,4.31,-0.16,Alp Scl
281,14.59333,-60.69639,6.23,+0.10,
282,15.01417,44.71111,6.84,,
283,15.01500,44.71333,6.04,-0.01,
284,14.95708,6.48306,6.11,+1.67,
285,17.18625,86.25694,4.25,+1.21,
286,23.46000,89.01556,6.46,+0.11,
287,15.57667,51.03500,6.47,,
288,15.32625,-38.91667,5.59,+1.18,Xi Scl
289,15.75625,47.37611,6.45,+0.25,
290,15.72625,41.34500,5.98,+0.16,39 And
291,15.70458,31.80444,5.50,-0.05,69Sig Psc
292,15.90417,61.07500,5.92,+0.49,
293,15.61000,-31.55194,5.50,+0.08,Sig Scl
294,15.73583,7.89000,4.28,+0.96,71Eps Psc
295,15.50750,-57.00250,6.11,+0.94,Ome Phe
296,15.76083,-4.83667,5.43,+1.11,25 Cet
297,16.08167,61.58028,5.84,+0.54,
298,16.01000,52.50222,5.99,+1.47,
299,15.70500,-46.39750,5.36,+0.90,
300,15.82333,-29.52583,6.29,+0.93,
301,15.95417,1.36667,6.04,+0.27,26 Cet
302,16.19500,51.01000,6.54,-0.08,
303,16.11500,29.65861,6.19,+0.43,
304,15.67875,-65.45611,6.21,+1.64,
305,16.15167,39.99111,6.72,+0.31,
306,19.05625,87.14528,6.25,+1.12,
307,16.21917,5.65639,6.00,+1.51,73 Psc
308,16.27250,14.94611,5.68,+0.41,72 Psc
309,16.59500,62.76167,6.54,+0.19,
310,16.42042,21.47333,5.34,-0.03,74Psi1Psc
311,16.42375,21.46528,5.56,-0.07,74Psi1Psc
312,17.30125,80.01167,6.29,,
313,16.45500,4.90833,6.35,+0.38,77 Psc
314,16.46417,4.90944,7.25,+0.49,77 Psc
315,16.40333,-9.97917,6.12,+1.01,27 Cet
316,16.75083,56.93500,6.43,+1.18,
317,16.52125,-9.83944,5.58,+0.01,28 Cet
318,16.78958,53.49833,6.38,,
319,16.64000,12.95611,6.12,+0.96,75 Psc
320,16.53208,-23.99250,6.14,+1.09,
321,17.06833,54.92028,5.17,+0.69,30Mu Cas
322,16.52083,-46.71861,3.31,+0.89,Bet Phe
323,16.61042,-35.66083,6.61,+0.14,
324,17.00375,43.94194,5.03,+0.11,41 And
325,16.80458,-23.99639,6.37,+0.23,
326,17.13875,58.26361,5.79,-0.01,
327,17.00542,32.01222,6.25,+0.40,78 Psc
328,16.98833,20.73917,5.55,+0.13,79Psi2Psc
329,16.94250,-9.78556,5.82,+0.43,30 Cet
330,17.09250,5.64972,5.52,+0.34,80 Psc
331,16.94958,-41.48694,5.21,+0.16,Ups Phe
332,16.82792,-61.77528,5.37,+0.88,Iot Tuc
333,18.06958,79.67389,5.64,+0.01,
334,17.14750,-10.18222,3.45,+1.16,31Eta Cet
335,17.37583,47.24194,4.25,-0.07,42Phi And
336,17.66375,68.77861,5.29,-0.02,31 Cas
337,17.43292,35.62056,2.06,+1.58,43Bet And
338,17.09625,-55.24583,3.92,-0.08,Zet Phe
339,17.45500,19.65861,5.55,+0.69,81Psi3Psc
340,17.57833,42.08139,5.65,+0.60,44 And
341,17.58083,25.45778,5.80,+1.47,
342,17.85667,64.20278,5.55,-0.07,
343,17.77583,55.14972,4.33,+0.17,33The Cas
344,17.54792,15.67417,6.06,+1.49,
345,17.92250,65.01889,5.57,-0.09,32 Cas
346,17.55000,-8.90611,6.40,+1.04,32 Cet
347,17.64000,2.44556,5.95,+1.51,33 Cet
348,17.79292,37.72417,5.81,-0.10,45 And
349,17.77833,31.42472,5.16,+0.23,82 Psc
350,17.53083,-57.69444,6.41,+0.89,
351,17.86333,21.03472,4.66,+1.03,84Chi Psc
352,17.91500,30.08972,4.51,+1.09,83Tau Psc
353,17.93125,-2.25111,5.94,+1.40,34 Cet
354,18.29125,61.70583,6.41,+0.01,
355,18.14167,45.33778,6.11,+1.64,
356,18.24792,30.06417,6.19,+1.00,
357,19.12792,79.91000,6.26,+0.42,
358,18.09750,-30.80222,6.52,+0.48,
359,18.18917,-37.85639,5.92,+0.28,
360,18.43708,24.58361,4.65,+1.04,85Phi Psc
361,18.43292,7.57528,5.24,+0.32,86Zet Psc
362,18.43875,7.57833,6.30,+0.49,86Zet Psc
363,18.52083,28.52972,6.43,+1.70,
364,18.53167,16.13361,5.98,-0.08,87 Psc
365,19.05042,71.74389,7.83,+0.78,
366,18.60000,-7.92306,5.13,+0.46,37 Cet
367,18.67667,6.99528,6.03,+1.08,88 Psc
368,18.70500,-0.97389,5.70,+0.42,38 Cet
369,19.10208,48.08222,6.61,-0.05,
370,18.79625,-45.53139,4.96,+0.58,Nu Phe
371,19.07833,33.11472,6.02,+1.15,
372,19.27125,44.90194,6.34,,
373,19.15125,-2.50028,5.41,+0.90,39 Cet
374,19.35042,31.74472,6.73,,
375,20.08125,77.57056,6.31,+0.92,
376,19.54250,47.41972,6.25,+1.35,
377,18.94208,-68.87611,4.86,+0.47,Kap Tuc
378,19.45000,3.61444,5.16,+0.07,89 Psc
379,19.69583,37.38611,6.46,+0.23,
380,19.26500,-66.39806,6.24,+0.05,
381,20.49625,76.23889,6.38,+0.28,
382,20.02042,58.23167,4.98,+0.68,34Phi Cas
383,19.86667,27.26417,4.76,+0.03,90Ups Psc
384,20.27167,64.65833,6.34,+0.09,35 Cas
385,19.95125,-0.50889,5.87,+0.64,42 Cet
386,20.94500,78.72583,6.07,+0.39,
387,20.14375,-3.24694,6.23,+1.02,
388,20.11583,-11.23889,6.15,+1.11,
389,20.28083,28.73806,5.23,+1.39,91 Psc
390,20.58500,45.52889,4.88,+1.08,46Xi And
391,20.84000,58.14306,6.45,,
392,20.65417,1.72639,6.20,+1.52,
393,20.64500,-0.44972,6.49,+1.08,43 Cet
394,20.62708,-19.08139,6.35,+0.48,
395,20.91917,37.71500,5.58,+0.26,47 And
396,20.90625,34.24583,6.29,+0.83,
397,20.85375,20.46889,5.97,+1.71,
398,21.44375,70.98000,6.49,,
399,21.48333,68.13000,4.74,+1.05,36Psi Cas
400,20.87917,-30.94556,5.84,+1.61,
401,21.01042,-8.00750,6.21,+0.23,44 Cet
402,21.00583,-8.18333,3.60,+1.06,45The Cet
403,21.45417,60.23528,2.68,+0.13,37Del Cas
404,21.08583,-6.91472,5.91,+0.41,
405,21.16583,-15.66028,6.14,+0.91,
406,21.20292,-2.84861,6.15,+0.96,
407,21.39875,23.51167,6.18,+0.43,
408,21.17000,-41.49250,5.42,+1.04,
409,21.57750,43.45778,5.96,+0.49,
410,21.53625,34.57972,6.31,+0.47,
411,21.17458,-44.52833,6.26,+1.14,
412,21.40500,-14.59889,4.90,+1.23,46 Cet
413,21.56375,19.17222,5.38,+0.39,93Rho Psc
414,21.67375,19.24028,5.50,+1.11,94 Psc
415,21.77583,34.37750,6.27,+0.46,
416,21.61375,-0.39861,6.41,+1.24,
417,21.91417,45.40667,4.83,+0.42,48Ome And
418,21.86083,41.10056,6.46,+0.27,
419,21.72292,3.53528,6.58,-0.04,
420,21.27208,-64.36944,5.93,+1.56,
421,21.71500,-13.05667,5.66,+0.35,47 Cet
422,21.94583,40.33556,6.60,-0.04,
423,21.74208,-32.54306,5.79,+3.86,
424,37.95292,89.26417,2.02,+0.60,1Alp UMi
425,21.94417,-10.90167,6.13,+1.32,
426,22.09542,7.96139,6.20,+1.12,
427,22.80750,70.26472,5.81,+0.47,38 Cas
428,22.71792,66.09806,6.14,+0.08,
429,22.09125,-43.31833,3.41,+1.57,Gam Phe
430,22.52583,47.00722,5.27,+1.00,49 And
431,22.18042,-33.76361,6.58,+0.30,
432,22.47042,18.35556,6.02,+0.14,97 Psc
433,22.40042,-21.62944,5.12,+0.02,48 Cet
434,22.54625,6.14389,4.84,+1.37,98Mu Psc
435,22.37667,-46.75639,6.31,+1.66,
436,22.59542,-26.20778,5.93,+1.34,
437,22.87083,15.34583,3.62,+0.97,99Eta Psc
438,23.03167,34.80000,6.39,-0.12,
439,23.35750,58.32750,5.70,+1.52,
440,22.81292,-49.07278,3.95,+0.99,Del Phe
441,22.93042,-30.28333,5.82,+1.08,
442,23.48292,59.23194,4.71,+1.00,39Chi Cas
443,22.91292,-45.57556,6.17,+0.06,
444,23.26458,-9.01472,6.59,-0.04,
445,23.23333,-36.86528,5.51,+1.02,
446,23.56917,37.23722,5.88,-0.07,
447,23.15125,-49.72778,6.28,+0.46,
448,23.42875,-7.02528,5.76,+0.64,
449,24.34375,74.30083,6.58,+0.03,
450,23.70458,18.46056,5.89,+1.52,
451,23.65750,-15.67611,5.63,+0.07,49 Cet
452,23.96875,41.07639,6.38,+1.11,
453,23.71125,-31.89222,6.12,+1.11,
454,24.11333,48.72278,5.92,+1.21,
455,23.94333,14.66139,6.22,-0.04,101 Psc
456,24.62875,73.04000,5.28,+0.96,40 Cas
457,23.97833,17.43361,5.80,,
458,24.19917,41.40556,4.09,+0.54,50Ups And
459,23.99583,-15.40028,5.42,+1.21,50 Cet
460,23.81333,-58.13944,6.01,+0.38,
461,24.53167,57.97750,5.56,+1.38,
462,24.03500,-29.90750,5.69,+0.33,Tau Scl
463,24.27458,12.14167,5.57,+0.35,102Pi Psc
464,24.49833,48.62833,3.57,+1.28,51 And
465,24.63208,45.40000,6.36,+0.04,
466,24.40708,-9.40389,6.24,+0.53,
467,23.41333,-78.50472,6.11,+0.97,
468,24.18667,-58.27083,6.18,+1.61,
469,24.83750,44.38611,4.98,+0.89,52Chi And
470,25.05458,53.86833,6.39,+1.61,
471,24.61417,-36.52833,5.94,+1.05,
472,24.42875,-57.23667,0.46,-0.16,Alp Eri
473,24.71583,-21.27528,5.58,+0.34,
474,24.70833,-25.02194,6.70,-0.08,
475,24.92000,16.40583,5.97,+1.12,105 Psc
476,25.16583,43.29778,5.61,+0.21,
477,25.14500,40.57694,4.94,-0.09,53Tau And
478,25.58542,68.04306,5.59,-0.07,43 Cas
479,24.70083,-53.43889,6.84,+0.44,
480,25.73292,70.62250,5.18,-0.04,42 Cas
481,25.51250,61.03833,6.71,-0.03,
482,25.57417,58.62778,6.37,-0.02,
483,25.44667,42.61361,4.95,+0.62,
484,25.32667,25.74583,6.17,+0.44,
485,25.41333,30.04722,5.99,+1.01,
486,24.94750,-56.19806,5.87,+0.90,
487,24.94917,-56.19472,5.76,+0.87,
488,25.74333,61.42167,6.34,+0.01,
489,25.35792,5.48750,4.44,+1.36,106Nu Psc
490,25.51458,35.24556,5.64,-0.07,
491,25.83208,60.55111,5.78,-0.02,44 Cas
492,25.43625,-11.32472,5.75,+0.44,
493,25.62417,20.26861,5.24,+0.84,107 Psc
494,25.36375,-38.13306,6.17,+0.42,
495,25.81875,45.32222,6.34,+1.01,
496,25.91500,50.68861,4.07,-0.04,Phi Per
497,25.53583,-32.32694,5.25,+1.05,Pi Scl
498,25.51250,-36.83250,5.72,-0.01,
499,26.07458,57.53639,6.21,+0.10,
500,25.68125,-3.69028,4.99,+1.38,
501,25.42125,-50.03889,6.64,+0.12,
502,26.19208,57.08917,6.25,+0.04,
503,25.95833,32.19167,6.34,,
504,26.11042,46.13972,6.35,,
505,25.45000,-60.78944,5.71,+1.27,
506,25.62208,-53.74056,5.52,+0.53,
507,25.97833,-4.76556,6.19,+1.54,
508,26.23250,20.08306,6.27,+0.75,109 Psc
509,26.01708,-15.93750,3.50,+0.72,52Tau Cet
510,26.34833,9.15778,4.26,+0.96,110Omi Psc
511,26.93667,63.85222,5.63,+0.81,
512,24.48167,-82.97500,5.87,+0.61,
513,26.49708,-5.73333,5.34,+1.52,
514,26.41167,-25.05250,5.31,+0.39,Eps Scl
515,26.64708,17.41306,6.55,+0.25,
516,25.33875,-79.14833,6.33,+0.94,Tau1Hyi
517,26.50417,-27.34917,6.39,+0.36,
518,26.95000,46.22972,6.32,+0.43,
519,26.52417,-50.81639,5.49,+1.60,
520,26.52625,-53.52194,5.04,+0.04,
521,27.16208,37.95278,5.94,+0.97,
522,27.04542,16.95556,5.84,-0.03,4 Ari
523,27.17333,32.69028,5.79,+0.55,
524,26.82000,-41.76000,6.18,+1.54,
525,24.36667,-84.76972,5.69,+0.94,
526,27.31542,47.89694,5.82,+0.29,
527,27.10833,3.68556,5.91,+0.97,
528,26.94917,-37.15972,6.32,+1.02,
529,27.73792,51.93333,5.90,+0.43,
530,27.53542,22.27528,5.86,+0.74,1 Ari
531,27.39625,-10.68639,4.67,+0.33,53Chi Cet
532,27.33125,-31.07278,6.34,+1.22,
533,27.99708,55.14750,5.52,-0.18,1 Per
534,27.71667,11.04333,5.94,+0.30,
535,27.45333,-38.40389,6.37,+0.52,
536,28.03917,50.79278,5.79,-0.07,2 Per
537,27.58417,-47.81639,6.14,+1.01,
538,28.21167,51.47472,6.26,,
539,27.86500,-10.33500,3.73,+1.14,55Zet Cet
540,28.45208,55.59806,6.45,+0.18,
541,27.72708,-50.20611,5.94,+0.14,
542,28.59875,63.67000,3.38,-0.15,45Eps Cas
543,28.32208,40.72972,5.40,+1.32,55 And
544,28.27042,29.57889,3.41,+0.49,2Alp Tri
545,28.38250,19.29583,4.83,,5Gam1Ari
546,28.38250,19.29361,4.75,-0.04,5Gam2Ari
547,28.21708,-16.92917,5.80,+0.27,
548,29.00000,68.68528,4.99,-0.10,46Ome Cas
549,28.38875,3.18750,4.62,+0.94,111Xi Psc
550,26.94375,-80.17667,6.06,+0.34,Tau2Hyi
551,28.72417,40.70194,6.24,+1.25,
552,28.73958,37.12833,6.26,+1.17,
553,28.66000,20.80806,2.64,+0.13,6Bet Ari
554,28.34667,-38.59472,6.10,+1.12,
555,28.41167,-46.30250,4.41,+1.59,Psi Phe
556,28.97667,37.27778,5.89,+1.63,
557,29.03875,37.25167,5.67,+1.06,56 And
558,28.59167,-42.49694,5.11,-0.06,Phi Phe
559,28.96250,23.57722,5.74,+1.19,7 Ari
560,28.97417,1.84972,6.01,+0.56,
561,29.63875,61.69806,6.02,-0.04,
562,29.48500,41.69444,6.78,-0.06,
563,29.33792,17.81750,5.10,+0.92,8Iot Ari
564,29.43250,27.80444,5.82,+1.60,
565,29.16750,-22.52694,4.85,+1.42,56 Cet
566,28.98958,-51.60889,3.70,+0.85,Chi Eri
567,29.90833,64.62139,5.26,+0.01,
568,29.64000,49.20417,5.69,+1.01,3 Per
569,29.48208,23.59611,4.79,+0.28,9Lam Ari
570,28.73375,-67.64722,4.69,+0.95,Eta2Hyi
571,28.94333,-60.86139,6.06,+0.37,
572,30.73833,77.91639,6.04,+1.14,
573,29.25042,-51.76611,6.10,+0.48,
574,29.29167,-47.38500,4.83,+0.88,
575,30.48917,70.90694,4.54,+0.16,48 Cas
576,29.61125,-33.06667,6.35,+1.02,
577,29.89875,21.05833,5.87,+1.03,
578,29.85792,12.29472,6.09,+0.19,
579,30.79375,73.85056,6.23,,
580,30.85875,72.42139,3.98,-0.01,50 Cas
581,31.28083,77.28139,5.38,+0.31,47 Cas
582,30.03833,3.09722,5.88,+0.62,112 Psc
583,29.94208,-20.82444,5.41,+1.65,57 Cet
584,29.47333,-65.42472,6.37,+0.90,
585,30.00125,-21.07778,4.00,+1.57,59Ups Cet
586,30.71958,64.90139,6.00,+0.03,52 Cas
587,30.11208,-8.52361,5.51,+1.52,
588,29.91167,-42.03056,5.57,+1.06,
589,30.75125,64.39000,5.58,+0.38,53 Cas
590,30.57542,54.48750,5.04,-0.08,4 Per
591,29.69250,-61.56972,2.86,+0.28,Alp Hyi
592,31.38000,76.11500,5.22,+0.95,49 Cas
593,28.96042,-78.34833,6.16,+0.44,Sig Hyi
594,30.31125,-30.00167,5.35,+0.88,Pi For
595,30.51167,2.76361,5.23,,113Alp Psc
596,30.51167,2.76361,4.33,+0.03,113Alp Psc
597,32.35542,81.29583,6.05,+0.11,
598,31.16708,65.10333,6.52,0.00,
599,30.74167,33.28389,5.50,+0.03,3Eps Tri
600,29.92125,-66.06639,6.10,+1.17,
601,30.64667,13.47667,5.94,+1.59,
602,30.42667,-44.71361,5.14,+1.49,Chi Phe
603,30.97500,42.32972,2.26,+1.37,57Gam1And
604,30.97792,42.33083,4.84,+0.03,57Gam2And
605,30.91375,25.93556,5.63,+0.54,10 Ari
606,30.61708,-29.66500,6.42,+0.14,
607,30.79875,0.12833,5.43,+0.15,60 Cet
608,30.74417,-15.30583,5.86,+0.98,
609,30.92750,18.25333,6.21,+1.42,
610,30.95083,-0.34028,5.93,+0.88,61 Cet
611,30.91875,-4.10361,5.62,+1.59,
612,31.12250,-29.29694,4.69,-0.17,Nu For
613,31.64125,22.64833,5.03,+0.11,12Kap Ari
614,31.55125,8.24750,6.31,+1.65,
615,31.70500,25.70472,6.15,-0.03,11 Ari
616,31.62208,0.03500,6.28,+0.90,
617,31.79333,23.46250,2.00,+1.15,13Alp Ari
618,32.16875,58.42361,5.67,+0.61,
619,32.14000,44.45944,6.42,,
620,32.12208,37.85917,4.82,+0.12,58 And
621,32.53250,53.84306,6.31,+0.95,
622,32.38583,34.98722,3.00,+0.14,4Bet Tri
623,32.35542,25.93972,4.98,+0.33,14 Ari
624,32.34625,17.22444,6.43,,
625,32.19042,-17.77944,6.10,+1.61,
626,33.33833,74.02778,6.29,+0.91,
627,32.87083,57.64583,6.36,+0.33,5 Per
628,32.72000,39.03944,5.63,-0.02,59 And
629,32.72375,39.04306,6.10,-0.07,59 And
630,32.39500,-24.34583,6.48,+0.29,
631,32.65667,19.50028,5.70,+1.65,15 Ari
632,32.28875,-43.51667,5.85,+1.19,
633,32.80000,25.93694,6.02,+1.36,16 Ari
634,32.85417,31.52639,6.23,+0.11,5 Tri
635,32.83792,8.56972,5.63,+0.56,64 Cet
636,32.52042,-43.81556,6.32,+0.90,
637,32.60667,-50.82444,6.12,+0.82,
638,32.84250,-10.05222,6.01,+0.39,
639,32.89917,-1.82528,5.93,+0.97,63 Cet
640,33.62125,66.52444,6.07,+0.63,55 Cas
641,33.42292,58.56111,6.44,+0.60,
642,33.09292,30.30306,4.94,+0.78,6 Tri
643,33.30542,44.23167,4.83,+1.48,60 And
644,33.15625,24.16778,5.96,+1.37,
645,33.40125,51.06583,5.31,+0.93,
646,33.20042,21.21083,5.27,+0.43,17Eta Ari
647,33.51083,47.48417,6.06,+0.40,
648,33.26375,15.27972,5.71,+1.55,19 Ari
649,33.25000,8.84667,4.37,+0.89,65Xi 1Cet
650,33.19792,-2.39361,5.54,+0.57,66 Cet
651,33.25375,-21.00028,5.86,+1.01,
652,33.22708,-30.72389,5.28,-0.02,Mu For
653,33.99125,47.81139,6.33,,
654,34.21542,57.05528,6.48,+0.28,
655,33.98417,33.35889,5.28,-0.01,7 Tri
656,33.94167,25.78306,5.79,+0.44,20 Ari
657,33.92833,25.04306,5.58,+0.49,21 Ari
658,33.86792,-9.46556,6.55,-0.02,
659,33.63333,-41.16667,5.91,+0.97,
660,34.26333,34.22417,4.87,+0.61,8Del Tri
661,34.49958,57.89972,5.75,+1.17,8 Per
662,34.51875,57.51667,5.98,+1.05,7 Per
663,34.38917,44.30694,6.70,,
664,34.32875,33.84722,4.01,+0.02,9Gam Tri
665,34.29333,23.76778,6.55,+1.02,
666,34.24583,-6.42222,5.51,+0.96,67 Cet
667,33.56125,-67.84167,5.55,+1.55,Pi 1Hyi
668,35.05375,64.33722,6.60,-0.03,
669,34.53125,19.90111,5.62,+0.01,22The Ari
670,34.82000,47.38000,5.30,-0.01,62 And
671,34.79542,46.47250,6.21,,
672,34.50583,1.75778,5.58,+0.60,
673,34.84458,48.95528,6.37,,
674,34.12750,-51.51222,3.56,-0.12,Phi Eri
675,34.73750,28.64250,5.03,+0.04,10 Tri
676,34.74167,23.16778,6.46,+0.34,
677,34.90542,39.83500,6.63,-0.09,
678,33.86875,-67.74639,5.69,+1.30,Pi 2Hyi
679,35.17250,47.31083,6.11,-0.08,
680,35.01833,30.18833,6.47,,
681,34.83625,-2.97750,3.04,+1.42,68Omi Cet
682,35.24250,50.15139,5.59,-0.13,63 And
683,34.74375,-25.94556,6.34,+0.73,
684,34.92000,-4.34556,6.50,+0.08,
685,35.58917,55.84556,5.17,+0.37,9 Per
686,34.85292,-41.84833,6.37,+1.16,
687,35.70958,41.39639,5.82,+0.27,
688,34.97625,-55.94472,5.81,+1.55,
689,35.48583,0.39583,5.28,+1.65,69 Cet
690,35.96583,55.36444,6.28,+0.86,
691,35.55167,-0.88500,5.42,+0.31,70 Cet
692,35.50583,-10.77778,5.46,+0.35,
693,35.52083,-17.66222,5.87,+1.23,
694,36.10375,50.00667,5.19,+0.98,64 And
695,35.63583,-23.81639,5.20,+0.60,Kap For
696,36.31667,56.61000,6.25,+0.31,10 Per
697,35.74083,-18.35444,6.22,+0.94,
698,35.54917,-43.20000,6.31,+1.00,
699,36.40583,50.27861,4.71,+1.53,65 And
700,35.77708,-37.57639,6.53,+1.61,
701,35.72750,-51.09222,5.92,+0.22,
702,36.20417,10.61056,5.47,-0.10,24Xi Ari
703,36.08375,-25.84750,6.44,+1.32,
704,36.24333,-2.78000,6.33,0.00,71 Cet
705,35.43708,-68.65944,4.09,+0.03,Del Hyi
706,36.14083,-40.84056,6.18,+0.66,
707,37.26667,67.40250,4.52,+0.12,Iot Cas
708,36.48750,-12.29056,4.89,-0.03,72Rho Cet
709,36.96583,50.56972,6.12,+0.41,66 And
710,36.50125,-15.34111,5.83,+0.15,
711,36.77917,27.01333,6.18,+1.43,
712,36.86542,31.80139,5.54,+1.12,11 Tri
713,36.64667,-20.04278,5.88,+1.26,
714,36.22458,-60.31194,5.35,+0.39,Lam Hor
715,35.71792,-73.64583,5.01,+1.09,Kap Hyi
716,37.35417,55.53639,6.51,+0.09,
717,37.04167,29.66944,5.29,,12 Tri
718,37.03958,8.46000,4.28,-0.06,73Xi 2Cet
719,37.00000,1.96083,6.45,+0.97,
720,37.20208,29.93194,5.89,+0.58,13 Tri
721,36.74625,-47.70389,4.25,-0.14,Kap Eri
722,36.35958,-66.49472,6.41,+1.54,
723,37.30667,23.46889,6.19,+0.15,
724,37.00708,-33.81111,5.14,+0.10,Phi For
725,37.39708,9.56583,6.07,+1.02,
726,37.56917,33.83389,6.25,+1.07,
727,37.14750,-31.10250,6.11,+1.11,
728,37.63500,25.23500,5.92,+0.41,
729,37.66000,19.85528,6.15,+0.25,26 Ari
730,37.48083,-22.68278,6.77,+0.19,
731,37.72667,17.70389,6.23,+0.90,27 Ari
732,37.68833,0.25528,6.00,+0.17,
733,37.55750,-25.18639,6.51,+0.29,
734,37.01833,-64.29972,6.37,-0.04,
735,37.63667,-22.54556,6.10,+1.61,
736,38.02583,36.14722,5.15,+1.47,14 Tri
737,37.87542,2.26722,5.25,+1.27,
738,38.21875,34.54250,5.83,+1.07,
739,38.03917,-1.03500,5.35,+1.02,75 Cet
740,38.02167,-15.24472,4.75,+0.45,76Sig Cet
741,38.22542,15.03472,6.04,+0.54,29 Ari
742,38.06167,-36.42750,6.30,+1.02,
743,39.50833,72.81833,5.16,+0.88,
744,38.27917,-34.65000,5.90,+1.06,Lam1For
745,38.41750,-20.00194,6.21,+1.10,
746,38.86625,39.66444,6.36,-0.10,
747,39.40042,65.74556,5.78,+1.56,
748,38.91167,37.31222,5.71,+1.39,
749,38.46125,-28.23250,4.90,-0.05,Ome For
750,38.94500,34.68750,5.35,+1.66,15 Tri
751,38.76708,7.47139,6.18,+1.06,
752,38.67792,-7.85944,5.75,+1.40,77 Cet
753,39.02042,6.88694,5.82,+0.98,
754,38.96875,5.59333,4.86,+0.87,78Nu Cet
755,38.47750,-51.09361,6.24,+0.52,
756,39.23833,38.73278,5.90,+0.48,
757,39.17875,31.60750,6.10,+1.05,
758,39.26042,34.26389,5.30,+1.55,
759,39.00000,-7.83167,5.53,+1.59,80 Cet
760,39.33667,39.89583,6.54,-0.12,
761,39.27667,32.89194,6.25,+0.48,
762,38.39000,-62.58694,6.77,-0.06,
763,39.15792,12.44750,5.68,+0.49,31 Ari
764,39.24042,24.64833,7.09,+0.50,30 Ari
765,39.25208,24.64750,6.50,+0.41,30 Ari
766,39.14625,7.72972,5.81,+1.04,
767,39.03875,-30.04472,5.75,+1.02,Iot1For
768,39.57417,37.72667,6.18,+0.47,
769,39.61583,38.08944,6.30,-0.03,
770,39.50333,7.69528,6.39,+0.44,
771,39.42417,-3.39611,5.65,+1.02,81 Cet
772,39.24417,-34.57833,5.79,+0.66,Lam2For
773,39.70417,21.96139,5.43,+0.16,32Nu Ari
774,41.94833,81.44833,5.78,+1.30,
775,39.65375,3.44306,6.21,+1.00,
776,37.91875,-79.10944,5.28,+0.98,Mu Hyi
777,39.57792,-30.19417,5.83,+0.48,Iot2For
778,39.35167,-52.54306,5.31,+0.27,Eta Hor
779,39.87083,0.32861,4.07,-0.22,82Del Cet
780,39.60333,-37.99056,6.49,+0.52,
781,39.89083,-11.87222,4.84,+0.45,83Eps Cet
782,40.17125,27.06083,5.30,+0.09,33 Ari
783,40.06542,6.11194,6.25,+0.40,
784,40.05125,-9.45306,5.78,+0.52,
785,40.76167,55.10583,5.77,-0.13,11 Per
786,40.01042,-30.63389,6.52,+1.04,
787,40.74875,53.52611,5.84,+1.12,
788,40.56208,40.19389,4.91,+0.59,12 Per
789,39.95000,-42.89167,4.75,+0.06,
790,40.30792,-0.69583,5.71,+0.52,84 Cet
791,41.20708,67.82472,5.95,+0.10,
792,40.75792,48.26556,6.48,,
793,40.59167,20.01167,5.69,-0.02,34Mu Ari
794,40.16667,-39.85556,4.11,+1.02,Iot Eri
795,40.45125,-3.21333,6.05,+1.17,
796,40.39167,-14.54944,5.98,+0.43,
797,40.62042,10.74167,6.30,+0.06,
798,39.88208,-64.28194,6.55,-0.08,
799,41.05000,49.22833,4.12,+0.49,13The Per
800,41.02167,44.29694,5.43,+0.90,14 Per
801,40.86292,27.70722,4.66,-0.13,35 Ari
802,40.16500,-54.55000,5.21,+0.40,Zet Hor
803,40.96333,25.63806,6.35,+0.08,
804,40.82500,3.23583,3.47,+0.09,86Gam Cet
805,40.52750,-38.38389,6.01,+0.92,
806,39.89750,-68.26694,4.11,-0.06,Eps Hyi
807,40.53542,-46.52444,6.10,+0.88,
808,41.07958,17.76389,6.46,+1.07,36 Ari
809,41.13708,15.31167,5.77,-0.01,37Omi Ari
810,40.63958,-50.80028,5.41,+0.56,Iot Hor
811,41.03083,-13.85861,4.25,-0.14,89Pi Cet
812,41.24000,12.44583,5.18,+0.24,38 Ari
813,41.23542,10.11417,4.27,+0.31,87Mu Cet
814,40.83458,-40.52750,6.36,-0.02,
815,42.23125,69.63417,6.18,+0.18,
816,41.33708,4.71167,6.03,+0.31,
817,41.08542,-32.52500,6.22,+0.04,
818,41.27583,-18.57250,4.47,+0.48,1Tau1Eri
819,41.74292,35.98361,6.25,+0.93,
820,41.76458,35.55500,6.30,,
821,41.04458,-52.57056,6.15,+0.09,
822,41.31875,-46.28722,6.85,+1.36,
823,40.86083,-66.71444,6.26,+0.53,
824,41.97708,29.24722,4.51,+1.11,39 Ari
825,42.37833,57.08417,6.25,+0.89,
826,41.68833,-21.63972,6.49,+0.38,
827,41.79667,-22.48556,6.47,+0.39,
828,42.13375,18.28361,5.82,+1.20,40 Ari
829,42.99458,68.88861,5.80,+0.64,
830,42.19125,25.18806,5.86,-0.07,
831,42.36292,37.32611,6.45,+0.43,
832,41.98333,-12.46056,6.90,+1.56,
833,41.36458,-63.70444,5.74,+0.93,Gam Hor
834,42.67417,55.89556,3.76,+1.68,15Eta Per
835,41.89042,-35.55083,6.51,+0.96,Eta1For
836,42.32292,17.46417,5.22,-0.06,42Pi Ari
837,41.38583,-67.61667,4.84,+0.06,Zet Hyi
838,42.49583,27.26056,3.63,-0.10,41 Ari
839,42.93958,58.31472,6.45,+0.10,
840,42.64625,38.31861,4.23,+0.34,16 Per
841,42.27250,-32.40583,4.46,+0.99,Bet For
842,42.92375,46.84194,5.88,+0.89,
843,42.87833,35.05972,4.53,+1.56,17 Per
844,42.46250,-24.56028,6.14,+1.07,Gam1For
845,42.47583,-27.94167,5.39,+0.02,Gam2For
846,43.21667,52.99778,6.36,+0.07,
847,42.87333,15.08194,5.49,-0.09,43Sig Ari
848,42.56167,-35.84361,5.92,+0.90,Eta2For
849,43.33833,48.56944,6.26,+1.18,
850,42.75958,-21.00417,4.75,+0.91,2Tau2Eri
851,42.66833,-35.67611,5.47,+1.25,Eta3For
852,42.25625,-62.80667,5.26,+0.10,Nu Hor
853,42.69958,-39.93167,6.36,+0.05,
854,43.56458,52.76250,3.95,+0.74,18Tau Per
855,43.42750,38.33750,5.33,+0.41,20 Per
856,43.29875,16.48333,6.31,,
857,43.13375,-12.76944,6.04,+0.87,
858,42.98042,-30.81444,6.40,+0.48,
859,43.21042,-9.44111,6.32,+0.19,
860,43.98708,61.52111,5.59,+0.45,
861,44.10333,64.33250,6.24,+2.03,
862,43.39708,-22.37639,5.95,+1.04,
863,43.39333,-38.43694,5.92,+0.44,Psi For
864,44.21083,51.26083,6.22,+1.57,
865,44.13917,47.16389,6.02,+1.34,
866,43.08000,-62.90972,6.03,+1.25,
867,43.95208,18.33167,5.91,+1.47,45Rho2Ari
868,43.47042,-49.89028,4.00,+2.11,
869,44.10875,18.02306,5.63,+0.43,46Rho3Ari
870,44.05750,8.38167,5.97,+0.48,
871,43.52708,-50.87139,6.21,+1.58,
872,42.61875,-75.06694,4.75,+1.33,Nu Hyi
873,44.32208,31.93417,5.11,-0.01,21 Per
874,44.10708,-8.89806,3.89,+1.11,3Eta Eri
875,44.15583,-3.71222,5.17,+0.08,
876,44.50958,38.61500,6.04,+1.41,
877,44.26917,4.50111,6.11,+1.69,
878,44.52167,20.66861,5.80,+0.41,47 Ari
879,44.69042,39.66278,4.70,+0.06,22Pi Per
880,43.58708,-64.43556,6.56,+1.39,
881,46.53250,79.41861,5.49,+1.57,
882,44.76542,35.18306,4.93,+1.23,24 Per
883,44.34875,-23.86194,5.45,+0.23,4 Eri
884,44.30458,-29.85528,6.29,+0.47,
885,44.95792,47.22083,5.47,+0.89,
886,44.91625,41.03306,5.89,+1.44,
887,44.80292,21.34028,4.63,+0.04,48Eps Ari
888,44.80292,21.34028,4.63,+0.04,48Eps Ari
889,44.52375,-23.60611,5.84,+1.33,6 Eri
890,45.21750,52.35167,5.28,-0.05,
891,45.22250,52.35222,6.74,0.00,
892,44.67500,-2.78250,5.23,0.00,
893,44.38625,-38.19111,6.41,-0.03,
894,45.04917,38.13167,6.11,-0.06,
895,44.69750,-9.77639,6.14,+0.22,
896,44.92875,8.90750,4.70,-0.12,91Lam Cet
897,44.56542,-40.30472,3.24,+0.14,The1Eri
898,44.56792,-40.30444,4.35,+0.08,The2Eri
899,44.92167,-2.46500,5.56,-0.08,5 Eri
900,44.77750,-28.90694,6.14,+1.04,
901,44.90042,-25.27417,5.71,+0.40,Zet For
902,45.18375,10.87028,5.95,+1.59,
903,44.90958,-32.50722,6.31,0.00,
904,45.21250,-2.87861,6.11,+1.77,7 Eri
905,45.47542,26.46222,5.90,+0.14,49 Ari
906,47.92833,81.47056,5.95,+0.15,
907,45.29167,-7.66278,5.75,+1.05,8Rho1Eri
908,45.46792,5.33611,6.25,+1.05,
909,44.69917,-64.07139,4.99,+0.13,Bet Hor
910,45.59375,4.35278,5.61,-0.10,93 Cet
911,45.57000,4.08972,2.53,+1.64,92Alp Cet
912,45.48375,-9.96139,5.83,+1.11,
913,45.53875,-6.49472,6.19,+0.60,
914,45.40708,-28.09167,5.89,+0.79,Eps For
915,46.19917,53.50639,2.93,+0.70,23Gam Per
916,45.87625,28.26972,6.36,,
917,45.67625,-7.68528,5.32,+0.94,9Rho2Eri
918,46.38500,56.70583,4.76,+1.02,
919,45.59792,-23.62444,4.09,+0.16,11Tau3Eri
920,46.41625,56.06861,6.11,+1.02,
921,46.29417,38.84028,3.39,+1.65,25Rho Per
922,46.82917,64.05778,5.89,-0.03,
923,46.33667,40.58250,6.05,+1.01,
924,46.16958,15.85611,6.49,,
925,46.06833,-7.60083,5.26,+0.20,10Rho3Eri
926,46.15875,1.86361,6.05,+1.04,
927,46.36125,25.25528,6.80,-0.02,52 Ari
928,46.36125,25.25528,7.00,,52 Ari
929,45.73292,-46.97500,5.82,+1.30,
930,47.01625,52.21333,6.31,-0.01,
931,46.59875,13.18722,5.62,+1.08,
932,47.98458,74.39361,4.87,+0.02,
933,46.94750,47.30833,6.41,+0.12,
934,45.90333,-59.73778,5.11,+0.34,Mu Hor
935,46.63958,-6.08861,5.27,+1.60,
936,47.04208,40.95556,2.12,-0.05,26Bet Per
937,47.26667,49.61333,4.05,+0.59,Iot Per
938,46.85708,17.88000,6.11,-0.12,53 Ari
939,45.56417,-71.90250,5.53,-0.14,The Hyi
940,47.08833,18.79500,6.27,+1.58,54 Ari
941,47.37417,44.85722,3.80,+0.98,27Kap Per
942,47.16125,8.47083,6.28,+1.06,
943,46.96208,-27.83111,6.19,+0.16,
944,47.40292,29.07694,5.72,+0.12,55 Ari
945,47.53667,27.82000,6.42,+0.01,
946,47.61250,26.89639,6.02,+1.28,
947,47.82250,39.61167,4.63,+1.11,28Ome Per
948,47.66208,11.87250,5.98,-0.06,
949,48.11000,47.72583,6.33,+1.43,
950,48.04000,42.37611,6.15,-0.09,
951,47.90750,19.72667,4.35,+1.03,57Del Ari
952,47.84125,13.04778,6.12,+1.02,
953,47.64750,-23.73833,6.38,+0.93,
954,48.05917,27.25694,5.79,-0.12,56 Ari
955,47.82833,-3.81167,6.05,+1.66,
956,48.35000,48.17694,5.90,+0.97,
957,47.82000,-16.02528,6.26,+1.20,
958,48.11000,6.66083,5.56,+1.08,
959,46.95500,-69.26556,6.15,+1.02,
960,47.61417,-48.73417,6.12,+1.12,
961,50.08208,77.73472,5.45,+0.19,
962,48.19333,-1.19611,5.06,+0.57,94 Cet
963,48.01792,-28.98694,3.87,+0.52,Alp For
964,48.95000,57.14083,5.79,+0.73,
965,53.08375,84.91111,5.61,+0.92,
966,48.73625,42.50389,6.07,+1.07,
967,49.38167,65.65861,6.36,+0.09,
968,48.10750,-44.41972,5.93,+0.44,
969,49.05083,50.93778,5.03,+1.15,
970,48.25625,-35.94389,6.27,-0.08,
971,48.83542,30.55667,5.52,+0.01,
972,48.72542,21.04444,4.89,-0.01,58Zet Ari
973,49.01958,45.34583,6.16,+1.67,
974,48.40833,-29.80417,6.16,+1.05,
975,48.94583,32.85639,6.31,+0.37,
976,49.00792,34.68861,6.25,+0.28,
977,48.13833,-57.32167,5.74,+2.28,
978,49.14625,32.18361,6.06,+0.99,
979,49.29750,40.48333,6.45,,
980,48.75083,-26.10028,6.25,+0.04,
981,46.88333,-78.98944,5.57,+0.30,
982,49.44750,44.02500,5.47,-0.06,30 Per
983,49.00375,-5.91861,6.17,-0.02,
984,48.95833,-8.81972,4.80,+0.23,13Zet Eri
985,49.99750,65.65222,4.84,-0.15,
986,49.44083,39.28333,5.96,+0.07,
987,49.65750,50.22222,5.15,-0.06,29 Per
988,49.14875,-9.15444,6.14,+0.40,14 Eri
989,49.78167,50.09500,5.03,-0.06,31 Per
990,49.04708,-30.82750,6.65,-0.07,
991,49.68250,34.22278,4.82,+1.49,
992,49.59333,-0.93028,5.38,+1.04,95 Cet
993,49.51167,-28.79694,5.91,+0.33,
994,49.59208,-22.51139,4.88,+0.90,15 Eri
995,49.98250,27.07111,5.90,+0.86,59 Ari
996,49.84042,3.37028,4.83,+0.68,96Kap1Cet
997,49.67167,-18.55972,5.71,+0.37,
998,49.36083,-47.75167,5.85,+1.24,
999,50.08500,29.04833,4.47,+1.55,
1000,50.10667,25.66278,6.12,+1.24,60 Ari
1001,50.46917,49.07083,5.93,+0.43,
1002,50.36042,43.32944,4.95,+0.04,32 Per
1003,49.87917,-21.75778,3.69,+1.62,16Tau4Eri
1004,49.89500,-24.12306,5.61,+1.66,
1005,50.30667,21.14694,5.28,-0.07,61Tau1Ari
1006,49.44250,-62.57528,5.54,+0.64,Zet1Ret
1007,50.27833,3.67556,5.69,+0.97,97Kap2Cet
1008,49.98208,-43.06972,4.27,+0.71,
1009,51.16875,64.58611,5.23,+2.08,
1010,49.55375,-62.50639,5.24,+0.60,Zet2Ret
1011,50.80500,49.21333,5.29,-0.07,
1012,50.54958,27.60750,5.52,+1.10,62 Ari
1013,50.18833,-26.60639,6.39,+0.54,
1014,49.49583,-66.92694,6.05,+0.13,
1015,50.68833,20.74194,5.09,+1.24,63Tau2Ari
1016,50.35000,-23.63528,5.52,+0.88,
1017,51.08083,49.86111,1.79,+0.48,33Alp Per
1018,50.56792,-25.58778,6.35,+0.01,
1019,51.12375,33.53583,5.61,-0.03,
1020,51.45167,53.92167,6.51,+0.29,
1021,50.38875,-47.77694,6.39,+1.00,
1022,51.07708,24.72417,5.50,+1.19,64 Ari
1023,50.91292,4.88194,6.38,+0.86,
1024,50.82417,-7.79417,6.20,+0.70,
1025,48.99000,-77.38833,5.52,+0.44,Iot Hyi
1026,51.28917,41.25722,6.51,,
1027,51.10875,20.80361,6.08,-0.04,65 Ari
1028,51.04208,12.62944,6.04,+1.23,
1029,51.48917,49.12083,6.09,-0.07,
1030,51.20333,9.02889,3.60,+0.89,1Omi Tau
1031,50.93583,-32.70722,6.50,+1.37,
1032,52.58125,71.86389,6.32,+1.80,
1033,52.09833,60.25556,6.49,+0.02,
1034,52.01292,49.06278,4.98,-0.09,
1035,52.26708,59.94028,4.21,+0.41,
1036,51.76333,18.75639,6.57,+0.15,
1037,52.21833,49.84833,5.58,-0.04,
1038,51.79250,9.73278,3.74,-0.09,2Xi Tau
1039,51.82792,12.73500,6.28,-0.02,
1040,52.47875,58.87861,4.54,+0.56,
1041,52.08667,33.80750,5.61,+0.02,
1042,51.48250,-35.92083,6.39,+0.08,Chi1For
1043,52.54708,59.36611,6.13,+0.08,
1044,52.34208,49.50889,4.67,-0.09,34 Per
1045,51.59375,-27.31750,5.93,+0.94,
1046,52.50083,55.45194,5.09,+0.05,
1047,52.35917,46.93778,6.24,+0.13,
1048,52.11083,22.80417,6.03,+0.95,66 Ari
1049,51.54875,-41.63694,6.32,+0.06,
1050,52.00417,-11.28667,5.73,+1.10,
1051,52.65417,48.10361,5.82,-0.04,
1052,52.64375,47.99528,4.36,+1.35,35Sig Per
1053,51.01042,-69.62472,6.15,+0.48,
1054,51.88917,-35.68139,5.71,+1.29,Chi2For
1055,53.80167,73.34694,6.57,+0.03,
1056,52.87250,49.20972,6.29,+0.09,
1058,52.04792,-35.85333,6.50,+0.13,Chi3For
1059,52.95458,49.40083,6.39,+0.09,
1060,52.41292,-6.80500,5.99,+1.02,
1061,52.60208,11.33639,5.14,-0.03,4 Tau
1062,52.40000,-12.67472,5.59,+0.17,
1063,53.03583,48.02361,5.47,-0.10,
1064,51.40083,-69.33639,5.96,+0.42,
1065,52.83667,27.57194,5.96,,
1066,52.71833,12.93667,4.11,+1.12,5 Tau
1067,52.68917,6.18861,5.94,+0.96,
1068,53.38375,58.76500,6.40,+0.14,
1069,53.10958,46.05694,5.31,+0.40,36 Per
1070,52.65458,-5.07528,4.73,-0.09,17 Eri
1071,53.42167,57.86889,6.37,+0.51,
1072,53.16292,44.85556,6.41,+0.03,
1073,53.41250,54.97472,5.98,+0.11,
1074,53.16667,35.46167,5.90,-0.06,
1075,52.47917,-42.63417,5.78,+0.22,
1076,52.55667,-41.37000,6.12,+0.48,
1077,53.75333,60.04111,6.46,+0.39,
1078,53.39625,39.89944,5.81,+0.11,
1079,53.15000,9.37361,5.77,-0.08,6 Tau
1080,54.85333,75.73972,6.27,+0.97,
1081,52.65417,-47.37528,5.99,+0.11,
1082,52.97458,-25.61417,6.38,+0.12,
1083,52.34458,-62.93750,4.72,+0.40,Kap Ret
1084,53.23250,-9.45833,3.73,+0.88,18Eps Eri
1085,53.53458,17.83278,6.17,+0.89,
1086,53.61083,24.46444,5.92,+0.13,7 Tau
1087,54.12250,48.19278,4.23,-0.06,37Psi Per
1088,53.44708,-21.63278,4.27,-0.11,19Tau5Eri
1089,53.70500,6.41778,6.49,+0.63,
1090,53.14500,-50.37861,5.68,+1.10,
1091,53.65583,-9.86861,6.25,+0.02,
1092,52.71500,-66.48972,5.83,-0.06,
1093,53.48667,-31.08028,6.20,+0.48,
1094,54.58208,56.93278,6.30,-0.13,
1095,53.63958,-31.87472,6.40,+1.40,
1096,53.21500,-61.01694,6.41,+1.04,
1097,54.50083,42.58306,6.42,-0.06,
1098,53.99042,-11.19361,5.57,+0.91,
1099,54.19708,0.58778,5.71,+0.92,
1100,54.07250,-17.46694,5.23,-0.13,20 Eri
1101,54.21833,0.40167,4.28,+0.58,10 Tau
1102,54.44917,15.43083,6.39,+0.17,
1103,54.75042,20.91583,6.50,+0.15,
1104,53.60292,-65.76444,6.75,+0.17,
1105,55.53875,63.21667,5.10,+1.63,
1106,54.27375,-40.27472,4.58,+1.04,
1107,62.50625,86.62611,5.86,+0.37,
1108,54.62167,-7.39167,5.85,+0.98,
1109,52.49500,-78.35194,5.70,+0.93,
1110,54.85708,16.53667,6.16,+1.00,
1111,54.75458,-5.62611,5.96,+0.92,21 Eri
1112,55.67792,59.96944,5.76,+1.71,
1113,55.28292,37.58000,5.57,-0.07,
1114,54.69875,-27.94306,6.01,-0.02,Tau For
1115,54.96292,3.05694,5.57,+0.94,12 Tau
1116,54.90958,-3.39306,6.23,+1.04,
1117,54.85583,-10.43722,6.19,+1.03,
1118,55.19292,25.32944,6.11,+0.06,11 Tau
1119,54.99792,-1.12056,6.12,+1.00,
1120,55.04750,-15.22667,6.33,+0.88,
1121,55.15958,-5.21056,5.53,-0.15,22 Eri
1122,55.73125,47.78750,3.01,-0.13,39Del Per
1123,55.59375,33.96500,4.97,-0.01,40 Per
1124,56.50375,67.20167,5.80,+0.35,
1125,55.30750,-11.80306,6.49,+0.36,
1126,55.57875,19.70028,5.69,-0.01,13 Tau
1127,56.02667,48.52361,6.06,+1.55,
1128,55.34333,-19.58472,6.59,+0.09,
1129,56.50958,63.34500,4.80,+0.80,
1130,56.17042,46.09972,6.11,+0.28,
1131,56.07958,32.28833,3.83,+0.05,38Omi Per
1132,55.94667,19.66500,6.14,+1.01,14 Tau
1133,56.13083,36.46000,5.59,+0.06,
1134,55.56208,-31.93833,5.00,-0.16,Del For
1135,56.29833,42.57861,3.77,+0.42,41Nu Per
1136,55.81208,-9.76333,3.54,+0.92,23Del Eri
1137,56.11708,20.92861,6.10,+0.01,
1138,57.30750,70.87111,5.44,+0.09,
1139,55.89083,-10.48556,5.60,+0.22,
1140,56.20083,24.28944,5.46,-0.04,16 Tau
1141,56.49708,45.68194,5.66,-0.07,
1142,56.21875,24.11333,3.70,-0.11,17 Tau
1143,55.70875,-37.31361,4.59,+1.20,
1144,56.29042,24.83917,5.64,-0.07,18 Tau
1145,56.30208,24.46722,4.30,-0.11,19 Tau
1146,56.12708,-1.16306,5.25,-0.10,24 Eri
1147,56.88417,55.92250,6.10,-0.03,
1148,57.58958,71.33222,4.63,+0.03,Gam Cam
1149,56.45667,24.36778,3.87,-0.07,20 Tau
1150,56.23542,-0.29667,5.55,+1.42,25 Eri
1151,56.47667,24.55472,5.76,-0.04,21 Tau
1152,56.51208,24.52806,6.43,-0.02,22 Tau
1153,56.41833,6.05000,5.35,-0.12,29 Tau
1154,54.12500,-78.32306,6.29,+1.15,
1155,57.38000,65.52611,4.47,+1.88,
1156,56.58167,23.94833,4.18,-0.06,23 Tau
1157,56.02583,-40.66028,6.45,+1.06,
1158,57.40292,63.29722,5.85,+0.18,
1159,56.53958,6.80306,5.91,+0.99,
1160,57.07625,50.73667,6.14,+0.06,
1161,57.33167,57.11806,6.46,+0.06,
1162,56.53542,-12.10167,4.42,+1.63,26Pi Eri
1163,56.96917,33.60000,6.57,+0.08,
1164,56.95375,32.19500,6.25,+0.47,
1165,56.87125,24.10500,2.87,-0.09,25Eta Tau
1166,57.92417,68.50750,6.32,-0.08,
1167,56.21083,-48.06139,6.49,+1.02,
1168,56.14083,-54.27389,6.30,+1.04,
1169,56.31583,-47.35972,5.73,+0.96,
1170,57.28417,43.96306,6.02,+0.29,
1171,56.61417,-29.33806,5.90,+0.12,Sig For
1172,57.08708,23.42111,5.45,-0.07,
1173,56.71208,-23.24972,4.23,+0.42,27Tau6Eri
1174,57.06792,11.14333,5.07,-0.13,30 Tau
1175,56.05000,-64.80694,3.85,+1.13,Bet Ret
1176,57.51875,44.96778,5.66,+0.76,
1177,57.38583,33.09139,5.11,+0.07,42 Per
1178,57.29042,24.05333,3.63,-0.09,27 Tau
1179,56.83375,-29.90194,6.55,+0.49,
1180,57.29667,24.13667,5.09,-0.08,28 Tau
1181,56.91500,-23.87472,5.24,+0.07,28Tau7Eri
1182,57.16208,0.22778,5.91,+1.23,
1183,57.43125,23.71167,6.17,-0.05,
1184,56.98333,-30.16778,5.54,+0.98,Rho For
1185,57.47917,22.24444,6.07,-0.01,
1186,56.95667,-36.10583,6.21,-0.10,
1187,57.14917,-20.90306,5.81,+1.64,
1188,57.57875,25.57944,5.26,+0.21,
1189,57.14750,-37.62222,5.40,+0.01,
1190,57.14958,-37.62056,4.73,-0.03,
1191,57.97375,34.35917,5.77,0.00,
1192,58.43042,57.97500,5.80,+0.18,
1193,57.90250,22.03167,6.83,,
1194,57.81583,13.04583,6.30,-0.07,
1195,57.36375,-36.20028,4.17,+0.95,
1196,59.12583,71.82167,6.34,+0.30,
1197,58.01792,31.16833,6.25,+0.20,
1198,58.41125,48.65056,5.76,+1.05,
1199,58.00083,6.53472,5.67,+0.06,31 Tau
1200,57.65667,-36.42528,6.86,-0.04,
1201,58.29167,17.32694,5.97,+0.34,
1202,58.17333,-5.36139,5.48,-0.10,30 Eri
1203,58.53292,31.88361,2.85,+0.12,44Zet Per
1204,59.35625,63.07222,5.03,-0.09,
1205,59.28458,61.10889,5.00,+1.45,
1206,58.30417,-18.43444,6.22,+0.88,
1207,58.99250,47.87139,5.37,-0.08,
1208,56.80958,-74.23889,3.24,+1.62,Gam Hyi
1209,58.84583,31.04583,6.10,+0.29,
1210,59.15208,50.69528,5.28,+0.41,43 Per
1211,58.57250,-2.95278,6.14,+0.09,32 Eri
1212,58.57292,-2.95472,4.79,+0.94,32 Eri
1213,58.42750,-24.61250,4.65,-0.13,33Tau8Eri
1214,58.41208,-34.73222,5.11,-0.13,
1215,59.11958,35.08111,5.49,-0.03,
1216,58.38875,-46.89361,5.93,+1.24,
1217,58.81792,-12.09917,6.00,+0.32,
1218,59.21708,22.47806,5.63,+0.30,32 Tau
1219,58.59667,-40.35722,5.71,+0.60,
1220,59.46333,40.01028,2.89,-0.18,45Eps Per
1221,59.26583,23.17556,6.06,+0.02,33 Tau
1222,59.36000,24.46194,6.16,+1.37,
1223,59.51292,34.81444,6.53,+0.23,
1224,59.25708,6.04000,6.09,+0.06,
1225,59.15792,-9.75083,6.19,+0.28,
1226,59.62125,38.84028,6.30,+1.08,
1227,58.64167,-52.69056,6.46,+0.16,
1228,59.74125,35.79111,4.04,+0.01,46Xi Per
1229,59.91667,38.82056,6.38,+0.10,
1230,62.51167,80.69861,5.10,+0.56,
1231,59.50750,-13.50861,2.95,+1.59,34Gam Eri
1232,59.71792,-5.47000,5.83,+1.00,
1233,59.91958,10.33083,6.37,+0.42,
1234,60.31125,36.99000,6.41,-0.01,
1235,59.87542,-12.57417,5.60,+1.48,
1236,59.01667,-63.46361,6.14,+1.10,
1237,60.15375,17.29667,6.32,+0.06,
1238,60.20333,18.19389,5.89,+0.32,
1239,60.17000,12.49028,3.47,-0.12,35Lam Tau
1240,59.98125,-24.01639,4.66,-0.13,36Tau9Eri
1241,61.51292,68.68000,5.87,+1.54,
1242,61.11333,59.15556,5.06,+0.50,
1243,60.44208,9.99778,5.67,+0.02,
1244,60.38333,-1.54972,5.28,-0.15,35 Eri
1245,59.67875,-57.10250,6.05,+0.44,
1246,60.16958,-30.49083,5.93,+0.04,
1247,59.68625,-61.40028,4.56,+1.62,Del Ret
1248,61.66250,65.52083,6.17,+0.14,
1249,60.65292,-0.26889,5.38,+0.50,
1250,60.06542,-51.56472,6.51,+1.64,
1251,60.78917,5.98917,3.91,+0.03,38Nu Tau
1252,61.09042,24.10583,5.47,+0.86,36 Tau
1253,60.93583,5.43556,5.33,-0.08,40 Tau
1254,60.98583,8.19722,5.46,+0.37,
1255,61.65250,54.00861,6.31,+0.99,
1256,61.17375,22.08194,4.36,+1.07,37 Tau
1257,61.04125,2.82694,5.36,+0.50,
1258,60.85292,-20.14417,6.46,-0.18,
1259,60.90333,-20.15833,7.01,+1.22,
1260,61.96292,62.33000,6.99,+0.42,
1261,61.64583,50.35139,4.29,+0.02,47Lam Per
1262,61.33417,22.00889,5.90,+0.62,39 Tau
1263,61.03625,-16.58889,6.39,+1.26,
1264,60.22417,-62.15944,4.51,+1.65,Gam Ret
1265,61.09458,-12.79250,5.61,+1.08,
1266,60.32583,-61.07889,4.97,+1.42,Iot Ret
1267,61.17083,-20.38167,6.13,+1.16,
1268,61.65167,27.60000,5.20,-0.13,41 Tau
1269,61.75208,29.00139,5.23,+0.34,42Psi Tau
1270,62.36500,59.90806,6.28,+1.14,
1271,55.63375,-85.26222,6.41,-0.01,
1272,61.48542,-8.85611,6.26,+0.06,
1273,62.16542,47.71250,4.04,-0.03,48 Per
1274,61.44458,-20.51222,6.34,+0.92,
1275,61.40583,-27.65167,5.59,+0.31,
1276,62.34333,54.82889,6.18,,
1277,62.06375,37.72778,6.09,+0.95,49 Per
1278,62.15250,38.03972,5.51,+0.46,50 Per
1279,61.92500,15.16278,6.01,+0.40,
1280,61.99750,17.33972,5.89,+1.50,
1281,63.43708,72.12639,6.03,+1.01,
1282,63.21500,68.50167,6.32,+1.18,
1283,62.29167,19.60917,5.50,+1.07,43Ome1Tau
1284,62.25667,13.39833,5.95,+0.05,
1285,61.85458,-42.91694,6.59,+0.93,
1286,62.74583,33.58667,5.72,+1.44,
1287,62.70792,26.48083,5.41,+0.34,44 Tau
1288,62.32417,-16.38583,5.37,-0.15,
1289,67.05417,83.80778,5.57,-0.13,
1290,62.59375,-6.92389,5.44,+0.94,37 Eri
1291,62.14125,-45.86472,6.59,+0.38,
1292,62.83458,5.52306,5.72,+0.36,45 Tau
1293,62.69875,-8.81972,5.70,+1.06,
1294,61.84000,-64.22250,6.38,+0.64,
1295,63.13083,17.27750,6.09,+1.08,
1296,63.75750,57.46028,6.08,+0.61,
1297,63.21333,22.41361,6.12,+0.19,
1298,62.96625,-6.83750,4.04,+0.33,38Omi1Eri
1299,62.69083,-35.27389,6.44,+1.07,
1300,62.90083,-20.35611,5.79,+0.18,
1301,63.49833,37.96694,6.45,,
1302,62.71083,-41.99361,4.93,+0.33,Del Hor
1303,63.72458,48.40944,4.14,+0.95,51Mu Per
1304,67.50042,83.34056,5.46,+0.87,
1305,64.22333,61.85028,5.70,-0.14,
1306,63.72208,40.48361,4.71,+1.01,52 Per
1307,63.39500,10.21222,6.23,+0.05,
1308,63.38042,8.89056,6.51,+0.16,
1309,63.38792,7.71611,5.29,+0.36,46 Tau
1310,63.45792,12.75333,6.25,+1.16,
1311,63.48500,9.26361,4.84,+0.80,47 Tau
1312,63.40917,-1.14972,6.44,-0.13,
1313,64.28417,57.86056,5.71,+1.09,
1314,64.17958,53.61194,5.19,+0.05,
1315,63.65125,10.01111,5.22,-0.10,
1316,63.13167,-44.36833,6.71,+1.48,
1317,66.76167,80.82417,5.43,+1.17,
1318,63.59875,-10.25639,4.87,+1.17,39 Eri
1319,63.94292,15.40056,6.32,+0.40,48 Tau
1320,63.88375,8.89222,4.29,-0.06,49Mu Tau
1321,63.85750,6.19972,6.93,+0.70,
1322,63.87167,6.18667,6.31,+0.59,
1323,63.39875,-40.35778,6.37,+1.46,
1324,64.56083,50.29556,4.61,+0.04,
1325,63.81792,-7.65278,4.43,+0.82,40Omi2Eri
1326,63.50042,-42.29444,3.86,+1.10,Alp Hor
1327,65.16792,65.14056,5.27,+0.81,
1328,64.53417,42.14111,6.22,-0.08,
1329,64.31500,20.57861,4.94,+0.26,50Ome2Tau
1330,64.80542,50.04889,5.45,+0.22,
1331,64.59667,21.57917,5.65,+0.28,51 Tau
1332,64.33000,-6.47194,5.94,+1.08,
1333,65.04792,50.92083,5.55,-0.01,
1334,64.60208,9.48667,6.54,+0.16,
1335,65.44833,60.73556,5.39,+1.49,
1336,63.60625,-62.47389,3.35,+0.91,Alp Ret
1337,65.06000,41.80806,5.92,+0.94,
1338,64.00667,-51.48667,4.25,+0.30,Gam Dor
1339,64.85875,21.14222,5.35,-0.08,53 Tau
1340,63.70292,-62.19194,5.45,+1.10,
1341,64.90292,21.77361,5.38,-0.14,56 Tau
1342,65.46583,56.50667,5.88,,
1343,65.10250,34.56667,4.93,+0.94,54 Per
1344,65.04167,31.95333,6.16,+1.71,
1345,64.56625,-20.71556,6.00,+1.67,
1346,64.94833,15.62750,3.65,+0.99,54Gam Tau
1347,64.47375,-33.79833,3.56,-0.12,41Ups4Eri
1348,65.08875,27.35083,4.95,+1.15,52Phi Tau
1349,64.90625,10.12139,6.31,+1.43,
1350,65.38833,46.49889,4.85,-0.03,53 Per
1351,64.99042,14.03528,5.59,+0.28,57 Tau
1352,65.74125,59.61639,6.19,,
1353,64.65583,-22.97028,6.07,+0.30,
1354,65.10458,18.74250,6.12,+0.37,
1355,64.12042,-59.30194,4.44,+1.08,Eps Ret
1356,65.15125,15.09528,5.26,+0.22,58 Tau
1357,64.08792,-60.94861,6.37,+0.07,
1358,65.22000,13.86417,6.17,+0.46,
1359,64.76250,-33.90500,6.37,+0.13,
1360,65.17167,6.13083,5.77,+0.92,
1361,65.20417,9.22556,6.53,+0.15,
1362,65.16125,-6.24556,6.27,+0.91,
1363,65.17833,-7.59250,5.85,-0.13,
1364,64.81917,-44.26806,5.34,+1.08,
1365,64.66667,-52.86000,6.09,+0.49,
1366,65.36292,-0.09806,5.86,+1.32,
1367,65.16250,-20.63972,5.38,-0.02,
1368,65.51458,14.07722,5.72,+0.32,60 Tau
1369,65.64542,25.62917,5.37,-0.05,59Chi Tau
1370,65.59500,20.82139,5.91,+1.66,
1371,65.89958,42.42806,6.23,0.00,
1372,64.41750,-63.25556,5.87,-0.07,The Ret
1373,65.73375,17.54250,3.76,+0.98,61Del1Tau
1374,65.38042,-25.72833,6.01,+0.35,
1375,65.88500,20.98222,5.99,+0.03,
1376,65.85417,16.77722,5.64,+0.30,63 Tau
1377,66.12167,34.13056,5.73,-0.06,55 Per
1378,65.99917,24.30111,6.36,+0.17,62 Tau
1379,66.15583,33.95972,5.76,+0.40,56 Per
1380,66.02417,17.44389,4.80,+0.15,64Del2Tau
1381,65.96625,9.46083,5.12,+0.07,66 Tau
1382,66.75375,57.58528,6.32,+0.04,
1383,65.92000,-3.74556,5.17,+0.08,42Xi Eri
1384,65.77375,-24.89222,5.83,+1.51,
1385,66.23792,19.04167,5.98,+0.37,
1386,65.78208,-35.54500,6.39,+1.24,
1387,66.34208,22.29389,4.22,+0.13,65Kap1Tau
1388,66.35417,22.19972,5.28,+0.25,67Kap2Tau
1389,66.37250,17.92806,4.29,+0.05,68Del3Tau
1390,66.52625,31.43889,5.28,+0.97,
1391,66.40542,15.94083,6.46,+0.49,70 Tau
1392,66.57708,22.81361,4.28,+0.26,69Ups Tau
1393,66.00917,-34.01694,3.96,+1.49,43 Eri
1394,66.58667,15.61833,4.49,+0.25,71 Tau
1395,65.47208,-63.38639,5.24,+0.96,Eta Ret
1396,66.65167,14.71361,4.69,+0.98,73Pi Tau
1397,66.58792,8.59028,6.06,+0.02,
1398,66.23500,-34.75778,6.55,+0.44,
1399,66.82292,22.99639,5.53,-0.10,72 Tau
1400,66.75292,2.07944,6.23,+1.09,
1401,68.37792,72.52861,5.94,+0.30,
1402,66.87000,11.21250,5.88,+0.05,
1403,67.00333,21.62000,5.72,+0.27,
1404,66.32958,-44.16083,6.39,+0.44,
1405,66.05083,-57.07139,6.29,+0.66,
1406,67.21625,30.36139,6.40,+0.52,
1407,67.11000,16.35972,4.97,+1.13,75 Tau
1408,67.09750,14.74083,5.90,+0.32,76 Tau
1409,67.15417,19.18028,3.53,+1.01,74Eps Tau
1410,66.73750,-24.08139,6.11,+0.14,
1411,67.14375,15.96222,3.84,+0.95,77The1Tau
1412,67.16542,15.87083,3.40,+0.18,78The2Tau
1413,67.01500,1.85861,6.15,+1.02,
1414,67.20917,13.04750,5.03,+0.23,79 Tau
1415,67.13375,1.38083,5.55,-0.10,
1416,66.27208,-61.23833,5.94,+1.54,
1417,68.00750,53.91083,5.77,+0.18,1 Cam
1418,66.77500,-46.94750,6.10,+0.46,
1419,67.65958,32.45806,6.21,-0.04,
1420,67.42875,10.52167,6.79,+0.09,
1421,67.16250,-19.45833,5.96,+1.22,
1422,67.53583,15.63806,5.58,+0.32,80 Tau
1423,67.27875,-13.04833,5.60,-0.23,
1424,67.85000,40.01028,6.26,+0.04,
1425,67.51000,10.26250,6.48,+1.03,
1426,64.49625,-80.21389,5.69,+0.84,Del Men
1427,67.64042,16.19389,4.78,+0.17,
1428,67.66208,15.69194,5.48,+0.26,81 Tau
1429,67.03917,-41.96000,6.44,+1.64,
1430,67.65542,13.72444,5.40,+0.26,83 Tau
1431,67.54042,-13.59222,6.24,+1.00,
1432,67.96583,15.85167,6.02,+0.34,85 Tau
1433,67.33333,-46.51528,6.16,+1.06,
1434,68.35375,43.06389,6.09,+0.38,57 Per
1435,66.94125,-62.52083,5.75,+1.01,
1436,68.02000,5.41000,6.39,+0.42,
1437,67.96958,-0.04389,4.91,+1.32,45 Eri
1438,67.85792,-13.64500,6.21,+0.12,
1439,67.66792,-35.65361,5.96,+1.00,
1440,69.10083,64.26167,5.94,-0.03,
1441,68.15583,-3.20917,5.81,-0.14,
1442,68.38708,18.01667,6.25,+0.07,
1443,67.70875,-44.95389,5.07,-0.19,Del Cae
1444,68.46208,14.84444,4.65,+0.25,86Rho Tau
1445,68.65833,28.96111,5.88,-0.06,
1446,68.45042,9.41306,6.01,+1.06,
1447,68.34167,-10.78583,6.06,+1.38,
1448,68.53458,5.56861,5.68,+0.05,
1449,68.47833,-6.73889,5.72,-0.13,46 Eri
1450,68.55917,-6.83778,6.09,+1.38,
1451,68.54833,-8.23139,5.11,+1.70,47 Eri
1452,68.54875,-8.97028,5.26,+1.47,
1453,68.37750,-29.76667,4.51,+0.98,50Ups1Eri
1454,69.17250,41.26472,4.25,+1.22,58 Per
1455,68.92792,19.88167,6.36,,
1456,65.24125,-81.58000,5.79,+0.35,Nu Men
1457,68.98000,16.50917,0.85,+1.54,87Alp Tau
1458,68.91375,10.16083,4.25,+0.18,88 Tau
1459,69.12167,23.34083,6.02,+0.38,
1460,68.80833,-9.73667,6.37,+0.11,
1461,68.75208,-19.92056,6.13,+1.17,
1462,69.00667,-3.61194,6.33,-0.10,
1463,69.07958,-3.35250,3.93,-0.21,48Nu Eri
1464,68.88750,-30.56222,3.82,+0.98,52Ups2Eri
1465,68.49917,-55.04500,3.27,-0.10,Alp Dor
1466,69.99208,53.47306,5.35,+0.32,2 Cam
1467,69.97792,53.07972,5.05,+1.07,3 Cam
1468,71.50125,76.61111,6.49,+0.51,
1469,69.30708,0.99833,5.31,-0.12,
1470,69.62333,26.94000,6.47,,
1471,69.56583,20.68472,5.92,-0.05,
1472,69.53917,16.03333,5.79,+0.31,89 Tau
1473,69.53958,12.51083,4.27,+0.12,90 Tau
1474,69.40042,-2.47333,5.23,+0.28,51 Eri
1475,68.39167,-62.82361,5.79,+1.04,
1476,69.21208,-30.71667,6.30,-0.10,
1477,69.84625,25.21833,6.22,+0.16,
1478,69.78833,15.79972,5.07,+0.15,91Sig1Tau
1479,69.81875,15.91806,4.69,+0.15,92Sig2Tau
1480,69.77583,7.87083,5.39,+0.26,
1481,69.54500,-14.30389,3.87,+1.09,53 Eri
1482,70.35042,48.30083,5.67,-0.02,
1483,69.72333,-12.12306,5.01,+0.07,
1484,70.01417,12.19778,5.46,-0.12,93 Tau
1485,65.71208,-82.89917,6.76,+0.20,
1486,70.82542,59.52083,6.50,,
1487,69.83208,-14.35917,5.45,+1.06,
1488,69.94667,-1.05278,6.10,+0.94,
1489,70.45958,38.28028,5.99,+0.57,
1490,70.33250,28.61500,5.78,-0.03,
1491,72.20958,75.94111,6.06,+0.28,
1492,69.19000,-62.07750,5.40,+1.58,
1493,70.84000,49.97389,5.87,+0.02,
1494,70.72625,43.36500,5.29,0.00,59 Per
1495,70.02833,-24.48250,5.58,+0.92,
1496,70.11042,-19.67167,4.32,+1.61,54 Eri
1497,70.56125,22.95694,4.28,-0.13,94Tau Tau
1498,69.76792,-51.67278,6.44,+1.32,
1499,70.80750,24.08889,6.13,+0.54,95 Tau
1500,71.05375,40.78694,6.08,+0.06,
1501,70.95125,32.86528,6.45,,
1502,70.14042,-41.86389,4.45,+0.34,Alp Cae
1503,70.51458,-37.14444,5.05,+0.37,Bet Cae
1504,70.07625,-58.94361,6.53,+0.68,
1505,70.89417,-8.79361,6.82,+0.39,55 Eri
1506,70.89625,-8.79611,6.70,+0.92,55 Eri
1507,71.10750,11.14611,5.40,+0.25,
1508,71.02208,-8.50361,5.90,-0.11,56 Eri
1509,70.78875,-30.76556,5.68,+1.41,
1510,72.65167,70.94167,6.37,-0.08,
1511,72.00125,56.75722,5.30,+0.25,4 Cam
1512,71.42708,23.62806,6.35,+0.06,
1513,71.03333,-18.66667,5.53,+0.02,
1514,71.68500,40.31278,5.97,+0.93,
1515,72.02917,55.60250,6.26,,
1516,70.69333,-50.48139,5.31,+0.98,Lam Pic
1517,71.57000,18.73500,6.01,+1.21,
1518,70.93417,-41.06472,6.25,+1.46,
1519,71.50708,11.70556,5.37,+0.19,
1520,71.37542,-3.25472,4.02,-0.15,57Mu Eri
1521,71.26750,-21.28361,5.72,+1.47,
1522,71.60042,-2.95444,6.33,+0.04,
1523,75.08625,81.19389,5.07,+1.28,
1524,71.45667,-34.00500,6.86,0.00,
1525,71.60750,-28.08750,6.19,+0.19,
1526,71.48083,-39.35667,6.05,+1.07,
1527,73.02167,63.50528,5.44,+1.57,
1528,72.32917,32.58833,5.86,+0.24,
1529,72.30333,31.43722,5.58,+1.12,
1530,71.08792,-59.73278,5.27,+0.20,Kap Dor
1531,69.59042,-77.65611,6.05,+1.10,
1532,71.90125,-16.93444,5.51,+0.63,58 Eri
1533,72.47750,37.48833,4.88,+1.44,
1534,72.18583,3.58833,6.03,+1.19,
1535,72.78875,48.74083,5.66,+0.99,
1536,72.15125,-5.67389,5.78,+0.62,
1537,72.43375,15.90417,6.08,+1.60,96 Tau
1538,72.13542,-16.32944,5.77,+0.55,59 Eri
1539,71.95667,-30.02028,6.37,+1.07,Zet Cae
1540,71.24125,-63.22972,6.46,+1.08,
1541,70.76625,-70.93111,5.54,-0.12,Mu Men
1542,73.51250,66.34278,4.29,+0.03,9Alp Cam
1543,72.46000,6.96139,3.19,+0.45,1Pi 3Ori
1544,72.65292,8.90028,4.36,+0.01,2Pi 2Ori
1545,72.42583,-13.76972,6.26,+0.44,
1546,73.29083,52.84083,6.41,,
1547,72.84375,18.83972,5.10,+0.21,97 Tau
1548,72.14083,-43.98000,6.72,+0.95,
1549,72.54833,-16.21722,5.03,+0.98,60 Eri
1550,73.19917,42.58667,5.71,+0.11,
1551,73.15833,36.70306,4.78,+1.41,2 Aur
1552,72.80167,5.60500,3.69,-0.17,3Pi 4Ori
1553,72.93083,9.97500,6.11,+0.08,
1554,73.19625,27.89750,5.97,+0.37,
1555,73.76292,55.25917,5.52,+0.04,5 Cam
1556,73.13333,14.25056,4.74,+1.84,4Omi1Ori
1557,72.56750,-41.32083,6.07,+0.37,
1558,73.71375,44.06083,6.08,-0.02,
1559,72.86750,-34.90639,5.86,+0.08,
1560,73.22375,-5.45278,4.39,+0.25,61Ome Eri
1561,74.02958,52.86944,5.75,+0.11,
1562,73.34500,2.50806,5.33,+1.64,5 Ori
1563,72.73000,-53.46139,5.61,+0.33,Iot Pic
1564,72.73458,-53.45972,6.42,,Iot Pic
1565,73.48250,1.56944,6.61,+0.04,
1566,73.74292,19.48528,6.37,+0.29,
1567,73.56292,2.44056,3.72,-0.18,8Pi 5Ori
1568,74.32167,53.75222,4.47,-0.02,7 Cam
1569,73.69542,11.42611,5.19,+0.12,6 Ori
1570,73.72417,10.15083,4.65,+0.09,7Pi 1Ori
1571,73.69917,7.77917,5.33,+1.22,
1572,75.58375,74.26917,6.06,+1.57,
1573,74.08292,36.16889,6.07,+0.41,
1574,73.71125,0.46750,5.99,-0.12,
1575,74.06500,24.59222,6.37,+0.33,
1576,73.95958,15.04000,5.81,-0.08,
1577,74.24833,33.16611,2.69,+1.53,3Iot Aur
1578,73.99333,5.39917,6.50,+0.02,
1579,73.77833,-16.74056,5.70,+0.96,
1580,74.09292,13.51444,4.07,+1.15,9Omi2Ori
1581,73.82750,-16.41778,5.72,+0.88,
1582,74.10083,-5.17139,5.51,-0.13,62 Eri
1583,73.87583,-25.72778,6.72,+0.27,
1584,73.72833,-39.62861,6.10,+1.42,
1585,74.34292,17.15361,5.48,+1.31,
1586,74.45292,23.94861,5.79,+1.11,99 Tau
1587,76.05417,73.76389,6.66,,
1588,74.94292,53.15556,6.08,+1.46,8 Cam
1589,76.16583,74.06694,5.96,,
1590,74.53917,25.05028,5.81,0.00,98 Tau
1591,74.32167,-1.06722,6.23,+0.42,
1592,74.81417,37.89028,4.94,+0.04,4Ome Aur
1593,75.39958,61.07806,6.03,+0.41,
1594,75.71000,66.82278,6.19,+0.48,
1595,74.43667,-14.23139,6.15,-0.21,
1596,74.54500,-2.21250,6.35,+0.10,
1597,73.72083,-58.54722,6.12,+0.44,
1598,73.37708,-66.67556,6.41,+1.63,
1599,75.07625,39.39472,5.95,+0.41,5 Aur
1600,74.74750,14.54278,6.09,+0.04,
1601,74.63708,1.71417,4.47,+1.40,10Pi 6Ori
1602,75.09667,39.65500,6.58,,6 Aur
1603,75.85458,60.44222,4.03,+0.92,10Bet Cam
1604,74.75542,-16.37583,5.66,+0.43,
1605,75.49208,43.82333,2.99,+0.54,7Eps Aur
1606,73.27292,-72.40750,6.28,+0.52,
1607,74.90208,-14.80583,7.71,+5.74,
1608,74.96000,-10.26333,5.38,+0.80,63 Eri
1609,75.13583,3.61528,7.03,,
1610,75.14125,3.61611,6.66,-0.07,
1611,74.98250,-12.53750,4.79,+0.26,64 Eri
1612,75.61958,41.07583,3.75,+1.22,8Zet Aur
1613,75.16583,-2.06556,6.32,+0.28,
1614,75.20417,-5.75333,6.22,+1.06,
1615,75.82750,41.44167,6.14,+0.16,
1616,82.95000,85.93861,6.51,+0.32,
1617,75.35958,-7.17389,4.81,-0.19,65Psi Eri
1618,75.45958,0.72222,5.92,+1.27,
1619,75.50000,1.60889,6.24,-0.04,
1620,75.77375,21.59000,4.64,+0.16,102Iot Tau
1621,75.35667,-20.05194,4.91,-0.05,
1622,76.53542,58.97250,5.08,-0.08,11 Cam
1623,76.55083,59.02111,6.08,+1.12,12 Cam
1624,76.62375,61.17000,6.04,+1.37,
1625,75.68958,-4.20972,5.85,+1.21,
1626,76.06042,30.49472,6.14,+1.21,
1627,76.15375,32.32028,6.62,+0.27,
1628,75.54083,-26.27500,5.02,+1.07,
1629,73.79667,-74.93694,5.47,+1.52,Eta Men
1630,76.59167,54.40583,7.24,,
1631,75.39375,-39.71806,6.03,+0.88,
1632,76.15792,27.69611,6.60,+0.24,
1633,76.09000,21.27806,6.19,+1.32,
1634,75.68708,-22.79500,5.75,+1.20,1 Lep
1635,75.59500,-31.77139,5.94,+1.17,
1636,77.40292,69.63944,6.41,+1.11,
1637,76.66917,51.59778,5.00,+0.33,9 Aur
1638,76.14208,15.40417,4.68,-0.06,11 Ori
1639,76.50375,35.93639,6.52,+0.16,
1640,75.96667,-14.36944,6.41,-0.18,
1641,76.62875,41.23444,3.17,-0.18,10Eta Aur
1642,76.38375,19.80639,6.44,+0.21,
1643,78.09333,73.94667,5.43,-0.12,
1644,76.70667,43.17472,6.20,+0.43,
1645,75.97208,-24.38778,5.61,+0.10,
1646,76.22708,-3.03972,6.05,-0.11,
1647,77.43542,64.91944,6.41,+0.40,
1648,76.34875,1.17750,6.17,+3.45,
1649,75.70250,-49.15139,5.38,+0.42,Eta1Pic
1650,78.64833,76.47278,6.37,-0.02,
1651,75.97500,-41.74500,6.31,+0.53,
1652,76.10167,-35.48333,4.55,+1.20,Gam1Cae
1653,76.10875,-35.70528,6.34,+0.30,Gam2Cae
1654,76.36542,-22.37111,3.19,+1.46,2Eps Lep
1655,76.31750,-26.15250,5.73,+1.17,
1656,76.86250,18.64500,5.00,+0.65,104 Tau
1657,76.69042,-4.65500,5.12,-0.06,66 Eri
1658,76.95167,20.41833,5.30,+0.09,106 Tau
1659,77.02750,24.26528,5.50,+0.06,103 Tau
1660,76.98125,21.70472,5.89,+0.19,105 Tau
1661,76.65292,-13.12194,6.05,-0.06,
1662,76.90958,9.47194,6.17,+0.62,13 Ori
1663,76.24167,-49.57778,5.03,+1.49,Eta2Pic
1664,76.97042,8.49833,5.34,+0.33,14 Ori
1665,76.85417,-12.49056,5.97,+0.60,
1666,76.96250,-5.08639,2.79,+0.13,67Bet Eri
1667,76.25250,-54.40750,6.27,+1.54,
1668,77.67875,46.96222,5.68,+0.42,
1669,77.57875,37.30194,6.02,+0.72,
1670,77.43792,28.03056,6.01,+0.27,
1671,77.08417,-8.66500,5.78,-0.06,
1672,77.33167,9.82944,5.43,+0.24,16 Ori
1673,77.18167,-4.45611,5.12,+0.44,68 Eri
1674,76.37750,-57.47278,4.72,+0.52,Zet Dor
1675,78.26333,61.85000,6.17,+0.02,
1676,77.42500,15.59722,4.82,+0.32,15 Ori
1677,75.67917,-71.31444,5.31,+1.00,Bet Men
1678,78.38042,62.69139,6.50,+0.21,14 Cam
1679,77.28667,-8.75417,4.27,-0.19,69Lam Eri
1680,77.06167,-35.71833,6.52,+1.08,
1681,77.51333,-0.56528,6.10,+1.10,
1682,75.05500,-78.30028,6.29,+1.51,
1683,79.55542,73.26806,5.74,,
1684,77.92333,16.04556,5.18,+1.49,
1685,77.74167,-2.25389,6.25,+0.98,
1686,80.63958,79.23111,5.05,+0.47,
1687,77.83000,-2.49083,5.90,+0.46,
1688,78.79708,59.40556,6.15,+1.18,
1689,78.35708,38.48444,4.86,+0.18,11Mu Aur
1690,77.92250,0.51472,6.67,-0.07,
1691,77.93875,1.03694,5.89,+0.66,
1692,78.68458,53.21389,6.20,+0.07,
1693,77.84500,-11.84917,5.68,+1.46,
1694,77.68542,-25.90944,6.41,+1.25,
1695,76.89167,-63.39972,5.20,+1.65,
1696,78.07458,-11.86917,4.45,-0.10,3Iot Lep
1697,78.20083,-6.05722,5.91,+0.96,
1698,78.32292,2.86111,4.46,+1.19,17Rho Ori
1699,77.89958,-37.39528,6.57,+1.62,
1700,76.53875,-73.03778,6.27,-0.01,
1701,78.38167,1.96806,6.09,+0.42,
1702,78.23292,-16.20556,3.31,-0.11,5Mu Lep
1703,78.44667,0.56028,6.32,+1.46,
1704,78.38875,-8.14778,6.37,-0.13,
1705,78.30792,-12.94139,4.36,-0.10,4Kap Lep
1706,78.85167,32.68778,5.02,+0.23,14 Aur
1707,79.32417,53.58611,6.50,+1.66,
1708,79.17250,45.99806,0.08,+0.80,13Alp Aur
1709,78.68375,5.15611,5.50,+1.37,
1710,78.49958,-14.60667,6.21,+0.37,
1711,78.86542,22.28472,6.27,+0.08,108 Tau
1712,79.07583,34.31194,5.96,+0.22,
1713,78.63458,-8.20167,0.12,-0.03,19Bet Ori
1714,85.95292,85.66806,6.60,,
1715,78.44375,-35.82556,6.98,+1.47,
1716,74.71208,-82.47056,5.85,+0.93,Xi Men
1717,78.82667,-1.40917,6.15,+0.39,
1718,79.01708,11.34139,5.56,-0.04,18 Ori
1719,79.86583,58.11722,6.13,-0.03,15 Cam
1720,80.09417,62.65361,5.61,+1.75,
1721,78.62000,-35.97722,5.76,+1.01,
1722,79.56625,42.79222,5.48,+1.65,
1723,78.85125,-26.94333,5.07,-0.10,
1724,79.17125,1.94722,6.42,-0.02,
1725,79.66833,40.46500,6.18,+1.37,
1726,79.54458,33.37167,4.54,+1.27,16 Aur
1727,78.47208,-52.03111,6.05,+1.39,
1728,79.57875,33.76722,6.14,-0.06,17 Aur
1729,79.78542,40.09917,4.71,+0.63,15Lam Aur
1730,78.94583,-34.92667,6.66,+0.15,
1731,79.20042,-17.14167,6.56,-0.16,
1732,79.75000,33.74833,5.41,-0.19,
1733,80.00958,44.42556,6.62,,
1734,79.84833,33.98556,6.49,+0.24,18 Aur
1735,79.40167,-6.84444,3.60,-0.11,20Tau Ori
1736,80.16375,46.96389,6.54,+0.60,
1737,79.41750,-13.51972,5.50,+0.93,
1738,80.06167,41.08611,5.52,+0.11,
1739,79.81917,22.09639,4.94,+0.93,109 Tau
1740,80.00375,33.95806,5.03,+0.27,19 Aur
1741,79.81125,20.13472,6.08,+1.01,
1742,78.91208,-52.18194,6.49,+1.21,
1743,79.37125,-34.89528,4.83,+1.00,Omi Col
1744,78.43917,-67.18528,4.83,+1.28,The Dor
1745,82.35708,77.97750,6.56,+0.14,
1746,79.79667,2.59583,5.34,+0.41,21 Ori
1747,79.71000,-18.13000,5.96,+0.58,
1748,79.89667,-1.41222,6.34,-0.11,
1749,80.45167,41.80444,5.23,-0.15,20Rho Aur
1750,80.24708,27.95722,6.33,+0.04,
1751,80.86583,57.54444,5.28,-0.03,16 Cam
1752,80.30292,29.57000,5.76,+0.06,
1753,79.82292,-18.52000,6.36,-0.16,
1754,79.82625,-18.50972,6.54,-0.11,
1755,80.23583,19.81417,6.18,+1.23,
1756,79.89375,-13.17667,4.29,-0.26,6Lam Lep
1757,79.99625,-12.31556,5.30,-0.12,7Nu Lep
1758,79.84875,-27.36889,5.99,-0.04,
1759,80.11000,-5.36667,6.39,-0.03,
1760,80.70958,41.02944,5.54,+0.12,
1761,80.33042,4.01194,6.57,-0.09,
1762,80.11208,-21.23944,4.71,-0.05,
1763,80.43167,8.42861,5.80,-0.13,
1764,80.38250,-0.41639,5.68,-0.12,
1765,80.44042,-0.38250,4.73,-0.17,22 Ori
1766,80.08583,-34.69889,6.34,+0.33,
1767,79.84208,-50.60611,5.45,+0.51,Zet Pic
1768,80.84542,28.93667,6.46,-0.04,22 Aur
1769,80.46250,-13.75611,6.56,-0.09,
1770,80.70833,3.54444,5.00,-0.15,23 Ori
1771,80.44250,-24.77306,5.06,+0.67,
1772,80.32042,-34.34528,6.09,-0.19,
1773,81.16333,37.38556,4.99,+1.42,21Sig Aur
1774,80.90708,16.69944,6.08,+0.14,110 Tau
1775,81.15958,31.22389,6.28,+1.24,
1776,81.16042,31.14306,5.94,+0.04,
1777,80.87958,5.32250,6.35,+0.12,
1778,80.82708,-8.41583,5.90,-0.03,
1779,81.30417,34.85528,6.55,+1.11,
1780,81.10583,17.38333,4.99,+0.53,111 Tau
1781,80.92625,-0.15972,5.70,-0.21,
1782,80.96417,-0.86722,6.11,+0.50,
1783,80.87583,-13.92722,5.25,-0.21,8 Lep
1784,80.98667,-7.80806,4.14,+0.96,29 Ori
1785,80.80000,-26.70583,6.49,+0.50,
1786,81.15083,2.35278,6.32,-0.15,
1787,81.12042,-0.89139,5.08,+0.96,27 Ori
1788,81.11917,-2.39694,3.36,-0.17,28Eta Ori
1789,81.18667,1.84639,4.95,-0.20,25Psi1Ori
1790,81.28292,6.34972,1.64,-0.22,24Gam Ori
1791,81.57292,28.60750,1.65,-0.13,112Bet Tau
1792,81.11833,-16.97611,5.65,0.00,
1793,80.85000,-39.67861,5.71,+1.62,
1794,81.72625,35.45722,6.15,+1.45,
1795,81.70375,34.39167,5.94,+0.14,
1796,81.71375,33.26278,6.15,+1.15,
1797,80.91250,-37.33667,6.82,+1.04,
1798,81.52375,16.70028,6.25,-0.08,113 Tau
1799,81.25667,-10.32917,5.61,+1.56,
1800,81.38000,-0.54417,6.57,-0.05,
1801,80.59208,-56.13444,6.11,-0.10,Kap Pic
1802,82.54250,63.06722,5.42,+1.71,17 Cam
1803,81.44583,0.52083,6.16,-0.18,
1804,81.78458,30.20861,5.74,+0.16,
1805,81.91208,34.47583,5.07,+1.40,24Phi Aur
1806,81.51000,-5.51833,6.23,-0.06,
1807,81.66167,6.86917,6.42,-0.02,
1808,81.79208,17.96222,5.42,-0.10,115 Tau
1809,81.80750,15.25778,6.16,+0.08,
1810,81.90875,21.93694,4.88,-0.15,114 Tau
1811,81.70917,3.09556,4.59,-0.21,30Psi2Ori
1812,81.49917,-19.69556,5.89,+0.40,
1813,81.23167,-44.22583,6.08,+1.20,
1814,81.94000,15.87417,5.50,+0.01,116 Tau
1815,78.10708,-81.54167,6.51,+1.11,
1816,82.00667,17.23889,5.77,+1.63,117 Tau
1817,81.77000,-11.90083,6.35,+0.51,
1818,81.19250,-52.31639,6.27,+0.07,The Pic
1819,82.14500,13.67889,6.35,+0.15,
1820,82.00667,1.29833,6.41,-0.18,
1821,82.31875,25.15056,5.47,-0.04,118 Tau
1822,82.41917,29.18639,6.24,+0.45,
1823,81.90208,-21.37556,6.07,+1.04,
1824,82.70250,41.46194,6.00,+1.11,
1825,82.68792,39.82583,6.37,+0.97,
1826,82.23625,-3.30750,6.39,-0.01,
1827,81.77208,-40.94361,5.87,+0.23,
1828,83.14083,57.22111,6.48,+0.57,18 Cam
1829,82.06125,-20.75944,2.84,+0.82,9Bet Lep
1830,82.34833,-3.44639,5.79,+1.15,
1831,82.68083,22.46250,6.29,+1.18,
1832,82.60875,15.36028,5.94,+0.14,
1833,82.47833,1.78917,5.78,-0.20,
1834,82.43333,-1.09222,4.71,+1.57,31 Ori
1835,82.06375,-37.23056,5.57,+0.02,
1836,81.58042,-58.91250,5.14,+1.00,Lam Dor
1837,82.58250,4.20417,6.21,+1.27,
1838,82.27792,-30.11667,6.75,+1.06,
1839,82.69625,5.94806,4.20,-0.14,32 Ori
1840,82.58625,-7.43472,6.33,-0.19,
1842,82.81042,3.29222,5.46,-0.18,33 Ori
1843,83.18208,32.19194,4.76,+0.34,25Chi Aur
1844,84.93208,75.04389,6.17,+1.57,
1845,83.05333,18.59444,4.38,+2.07,119 Tau
1846,83.36958,42.10889,6.55,-0.02,
1847,83.05917,17.05806,5.46,-0.04,
1848,82.83708,-6.70833,6.22,-0.17,
1849,82.78167,-20.86361,5.55,0.00,10 Lep
1850,83.36458,32.80111,6.48,+0.09,
1851,83.00208,-0.28444,6.85,-0.16,34Del Ori
1852,83.00167,-0.29917,2.23,-0.22,34Del Ori
1853,84.31750,66.69611,6.26,,
1854,83.40833,34.72583,6.27,+0.15,
1855,82.98250,-7.30139,4.62,-0.26,36Ups Ori
1856,82.53958,-47.07778,5.46,+0.62,
1857,84.31292,64.15472,6.15,+0.01,19 Cam
1858,83.38167,18.54028,5.69,+0.01,120 Tau
1859,81.75000,-68.62278,6.03,+0.34,
1860,83.41167,20.47417,6.18,-0.07,
1861,83.17208,-1.59194,5.35,-0.19,
1862,82.80292,-35.47056,3.87,+1.14,Eps Col
1863,83.28000,-1.71833,6.46,-0.09,
1864,83.47625,14.30556,5.64,-0.14,35 Ori
1865,83.18250,-17.82222,2.58,+0.21,11Alp Lep
1866,84.14667,54.42889,5.73,+1.63,
1867,82.32250,-62.31444,6.59,+1.53,
1868,83.38083,-1.15611,5.34,-0.18,
1869,84.06625,47.71528,6.11,+0.26,
1870,82.90042,-45.92528,5.86,+1.35,
1871,83.49000,1.40778,6.59,-0.17,
1872,83.56958,3.76694,5.36,+0.05,38 Ori
1873,83.51625,-1.03556,6.22,-0.17,
1874,83.51667,-1.47056,5.93,+1.55,
1875,83.86292,24.03944,5.38,-0.09,121 Tau
1876,83.70500,9.48944,4.41,-0.16,37Phi1Ori
1877,83.21375,-38.51306,5.48,+1.22,
1878,83.98125,27.66222,6.27,+1.54,
1879,83.78458,9.93417,3.54,-0.18,39Lam Ori
1880,83.78542,9.93500,5.61,+0.04,39Lam Ori
1881,83.28083,-35.13972,5.78,+1.07,
1882,82.56625,-63.92778,6.19,+0.22,
1883,83.80583,10.24000,5.60,+0.12,
1884,84.21833,40.18222,6.09,+1.03,
1885,90.33417,85.18222,6.11,+1.57,
1886,83.75375,-6.00917,5.67,-0.23,
1887,83.76125,-6.00194,4.78,-0.25,
1888,83.46708,-29.84889,6.53,-0.02,
1889,84.12583,25.93944,6.49,+0.43,
1890,83.84083,-4.49333,6.56,-0.13,
1891,83.84375,-4.42528,6.24,-0.15,
1892,83.84667,-4.83833,4.59,-0.19,42 Ori
1893,83.81625,-5.38722,6.73,+0.02,41The1Ori
1894,83.81708,-5.38528,7.96,+0.24,41The1Ori
1895,83.81875,-5.38972,5.13,+0.02,41The1Ori
1896,83.82208,-5.38778,6.70,+0.09,41The1Ori
1897,83.84542,-5.41611,5.08,-0.09,43The2Ori
1898,83.87958,-4.36472,6.38,-0.14,
1899,83.85833,-5.91000,2.77,-0.24,44Iot Ori
1900,83.89917,-3.25278,6.40,-0.12,
1901,83.91458,-4.85583,5.26,+0.24,45 Ori
1902,84.28667,26.92417,5.83,-0.07,
1903,84.05333,-1.20194,1.70,-0.19,46Eps Ori
1904,84.44042,33.55917,6.33,+1.31,
1905,84.26583,17.04028,5.54,+0.22,122 Tau
1906,84.06250,-5.64806,6.54,-0.18,
1907,84.22625,9.29056,4.09,+0.95,40Phi2Ori
1908,84.26833,11.03500,5.94,+1.58,
1909,83.81417,-33.08000,5.78,+1.12,
1910,84.41125,21.14250,3.00,-0.19,123Zet Tau
1911,84.14875,-6.06500,5.72,-0.22,
1912,83.43500,-54.90222,6.43,+0.55,
1913,84.33042,8.95194,6.12,-0.17,
1914,84.65875,30.49250,5.40,+0.45,26 Aur
1915,84.04292,-28.70778,6.26,+0.13,
1916,85.61000,65.69778,5.60,+1.24,
1917,83.24833,-64.22750,5.34,+1.04,
1918,84.36417,-5.93833,6.05,-0.22,
1919,84.28667,-11.77556,6.11,+0.05,
1920,84.50458,7.54139,5.88,-0.07,
1921,84.73917,26.61778,6.37,,
1922,83.40625,-62.48972,3.76,+0.82,Bet Dor
1923,84.47250,-4.81361,6.19,-0.04,
1924,84.82667,29.21528,5.96,+0.16,
1925,85.33458,53.48111,6.23,+0.84,
1926,84.31875,-27.87139,6.16,+0.34,Nu 1Col
1927,84.01125,-47.31389,6.11,+1.16,
1928,84.93417,25.89694,5.18,-0.15,125 Tau
1929,84.86250,21.76278,6.34,+0.06,
1930,83.76000,-58.87111,6.75,+1.45,
1931,84.68667,-2.60000,3.81,-0.24,48Sig Ori
1932,84.69625,-2.59417,6.65,-0.19,
1933,84.65750,-6.57389,5.96,-0.23,
1934,84.79625,4.12139,4.57,-0.11,47Ome Ori
1935,84.43583,-28.68944,5.31,+0.46,Nu 2Col
1936,83.74000,-61.17583,6.32,+0.85,
1937,84.72125,-7.21306,4.80,+0.13,49 Ori
1938,85.14958,31.35806,6.04,+0.04,
1939,85.17542,31.92083,6.11,+2.12,
1940,84.88000,-3.56472,6.00,+0.27,
1941,85.75667,56.58167,6.05,+0.95,24 Cam
1942,84.87833,-9.70667,6.50,-0.10,
1943,86.03583,61.47667,6.15,+0.90,23 Cam
1944,84.81792,-17.84944,6.38,-0.12,
1945,85.33750,29.48750,6.43,-0.11,
1946,85.32375,16.53389,4.86,-0.13,126 Tau
1947,84.68167,-40.70750,5.82,-0.09,
1948,85.18958,-1.94278,2.05,-0.21,50Zet Ori
1949,85.19000,-1.94278,4.21,,50Zet Ori
1950,85.15542,-2.82500,6.22,-0.20,
1951,85.47750,23.32639,6.59,-0.06,
1952,85.21083,-1.12889,4.95,-0.21,
1953,82.97042,-76.34111,5.19,+1.13,Gam Men
1954,85.51625,22.66028,6.36,,
1955,85.27333,0.33778,5.93,+0.30,
1956,84.91208,-34.07417,2.64,-0.12,Alp Col
1957,85.19167,-10.40944,6.52,-0.16,
1958,84.95750,-32.62917,5.45,+0.92,
1959,85.41792,-2.89611,6.42,+0.30,
1960,84.22792,-66.56028,6.31,-0.07,
1961,85.83125,23.20417,6.21,-0.06,
1962,85.42292,-16.72556,6.21,-0.13,
1963,85.61917,1.47472,4.91,+1.17,51 Ori
1964,83.68625,-73.74139,5.78,+1.71,
1965,85.55958,-17.53028,6.15,+1.38,
1966,85.36250,-33.40056,6.34,-0.04,
1967,85.72417,-6.79611,6.02,+0.40,
1968,85.55792,-22.37361,5.87,+0.11,12 Lep
1969,86.62667,56.11556,5.94,+0.17,26 Cam
1970,85.78875,-1.61306,6.31,+1.47,
1971,86.47500,49.82639,5.47,+0.03,27Omi Aur
1972,85.54833,-30.53556,6.19,+0.01,
1973,85.56292,-34.66778,5.29,-0.05,
1974,86.45625,40.50722,6.58,+0.25,
1975,85.84000,-18.55750,5.73,-0.01,
1976,87.27042,62.80806,6.13,,
1977,86.41417,20.69500,6.95,+3.03,
1978,86.25792,4.00806,6.09,+0.31,
1979,86.81125,42.52667,6.29,+1.35,
1980,86.11833,-20.12639,6.34,+0.58,
1981,85.87583,-39.40694,6.25,+0.37,
1982,86.11042,-22.42167,6.15,+0.94,
1983,86.11583,-22.44833,3.60,+0.47,13Gam Lep
1984,85.92125,-45.83306,6.39,+0.29,
1985,86.68958,15.82250,6.00,-0.06,129 Tau
1986,86.51167,-4.26833,6.34,+1.05,
1987,86.71708,9.52222,5.79,+0.88,
1988,86.64583,1.16806,5.95,+0.78,
1989,86.80500,14.48833,5.72,+0.04,131 Tau
1990,86.85917,17.72917,5.49,+0.30,130 Tau
1991,83.90125,-78.82083,6.05,-0.02,Iot Men
1992,87.64167,56.91889,6.54,,29 Cam
1993,86.92875,13.89972,5.29,-0.17,133 Tau
1994,88.23125,68.47139,6.20,+0.95,
1995,87.29375,39.18111,4.52,+0.94,29Tau Aur
1996,86.49958,-32.30639,5.17,-0.28,Mu Col
1997,87.09333,20.86944,6.07,-0.08,
1998,86.73875,-14.82194,3.55,+0.10,14Zet Lep
1999,87.00083,6.45417,5.27,+0.23,52 Ori
2000,86.78167,-16.23778,6.17,+0.89,
2001,86.86125,-10.53306,6.03,+0.16,
2002,87.25417,24.56750,4.86,+1.01,132 Tau
2003,87.73500,51.51472,6.29,+1.05,
2004,86.93917,-9.66972,2.06,-0.17,53Kap Ori
2005,86.76958,-28.63917,6.22,-0.15,
2006,88.07250,58.96417,6.14,-0.04,30 Cam
2007,87.14542,-4.09472,5.97,+0.64,
2008,86.61417,-46.59722,5.31,+1.04,
2009,86.82750,-35.67472,6.32,+1.18,
2010,87.38708,12.65111,4.91,-0.07,134 Tau
2011,87.76000,37.30556,4.74,+1.62,31Ups Aur
2012,87.87250,39.14861,3.97,+1.13,32Nu Aur
2013,87.74208,27.96778,5.56,+0.97,
2014,87.51083,9.87111,5.80,+0.87,
2015,86.19333,-65.73556,4.35,+0.21,Del Dor
2016,87.62042,14.30556,5.52,+1.01,135 Tau
2017,86.99208,-40.65250,6.61,+1.12,
2018,87.85708,32.12500,6.25,+1.75,
2019,87.55458,4.42333,5.97,+1.36,
2020,86.82125,-51.06639,3.85,+0.17,Bet Pic
2021,87.40208,-14.48361,5.49,+0.88,
2022,84.29083,-80.46917,5.65,+0.60,Pi Men
2023,86.80417,-54.36083,6.18,+1.40,
2024,87.62500,2.02444,5.98,+0.91,
2025,88.16458,39.57444,6.45,+0.09,
2026,87.47292,-22.97167,5.87,+0.06,
2027,88.74083,59.88833,5.20,+0.02,31 Cam
2028,88.16708,33.91750,5.98,+1.60,
2029,88.71167,55.70694,4.99,+0.05,30Xi Aur
2030,88.09750,19.86806,6.06,+0.54,
2031,87.84167,-7.51806,5.35,-0.20,55 Ori
2032,87.39208,-44.87528,6.38,+1.27,
2033,88.09292,14.17167,5.59,-0.05,137 Tau
2034,88.33167,27.61222,4.58,-0.02,136 Tau
2035,87.83042,-20.87917,3.81,+0.99,15Del Lep
2036,87.86917,-22.92611,6.17,+1.02,
2037,88.11000,1.85500,4.78,+1.38,56 Ori
2038,88.32958,20.29917,6.71,-0.07,
2039,88.03167,-9.04139,5.97,+0.10,
2040,87.74000,-35.76833,3.12,+1.16,Bet Col
2041,89.39583,66.09611,6.25,+1.36,
2042,87.45708,-56.16667,4.51,+1.10,Gam Pic
2043,87.99792,-29.44861,6.45,+1.48,
2044,87.61917,-52.76778,6.35,+0.76,
2045,89.06000,51.80389,6.49,,
2046,88.74583,31.70167,5.90,+0.14,
2047,88.59542,20.27611,4.41,+0.59,54Chi1Ori
2048,88.55583,10.58694,6.12,+1.47,
2049,87.72167,-52.10889,5.17,+0.99,
2050,88.63417,11.76250,6.59,+0.03,
2051,88.56542,3.22528,6.31,+1.29,
2052,88.73625,19.74972,5.92,-0.17,57 Ori
2053,88.13833,-37.63111,5.63,+1.04,
2054,89.27042,49.02944,6.47,+0.99,
2055,88.19875,-38.52583,6.70,+1.08,
2056,88.27875,-33.80139,4.87,-0.15,Lam Col
2057,88.68375,0.96833,6.00,+1.34,
2058,88.64458,-4.06389,6.57,-0.18,
2059,82.55792,-84.78500,6.20,-0.02,
2060,88.48917,-19.63833,6.69,+0.10,
2061,88.79292,7.40694,0.50,+1.85,58Alp Ori
2062,86.95042,-72.70222,6.53,+1.08,Lam Men
2063,88.95542,20.17500,5.40,+0.99,
2064,87.47333,-66.90111,5.11,-0.14,Eps Dor
2065,88.68167,-11.77389,5.66,+1.53,
2066,89.14083,28.94222,6.32,+0.30,
2067,89.01458,13.92528,6.60,+0.65,
2068,88.55875,-29.14778,6.36,+0.37,
2069,88.34542,-42.92139,6.55,+1.37,
2070,88.87625,-4.61639,5.87,+1.18,
2071,88.89750,-4.78833,6.28,+0.06,
2072,88.08458,-57.15611,5.94,+0.66,
2073,87.84583,-64.03361,6.36,+0.86,
2074,89.23375,24.24972,6.02,+0.39,
2075,89.11667,9.50972,5.99,-0.07,
2076,89.20625,11.52111,5.87,+1.10,
2077,89.88167,54.28472,3.72,+1.00,33Del Aur
2078,91.28875,75.58583,6.40,,
2079,89.94042,55.32083,6.44,+0.31,
2080,89.95042,54.54722,6.14,+1.20,
2081,89.84083,49.92444,5.89,+1.23,
2082,88.71875,-39.95806,5.57,+1.51,
2083,88.54458,-50.36194,6.52,+0.90,
2084,89.49875,25.95389,4.82,-0.06,139 Tau
2085,89.10125,-14.16778,3.71,+0.33,16Eta Lep
2086,89.05958,-22.84028,5.96,+1.11,
2087,88.87458,-37.12083,4.97,+1.11,Xi Col
2088,89.88208,44.94750,1.90,+0.03,34Bet Aur
2089,88.67125,-49.62694,6.10,-0.13,
2090,89.14375,-23.21556,6.36,+1.07,
2091,89.98375,45.93694,4.26,+1.72,35Pi Aur
2092,89.08708,-31.38250,5.50,,Sig Col
2093,89.47583,1.22444,6.22,+1.48,
2094,88.70917,-52.63528,5.29,+0.31,
2095,89.93042,37.21250,2.62,-0.08,37The Aur
2096,90.07917,44.59194,6.22,,
2097,89.54875,-0.99417,6.22,+1.14,
2098,89.20417,-31.97611,6.44,+1.07,
2099,89.72167,12.80861,5.70,+0.89,
2100,89.60167,1.83694,5.90,+0.21,59 Ori
2101,90.24417,47.90194,5.73,-0.01,36 Aur
2102,88.52542,-63.09000,4.65,+1.05,
2103,89.70667,0.55306,5.22,+0.01,60 Ori
2104,88.54958,-64.48222,6.63,+0.38,
2105,90.42958,48.95944,5.96,+1.45,
2106,89.38417,-35.28333,4.36,-0.18,Gam Col
2107,89.75417,-9.38222,6.12,+0.29,1 Mon
2108,89.76792,-9.55833,5.03,+0.19,2 Mon
2109,89.90708,-1.44444,6.63,-0.07,
2110,90.29250,31.03472,5.98,+0.08,
2111,90.25167,27.57222,6.05,+0.25,
2112,90.70292,49.90556,6.05,-0.06,
2113,90.01417,-3.07417,4.53,+1.22,
2114,89.31000,-53.42611,6.45,+1.48,
2115,90.72333,43.37861,6.42,,
2116,90.42333,22.40083,6.37,-0.07,
2117,89.65667,-44.03444,5.81,+1.07,
2118,90.07375,-12.89972,6.22,+0.36,
2119,90.82500,42.91167,6.10,+0.97,38 Aur
2120,89.78667,-42.81528,3.96,+1.14,Eta Col
2121,91.28458,59.39306,6.34,+1.10,
2122,90.72958,32.63583,6.24,+0.42,
2123,91.12125,51.57333,6.45,+0.18,
2124,90.59583,9.64750,4.12,+0.16,61Mu Ori
2125,87.56958,-79.36139,5.47,-0.08,Kap Men
2126,91.66333,63.45361,6.39,,
2127,90.57125,1.69444,6.59,-0.05,
2128,90.46000,-10.59806,4.95,-0.12,3 Mon
2129,90.30458,-25.41778,6.05,+0.02,
2130,90.86375,19.69056,5.14,-0.11,64 Ori
2131,90.31833,-33.91167,5.55,+1.58,
2132,91.26417,42.98167,5.87,+0.30,39 Aur
2133,90.85292,11.68083,6.08,-0.04,
2134,91.03000,23.26333,4.16,+0.82,1 Gem
2135,90.98000,20.13833,4.63,+0.28,62Chi2Ori
2136,90.64083,-14.49722,6.20,+0.96,
2137,91.26083,37.96417,6.34,,
2138,90.20500,-51.21639,5.67,+0.20,
2139,91.39167,33.59917,6.23,-0.08,
2140,90.81458,-26.28444,5.04,+1.34,
2141,91.53542,35.38750,6.12,+0.60,
2142,91.05625,-6.70917,5.21,-0.06,
2143,91.64625,38.48278,5.36,+0.25,40 Aur
2144,91.24250,5.42000,5.67,+1.04,63 Ori
2145,91.24333,4.15861,5.63,+1.04,66 Ori
2146,91.59375,29.51250,6.08,+1.73,
2147,91.86208,41.85417,6.12,+1.22,
2148,91.24625,-16.48444,4.93,+0.24,17 Lep
2149,91.08458,-32.17250,5.65,-0.19,
2150,91.36250,-10.24278,5.87,+0.37,
2151,90.53833,-60.09694,6.45,+1.58,
2152,92.49625,58.93583,5.36,+1.09,37 Cam
2153,92.09583,41.05556,6.36,+1.05,
2154,91.66125,-4.19389,5.38,-0.13,
2155,91.53875,-14.93528,4.67,+0.05,18The Lep
2156,91.44042,-24.19556,6.95,+1.63,
2157,91.11833,-45.03667,6.35,+0.52,
2158,91.16750,-45.07889,5.93,+0.49,
2159,91.89292,14.76833,4.42,-0.17,67Nu Ori
2160,91.36292,-35.51361,5.80,+0.02,
2161,91.71625,-11.17361,6.66,-0.15,
2162,91.19542,-48.45861,6.58,+0.72,
2163,91.63333,-23.11056,5.47,+0.08,
2164,91.52292,-29.75861,5.81,+0.05,
2165,93.21292,65.71833,5.32,+1.34,36 Cam
2166,91.74000,-21.81278,5.78,+1.64,
2167,92.19667,8.67000,6.55,-0.07,
2168,91.92333,-19.16583,5.31,+1.68,19 Lep
2169,92.38500,22.19000,5.93,+1.63,
2170,91.76542,-34.31194,5.83,-0.13,
2171,91.67083,-42.29861,6.12,+0.25,Pi 1Col
2172,92.94167,52.64722,6.30,+0.14,
2173,92.43333,23.11333,5.75,+0.21,3 Gem
2174,92.24125,2.49944,5.73,+0.07,
2175,92.90208,48.71306,6.82,,41 Aur
2176,92.90250,48.71111,6.09,+0.10,41 Aur
2177,91.88167,-37.25306,5.02,-0.11,The Col
2178,91.75792,-45.09139,6.51,+1.16,
2179,92.40083,-5.71111,6.17,+0.34,
2180,92.24125,-22.42750,5.50,-0.01,
2181,91.97042,-42.15389,5.50,0.00,Pi 2Col
2182,92.33458,-18.12611,6.35,-0.03,
2183,92.39292,-14.58417,5.56,+1.16,
2184,92.75750,18.12944,6.33,+1.35,
2185,92.88458,24.42028,5.80,+1.11,5 Gem
2186,92.44958,-22.77417,5.71,+0.44,
2187,92.14417,-44.35611,6.27,-0.15,
2188,93.43875,51.17250,6.04,+1.06,
2189,93.08375,32.69333,5.78,+1.66,
2190,92.96417,21.86861,6.56,+2.25,
2191,92.86625,13.63861,6.04,0.00,
2192,92.44667,-26.70083,6.27,+1.01,
2193,93.00542,19.79056,5.75,-0.07,68 Ori
2194,91.53917,-66.03972,5.71,-0.03,Eta1Dor
2195,92.75542,-6.75417,6.15,+0.01,
2196,91.76417,-62.15472,5.05,+1.25,
2197,93.07958,22.90833,6.39,+2.24,6 Gem
2198,93.01375,16.13056,4.95,-0.14,69 Ori
2199,92.98500,14.20889,4.48,-0.18,70Xi Ori
2200,92.64417,-27.15417,5.72,+1.07,
2201,93.91917,59.99917,5.35,+1.34,40 Cam
2202,92.93208,-4.66556,6.18,-0.08,
2203,92.54292,-40.35361,5.58,+1.68,
2204,92.34708,-49.56278,6.49,+0.52,
2205,92.96583,-6.55028,5.05,-0.20,
2206,92.80625,-26.48222,6.09,-0.04,
2207,93.38917,18.68028,6.58,-0.08,
2208,93.30250,10.62750,6.45,+0.67,
2209,94.71167,69.31972,4.80,+0.03,
2210,93.18500,-2.50444,6.62,+0.05,
2211,92.66625,-45.28194,6.31,-0.03,
2212,92.57458,-54.96861,4.81,-0.23,Del Pic
2213,93.19292,-17.76306,6.52,-0.17,
2214,93.61917,17.90639,5.88,+0.22,
2215,94.47833,61.51528,4.98,+1.83,1 Lyn
2216,93.71917,22.50667,3.28,+1.60,7Eta Gem
2217,93.91250,36.14861,6.92,+0.45,
2218,93.47625,-3.74139,5.83,+0.94,
2219,93.84458,29.49806,4.35,+1.02,44Kap Aur
2220,93.71208,19.15639,5.20,+0.44,71 Ori
2221,92.18417,-68.84333,5.06,-0.08,Nu Dor
2222,93.78542,13.85111,5.91,-0.23,
2223,93.85458,16.14306,5.30,-0.14,72 Ori
2224,93.65292,-4.56833,5.83,-0.17,
2225,93.43792,-23.86194,6.39,+0.72,
2226,93.38875,-29.39611,6.54,-0.10,
2227,93.71375,-6.27472,3.98,+1.32,5Gam Mon
2228,94.39458,46.42417,6.52,+0.27,42 Aur
2229,93.93750,12.55111,5.33,-0.02,73 Ori
2230,94.07917,23.97000,6.08,+0.90,8 Gem
2231,93.91708,6.06611,6.07,-0.13,
2232,93.94583,4.28361,6.64,-0.17,
2233,93.89292,-0.51222,5.65,+0.50,
2234,93.87375,-4.91528,5.99,+0.09,
2235,94.09917,17.18139,6.39,+1.58,
2236,93.97500,1.16917,6.37,+0.46,
2237,93.85833,-9.03528,6.10,-0.08,
2238,94.90583,59.01083,4.48,+0.01,2 Lyn
2239,94.57042,46.36056,6.38,+1.11,43 Aur
2240,94.24458,23.74083,6.25,+0.45,9 Gem
2241,94.11083,12.27222,5.04,+0.42,74 Ori
2242,93.78500,-20.27222,5.91,+1.32,
2243,93.82292,-18.47667,5.99,+1.06,
2244,93.93708,-13.71833,5.01,-0.08,
2245,92.81250,-65.58944,5.01,+1.62,Eta2Dor
2246,94.08833,1.08028,6.63,-0.05,
2247,94.27750,9.94250,5.39,+0.10,75 Ori
2248,94.24333,7.05306,6.57,-0.12,
2249,94.03208,-16.61778,5.92,-0.17,
2250,94.38875,14.05833,6.59,-0.03,
2251,94.31708,5.10028,5.71,+0.61,
2252,93.98833,-29.78833,6.67,+1.55,
2253,94.52333,14.38278,6.16,+0.01,
2254,94.26458,-22.71500,6.07,+0.56,
2255,94.39667,-10.72528,6.75,+0.35,6 Mon
2256,94.13792,-35.14056,4.37,+1.00,Kap Col
2257,95.51500,59.37222,5.94,,4 Lyn
2258,94.75750,17.32500,6.32,-0.07,
2259,94.66875,9.04722,6.24,+0.87,
2260,94.42375,-16.81583,5.14,+1.30,
2261,92.56000,-74.75306,5.09,+0.72,Alp Men
2262,94.14833,-39.26444,6.00,+0.16,
2263,94.25500,-37.73750,5.53,+1.14,
2264,95.44208,53.45222,5.36,+0.43,45 Aur
2265,94.28958,-37.25306,5.87,+0.14,
2266,94.55708,-19.96694,5.52,-0.18,
2267,94.71083,-9.39028,5.36,+1.24,
2268,94.70333,-15.02472,6.06,+1.66,
2269,95.01750,14.65111,5.69,+1.61,
2270,94.78292,-8.58639,6.22,-0.04,
2271,94.74583,-20.92611,5.81,-0.15,
2272,95.30042,29.54111,6.43,+0.06,
2273,94.92833,-7.82306,5.27,-0.19,7 Mon
2274,94.07708,-59.21361,6.43,+0.59,
2275,94.99833,-2.94444,4.90,+1.60,
2276,95.21792,11.75639,6.54,-0.10,
2277,95.35792,17.76361,6.35,,
2278,94.46542,-52.73306,6.41,+1.46,
2279,94.92083,-34.39667,5.78,-0.08,
2280,95.35750,2.26861,6.31,+0.24,
2281,94.69500,-50.35917,7.04,+0.83,
2282,95.07833,-30.06333,3.02,-0.19,1Zet CMa
2283,93.77458,-71.70278,6.64,+0.56,
2284,95.35292,-11.77333,5.64,-0.02,
2285,97.06083,70.53556,5.97,,
2286,95.74000,22.51361,2.88,+1.64,13Mu Gem
2287,95.65208,12.57000,6.00,,
2288,95.15125,-34.14389,5.53,-0.19,
2289,96.22458,49.28806,4.91,+1.97,46Psi1Aur
2290,95.02542,-48.74111,6.60,+0.66,
2291,96.60750,56.28500,5.64,+0.24,
2292,95.82708,3.76444,6.40,-0.15,
2293,96.70375,58.41722,5.21,+1.53,5 Lyn
2294,95.67500,-17.95583,1.98,-0.23,2Bet CMa
2295,95.84458,-4.68722,6.67,+0.06,
2296,95.52833,-33.43639,3.85,+0.88,Del Col
2297,96.21917,29.70722,6.71,-0.06,
2298,95.94208,4.59278,4.44,+0.18,8Eps Mon
2299,95.94375,4.59556,6.72,+0.45,
2300,96.00958,8.88472,6.26,-0.08,
2301,95.90000,-9.87444,6.19,+1.84,
2302,96.22042,16.05694,6.33,+1.08,
2303,95.94167,-15.07167,6.24,+1.53,
2304,96.38708,23.32694,6.06,-0.03,
2305,96.04292,-11.53028,5.22,+1.24,
2306,95.94833,-19.78528,6.60,-0.15,
2307,95.81000,-31.79000,6.34,+0.89,
2308,96.36708,14.72194,6.24,+2.34,
2309,96.08542,-12.96250,6.12,-0.08,
2310,96.30458,7.08583,5.98,+1.22,
2311,95.98292,-25.57778,5.63,+1.56,
2312,96.32667,1.50111,6.66,-0.04,
2313,96.31833,-0.94611,5.87,+0.56,
2314,96.96292,47.40528,6.56,-0.04,
2315,96.44417,2.27222,6.51,-0.03,
2316,96.00417,-36.70778,5.62,+1.04,
2317,96.44625,-3.88917,6.35,+1.02,
2318,96.18292,-28.78000,6.39,+0.62,
2319,96.89792,32.56306,6.43,+1.26,
2320,95.73250,-56.37000,5.61,+0.24,Nu Pic
2321,96.49500,-7.89417,6.40,+0.14,
2322,95.90708,-52.18111,5.98,+1.04,
2323,96.18542,-40.28417,6.31,-0.05,
2324,96.66500,-1.50722,5.87,+0.08,
2325,96.64375,-4.59722,6.15,-0.14,
2326,95.98792,-52.69583,-0.72,+0.15,Alp Car
2327,96.74458,0.84083,6.71,+0.04,
2328,96.68708,-7.51139,6.27,-0.04,
2329,96.37458,-35.06389,6.25,+1.36,
2330,96.98583,20.49611,6.22,+0.01,16 Gem
2331,97.69667,58.16278,5.88,+0.94,6 Lyn
2332,97.14208,30.49306,5.55,+0.68,48 Aur
2333,96.83500,2.90806,5.55,+1.04,
2334,96.80750,0.29917,5.20,+1.18,
2335,96.81500,-0.27611,5.55,+1.38,
2336,95.94542,-58.54389,6.48,+0.12,
2337,95.75542,-63.68306,6.27,+1.60,
2338,97.51250,46.68556,5.90,+1.44,47 Aur
2339,97.23583,26.96778,6.47,,
2340,97.11667,16.23833,6.23,+0.90,
2341,96.20083,-52.80639,6.51,+1.70,
2342,97.07833,10.30389,6.15,+1.15,
2343,97.24083,20.21222,4.15,-0.13,18Nu Gem
2344,96.99000,-4.76222,5.06,-0.17,10 Mon
2345,96.05708,-60.28111,5.80,0.00,
2346,100.07000,79.59944,6.54,,
2347,97.07000,1.91222,6.48,-0.07,
2348,96.43167,-48.17722,5.76,-0.06,
2349,96.79667,-25.85667,6.07,+0.53,
2350,101.12583,82.11528,6.65,+0.17,
2351,97.25000,11.01944,6.59,,
2352,95.65917,-69.98417,5.56,+1.51,Pi 1Dor
2353,96.78125,-37.89556,6.48,+0.39,
2354,96.10958,-63.42889,6.46,+0.66,
2355,97.31208,2.64611,6.16,+1.54,
2356,97.20417,-7.03278,4.60,-0.10,11Bet Mon
2357,97.20625,-7.03444,5.40,-0.07,11Bet Mon
2358,97.20625,-7.03444,5.60,,11Bet Mon
2359,97.15542,-17.46611,5.77,+1.12,
2360,96.23167,-63.82778,6.27,-0.13,
2361,97.04208,-32.58000,4.48,-0.17,Lam CMa
2362,97.52292,9.02917,6.57,+0.14,
2363,100.12000,77.99583,5.73,+1.47,
2364,97.16333,-32.37111,5.74,-0.17,
2365,99.47875,73.69556,6.24,+0.38,
2366,97.79208,16.93861,6.20,+1.16,
2367,97.54708,-10.08139,5.93,+1.38,
2368,97.17625,-41.07444,6.32,+0.40,
2369,96.76667,-58.00222,5.82,+1.28,
2370,97.78958,11.25083,6.14,-0.08,
2371,97.90583,15.90333,6.40,,19 Gem
2372,98.11333,32.45472,5.87,+0.14,
2373,97.64458,-13.14806,6.16,-0.15,
2374,97.91333,11.79222,6.65,-0.12,
2375,97.95125,11.54444,5.23,+0.15,
2376,98.63667,55.35306,6.45,,7 Lyn
2377,96.36917,-69.69028,5.38,+0.97,Pi 2Dor
2378,98.09708,11.67361,6.03,+1.07,
2379,97.84583,-12.39167,5.15,+1.27,
2380,97.69292,-27.76944,5.93,-0.15,
2381,97.95875,-8.15806,5.43,+1.38,
2382,98.08000,4.85583,5.84,+0.99,12 Mon
2383,98.42792,33.02417,6.42,+0.03,
2384,97.45458,-50.23917,5.27,+0.41,
2385,98.22583,7.33306,4.50,0.00,13 Mon
2386,98.09625,-5.86889,5.60,+0.25,
2387,97.96375,-23.41833,4.33,-0.24,4Xi 1CMa
2388,97.80417,-35.25917,5.84,+0.81,
2389,97.36875,-56.85278,5.22,+1.09,
2390,97.74917,-40.91639,6.20,+1.40,
2391,98.40042,14.15528,5.53,+1.11,
2392,98.19542,-11.16639,6.24,+1.11,
2393,97.89583,-36.94000,6.34,+1.63,
2394,99.42250,61.48111,5.94,+0.89,8 Lyn
2395,98.40792,-1.22028,5.10,-0.14,
2396,100.13417,71.74889,5.92,+1.19,
2397,98.16250,-32.03056,5.69,-0.17,
2398,98.80042,28.02222,5.27,-0.03,49 Aur
2399,98.08875,-37.69667,5.24,+1.00,
2400,97.82625,-51.82611,5.60,+0.54,
2401,101.55875,79.56472,5.45,+0.50,
2402,99.41042,56.85750,5.85,,11 Lyn
2403,98.36083,-20.92389,6.40,+0.83,
2404,98.69333,7.57250,6.45,-0.02,14 Mon
2405,99.13708,38.44528,5.29,+2.61,
2406,98.82333,9.98833,5.88,+1.51,
2407,98.29292,-38.62528,6.44,+1.00,
2408,97.51250,-65.56833,6.29,+0.33,
2409,98.81583,0.89000,5.80,0.00,
2410,97.79417,-61.87972,6.15,-0.15,
2411,98.45625,-36.23222,5.42,+1.44,
2412,97.99333,-58.75417,5.70,-0.06,Mu Pic
2413,99.00000,4.49750,6.55,-0.06,
2414,98.76417,-22.96472,4.54,-0.05,5Xi 2CMa
2415,98.64708,-32.71639,5.62,-0.08,
2416,98.35875,-52.32889,6.19,+1.09,
2417,99.36333,24.59083,6.44,+0.10,
2418,99.14708,-5.21111,5.52,-0.08,
2419,99.66458,39.39083,5.69,+1.35,51 Aur
2420,99.70500,39.90250,5.20,-0.07,52Psi3Aur
2421,99.42792,16.39917,1.93,0.00,24Gam Gem
2422,99.35042,6.13528,6.06,+0.05,
2423,99.09500,-18.66000,5.70,+0.85,6Nu 1CMa
2424,98.85042,-36.78000,5.59,-0.14,
2425,99.59583,28.98417,5.79,0.00,53 Aur
2426,99.40375,10.85306,6.38,,
2427,99.83292,42.48889,4.79,+1.23,50Psi2Aur
2428,99.19458,-13.32083,5.97,+1.56,
2429,99.17083,-19.25583,3.95,+1.06,7Nu 2CMa
2430,99.41792,2.70417,6.17,+1.08,
2431,98.97500,-36.08889,6.35,+0.48,
2432,99.46958,4.95722,6.15,+0.14,
2433,99.17042,-22.61500,6.35,-0.11,
2434,99.99167,44.01389,6.41,,
2435,98.74417,-52.97556,4.39,-0.02,
2436,99.77208,22.03083,6.04,+1.03,
2437,99.42042,-12.98500,6.12,+1.00,
2438,99.88792,28.26306,6.03,-0.08,54 Aur
2439,99.88083,24.60000,6.38,+0.53,
2440,99.58542,-2.54361,6.14,+1.48,
2441,99.70625,4.70056,6.57,-0.07,
2442,99.65875,1.61361,6.21,+0.15,
2443,99.47250,-18.23750,4.43,+1.15,8Nu 3CMa
2444,99.25792,-38.14667,6.04,+1.03,
2445,99.21375,-41.55694,6.34,+1.15,
2446,99.30750,-36.99056,5.71,-0.12,
2447,99.44833,-32.33972,5.27,+1.18,
2448,99.64750,-16.87361,6.03,+0.03,
2449,99.94833,12.98306,5.97,+0.06,
2450,99.81958,-14.14583,4.82,+1.50,
2451,99.44042,-43.19611,3.17,-0.11,Nu Pup
2452,100.40708,35.93194,6.46,+0.49,
2453,100.33750,28.19639,6.42,+1.09,25 Gem
2454,100.13250,6.37167,6.51,-0.14,
2455,99.90125,-23.69556,6.05,-0.03,
2456,100.24458,9.89556,4.66,-0.25,15 Mon
2457,100.34083,16.39750,6.28,-0.01,
2458,100.32167,11.00333,6.11,+1.68,
2459,100.77083,44.52444,5.02,+1.48,55Psi4Aur
2460,99.92792,-30.47028,5.71,+1.14,
2461,100.27250,0.49528,5.79,-0.10,
2462,99.65667,-48.22028,4.93,+0.87,
2463,101.04833,53.29639,6.27,+1.08,
2464,100.80750,37.14694,6.19,+1.03,
2465,99.98708,-38.15889,6.58,+1.18,
2466,100.60125,17.64528,5.21,+0.06,26 Gem
2467,100.49708,6.34500,6.37,-0.05,
2468,99.50250,-61.53306,6.18,+0.62,
2469,100.48500,-9.16722,5.19,+1.53,
2470,101.55875,59.44167,4.87,+0.08,12 Lyn
2471,101.05250,36.10972,6.31,+0.06,
2473,100.98292,25.13111,2.98,+1.40,27Eps Gem
2474,100.77708,3.03333,6.19,+1.37,
2475,100.30875,-40.34972,6.12,-0.14,
2476,100.20542,-47.67472,6.65,+1.58,
2477,101.70625,57.16917,5.35,+0.96,13 Lyn
2478,100.99708,13.22778,4.49,+1.16,30 Gem
2479,100.91125,3.93222,5.90,-0.02,
2480,101.18958,28.97083,5.44,+1.45,28 Gem
2481,100.69083,-22.44917,6.13,+0.34,
2482,100.56833,-38.39861,6.29,+0.34,
2483,101.68458,43.57750,5.25,+0.56,56Psi5Aur
2484,101.32250,12.89556,3.36,+0.43,31Xi Gem
2485,102.05375,55.70444,6.33,,
2486,102.05125,55.70444,6.28,+0.47,
2487,101.91500,48.78944,5.22,+1.12,57Psi6Aur
2488,100.84708,-39.19333,6.30,+0.26,
2489,101.47583,12.69361,6.46,,32 Gem
2490,102.73792,67.57194,5.14,-0.17,42 Cam
2491,101.28708,-16.71611,-1.46,0.00,9Alp CMa
2492,101.11833,-31.07056,5.20,-0.12,10 CMa
2493,101.21625,-27.34139,6.45,+0.54,
2494,101.63500,8.58722,5.93,-0.17,16 Mon
2495,101.34708,-23.46194,6.05,+1.20,
2497,101.26000,-30.58611,6.54,-0.11,
2498,101.49708,-14.79611,5.32,+0.07,
2499,101.84792,18.19333,6.20,+0.07,
2500,101.34500,-31.79361,5.92,+0.48,
2501,101.38042,-30.94889,5.80,-0.19,
2502,101.66250,-10.10722,5.66,-0.05,
2503,101.83250,8.03722,4.77,+1.40,17 Mon
2504,101.71292,-14.42583,5.29,-0.04,11 CMa
2505,100.24083,-71.77556,6.51,+1.11,
2506,101.96500,2.41222,4.47,+1.11,18 Mon
2507,101.51375,-39.54000,6.62,-0.13,
2508,101.90458,-8.99833,5.07,+1.80,
2509,101.75625,-21.01556,6.08,-0.19,12 CMa
2510,101.55042,-37.77556,6.21,-0.13,
2511,103.42583,68.88833,5.12,-0.13,43 Cam
2512,102.42208,32.60667,5.71,+1.29,
2513,101.35875,-52.20111,6.57,+1.08,
2514,102.07917,-1.31917,5.75,+0.28,
2515,101.47375,-52.41000,5.80,+1.53,
2516,102.69125,41.78139,5.02,+1.27,58Psi7Aur
2517,102.26542,1.00194,6.15,-0.13,
2518,101.83917,-37.92972,5.26,-0.08,
2519,102.45750,16.20278,5.85,-0.13,33 Gem
2520,103.27125,59.44861,5.33,+0.65,14 Lyn
2521,102.31833,-2.27194,5.74,-0.10,
2522,102.24083,-15.14472,5.39,-0.10,
2523,101.72000,-51.26583,5.40,+1.34,
2524,101.67292,-54.69472,6.46,+0.86,
2525,102.60625,13.41333,5.65,+1.34,35 Gem
2526,101.82792,-55.54000,5.61,+1.52,
2527,105.01667,76.97750,4.55,+1.36,
2528,102.43333,-24.07583,6.33,+0.04,
2529,102.88750,21.76111,5.27,-0.02,36 Gem
2530,102.70792,-0.54083,5.77,+0.39,
2531,100.90333,-73.11806,6.37,+0.96,
2532,103.28167,44.83944,6.26,+0.21,
2533,103.00000,23.60167,5.65,+1.45,
2534,102.67625,-8.04111,6.29,0.00,
2535,102.59125,-17.08389,5.79,+1.44,
2536,101.23375,-70.43389,6.11,+1.33,
2537,102.52500,-27.33389,7.04,-0.18,
2538,102.46042,-32.50861,3.96,-0.23,13Kap CMa
2539,103.25625,38.86917,6.12,+0.37,59 Aur
2540,103.19708,33.96111,3.60,+0.10,34The Gem
2541,103.30583,38.43806,6.30,+0.49,60 Aur
2542,103.26417,35.78861,6.01,+1.45,
2543,102.91375,3.04167,6.38,+0.04,
2544,102.65375,-25.77806,6.33,-0.18,
2545,102.59708,-31.70611,5.70,+0.14,
2546,102.49083,-45.45000,6.55,+1.51,
2547,103.48750,38.50500,6.48,-0.05,61Psi8Aur
2548,102.47750,-46.61472,5.14,+0.45,
2549,102.71833,-34.36722,4.99,+1.38,
2550,102.04750,-61.94139,3.27,+0.21,Alp Pic
2551,103.20583,8.38028,5.77,+0.26,
2552,103.09542,-5.31611,6.30,+0.99,
2553,102.48417,-50.61472,2.93,+1.20,Tau Pup
2554,102.46375,-53.62222,4.40,+0.92,
2555,103.34375,10.99639,6.24,+0.97,
2556,103.81333,45.82639,6.34,+0.94,
2557,103.81125,43.91000,6.13,+0.32,
2558,102.92625,-36.23028,5.96,+0.18,
2559,100.01125,-80.81361,5.64,+0.20,Zet Men
2560,104.31875,58.42250,4.35,+0.85,15 Lyn
2561,104.30500,57.56333,6.05,+1.49,
2562,102.50458,-60.24917,6.11,+0.46,
2563,102.88667,-48.29250,6.42,+1.21,
2564,103.66125,13.17778,4.65,+0.30,38 Gem
2565,103.32833,-19.03278,5.64,+0.28,
2566,103.34042,-18.93333,6.14,+0.15,
2567,103.25042,-26.95750,6.40,+1.53,
2568,104.13458,46.27417,5.87,-0.06,Psi9Aur
2569,103.82750,25.37556,5.73,+0.57,37 Gem
2570,103.53542,-5.85250,6.41,+0.17,
2571,103.38708,-20.22417,4.83,-0.21,15 CMa
2572,103.60250,-1.12694,5.45,+0.18,
2573,104.23333,46.70500,5.86,+1.08,
2574,103.54750,-12.03861,4.07,+1.43,14The CMa
2575,103.16542,-42.50444,6.52,+0.42,
2576,103.39125,-28.53972,6.04,+0.71,
2577,103.67542,-1.75639,6.21,+0.56,
2578,103.48042,-24.53917,6.21,+0.01,
2579,103.19625,-43.97583,6.46,-0.10,
2580,103.53292,-24.18389,3.87,+1.73,16Omi1CMa
2581,105.33958,70.80806,5.68,+1.33,
2582,103.74500,-2.80361,6.04,+1.10,
2583,103.55417,-23.92833,6.91,-0.28,
2584,103.89417,8.32472,6.29,+0.04,
2585,104.40458,45.09417,4.90,+0.03,16 Lyn
2586,104.25208,33.68111,5.89,+0.88,
2587,103.19542,-54.09000,6.57,+1.08,
2588,103.76125,-20.40472,5.74,+0.08,17 CMa
2589,104.10750,9.95639,5.92,-0.08,
2590,103.90583,-20.13639,4.68,+0.37,19Pi CMa
2591,103.61125,-42.36556,6.32,+2.24,
2592,103.18917,-59.34111,6.41,+0.18,
2593,104.02750,-14.04361,5.00,+1.18,18Mu CMa
2594,103.50958,-50.61167,6.26,+0.99,
2595,103.94500,-22.94139,5.30,-0.18,
2596,104.03417,-17.05417,4.37,-0.07,20Iot CMa
2597,104.35708,11.90750,6.27,+0.34,
2598,103.97833,-31.79000,6.36,,
2599,104.25042,-8.17889,6.34,+0.64,
2600,104.76167,38.05222,6.00,+1.23,62 Aur
2601,104.69750,26.08111,6.10,+0.46,39 Gem
2602,102.86250,-70.96333,5.40,-0.11,Iot Vol
2603,104.31167,-22.20333,6.61,-0.19,
2604,104.19042,-35.34167,6.29,+1.29,
2605,104.86625,25.91417,6.40,-0.11,40 Gem
2606,104.66250,7.62194,6.27,+0.11,
2607,104.39125,-24.63056,5.46,+0.36,
2608,104.06667,-48.72111,4.95,+1.69,
2609,115.12708,87.02000,5.07,+1.63,
2610,104.73750,3.60222,5.97,+1.06,
2611,104.42667,-27.53750,6.23,-0.14,
2612,104.32333,-35.50750,6.23,+0.46,
2613,104.83375,7.31694,6.35,-0.11,
2614,104.53167,-27.16472,6.37,-0.19,
2615,105.06583,16.07889,5.68,+1.66,41 Gem
2616,104.64958,-25.41389,5.59,-0.16,
2617,106.46583,70.73194,6.50,,
2618,104.65625,-28.97222,1.50,-0.21,21Eps CMa
2619,104.60458,-34.11167,5.06,-0.16,
2620,105.32167,32.41444,6.59,+0.27,
2621,104.68250,-30.99778,6.42,-0.14,
2622,105.07500,-5.36694,6.30,+0.57,
2623,104.91375,-21.60333,6.26,-0.15,
2624,105.09875,-8.40694,5.96,-0.08,
2625,105.03375,-20.15889,6.31,-0.15,
2626,104.67417,-45.76806,6.22,0.00,
2627,105.16375,-9.20306,6.49,+0.21,
2628,105.08042,-22.11944,6.53,-0.17,
2629,105.42250,4.81806,6.63,+0.06,
2630,105.60333,24.21528,5.18,+0.94,42Ome Gem
2631,105.60625,17.75556,5.94,+1.63,
2632,105.57250,15.33611,5.74,,
2633,105.47917,5.55750,6.59,-0.02,
2634,104.66500,-55.72944,6.27,+1.16,
2635,105.63958,16.67417,5.82,+1.68,
2636,105.47042,-1.34556,6.17,+1.28,
2637,105.17750,-28.48944,6.27,+0.45,
2638,104.65083,-56.39472,6.45,+0.39,
2639,105.48500,-5.72222,5.20,+1.68,
2640,105.27458,-25.21528,5.63,-0.17,
2641,105.20750,-33.46528,6.40,+1.05,
2642,106.50542,59.80194,6.44,,
2643,105.87667,29.33722,5.93,+0.60,
2644,106.41583,52.75806,6.12,+0.11,
2645,106.28750,47.77500,6.38,-0.04,
2646,105.42958,-27.93472,3.47,+1.73,22Sig CMa
2647,105.82458,9.13833,5.97,+0.12,
2648,105.72833,-4.23917,4.99,-0.20,19 Mon
2649,105.90833,10.95167,5.13,+1.39,
2650,106.02708,20.57028,3.79,+0.79,43Zet Gem
2651,105.96500,12.59444,5.98,+1.58,
2652,105.21458,-51.40250,5.14,+1.61,
2653,105.75625,-23.83333,3.02,-0.08,24Omi2CMa
2654,106.08417,1.48833,6.57,+0.01,
2655,106.02167,-5.32361,5.62,+1.29,
2656,105.98875,-10.12417,6.45,-0.08,
2657,105.93958,-15.63333,4.12,-0.12,23Gam CMa
2658,105.56500,-43.40417,6.43,-0.04,
2659,106.32667,22.63722,6.02,-0.03,44 Gem
2660,106.54833,34.47389,5.55,+0.91,
2661,105.27125,-58.94000,6.02,+0.30,
2662,104.96042,-67.91611,5.17,+1.40,
2663,106.41292,9.18583,5.78,+1.52,
2664,106.19625,-22.03222,6.09,+1.22,
2665,106.84292,34.00944,5.91,+1.51,
2666,106.01167,-42.33722,5.20,+0.20,
2667,105.98875,-43.60806,5.54,+0.64,
2668,105.99500,-43.61167,6.79,+0.80,
2669,106.85417,28.17722,6.48,-0.09,
2670,106.45708,-10.66111,6.49,-0.05,
2671,106.83917,22.70361,7.68,+2.21,
2672,105.97375,-49.58389,4.93,+0.13,
2673,107.05542,33.83222,6.28,+1.34,
2674,105.81500,-59.17806,5.50,-0.11,
2675,107.15125,37.44500,6.16,+1.21,
2676,106.77667,4.91028,6.11,-0.13,
2677,106.38333,-34.77778,6.14,+0.37,
2678,106.66958,-11.29417,5.39,+0.05,
2679,106.64958,-12.39389,6.48,-0.10,
2680,106.50250,-30.65556,6.34,-0.16,
2681,108.49208,71.81667,6.35,+1.12,
2682,106.95625,7.47111,5.75,+1.18,
2683,106.07625,-56.74972,5.17,-0.04,
2684,107.09167,15.93083,5.44,+1.03,45 Gem
2685,106.50958,-38.38278,6.11,+0.70,
2686,106.71792,-24.96056,6.08,+1.34,
2687,106.31875,-50.36028,6.46,,
2688,106.75042,-26.65778,6.62,-0.17,
2689,104.14333,-79.42028,5.45,+0.05,The Men
2690,106.84417,-23.84028,5.71,-0.10,
2691,106.77958,-40.89333,5.79,-0.17,
2692,107.52792,21.24694,6.43,+0.89,
2693,107.09792,-26.39333,1.84,+0.68,25Del CMa
2694,107.33458,-10.34722,6.21,+0.03,
2695,107.20542,-24.04417,6.65,-0.19,
2696,107.91375,39.32056,4.90,+1.45,63 Aur
2697,107.78500,30.24528,4.41,+1.26,46Tau Gem
2698,106.80542,-51.96778,5.96,+1.00,
2699,107.38833,-16.23472,6.03,+0.06,
2700,107.84625,26.85667,5.78,+0.10,47 Gem
2701,107.55708,-4.23722,4.92,+1.03,20 Mon
2702,107.21292,-39.65583,4.83,-0.18,
2703,108.34750,51.42889,5.47,+1.67,
2704,107.42875,-25.23111,5.69,-0.16,
2705,107.53875,-18.68528,6.23,+0.40,
2706,108.11000,24.12833,5.85,+0.36,48 Gem
2707,107.84833,-0.30194,5.45,+0.29,21 Mon
2708,107.58083,-27.49139,5.46,+1.00,
2709,111.34125,81.25750,6.31,-0.04,
2710,107.96375,5.65472,6.09,-0.02,
2711,108.20417,27.22472,6.43,+0.49,
2712,106.55875,-68.83722,6.47,+1.04,
2713,108.03083,5.47472,6.16,+1.14,
2714,107.96625,-0.49278,4.15,-0.01,22Del Mon
2715,108.97875,59.63750,5.20,+1.07,18 Lyn
2716,107.92333,-20.88306,5.84,-0.04,
2717,108.34292,16.15889,5.00,+1.66,51 Gem
2718,108.05083,-25.94250,5.92,-0.17,26 CMa
2719,107.69792,-48.93222,5.14,+1.24,
2720,108.01708,-30.82167,6.10,+0.27,
2721,108.95875,47.24000,5.58,+0.58,
2722,108.61083,24.71083,6.89,-0.03,
2723,108.28000,-11.25139,5.78,+1.51,
2724,108.10042,-27.47417,6.59,+0.19,
2725,108.67458,24.88500,5.82,+1.56,52 Gem
2726,108.10708,-36.54444,5.96,-0.14,
2727,108.06583,-40.49889,5.31,+0.06,
2728,108.63583,12.11583,5.62,+1.01,
2729,108.58333,3.11139,5.35,+1.19,
2730,108.34958,-22.67333,6.01,+1.48,
2731,108.54583,-3.90139,5.75,+1.58,
2732,108.56458,-9.94750,5.90,+1.52,
2733,108.45125,-22.90639,6.36,-0.21,
2734,108.40125,-27.35639,6.12,-0.23,
2735,107.17583,-70.49722,5.69,+0.40,Gam1Vol
2736,107.18708,-70.49889,3.78,+1.04,Gam2Vol
2737,109.39042,52.13083,5.92,+1.26,
2738,108.98792,27.89750,5.71,+1.63,53 Gem
2739,108.61750,-10.31667,6.03,-0.18,
2740,108.14000,-46.75944,4.49,+0.32,
2741,108.44625,-31.08389,6.60,-0.17,
2742,112.76833,82.41139,4.96,+1.66,
2743,108.48833,-30.34000,6.33,-0.20,
2744,108.83042,-0.16139,6.41,+0.90,24 Mon
2745,108.56333,-26.35250,4.66,-0.19,27 CMa
2746,108.30583,-45.18306,4.89,-0.02,
2747,108.91417,7.97778,5.82,+1.60,
2748,108.38500,-44.63972,5.10,+1.56,
2749,108.70292,-26.77278,3.85,-0.17,28Ome CMa
2750,108.71292,-27.03806,5.58,+1.22,
2751,109.63292,49.46500,5.05,+0.08,
2752,108.92958,-10.58389,5.95,+1.18,
2753,109.50917,40.88333,5.78,+0.17,64 Aur
2754,108.00833,-63.19000,6.02,-0.02,
2755,108.94792,-23.74056,6.32,,
2756,108.83750,-30.68639,5.36,-0.17,
2757,109.51708,30.95583,6.24,-0.03,
2758,109.06042,-15.58583,5.46,+0.08,
2759,108.73792,-41.42583,5.94,-0.16,
2760,109.32417,6.68056,6.65,-0.11,
2761,108.69125,-46.84972,5.72,-0.11,
2762,108.65917,-48.27167,4.76,-0.10,
2763,109.52333,16.54028,3.58,+0.11,54Lam Gem
2764,109.15333,-23.31556,4.79,+1.71,
2765,109.38208,-6.68000,6.29,+1.62,
2766,109.14583,-27.88111,4.64,+1.60,
2767,108.83750,-52.49972,5.97,+1.10,
2768,109.23833,-30.89667,6.32,+0.20,
2769,109.13250,-38.31889,5.80,-0.13,
2770,109.20625,-36.59278,5.03,-0.17,
2771,109.06458,-46.77444,5.66,+1.44,
2772,110.57167,59.90194,6.35,,47 Cam
2773,109.28583,-37.09750,2.70,+1.62,Pi Pup
2774,109.44958,-26.79750,6.46,-0.15,
2775,110.26292,42.65556,6.35,+1.46,
2776,110.32292,45.22806,5.77,+0.32,
2777,110.03083,21.98222,3.53,+0.34,55Del Gem
2778,109.84333,2.74056,5.89,+1.07,
2779,109.94833,7.14278,5.91,+0.53,
2780,110.02875,15.14278,6.45,-0.02,
2781,109.66792,-24.55889,4.98,-0.15,29 CMa
2782,109.67667,-24.95417,4.40,-0.15,30Tau CMa
2783,110.71208,55.28444,6.53,,19 Lyn
2784,110.71708,55.28139,5.45,,19 Lyn
2785,109.75833,-19.28028,6.09,+0.62,
2786,109.71333,-26.58583,5.28,+0.96,
2787,109.57667,-36.73417,4.66,-0.10,
2788,109.86708,-16.39500,5.70,+0.35,
2789,109.51750,-43.98667,5.85,-0.12,
2790,109.65917,-36.74278,5.11,-0.16,
2791,109.64000,-39.21028,5.25,+0.01,
2792,110.55583,38.99611,6.40,+1.22,
2793,110.51083,36.76056,5.13,+1.08,65 Aur
2794,109.80708,-33.72722,6.30,+1.31,
2795,110.48667,20.44361,5.10,+1.52,56 Gem
2796,110.24250,-14.36000,5.45,+0.98,
2797,113.66542,80.89667,6.41,,
2798,110.32042,-8.87833,6.55,+0.54,
2799,110.22167,-22.85167,6.61,-0.15,
2800,110.22917,-26.96361,6.01,-0.17,
2801,110.51458,0.17722,5.99,-0.07,
2802,110.26792,-25.89139,5.87,+1.64,
2803,109.20750,-67.95722,3.98,+0.79,Del Vol
2804,111.23833,51.88722,5.80,+1.61,
2805,111.03542,40.67222,5.19,+1.23,66 Aur
2806,110.50833,-8.97917,6.43,-0.19,
2807,110.57708,-2.97889,6.23,+0.68,
2808,110.86875,25.05056,5.03,+0.90,57 Gem
2809,111.85750,66.33167,6.47,-0.09,
2810,110.86750,22.94528,6.02,-0.01,58 Gem
2811,110.60583,-5.98278,5.82,+0.35,
2812,110.55625,-19.01667,4.96,-0.04,
2813,110.08917,-52.31167,6.05,+0.42,
2814,110.09042,-52.30972,6.60,+0.59,
2815,110.16125,-52.08611,5.39,-0.07,
2816,111.13917,27.63806,5.76,+0.34,59 Gem
2817,111.11542,15.51722,6.41,-0.18,
2818,111.67833,49.21139,4.64,-0.02,21 Lyn
2819,110.75250,-31.92389,5.43,-0.15,
2820,111.24250,11.66972,5.30,+0.10,1 CMi
2821,111.43167,27.79806,3.79,+1.03,60Iot Gem
2822,110.87125,-27.83417,5.38,+1.53,
2823,110.88292,-32.20222,5.39,-0.18,
2824,110.97625,-30.21694,6.60,-0.20,
2825,111.16708,-16.20111,5.33,-0.05,
2826,111.07167,-22.91278,6.19,-0.09,
2827,111.02375,-29.30306,2.45,-0.08,31Eta CMa
2828,111.41208,9.27611,4.99,+1.01,2Eps CMi
2829,110.99292,-35.83778,6.31,-0.15,
2830,112.71958,68.46556,5.64,+1.11,
2831,111.21125,-19.01222,6.24,+0.29,
2832,111.28458,-13.75194,5.78,+0.42,
2833,111.46250,-5.77500,5.97,+0.92,
2834,111.18250,-31.80889,5.35,+1.07,
2835,111.70917,21.53583,6.54,+0.46,
2836,111.61625,10.60833,6.37,+0.09,
2837,111.73458,20.25722,5.93,+0.30,61 Gem
2838,111.51458,-4.53750,6.76,-0.01,
2839,111.33292,-21.98278,6.05,+0.23,
2840,111.67208,11.00917,6.41,-0.13,
2841,111.35542,-25.21778,5.78,-0.10,
2842,111.19667,-37.29000,6.97,+0.22,
2843,111.19708,-37.29083,6.84,+0.27,
2844,112.21500,48.18389,5.72,-0.10,
2845,111.78750,8.28944,2.90,-0.09,3Bet CMi
2846,111.93500,21.44500,5.22,+0.39,63 Gem
2847,111.42917,-31.73861,6.31,-0.17,
2848,101.74458,-87.02500,6.47,+0.42,
2849,112.48333,49.67250,5.36,+0.45,22 Lyn
2850,111.66958,-23.71222,6.56,+0.01,
2851,112.00875,6.94194,5.25,+0.22,5Eta CMi
2852,112.27792,31.78444,4.18,+0.32,62Rho Gem
2853,111.78333,-17.86444,5.63,+0.32,
2854,112.04083,8.92556,4.32,+1.43,4Gam CMi
2855,111.74750,-23.08611,5.61,-0.13,
2856,111.67625,-34.14083,5.90,-0.17,
2857,112.33500,28.11806,5.05,+0.11,64 Gem
2858,112.19708,15.10944,6.22,-0.05,
2859,111.96542,-11.55694,5.79,+0.58,
2860,111.92875,-22.85972,5.95,-0.09,
2861,112.45292,27.91611,5.01,+1.11,65 Gem
2862,111.59125,-51.01833,5.10,+1.06,
2863,111.99667,-29.15583,5.54,-0.08,
2864,112.44917,12.00667,4.54,+1.28,6 CMi
2865,112.32792,-1.90528,5.59,+1.50,
2866,112.35708,-7.55111,5.86,+0.48,
2867,112.34208,-10.32667,5.75,+1.62,
2868,112.34125,-14.99917,6.05,+0.47,
2869,112.09500,-37.81028,6.58,+0.06,
2870,112.21375,-31.84833,6.38,-0.17,
2871,112.21458,-31.84694,7.13,-0.15,
2872,112.98208,38.89639,6.54,+0.07,
2873,112.27042,-31.45639,5.77,-0.19,
2874,112.46417,-23.02444,4.85,+0.23,
2875,112.27375,-38.81222,5.43,-0.16,
2876,112.71292,-5.22639,6.24,+1.18,
2877,112.95167,17.08611,5.42,+1.13,
2878,112.30750,-43.30139,3.25,+1.51,Sig Pup
2879,113.21083,22.88778,6.54,+1.01,
2880,113.02458,1.91444,5.25,+0.22,7Del1CMi
2881,112.67708,-30.96222,4.65,+0.93,
2882,112.67667,-37.33972,6.65,+0.63,
2883,113.02417,-8.88083,5.90,+0.54,
2884,112.49833,-52.65111,5.87,+1.01,
2885,112.85750,-36.15278,6.68,-0.12,
2886,113.40208,15.82667,5.25,+0.05,68 Gem
2887,113.29833,3.29028,5.59,+0.31,8Del2CMi
2888,112.21375,-64.51000,6.39,+1.56,
2889,112.92833,-35.88778,6.61,-0.08,
2890,113.65000,31.88861,2.88,+0.04,66Alp Gem
2891,113.65000,31.88833,1.98,+0.03,66Alp Gem
2892,112.62875,-54.39944,5.96,+1.56,
2893,113.52125,10.56833,6.28,-0.01,
2894,114.19583,55.75528,5.92,+1.12,
2895,113.09292,-35.96139,6.30,-0.10,
2896,113.78625,30.96111,5.33,+1.01,
2897,113.34208,-14.33833,6.21,-0.04,
2898,113.98333,43.03111,6.30,,
2899,113.33125,-19.41250,5.66,+1.12,
2900,113.29042,-24.71083,5.85,+0.17,
2901,113.56583,3.37139,5.81,-0.02,9Del3CMi
2902,113.44958,-14.52389,4.97,+1.41,
2903,114.13167,46.18028,5.65,+1.56,
2904,113.69167,2.72500,6.55,+0.22,
2905,113.98042,26.89583,4.06,+1.54,69Ups Gem
2906,113.51333,-22.29611,4.45,+0.51,
2907,113.30625,-40.05889,6.26,-0.12,
2908,113.30542,-43.08639,6.52,+0.92,
2909,113.57750,-23.47361,5.83,+0.44,
2910,113.57958,-23.47472,5.87,,
2911,113.46250,-36.33833,5.54,-0.06,
2912,113.62000,-26.11667,6.65,-0.01,
2913,113.55333,-33.46333,6.11,+0.29,
2914,114.47458,48.77361,5.92,+0.22,
2915,114.32417,40.02528,6.38,,
2916,113.64542,-27.01194,5.77,+1.06,
2917,113.49375,-39.90583,6.76,+1.13,
2918,114.14458,5.86167,5.91,+0.60,
2919,111.40833,-79.09417,5.53,+1.28,Eps Men
2920,114.06917,-8.31139,6.27,+1.54,
2921,114.01625,-14.49278,5.70,-0.12,
2922,113.84500,-28.36944,4.64,-0.11,
2923,114.03250,-22.16056,6.34,+0.99,
2924,114.63667,35.04861,5.56,+0.93,70 Gem
2925,113.66458,-51.47472,6.28,+0.08,
2926,114.56042,24.36028,6.27,,
2927,114.31958,-4.11111,5.13,+0.44,25 Mon
2928,114.17083,-19.70222,5.74,-0.19,
2929,115.20625,57.08278,6.06,+1.46,23 Lyn
2930,114.79125,34.58417,4.90,+0.40,71Omi Gem
2931,114.79958,24.22250,6.17,+0.01,
2932,114.41208,-14.44111,6.53,-0.01,
2933,114.32000,-23.77500,6.37,+0.54,
2934,113.91542,-52.53389,4.94,+1.40,
2935,115.06083,38.34444,5.73,+1.63,
2936,114.97542,32.00972,6.17,+0.35,
2937,114.34208,-34.96861,4.53,-0.09,
2938,114.86917,17.67472,5.05,+1.56,74 Gem
2939,115.30167,48.13167,5.56,+1.01,
2940,114.18292,-48.83028,5.72,-0.06,
2941,114.00708,-55.88750,6.39,+1.18,
2942,114.43667,-35.27722,6.60,+1.14,
2943,114.82542,5.22500,0.38,+0.42,10Alp CMi
2944,114.57500,-25.36472,4.70,-0.11,
2945,114.43833,-38.01056,6.38,+1.48,
2946,115.75167,58.71028,4.99,+0.08,24 Lyn
2947,114.77958,-18.67917,6.72,-0.10,
2948,114.70542,-26.80167,4.50,-0.17,
2949,114.70750,-26.80361,4.62,,
2950,115.02917,5.23083,6.02,-0.04,
2951,115.24375,23.01861,5.89,+1.58,
2952,114.60083,-39.99139,6.59,-0.05,
2953,115.19708,13.77083,6.24,,
2954,114.68292,-36.49694,5.80,-0.16,
2955,114.63583,-38.78111,6.19,+1.02,
2956,114.86208,-26.86306,6.50,-0.10,
2957,114.57583,-48.60111,5.68,+0.65,
2958,115.14792,-8.18583,6.01,+0.15,
2959,115.09667,-15.26361,4.94,+1.56,
2960,115.05667,-19.66083,5.93,+1.16,
2961,114.86417,-38.30833,4.84,-0.19,
2962,115.68125,34.00028,6.02,,
2963,114.93250,-38.13944,5.73,-0.12,
2964,114.94917,-38.26083,5.76,-0.07,
2965,115.46583,13.48056,5.77,+1.67,
2966,115.39667,3.62472,5.94,-0.04,
2967,115.51333,14.20833,5.56,+1.64,
2968,114.99167,-37.57944,6.00,-0.04,
2969,116.01750,50.43389,5.27,0.00,
2970,115.31167,-9.55111,3.93,+1.02,26Alp Mon
2971,114.75167,-53.27333,6.06,-0.11,
2972,115.18083,-27.94583,6.76,-0.16,
2973,115.82792,28.88361,4.28,+1.12,75Sig Gem
2974,115.21958,-31.66083,6.56,+1.18,
2975,116.66708,65.45583,5.92,+1.18,51 Cam
2976,115.34833,-22.33722,6.18,+1.62,
2977,116.61417,62.83056,6.49,+0.26,49 Cam
2978,115.84250,22.39944,6.21,+0.93,
2979,113.84042,-74.27556,7.16,-0.02,
2980,113.84083,-74.27556,7.26,,
2981,115.31583,-38.53361,5.42,-0.15,
2982,115.77250,0.18944,6.19,+1.02,
2983,116.02875,25.78417,5.31,+1.54,76 Gem
2984,115.34083,-44.63222,6.41,0.00,
2985,116.11167,24.39806,3.57,+0.93,77Kap Gem
2986,115.49167,-38.52889,6.54,-0.09,
2987,116.05833,12.85944,6.43,,
2988,115.70042,-26.35111,5.64,+0.99,
2989,116.03083,2.40500,6.47,+0.20,
2990,116.32875,28.02611,1.14,+1.00,78Bet Gem
2991,116.28875,20.31639,6.33,0.00,79 Gem
2992,115.91292,-25.50389,6.55,+0.06,
2993,115.88500,-28.41111,4.59,+1.63,1 Pup
2994,115.80000,-36.05028,5.60,-0.13,
2995,115.77917,-38.86417,6.89,+1.02,
2996,115.95208,-28.95472,3.96,+0.18,3 Pup
2997,119.07208,80.26556,6.56,+0.73,
2998,115.73833,-45.17333,5.06,+0.78,
2999,116.66375,37.51750,5.18,+1.58,
3000,114.01750,-77.63417,6.18,+1.73,
3001,115.92875,-38.20194,6.40,-0.16,
3002,115.92458,-40.93389,5.17,+1.10,
3003,116.53083,18.51000,4.88,+1.45,81 Gem
3004,116.14167,-24.67389,5.62,-0.19,
3005,115.77875,-49.99278,6.57,+0.07,
3006,115.54250,-58.63083,6.43,-0.10,
3007,116.04000,-36.06278,5.80,+0.31,
3008,116.56750,10.76833,5.30,+0.01,11 CMi
3009,116.36958,-14.68611,6.89,,2 Pup
3010,116.37125,-14.69083,6.07,+0.11,2 Pup
3011,116.14250,-37.94306,5.88,-0.11,
3012,115.72208,-58.23000,6.21,+1.05,
3013,116.87625,33.41556,5.14,+1.60,80Pi Gem
3014,116.50917,-6.77250,5.49,+1.38,
3015,116.48708,-14.56389,5.04,+0.33,4 Pup
3016,116.26917,-37.88778,6.54,-0.10,
3017,116.31375,-37.96861,3.61,+1.73,
3018,116.39583,-34.17306,5.37,+0.60,
3019,116.68708,-12.67528,6.39,-0.02,
3020,116.32542,-43.75222,6.03,-0.07,
3021,117.14000,23.14111,6.18,,82 Gem
3022,116.54333,-37.93389,5.88,-0.11,
3023,116.80208,-22.51972,5.90,-0.19,
3024,115.45500,-72.60611,3.95,+1.04,Zet Vol
3025,116.63917,-40.05972,6.57,-0.13,
3026,116.91042,-15.99083,6.34,+1.78,
3027,116.93833,-16.01444,6.43,+1.70,
3028,117.77375,54.12917,6.02,+0.46,
3029,116.98625,-12.19306,5.48,+0.48,5 Pup
3030,117.25833,13.37083,6.04,+1.38,
3031,116.39833,-56.72250,6.12,+0.39,
3032,116.77417,-39.33139,6.31,-0.17,
3033,117.24542,4.33278,6.53,+0.78,
3034,117.02167,-25.93722,4.50,-0.05,Omi Pup
3035,116.85417,-38.51111,5.08,-0.10,
3036,116.18292,-66.07194,6.38,+0.95,
3037,116.88125,-46.60861,5.23,-0.14,
3038,116.05417,-69.82139,6.18,-0.06,
3039,118.15250,55.20944,6.38,,
3040,117.75958,33.23361,6.03,+0.15,
3041,117.03542,-40.65222,6.14,+1.58,
3042,117.36917,-13.35333,6.23,-0.09,
3043,117.25708,-24.91222,5.33,+0.76,
3044,117.42167,-17.22833,5.18,+1.28,6 Pup
3045,117.32375,-24.85972,3.34,+1.24,7Xi Pup
3046,117.08458,-47.07778,4.71,+1.06,
3047,117.54417,-9.18333,5.61,+1.44,
3048,117.43833,-20.20694,6.56,+0.58,
3049,117.31125,-35.24333,5.93,-0.05,
3050,117.69750,3.27722,6.18,+1.12,
3051,117.52375,-19.52361,6.12,+1.26,
3052,117.39750,-33.28889,5.60,+1.61,
3053,117.98625,19.32528,5.99,+1.13,
3054,117.73000,-11.12861,6.16,+1.13,
3055,117.30958,-46.37333,4.11,-0.18,
3056,117.08000,-56.47111,6.33,+1.01,
3057,117.36750,-44.75194,6.32,+0.96,
3058,117.30375,-46.85778,5.84,-0.14,
3059,117.92500,1.76694,5.14,-0.12,13Zet CMi
3060,117.75000,-24.52833,6.45,-0.01,
3061,118.03000,3.27722,6.31,+1.59,
3062,117.27792,-56.41056,5.59,+1.13,
3063,117.92042,-12.81944,6.36,+0.39,8 Pup
3064,117.94292,-13.89806,5.17,+0.60,9 Pup
3065,118.62208,47.38611,6.25,+1.15,25 Lyn
3066,118.67792,47.56472,5.45,+1.46,26 Lyn
3067,118.37417,26.76583,4.97,+0.09,83Phi Gem
3068,117.92875,-21.17389,5.63,+0.96,
3069,117.67667,-44.57972,6.45,+0.90,
3070,117.30375,-60.28361,5.78,+0.42,
3071,117.59958,-50.50972,5.91,+1.09,
3072,118.19958,-5.42806,5.76,+0.41,
3073,118.07875,-14.84639,5.69,+0.37,10 Pup
3074,117.83542,-43.09556,6.32,-0.17,
3075,120.04875,73.91806,5.41,+1.42,
3076,117.47833,-60.05111,6.72,+1.24,
3077,119.11167,56.50444,6.72,,
3078,117.91792,-42.88833,6.04,-0.18,
3079,118.06542,-34.70528,5.01,+0.44,
3080,118.05417,-40.57583,3.73,+1.04,
3081,117.42083,-66.19583,5.79,-0.04,
3082,121.19625,79.47972,5.42,-0.06,
3083,118.92000,35.41278,6.23,+0.28,
3084,118.16125,-38.86306,4.49,-0.19,
3085,118.26458,-36.36389,5.43,+1.16,
3086,118.91625,19.88389,5.35,-0.04,85 Gem
3087,118.88083,8.86278,5.86,+0.35,
3088,118.12375,-54.36722,5.70,-0.15,
3089,118.26542,-49.61306,4.63,-0.23,
3090,118.32583,-48.10306,4.24,-0.14,
3091,118.54583,-35.87750,5.49,-0.19,
3092,118.66625,-34.84694,6.15,+1.53,
3093,119.09958,4.48583,6.17,+0.98,
3094,119.56917,43.97750,6.34,1.06,
3095,119.24750,15.79028,5.78,+1.28,1 Cnc
3096,118.80708,-30.91750,6.44,,
3097,119.31625,8.64139,6.05,+1.00,
3098,119.31750,1.12694,6.35,+0.50,
3099,119.09500,-30.28528,6.33,+1.66,
3100,118.75208,-52.58306,6.38,-0.01,
3101,118.94375,-43.84500,6.02,-0.11,
3102,119.21458,-22.88000,4.20,+0.72,11 Pup
3103,119.52417,7.21361,6.41,-0.04,
3104,119.63125,16.51861,5.99,+1.47,
3105,118.72167,-57.30306,5.63,+1.30,
3106,120.33625,59.04750,5.77,+0.39,
3107,119.10125,-40.73639,6.78,-0.18,
3108,124.22417,84.05778,6.49,+0.03,
3109,120.42667,60.32444,6.01,+0.14,53 Cam
3110,119.58583,2.22472,5.29,+0.92,14 CMi
3111,119.24125,-42.40611,6.09,+1.36,
3112,120.62833,63.09028,6.40,+0.59,
3113,119.41708,-30.33472,4.79,+0.15,
3114,119.24125,-43.50028,5.35,-0.18,
3115,119.89625,13.24222,6.02,+1.32,
3116,119.32667,-44.10972,5.09,-0.17,
3117,119.19458,-52.98222,3.47,-0.18,Chi Car
3118,119.33333,-47.89028,6.22,-0.10,
3119,120.64917,57.27361,6.49,+0.62,
3120,119.07750,-60.52639,5.74,+1.55,
3121,119.46583,-45.57778,5.17,+1.27,
3122,119.93375,-3.67972,4.93,+1.21,27 Mon
3123,119.77375,-23.31056,5.11,+1.12,12 Pup
3124,120.23292,25.39278,5.83,+1.02,2Ome1Cnc
3125,120.20000,19.81611,6.25,+1.11,
3126,119.21125,-59.12639,6.25,+2.08,
3127,120.25292,23.58306,6.34,,
3128,120.19708,17.30861,5.55,+1.32,3 Cnc
3129,119.56000,-49.24500,4.41,-0.17,
3130,120.47958,35.41306,6.34,+1.56,
3131,119.96667,-18.39917,4.61,+0.08,
3132,120.43250,25.08972,6.31,+0.01,4Ome2Cnc
3133,119.58917,-51.44861,6.44,+0.25,
3134,120.37625,16.45528,5.99,-0.02,5 Cnc
3135,120.18375,-2.88167,6.51,-0.07,
3136,120.30750,4.87972,5.65,0.00,
3137,119.75750,-45.21611,5.99,-0.14,
3138,119.44542,-60.30333,5.60,+0.57,
3139,119.30208,-63.29694,6.14,-0.10,
3140,119.86833,-39.29722,5.24,+0.39,
3141,120.30542,-1.39250,4.68,+1.49,28 Mon
3142,119.80125,-49.97667,6.32,,
3143,119.80583,-49.97361,6.34,,
3144,120.46125,8.91389,6.22,+0.57,
3145,120.56625,2.33444,4.39,+1.25,
3146,120.08167,-45.45694,6.61,+1.27,
3147,119.71042,-60.82444,5.81,-0.09,
3148,120.06208,-48.98139,6.02,+0.04,
3149,120.87958,27.79417,4.94,+1.12,Chi Gem
3150,120.60833,-6.33722,6.33,+0.62,
3151,120.12042,-48.87139,6.12,-0.11,
3152,119.91750,-60.20750,6.33,-0.06,
3153,119.90667,-60.58694,5.17,+1.74,
3154,120.40583,-37.28361,5.95,+0.14,
3155,120.52583,-37.05056,6.34,+1.62,
3156,120.20792,-54.15139,5.87,-0.14,
3157,120.34542,-54.51500,6.10,-0.04,
3158,121.18833,18.84222,6.15,-0.05,
3159,120.08333,-63.56750,4.82,-0.17,
3160,120.76708,-32.46389,5.82,+1.22,
3161,120.38125,-55.45500,6.28,-0.15,
3162,120.68667,-41.31000,5.52,-0.15,
3163,121.26875,13.11806,5.12,+0.01,8 Cnc
3164,121.40417,27.52972,6.21,+0.01,
3165,120.89625,-40.00333,2.25,-0.26,Zet Pup
3166,120.87292,-42.94861,6.29,+1.01,
3167,121.79125,43.26028,6.26,-0.02,28 Lyn
3168,121.17292,-19.72806,6.13,-0.16,14 Pup
3169,121.57667,22.63556,5.99,+1.66,9Mu 1Cnc
3170,121.06750,-32.67500,5.31,+1.91,
3171,119.81708,-73.24472,6.34,+0.14,
3172,121.45667,-0.57361,6.41,+1.05,
3173,122.11417,51.50667,4.84,+0.05,27 Lyn
3174,121.61458,-9.24500,6.23,-0.07,
3175,122.51583,58.24806,5.93,+1.39,
3176,121.94083,21.58167,5.30,+0.63,10Mu 2Cnc
3177,121.43708,-33.56917,6.14,+1.11,
3178,121.17667,-50.59056,5.95,+1.21,
3179,121.33500,-46.97889,6.19,-0.15,
3180,121.26667,-53.10806,5.53,+1.34,
3181,122.34625,42.43056,6.27,+1.27,
3182,123.20333,68.47417,5.32,+1.04,
3183,121.82500,-20.55472,5.38,+0.10,
3184,122.17667,13.64083,6.27,+0.43,12 Cnc
3185,121.88583,-24.30417,2.81,+0.43,15Rho Pup
3186,121.17875,-62.83611,6.30,-0.10,
3187,121.66833,-45.26639,5.05,+1.50,
3188,122.14833,-2.98389,4.34,+0.97,29Zet Mon
3189,122.23708,-11.33972,6.32,+0.01,
3190,122.18125,-20.36306,6.36,+0.16,
3191,122.61333,25.50722,5.73,+0.81,14Psi Cnc
3192,122.25667,-19.24500,4.40,-0.15,16 Pup
3193,122.84000,38.73139,6.58,+0.59,
3194,122.36875,-16.24889,5.68,-0.17,
3195,122.15667,-37.68139,6.37,-0.04,
3196,122.27792,-30.32250,6.65,+1.40,
3197,126.13708,82.43083,6.32,+0.01,
3198,122.74500,14.62944,6.23,+0.02,
3199,122.29250,-35.45500,6.20,+0.89,
3200,123.45917,56.45222,5.85,+1.01,
3201,122.81917,9.82111,6.07,-0.10,
3202,122.66583,-13.79917,5.54,+0.49,18 Pup
3203,122.29000,-48.68444,5.70,-0.12,
3204,122.39958,-44.12278,5.21,-0.19,
3205,122.44875,-42.64056,6.26,-0.04,
3206,122.37208,-47.34583,4.27,-0.23,Gam1Vel
3207,122.38333,-47.33667,1.78,-0.22,Gam2Vel
3208,123.05292,17.64778,5.63,+0.54,16Zet1Cnc
3209,123.05292,17.64778,6.02,+0.54,16Zet1Cnc
3210,123.05542,17.64778,6.20,+0.60,16Zet2Cnc
3211,122.81792,-12.92694,4.72,+0.95,19 Pup
3212,122.88750,-7.77250,5.36,+0.89,
3213,122.43000,-47.93750,5.23,-0.21,
3214,123.09208,14.00389,6.54,,
3215,123.28708,29.65667,5.64,-0.07,15 Cnc
3216,124.88417,75.75694,5.54,+0.90,
3217,122.10208,-63.80111,6.28,-0.06,
3218,122.39000,-56.08556,5.66,+0.21,
3219,122.75667,-37.29222,6.44,-0.01,
3220,122.25292,-61.30250,4.76,+0.43,
3221,123.96042,60.38056,6.45,+0.20,
3222,123.24917,16.51417,6.01,+0.89,
3223,121.98250,-68.61722,4.35,-0.11,Eps Vol
3224,123.42375,23.13778,6.56,+0.11,
3225,122.83958,-39.61861,4.45,+1.62,
3226,122.85792,-42.98722,4.75,+0.18,
3227,122.79625,-48.46194,5.82,-0.15,
3228,123.54625,17.67583,6.47,+0.30,
3229,123.33333,-15.78833,4.99,+1.07,20 Pup
3230,123.19167,-29.91083,6.52,+0.06,
3231,123.58750,13.04833,6.38,,
3232,123.00000,-46.64417,5.76,+0.59,
3233,123.21458,-37.92444,6.43,+0.10,
3234,123.12875,-46.26417,6.03,-0.11,
3235,124.46000,59.57111,5.64,+0.16,29 Lyn
3236,125.16792,72.40722,5.98,+1.54,
3237,123.37333,-35.89972,4.78,-0.11,
3238,123.42125,-33.56917,6.37,+1.14,
3239,123.54583,-32.14083,6.06,-0.16,
3240,123.49333,-36.32250,5.08,-0.19,
3241,123.49500,-36.34111,6.11,-0.18,
3242,123.55500,-35.49056,5.78,+1.02,
3243,123.51208,-40.34806,4.44,+1.17,
3244,123.40083,-46.99194,5.13,-0.14,
3245,124.82208,62.50722,5.71,+0.89,
3246,124.56583,54.14361,6.27,+1.54,
3247,123.39208,-50.19611,5.51,+1.61,
3248,124.14125,11.72639,7.13,+1.56,
3249,124.12875,9.18556,3.52,+1.48,17Bet Cnc
3250,123.59958,-45.83444,5.83,-0.20,
3251,123.96875,-30.92583,6.21,+0.78,
3252,124.38208,8.86611,6.29,+0.98,
3253,123.99542,-35.90278,6.16,+1.55,
3254,125.10875,57.74333,5.89,+0.39,30 Lyn
3255,124.22583,-21.32028,6.60,+0.02,
3256,123.84708,-50.44944,6.44,+1.49,
3257,124.34625,-16.28500,6.16,+0.01,21 Pup
3258,125.12125,53.57444,6.49,+0.28,
3259,124.59958,-12.63194,5.98,+0.76,
3260,123.81625,-62.91583,5.16,+0.09,
3261,124.49292,-30.00333,6.45,+1.04,
3262,125.01625,27.21778,5.14,+0.47,18Chi Cnc
3263,125.68375,60.63111,6.41,+0.97,
3264,125.08750,20.74778,5.83,+1.13,
3265,124.81292,-10.16583,6.32,+0.33,
3266,124.57250,-35.45167,5.58,+1.24,
3267,124.55250,-37.37417,6.70,+0.23,
3268,125.13375,24.02222,5.98,-0.03,19Lam Cnc
3269,124.95792,3.94778,6.05,+0.97,
3270,124.63875,-36.65944,4.45,+0.22,
3271,125.05458,-0.90944,6.18,+0.60,
3272,125.07125,-5.32917,6.13,+1.33,
3273,124.87250,-34.59028,6.43,-0.08,
3274,124.48250,-59.16694,6.42,+0.39,
3275,125.70875,43.18806,4.25,+1.55,31 Lyn
3276,125.11417,-22.92472,6.13,+1.04,
3277,125.95208,53.21972,5.51,+0.11,
3278,125.33417,-1.60222,6.50,+0.02,
3279,125.33833,-20.07917,5.58,+0.77,
3280,124.57875,-65.61333,5.07,+1.15,
3281,125.47750,-17.58639,5.75,+1.05,
3282,125.34583,-33.05444,4.83,+1.45,
3283,125.33750,-36.48444,5.20,-0.19,
3284,125.84083,18.33222,5.95,+0.17,20 Cnc
3285,125.62583,-6.17917,6.15,+0.22,
3286,125.35083,-39.62083,6.16,+0.17,
3287,126.17833,42.00500,6.02,+1.59,
3288,125.72500,-7.54333,5.96,+1.67,
3289,125.69500,-13.05472,6.11,+1.00,22 Pup
3290,125.98000,10.63194,6.08,+1.49,21 Cnc
3291,125.70792,-26.34806,5.90,+0.37,
3292,126.27042,35.01139,6.06,+1.27,
3293,125.30000,-57.97306,5.97,-0.09,
3294,125.63167,-48.49028,4.82,-0.15,
3295,126.15167,-4.71694,6.01,+0.46,
3296,125.82167,-38.28583,6.32,+1.63,
3297,126.14583,-3.75111,5.61,+0.46,1 Hya
3298,125.28208,-64.10611,6.12,+0.93,
3299,126.45792,17.04611,6.14,+0.41,25 Cnc
3300,125.73000,-52.12389,5.85,+0.01,
3301,124.95417,-71.51500,5.37,-0.06,Kap1Vol
3302,125.00292,-71.50528,5.65,-0.10,Kap2Vol
3303,127.44250,67.29750,5.88,+0.97,
3304,126.61542,27.89361,5.57,+1.40,22Phi1Cnc
3305,126.39792,2.10222,5.73,+1.53,
3306,126.47833,7.56444,5.13,+0.94,
3307,125.62833,-59.50972,1.86,+1.28,Eps Car
3308,126.22958,-23.15361,5.68,+0.06,
3309,126.90333,45.65306,6.32,+0.62,
3310,126.69500,26.93444,6.32,+0.18,23Phi2Cnc
3311,126.69583,26.93528,6.30,+0.18,23Phi2Cnc
3312,126.66583,24.53417,7.02,+0.32,24 Cnc
3313,126.66708,24.53528,7.81,+0.52,24 Cnc
3314,126.41500,-3.90639,3.90,-0.02,
3315,126.26542,-24.04611,5.28,+1.48,
3316,126.32958,-21.04583,6.01,+0.40,
3317,126.41417,-17.43944,6.44,,
3318,124.63167,-76.91972,4.07,+0.39,Alp Cha
3319,126.68292,12.65444,5.50,+1.60,27 Cnc
3320,126.48167,-14.92972,5.98,+0.17,
3321,126.61333,-3.98750,5.59,+0.22,2 Hya
3322,126.23833,-42.76944,5.98,-0.17,
3323,127.56625,60.71806,3.36,+0.84,1Omi UMa
3324,126.67458,-12.53444,5.54,+1.19,
3325,126.82167,-6.40972,6.59,+0.51,
3326,126.46625,-42.15333,5.47,-0.15,
3327,126.57333,-39.05944,6.53,-0.09,
3328,126.57583,-39.06028,7.25,+0.08,
3329,127.15333,24.14472,6.10,+0.24,28 Cnc
3330,126.37917,-51.72806,5.17,-0.16,
3331,126.71167,-29.21528,6.73,-0.05,
3332,128.22250,69.32000,6.31,+1.35,
3333,127.15542,14.21083,5.95,+0.19,29 Cnc
3334,125.51833,-73.40000,5.29,+0.01,Eta Vol
3335,126.88875,-20.84389,6.56,+0.04,
3336,126.81833,-31.67306,6.33,+0.90,
3337,127.12167,-2.51722,6.39,+0.33,
3338,127.08208,-8.81611,6.43,+1.20,
3339,126.97292,-26.13250,6.62,+0.11,
3340,125.16042,-77.48444,4.35,+1.16,The Cha
3341,126.60500,-52.80750,6.05,+0.06,
3342,127.21208,-9.74833,6.00,+0.42,
3343,126.99708,-35.11389,5.75,-0.15,
3344,127.14958,-23.07167,6.51,+0.05,
3345,127.22208,-20.95028,6.67,-0.06,
3346,126.46500,-64.60083,5.97,+0.96,
3347,126.43417,-66.13694,3.77,+1.13,Bet Vol
3348,127.83292,37.26583,6.18,-0.03,
3349,126.86417,-55.01167,6.53,-0.02,
3350,126.90208,-53.08861,5.09,+0.25,
3351,128.13958,53.11472,6.24,+1.01,
3352,129.20292,74.72361,6.31,,
3353,127.36500,-27.33250,6.70,-0.13,
3354,128.65083,65.14500,5.47,+0.18,2 UMa
3355,127.87708,24.08111,5.75,+0.28,30Ups1Cnc
3356,127.28167,-44.16056,5.79,-0.16,
3357,127.89875,18.09444,5.35,+1.56,31The Cnc
3358,127.26958,-47.92917,5.33,-0.14,
3359,127.36500,-44.72500,4.99,-0.16,
3360,128.22917,38.01639,5.90,+1.11,
3361,127.97750,9.81444,6.83,-0.07,
3362,127.61917,-32.15944,5.65,+1.49,
3363,127.44000,-46.33194,5.99,-0.15,
3364,127.62333,-36.72111,6.69,+1.95,
3365,128.34083,36.43639,6.24,+0.36,32 Lyn
3366,128.17708,20.44111,5.33,+1.25,33Eta Cnc
3367,127.87875,-19.57750,5.42,-0.06,
3368,127.40125,-55.19111,6.36,+0.80,
3369,128.25042,24.08472,6.36,+1.02,32Ups2Cnc
3370,126.82042,-70.09333,5.53,-0.03,
3371,127.66333,-44.73722,6.30,-0.02,
3372,128.16625,10.06611,6.46,-0.02,34 Cnc
3373,127.85250,-39.06417,6.31,-0.15,
3374,128.13875,-15.02944,6.38,+0.27,
3375,127.79500,-47.86667,6.39,-0.15,
3376,128.43792,13.25722,6.28,+1.17,
3377,128.68250,36.41944,5.78,+0.04,33 Lyn
3378,128.43125,4.75667,5.87,+1.07,
3379,129.92750,73.62972,6.15,+1.02,
3380,128.55542,8.45194,6.03,+0.33,
3381,128.27000,-24.60639,6.19,+0.27,
3382,127.87333,-54.39417,6.34,+1.31,
3383,128.50667,-2.15167,5.81,0.00,
3384,128.21458,-31.50083,6.38,+0.79,
3385,128.24417,-34.63389,6.36,+0.95,
3386,128.02000,-53.21222,5.69,+0.58,
3387,128.83083,19.59000,6.58,+0.68,35 Cnc
3388,128.33292,-38.37111,6.49,-0.18,
3389,128.40958,-38.84889,5.96,-0.14,
3390,128.37667,-46.97111,6.24,+1.56,
3391,129.79875,65.02083,5.64,+0.62,3Pi 1UMa
3392,128.85375,2.74361,6.33,+1.02,
3393,126.08250,-80.91417,5.69,+1.02,
3394,129.03208,15.31361,6.32,,
3395,128.96250,6.62000,5.99,+0.52,
3396,128.96375,6.62250,7.25,+0.71,
3397,128.63208,-32.59861,6.43,+0.75,
3398,128.86750,-7.98222,5.72,-0.03,3 Hya
3399,128.62208,-37.61139,6.30,+1.56,
3400,129.59250,53.40139,5.66,+0.96,
3401,129.79250,59.93944,6.48,,
3402,128.87000,-26.84361,5.96,+0.37,
3403,130.05333,64.32778,4.60,+1.17,4Pi 2UMa
3404,128.80250,-39.97000,6.47,+0.58,
3405,129.75000,52.92500,6.42,,
3406,129.27417,9.65556,5.88,+0.09,36 Cnc
3407,128.68167,-49.94417,5.01,+1.33,
3408,129.82333,52.71167,5.91,+1.17,
3409,129.57917,32.80194,5.94,+1.12,
3410,129.41417,5.70361,4.16,0.00,4Del Hya
3411,129.36292,-4.93361,6.19,+1.05,
3412,129.52167,9.57472,6.53,-0.02,37 Cnc
3413,128.96708,-50.97000,5.80,-0.13,
3414,128.83167,-58.00917,4.86,+1.00,
3415,128.81417,-58.22500,5.26,-0.14,
3416,129.58458,-6.66250,6.51,+0.44,
3417,128.17583,-73.35667,6.12,+0.95,
3418,129.68917,3.34139,4.44,+1.21,5Sig Hya
3419,129.37375,-33.74583,6.48,+0.33,
3420,129.46750,-26.25500,5.27,-0.04,Eta Pyx
3421,129.33292,-40.14750,6.55,+0.60,
3422,130.25458,45.83389,5.37,+0.99,34 Lyn
3423,130.07625,31.94194,6.10,,
3424,129.85250,8.01722,6.45,+1.08,
3425,129.66792,-19.73694,6.33,+1.59,
3426,129.41125,-42.98917,4.14,+0.11,
3427,130.02667,20.00778,6.39,+0.98,39 Cnc
3428,130.09208,19.67000,6.44,+1.02,
3429,130.11250,19.54500,6.30,+0.17,41Eps Cnc
3430,129.78333,-22.66194,5.05,+0.73,
3431,130.00625,-12.47528,4.98,+1.42,6 Hya
3432,129.32833,-62.85361,5.47,+1.02,
3433,129.92708,-29.56111,4.89,+0.90,Zet Pyx
3434,129.84208,-36.60694,6.13,+0.42,
3435,129.68708,-53.09056,6.47,-0.10,
3436,130.75083,46.90111,6.22,+0.96,
3437,130.25667,-9.05194,6.63,-0.02,
3438,130.02583,-35.30833,3.97,+0.94,Bet Pyx
3439,130.08042,-40.26417,5.20,-0.01,
3440,129.84917,-53.43972,5.48,-0.16,
3441,130.43042,-15.94333,4.88,+1.06,9 Hya
3442,129.99000,-53.05500,5.19,-0.14,
3443,129.80500,-60.31722,6.36,0.00,
3444,130.14708,-45.19139,5.71,+1.65,
3445,130.15667,-46.64889,3.84,+0.71,
3446,130.54083,-11.96611,6.45,+0.16,
3447,130.07333,-52.92194,3.62,-0.18,
3448,130.07250,-53.01528,5.61,-0.14,
3449,130.82125,21.46861,4.66,+0.02,43Gam Cnc
3450,130.80125,12.68083,5.64,+0.39,45 Cnc
3451,131.04208,36.91806,6.33,,
3452,130.30458,-47.31694,4.77,+0.12,
3453,130.27208,-48.92250,5.90,-0.21,
3454,130.80625,3.39861,4.30,-0.20,7Eta Hya
3455,130.18167,-57.54528,6.34,+0.20,
3456,130.48708,-45.41083,5.23,+0.21,
3457,130.15417,-59.76111,4.33,-0.11,
3458,130.99875,4.33472,6.37,-0.06,
3459,130.91833,-7.23361,4.62,+0.84,
3460,129.77167,-70.38694,5.20,+0.01,The Vol
3461,131.17125,18.15417,3.94,+1.08,47Del Cnc
3462,130.56667,-48.09917,5.51,-0.18,
3463,130.73750,-35.94333,6.42,+0.02,
3464,131.33917,30.69778,6.13,+0.94,46 Cnc
3465,131.18750,10.08167,5.66,-0.11,49 Cnc
3466,130.57875,-53.10000,5.52,-0.15,
3467,130.60625,-53.11389,4.86,-0.17,
3468,130.89792,-33.18639,3.68,-0.18,Alp Pyx
3469,131.25542,5.68056,6.13,+0.20,10 Hya
3470,132.20583,66.70806,6.20,-0.11,
3471,130.58708,-55.77417,6.29,+1.18,
3472,131.33667,-2.60083,6.41,+0.52,
3473,131.23000,-21.16778,6.11,+0.22,
3474,131.66667,28.76528,6.57,+0.04,48Iot Cnc
3475,131.67417,28.76000,4.02,+1.01,48Iot Cnc
3476,130.91792,-49.82278,5.16,-0.20,
3477,131.10000,-42.64917,4.07,+0.87,
3478,131.51042,-2.04889,5.70,+1.10,
3479,131.21625,-37.14722,5.76,-0.15,
3480,131.52875,-11.00639,6.25,+1.61,
3481,131.73333,12.11000,5.87,+0.11,50 Cnc
3482,131.69417,6.41889,3.38,+0.68,11Eps Hya
3483,131.45542,-25.38750,6.10,+0.08,
3484,131.59375,-13.54778,4.32,+0.90,12 Hya
3485,131.17583,-54.70833,1.96,+0.04,Del Vel
3486,131.81250,-1.89722,5.29,+0.04,
3487,131.50708,-46.04167,3.91,0.00,
3488,131.59917,-41.12556,6.21,-0.05,
3489,131.27208,-58.72500,6.21,-0.09,
3490,131.70500,-34.62278,6.37,-0.13,
3491,130.97625,-68.21167,6.32,+1.50,
3492,132.10833,5.83778,4.36,-0.04,13Rho Hya
3493,132.02042,-6.55861,6.09,+1.28,
3494,131.62750,-45.91278,5.46,+0.27,
3495,131.12500,-65.82556,6.05,+0.20,
3496,131.82875,-46.15556,5.75,+0.56,
3497,131.91875,-41.73722,6.36,+0.58,
3498,131.67708,-56.76972,4.49,-0.17,
3499,132.63417,33.28528,6.25,+0.49,
3500,132.34042,-3.44306,5.31,-0.09,14 Hya
3501,132.03667,-42.46389,6.43,-0.20,
3502,130.33125,-78.96333,5.47,-0.10,Eta Cha
3503,132.00083,-52.85056,6.30,-0.10,
3504,132.68792,18.83222,6.16,-0.01,
3505,133.34417,61.96222,5.73,+0.28,5 UMa
3506,133.27458,59.05611,6.25,,
3507,132.43708,-21.04861,6.47,+0.23,
3508,132.98667,43.72667,5.15,+0.98,35 Lyn
3509,133.04833,45.31250,5.99,+1.26,
3510,132.75625,15.35056,6.38,+0.64,54 Cnc
3511,133.04167,42.00250,5.99,+1.25,
3512,132.46458,-32.78056,5.21,+0.87,
3513,132.50917,-29.46306,5.87,+0.95,
3514,132.41333,-40.32056,5.48,+0.06,
3516,132.59000,-28.61806,6.17,-0.08,
3517,132.46833,-39.14167,6.39,+0.23,
3518,132.63292,-27.71000,4.01,+1.27,Gam Pyx
3519,133.14417,32.47417,5.66,+0.22,51Sig1Cnc
3520,132.44875,-45.30806,4.93,+0.05,
3521,133.11917,28.25917,6.23,+1.62,53 Cnc
3522,133.14917,28.33083,5.95,+0.87,55Rho1Cnc
3523,132.89375,-7.17722,5.54,+0.15,15 Hya
3524,130.80167,-79.06972,6.05,+0.23,
3525,132.58750,-42.09000,6.00,-0.10,
3526,133.10083,5.34000,6.33,+0.12,
3527,132.63958,-46.52917,5.10,-0.21,
3528,133.48208,35.53833,6.14,+0.04,
3529,133.12792,-13.23361,6.13,+1.14,
3530,132.86625,-42.50444,6.55,+0.04,
3531,134.15625,64.60389,5.58,+0.86,6 UMa
3532,133.56125,30.57944,5.39,+1.05,57 Cnc
3533,133.10875,-32.50917,6.50,+1.46,
3534,133.16083,-36.54556,6.42,+0.56,
3535,133.20000,-38.72417,5.82,+1.50,
3536,132.90250,-57.63361,5.59,-0.11,
3537,132.64500,-66.79306,5.35,+0.42,
3538,133.57458,-5.43444,6.00,+0.67,
3539,133.16083,-48.35917,5.91,-0.15,
3540,133.91542,27.92750,5.22,+1.00,58Rho2Cnc
3541,133.84542,17.23139,6.64,+3.36,
3542,133.17000,-52.12917,6.39,0.00,
3543,131.48000,-79.50444,5.79,+1.60,
3544,132.45958,-72.55083,6.11,+0.20,
3545,134.20833,45.63194,5.74,+1.09,
3546,134.12708,40.20167,5.89,+0.35,
3547,133.84833,5.94556,3.11,+1.00,16Zet Hya
3548,133.46125,-40.44750,6.47,+0.96,
3549,133.26583,-56.64944,6.03,-0.02,
3550,133.98167,11.62611,5.41,+1.46,60 Cnc
3551,133.46125,-47.52083,5.33,+0.26,
3552,133.87292,-7.97028,6.91,,17 Hya
3553,133.87333,-7.97111,6.67,+0.22,17 Hya
3554,133.80167,-18.24139,5.75,+1.32,
3555,134.23583,32.91028,5.45,+0.12,59Sig2Cnc
3556,133.88125,-27.68194,4.89,+0.11,Del Pyx
3557,134.15375,4.23667,6.14,+1.00,
3558,134.28417,17.14389,6.17,+1.00,
3559,133.98292,-23.81833,6.39,+0.16,
3560,133.45292,-60.35417,5.78,-0.08,
3561,134.31208,15.32278,5.20,+0.15,62Omi1Cnc
3562,133.83042,-45.04167,6.26,-0.16,
3563,134.49458,30.23361,6.29,+0.43,61 Cnc
3564,134.14208,-16.70944,5.96,+1.54,
3565,134.39667,15.58139,5.67,+0.20,63Omi2Cnc
3566,134.61458,35.80250,6.51,-0.01,
3567,134.42500,9.38778,6.19,+0.98,
3568,133.72500,-58.24000,6.38,-0.11,
3569,134.80167,48.04167,3.14,+0.19,9Iot UMa
3570,133.79958,-54.96556,5.71,+0.48,
3571,133.76167,-60.64472,3.84,-0.10,
3572,134.62167,11.85778,4.25,+0.14,65Alp Cnc
3573,134.53417,1.54167,6.59,+0.06,
3574,134.08083,-52.72361,4.69,-0.12,
3575,134.88583,32.41861,5.20,+0.93,64Sig3Cnc
3576,135.63625,67.62972,4.76,+1.53,8Rho UMa
3577,134.79500,18.13472,6.38,+1.55,
3578,134.68292,-16.13278,5.86,+0.53,
3579,135.16000,41.78278,3.97,+0.44,
3580,135.12833,37.60444,6.44,,
3581,138.83833,84.18111,6.33,+0.30,
3582,134.24333,-59.22944,4.92,-0.19,
3583,134.48250,-48.57333,5.87,+1.07,
3584,134.91625,-19.20806,6.18,+0.46,
3585,134.81542,-28.80611,6.25,+1.00,
3586,135.41917,39.71333,6.36,+0.30,
3587,135.35042,32.25250,5.82,0.00,66 Cnc
3588,134.71792,-47.23472,5.18,+0.25,
3589,135.45375,27.90278,6.07,,67 Cnc
3590,135.38083,5.64083,6.07,+1.11,
3591,135.02250,-41.25389,4.45,+0.65,
3592,136.00167,54.28389,5.75,+0.02,
3593,135.09250,-43.17333,6.07,-0.16,
3594,135.90625,47.15667,3.60,0.00,12Kap UMa
3595,135.68458,24.45278,5.45,-0.04,69Nu Cnc
3596,135.49167,-0.48278,5.67,+1.15,
3597,135.29750,-26.66389,6.20,+1.13,
3598,134.85042,-59.08361,5.16,+0.42,
3599,135.68667,7.29806,5.85,+1.11,
3600,135.33667,-41.86444,5.55,-0.14,
3601,136.04125,27.89833,6.38,0.00,70 Cnc
3602,135.52667,-39.40250,6.27,+1.00,
3603,136.35042,48.53028,5.95,+0.45,
3604,135.19042,-60.96389,5.79,+1.21,
3605,135.43583,-52.18833,5.23,-0.12,
3606,136.23000,32.37694,6.46,+0.24,
3607,135.78667,-25.50444,6.74,-0.03,
3608,136.67958,59.34444,6.45,+0.04,
3609,137.09833,66.87333,5.14,+1.51,11Sig1UMa
3610,135.28542,-68.68389,5.88,+1.63,
3611,135.77167,-53.54972,6.40,-0.09,
3612,136.63250,38.45222,4.56,+1.04,
3613,136.49333,5.09222,4.97,+1.22,18Ome Hya
3614,136.03875,-47.09778,3.75,+1.20,
3615,135.61167,-66.39611,4.00,+0.14,Alp Vol
3616,137.59667,67.13472,4.80,+0.49,13Sig2UMa
3617,136.86208,22.98111,6.40,,
3618,136.74958,1.46278,6.17,+1.65,
3619,137.21792,51.60472,4.48,+0.27,15 UMa
3620,137.01708,32.54056,6.50,+0.36,
3621,137.00042,29.65417,5.43,+0.89,72Tau Cnc
3622,136.20000,-57.85250,6.44,+0.25,
3623,136.93667,10.66806,5.24,-0.11,76Kap Cnc
3624,137.72958,63.51361,4.67,+0.35,14Tau UMa
3625,137.21292,33.88222,5.93,+0.60,
3626,137.19708,26.62917,5.98,+0.66,75 Cnc
3627,137.33958,22.04556,5.14,+0.97,77Xi Cnc
3628,137.01208,-25.85833,4.58,+1.59,Kap Pyx
3629,136.64167,-55.80333,6.11,-0.15,
3630,137.17583,-8.58944,5.60,-0.06,19 Hya
3631,136.81125,-51.21194,6.73,+1.62,
3632,136.53167,-64.49972,6.37,+1.35,
3633,138.51333,71.65583,6.55,+0.96,
3634,136.99917,-43.43250,2.21,+1.66,Lam Vel
3635,137.44333,11.56444,6.48,+0.34,
3636,137.29792,-12.35778,5.77,+0.94,
3637,137.18125,-26.76778,6.15,+0.17,
3638,137.26792,-18.32861,5.73,0.00,
3639,137.66125,30.96306,5.95,+1.67,
3640,137.58708,21.99639,6.01,+0.90,79 Cnc
3641,137.39792,-8.78778,5.46,+1.01,20 Hya
3642,136.40958,-70.53889,4.71,-0.15,
3643,136.28667,-72.60278,4.48,+0.61,
3644,137.48500,-30.36528,5.59,+0.19,Eps Pyx
3645,138.96917,72.94611,5.96,+0.18,
3646,137.59583,-23.17667,6.53,0.00,
3647,137.43792,-49.42472,6.48,+0.17,
3648,138.58583,61.42333,5.13,+0.58,16 UMa
3649,137.98167,5.46833,6.35,+0.32,
3650,138.07333,14.99611,6.51,+0.73,81Pi 1Cnc
3651,138.05375,3.86722,6.14,-0.01,
3652,138.45083,43.21778,5.32,-0.14,36 Lyn
3653,137.99458,-19.74778,5.73,+0.98,
3654,137.76833,-44.86806,5.00,+0.23,
3655,138.10833,-7.10972,6.11,+0.22,21 Hya
3656,137.92083,-39.25889,6.00,-0.11,
3657,138.40542,21.28333,6.48,+0.02,
3658,137.88833,-46.58389,5.79,-0.21,
3659,137.74167,-58.96694,3.44,-0.19,
3660,138.95792,56.74139,5.27,+1.56,17 UMa
3661,138.12750,-43.61361,5.57,-0.11,
3662,139.04708,54.02194,4.83,+0.19,18 UMa
3663,137.81917,-62.31722,3.97,-0.18,
3664,138.80958,34.63361,5.97,+0.86,
3665,138.59125,2.31417,3.88,-0.06,22The Hya
3666,139.98250,74.01639,6.50,,
3667,138.35792,-38.61639,6.31,0.00,
3668,138.32750,-42.27361,6.29,+1.25,
3669,138.80750,14.94139,5.34,+1.32,82Pi 2Cnc
3670,138.39375,-47.33861,5.92,-0.05,
3672,138.53417,-44.14583,5.85,-0.12,
3673,138.23167,-59.41444,5.54,+0.85,
3674,138.60208,-43.22750,5.25,-0.14,
3675,138.85375,-15.02472,6.35,+0.02,
3676,139.38000,46.81722,5.97,+0.04,
3677,138.73833,-37.60250,5.86,+0.83,
3678,134.17125,-85.66306,5.42,+0.31,Zet Oct
3679,138.57500,-55.56972,5.27,+0.99,
3680,138.81083,-45.55556,6.25,-0.08,
3681,139.17375,-6.35306,5.24,+1.17,23 Hya
3682,138.90292,-38.57000,4.94,+1.11,
3683,139.17208,-8.74472,5.47,-0.09,24 Hya
3684,138.93792,-37.41333,4.62,+0.45,
3685,138.30000,-69.71722,1.68,0.00,Bet Car
3686,139.60833,35.36417,5.75,,
3687,139.28125,-14.57361,5.84,+1.06,
3688,139.01750,-44.89861,6.04,+0.28,
3689,139.46417,11.50111,6.41,+0.07,
3690,139.71125,36.80250,3.82,+0.06,38 Lyn
3691,138.82292,-58.38861,6.02,-0.10,
3692,139.09625,-44.26583,5.12,+1.67,
3693,138.89583,-57.57806,6.32,+1.04,
3694,139.23833,-39.40139,5.33,+1.17,
3695,138.05125,-76.66306,6.14,+1.09,
3696,139.05083,-57.54139,4.34,+1.63,
3697,140.18250,51.26611,6.13,+0.42,
3698,140.43042,56.69917,5.47,+1.61,
3699,139.27250,-59.27528,2.25,+0.18,Iot Car
3700,139.42625,-54.49528,6.33,+1.41,
3701,140.24708,38.18833,6.12,+0.38,
3702,139.89042,-11.31417,6.62,+0.08,
3703,139.52417,-51.05111,5.26,-0.07,
3704,139.88833,-15.83444,5.78,+1.29,
3705,140.26375,34.39250,3.13,+1.55,40Alp Lyn
3706,139.94333,-11.97500,4.79,+0.93,26 Hya
3707,140.36333,32.90194,6.16,+1.09,
3708,139.67583,-51.56056,5.87,+0.54,
3709,140.12083,-9.55583,4.80,+0.93,27 Hya
3710,139.94958,-34.10333,6.39,-0.10,
3711,140.31417,15.37111,6.53,-0.01,
3712,139.32167,-68.68944,5.39,+0.42,
3713,139.46542,-67.05083,6.11,+1.26,
3714,140.23125,-15.61778,6.33,+0.46,
3715,140.18417,-31.76056,6.82,0.00,
3716,140.12333,-37.58139,6.05,+1.39,
3717,139.88583,-55.18667,6.28,-0.10,
3718,140.37333,-25.96556,4.72,+1.63,The Pyx
3719,141.96500,75.09833,6.29,+0.07,
3720,139.35583,-74.89444,5.29,+0.02,
3721,139.36417,-74.73472,5.86,-0.02,
3722,141.43417,63.94083,6.28,+1.46,
3723,140.88250,25.18306,6.41,+0.82,
3724,140.71208,-9.83889,6.53,+0.22,
3725,141.23208,51.57389,6.31,+0.75,
3726,140.46208,-42.19500,5.58,+1.63,
3727,141.09375,36.58694,6.67,+0.21,
3728,140.23667,-62.40472,4.81,+0.94,
3729,140.65292,-39.77472,6.54,+1.13,
3730,140.60000,-46.04750,5.75,+0.92,
3731,141.16375,26.18222,4.46,+1.23,1Kap Leo
3732,140.45833,-55.51500,5.63,+0.19,
3733,140.80125,-28.83389,4.69,+0.92,Lam Pyx
3734,140.52833,-55.01083,2.50,-0.18,Kap Vel
3735,140.93667,-37.75722,6.48,+0.18,
3736,141.38542,16.58556,6.29,+0.97,
3737,141.06792,-39.42583,6.06,+0.20,
3738,141.35000,-5.11750,5.59,+1.52,28 Hya
3739,140.99792,-51.73722,6.08,+0.57,
3740,140.86417,-60.30250,6.30,+1.48,
3741,141.59292,-1.46389,6.01,+1.32,
3742,141.02375,-61.64889,5.99,+1.06,
3743,142.16667,45.60139,5.41,+0.98,
3744,141.81083,-9.22361,6.54,+0.05,29 Hya
3745,141.68667,-28.78750,6.10,-0.10,
3746,141.61875,-40.50194,6.20,+0.25,
3747,142.44833,55.74556,6.45,,
3748,141.89667,-8.65861,1.98,+1.44,30Alp Hya
3749,141.82667,-22.34389,4.69,+1.14,
3750,141.94500,-6.07111,5.38,+0.64,
3751,144.27167,81.32639,4.29,+1.48,
3752,141.36292,-61.95028,5.77,+0.15,
3753,141.57542,-53.37917,5.11,-0.11,
3754,142.11458,9.05667,5.41,+0.60,2Ome Leo
3755,142.12167,8.18833,5.71,+1.04,3 Leo
3756,141.91000,-35.00778,6.65,+0.20,
3757,142.88208,63.06194,3.67,+0.33,23 UMa
3758,142.25917,-1.25694,6.27,+0.27,
3759,142.28708,-2.76889,4.60,+0.46,31Tau1Hya
3760,142.35208,-2.20528,6.14,+0.22,
3761,141.68417,-64.92972,6.05,+0.15,
3762,142.38500,-4.24722,6.26,+0.84,
3763,142.30250,-20.74861,5.66,+1.60,
3764,142.68000,33.65556,5.85,+1.05,7 LMi
3765,142.31125,-35.95139,4.51,+1.44,Eps Ant
3766,142.31792,-38.40389,6.19,+0.22,
3767,142.45792,-23.34528,6.24,+1.57,
3768,143.72333,72.20556,5.72,+0.48,22 UMa
3769,142.88500,35.10306,5.37,+1.53,8 LMi
3770,142.47708,-26.58972,5.48,+1.36,
3771,143.62042,69.83028,4.56,+0.77,24 UMa
3772,142.59417,-15.57722,5.85,+1.20,
3773,142.93000,22.96806,4.31,+1.54,4Lam Leo
3774,144.02833,74.31778,6.46,-0.10,
3775,143.21417,51.67722,3.17,+0.46,25The UMa
3776,142.19583,-62.27306,5.92,+1.10,
3777,141.77667,-71.60222,5.47,+1.08,
3778,143.28000,49.43861,6.76,,
3779,142.99000,9.71583,5.07,+1.37,6 Leo
3780,142.68917,-31.89139,7.00,+0.09,Zet1Ant
3781,142.69208,-31.88944,6.18,+0.03,Zet1Ant
3782,142.98625,11.29972,4.97,+1.05,5Xi Leo
3783,142.12750,-66.70194,5.91,+0.01,
3784,142.52167,-51.51722,5.45,-0.10,
3785,142.91208,-10.55222,6.14,+0.24,
3786,142.67500,-40.46667,3.60,+0.36,Psi Vel
3787,142.99542,-1.18500,4.57,+0.10,32Tau2Hya
3788,142.98250,-10.37056,6.13,+1.19,
3789,142.88417,-31.87194,5.93,+0.26,Zet2Ant
3790,142.88708,-35.71500,5.87,+1.29,
3791,143.37625,36.48694,6.18,+1.27,9 LMi
3792,143.32625,28.36806,6.53,+0.12,
3793,142.59750,-58.36167,5.88,+1.70,
3794,143.17250,1.86417,6.11,+0.62,
3795,141.03792,-80.78694,5.36,+0.45,Iot Cha
3796,143.08500,-19.40028,5.74,+0.14,
3797,143.58167,46.90222,6.52,+0.22,
3798,143.07708,-28.62806,6.46,+0.33,
3799,143.70625,52.05139,4.50,+0.01,26 UMa
3800,143.55583,36.39750,4.55,+0.92,10 LMi
3801,143.25875,-8.50528,6.12,+0.98,
3802,143.23250,-13.51694,5.94,+1.50,
3803,142.80542,-57.03444,3.13,+1.55,
3804,143.49625,23.45389,6.25,+1.46,
3805,143.33375,-7.19000,6.24,+1.17,
3806,144.48417,73.08056,6.42,,
3807,143.08042,-40.64944,5.35,+0.90,
3808,143.30208,-21.11583,5.01,+1.02,
3809,143.76583,39.62139,4.81,+0.99,
3810,143.35917,-22.86389,5.91,+0.02,
3811,143.84333,39.96333,6.76,+0.35,
3812,143.28250,-39.12889,6.43,+0.33,
3813,142.88708,-66.71944,6.27,+1.35,
3814,143.63625,-5.91500,5.56,+1.16,33 Hya
3815,143.91500,35.81028,5.41,+0.77,11 LMi
3816,143.06083,-62.78889,6.10,+1.43,
3817,143.43542,-49.00500,5.12,-0.12,
3818,143.97042,14.37972,6.36,+0.01,7 Leo
3819,143.53667,-51.25528,5.01,-0.18,
3820,144.17875,31.16167,5.56,+1.59,
3821,142.90125,-73.08083,5.47,+1.56,
3822,143.89042,-19.58361,6.31,+0.06,
3823,143.79917,-35.82389,6.49,+0.42,
3824,144.86625,67.27222,5.94,+1.52,
3825,143.61125,-59.22944,4.08,+0.01,
3826,144.26083,16.43778,5.69,+1.25,8 Leo
3827,144.30292,6.83583,5.00,+1.05,10 Leo
3828,144.14042,-24.70278,6.53,+0.38,
3829,144.59042,40.23972,5.25,+0.22,42 Lyn
3830,144.25083,-25.29667,5.70,+1.12,
3831,144.10542,-48.75139,6.17,+0.27,
3832,144.46458,-9.42444,6.40,-0.04,34 Hya
3833,144.29125,-32.17861,5.63,+1.02,
3834,144.61375,4.64917,4.68,+1.32,
3835,144.36792,-36.09583,5.98,+1.12,
3836,144.20667,-49.35528,4.35,+0.17,
3837,144.19292,-52.94417,6.19,+1.05,
3838,145.56167,69.23750,5.69,+1.14,
3839,145.73833,72.25250,5.17,+1.04,27 UMa
3840,144.30125,-53.66861,5.45,+0.15,
3841,144.02125,-64.95056,6.56,+0.10,
3842,144.50625,-43.19111,5.50,+1.00,
3843,146.37833,78.13472,6.23,+1.35,
3844,144.66958,-39.61417,6.70,+0.49,
3845,144.96417,-1.14278,3.91,+1.32,35Iot Hya
3846,144.94750,-10.57028,6.31,-0.03,37 Hya
3847,146.82500,79.13667,6.17,+0.25,
3848,145.08375,-10.76917,6.37,+0.08,
3849,145.07667,-14.33222,5.06,-0.15,38Kap Hya
3850,145.39667,31.27806,5.89,+1.60,
3851,145.50125,39.75778,5.62,+0.95,43 Lyn
3852,145.28750,9.89222,3.52,+0.49,14Omi Leo
3853,145.41042,25.91278,6.24,+1.25,13 Leo
3854,145.67958,48.43111,6.39,-0.01,
3855,145.77917,54.36361,6.47,+0.13,
3856,144.83750,-61.32806,4.52,-0.07,
3857,145.67792,35.09333,6.14,+0.36,13 LMi
3858,145.32083,-23.59167,4.77,-0.12,
3859,146.15292,64.98389,6.17,,
3860,143.47167,-80.94139,5.11,-0.14,Zet Cha
3861,145.88875,29.97444,5.64,+0.12,15 Leo
3862,145.56000,-23.91556,4.94,+0.53,
3863,145.17708,-57.98361,5.32,+0.20,
3864,145.25917,-57.25972,5.80,+1.09,
3865,146.48083,63.65333,6.34,+0.31,28 UMa
3866,145.93292,14.02167,5.35,+1.63,16Psi Leo
3867,145.67250,-35.50167,6.41,-0.06,
3868,145.44917,-55.21417,6.00,-0.13,
3869,146.12500,18.86361,6.50,,
3870,146.63208,57.12806,5.20,+1.62,
3871,146.05042,-27.76944,4.79,+0.51,The Ant
3872,145.86458,-51.22833,6.15,-0.10,
3873,146.46292,23.77417,2.98,+0.80,17Eps Leo
3874,146.06583,-39.57111,6.82,+0.30,
3875,145.92583,-53.89167,5.56,-0.04,
3876,146.54167,6.70861,5.79,+1.64,
3877,146.59708,11.81000,5.63,+1.49,18 Leo
3878,146.34083,-30.20278,6.45,-0.13,
3879,146.59833,1.78556,5.65,+0.34,
3880,146.85792,11.56833,6.45,+0.43,19 Leo
3881,147.14750,46.02111,5.09,+0.62,
3882,146.88958,11.42889,6.02,+1.30,
3883,146.41875,-57.18556,6.46,-0.11,
3884,146.31167,-62.50778,3.69,+1.22,
3885,147.59875,65.59333,6.31,+0.28,
3886,146.62667,-44.75500,5.55,-0.18,
3887,146.48083,-58.79417,6.22,+0.46,
3888,147.74750,59.03861,3.80,+0.29,29Ups UMa
3889,147.45875,21.17944,6.09,+0.25,20 Leo
3890,146.77542,-65.07194,3.01,+0.28,Ups Car
3891,146.77792,-65.07250,6.26,+0.08,Ups Car
3892,147.36708,-37.18639,5.97,+1.24,
3893,147.62542,4.34361,6.24,+0.48,4 Sex
3894,148.02667,54.06444,4.59,+0.03,30Phi UMa
3895,147.16667,-56.41194,6.06,+0.94,
3896,147.75833,13.06611,6.46,+1.58,23 Leo
3897,147.46375,-36.26861,6.37,+1.01,
3898,147.48792,-45.73278,5.08,-0.10,
3899,147.80833,-4.24333,6.01,+0.17,6 Sex
3900,147.97083,24.39528,5.32,+0.23,22 Leo
3901,147.84000,-6.18167,6.42,+0.58,
3902,146.58583,-76.77611,5.45,+0.89,Nu Cha
3903,147.86958,-14.84667,4.12,+0.92,39Ups1Hya
3904,147.67500,-46.93444,5.73,+1.08,
3905,148.19083,26.00694,3.88,+1.22,24Mu Leo
3906,148.05083,2.45417,6.02,-0.04,7 Sex
3907,148.05000,0.07556,6.35,+0.94,
3908,147.99833,-16.53472,6.08,+1.04,
3909,148.12667,-8.10500,5.05,+0.04,8Gam Sex
3910,147.83250,-46.19389,5.62,+1.17,
3911,148.76417,61.11611,6.27,+1.05,
3912,147.92000,-46.54778,4.58,+1.20,
3913,147.80042,-59.42583,5.79,+1.36,
3914,147.73208,-62.74528,5.57,+1.32,
3915,148.42875,5.95833,5.95,+1.66,
3916,148.24167,-27.33222,6.30,+0.62,
3917,148.92917,49.82000,5.27,+0.07,31 UMa
3918,149.59500,72.87944,5.83,+1.14,
3919,148.55125,-25.93250,4.88,+1.23,
3920,148.25000,-55.37333,6.48,-0.14,
3921,148.63208,-22.48833,6.24,+0.04,
3922,149.30667,57.41833,5.93,+0.89,
3923,148.71750,-19.00944,4.94,+1.57,
3924,148.45917,-51.14694,5.93,-0.15,
3925,148.57333,-45.28389,5.71,-0.11,
3926,149.10833,8.93306,5.85,+1.13,
3927,148.71375,-50.24389,5.72,-0.01,
3928,149.42125,41.05556,5.14,+0.46,19 LMi
3929,149.48708,45.41444,6.30,+1.11,
3930,149.02250,-40.82472,6.41,+1.61,
3931,149.19375,-26.55028,6.28,+0.22,
3932,149.14792,-33.41861,5.84,+1.20,
3933,149.22500,-27.47500,6.32,+0.17,
3934,152.14292,83.91833,6.37,+1.52,
3935,149.09125,-51.33611,6.37,-0.17,
3936,149.60875,27.75889,6.30,,
3937,149.55583,12.44472,5.26,-0.04,27Nu Leo
3938,149.53167,8.31417,6.04,+1.36,
3939,149.96542,56.81194,5.48,+1.46,
3940,149.21583,-54.56778,3.54,-0.08,Phi Vel
3941,149.29542,-52.63889,6.12,-0.13,
3942,149.90083,29.64528,5.73,+1.06,
3943,149.42708,-48.41444,6.05,-0.14,
3944,149.04042,-71.38944,6.35,-0.08,
3945,149.92958,3.38472,6.70,+0.27,12 Sex
3946,149.77542,-23.95028,6.21,-0.10,
3947,149.71792,-35.89111,5.23,+0.31,Eta Ant
3948,149.31333,-64.48944,6.58,+1.13,
3949,149.24875,-69.10194,6.20,-0.10,
3950,150.05333,8.04417,4.70,+1.60,29Pi Leo
3951,150.25292,31.92361,5.36,+0.66,20 LMi
3952,150.70375,21.94917,5.66,-0.19,
3953,150.14333,-56.94667,6.52,+0.98,
3954,151.15125,53.89167,5.74,+0.48,
3955,150.41875,-53.36444,6.20,-0.13,
3956,150.70542,-30.57750,6.54,+1.19,
3957,150.49167,-57.34972,6.20,+1.12,
3958,151.29375,52.37083,6.14,,
3959,150.92083,-9.57389,6.12,+1.66,
3960,150.50000,-60.42083,5.94,+0.26,
3961,151.03500,3.20111,6.45,+0.40,13 Sex
3962,150.92250,-25.31667,6.70,0.00,
3963,151.01208,-18.10167,5.86,-0.06,
3964,150.83542,-46.63611,6.12,+0.02,
3965,151.08750,-24.28556,5.70,+0.30,
3966,150.74958,-60.17861,6.19,+0.17,
3967,150.70583,-62.15639,6.42,+1.72,
3968,151.09750,-39.97583,6.43,+1.30,
3969,151.42042,15.75750,6.37,+0.37,
3970,151.28125,-13.06472,4.60,-0.09,40Ups2Hya
3971,150.89292,-61.88389,6.14,-0.04,
3972,151.31333,-36.38389,6.27,+1.11,
3973,151.69750,5.61139,6.21,+0.94,14 Sex
3974,151.85750,35.24472,4.48,+0.18,21 LMi
3975,151.83333,16.76278,3.52,-0.03,30Eta Leo
3976,151.54708,-47.37000,5.08,+0.88,
3977,151.78958,-17.14167,5.60,+1.50,
3978,151.52958,-52.18806,6.52,+0.98,
3979,152.06625,31.60417,6.24,+0.45,
3980,151.97625,9.99750,4.37,+1.45,31 Leo
3981,151.98458,-0.37167,4.49,-0.04,15Alp Sex
3982,152.09292,11.96722,1.35,-0.11,32Alp Leo
3983,150.18208,-82.21472,5.52,+0.03,Mu 1Cha
3984,152.00708,-37.33361,6.36,+0.98,
3985,152.19042,-10.88472,6.53,+0.02,
3986,152.14792,-15.61167,6.27,-0.01,
3987,152.74542,40.66139,6.32,+1.25,
3988,152.48542,-12.09583,6.24,+0.18,
3989,152.53125,-8.40833,5.91,+0.02,17 Sex
3990,152.23458,-51.81111,4.86,-0.12,
3991,152.52458,-12.81611,5.31,+0.36,
3992,152.38250,-35.85667,6.13,+0.60,
3993,152.80333,37.40194,5.85,+1.29,
3994,152.64708,-12.35417,3.61,+1.01,41Lam Hya
3995,152.17750,-65.81528,5.28,+0.98,
3996,152.73250,-8.41833,5.65,+1.30,18 Sex
3997,151.03167,-81.56583,6.60,+0.92,Mu 2Cha
3998,152.90917,13.35500,6.44,+0.46,34 Leo
3999,152.34125,-61.54917,5.60,+1.60,
4000,152.82417,-7.31667,6.25,+0.01,
4001,152.65792,-41.71500,5.98,+1.24,
4002,152.37708,-68.68333,5.81,+0.02,
4003,153.01208,-28.60639,6.28,+0.01,
4004,153.20125,4.61472,5.77,+1.18,19 Sex
4005,153.15750,-19.15361,6.44,+0.50,
4006,153.45750,27.13583,6.04,+0.85,
4007,152.89667,-58.82806,6.40,+1.66,
4008,153.78208,59.98556,6.25,+1.60,
4009,152.94375,-58.06056,5.72,-0.08,
4010,153.09583,-52.16333,6.16,+1.17,
4011,153.33083,-27.02889,6.25,+0.31,
4012,153.62375,21.16778,6.02,+0.56,
4013,153.35333,-33.03194,6.38,+0.59,
4014,153.77625,31.46806,6.46,,22 LMi
4015,153.44125,-40.34583,5.90,+1.21,
4016,154.50458,73.07333,6.40,+0.23,
4017,153.34500,-51.23333,5.28,+0.25,
4018,153.25542,-59.91806,6.10,-0.08,
4019,153.48583,-40.31056,6.35,+0.94,
4020,153.36667,-51.75611,5.78,+0.14,
4021,154.46083,71.06056,6.66,+0.32,
4022,153.33833,-61.65889,6.41,-0.11,
4023,153.68417,-42.12194,3.85,+0.05,
4024,154.06000,29.31056,5.35,+0.01,23 LMi
4025,153.37750,-66.37306,5.16,+0.21,
4026,154.50833,65.10833,5.82,+0.12,32 UMa
4027,154.11708,28.68250,6.49,+0.60,24 LMi
4028,154.06708,17.74028,6.55,,
4029,153.83708,-36.51806,6.19,+1.06,
4030,154.13458,23.50306,5.97,+0.67,35 Leo
4031,154.17250,23.41722,3.44,+0.31,36Zet Leo
4032,154.17458,25.37139,5.84,+1.20,
4033,154.27417,42.91444,3.45,+0.03,33Lam UMa
4034,154.03792,-11.20333,6.08,+1.10,
4035,154.16958,13.72833,5.41,+1.61,37 Leo
4036,153.88125,-43.11250,5.60,+1.52,
4037,153.43417,-70.03806,3.32,-0.08,Ome Car
4038,153.81917,-54.97417,6.16,-0.17,
4039,154.31083,23.10611,5.82,+0.50,39 Leo
4040,154.19000,-20.67056,6.57,+0.48,
4041,154.54292,27.41528,6.52,-0.02,
4042,154.40750,-8.06889,5.24,+0.31,22Eps Sex
4043,154.01292,-59.90333,6.22,+0.20,
4044,154.74583,46.76083,6.43,,
4045,154.16750,-51.20500,6.30,+1.54,
4046,154.86167,48.39694,6.00,+1.02,
4047,155.26417,68.74750,5.96,+0.20,
4048,154.75292,24.71167,6.40,,
4049,154.53167,-28.99194,5.34,+0.24,
4050,154.27083,-61.33222,3.40,+1.54,
4051,155.06167,53.77917,6.45,+0.54,
4052,155.13000,54.21694,6.00,+1.13,
4053,154.65750,-36.80472,6.30,+1.28,
4054,154.93375,19.47083,4.79,+0.45,40 Leo
4055,154.82000,-12.52806,6.00,+0.26,
4056,154.61750,-41.66833,5.96,-0.06,
4057,154.99292,19.84167,2.61,+1.15,41Gam1Leo
4058,154.99417,19.84056,3.80,,41Gam2Leo
4059,154.88417,-5.10583,6.37,+0.90,
4060,154.99750,-9.05889,6.32,+0.33,
4061,154.65667,-56.11000,5.81,+0.48,
4062,157.42292,84.25222,5.50,,
4063,154.90333,-55.02944,4.57,+1.62,
4064,155.25833,2.28972,6.66,-0.08,23 Sex
4065,154.77000,-64.67639,5.67,+0.05,
4066,155.06958,-47.69917,5.65,+1.67,
4067,155.54375,41.22944,5.76,+0.54,
4068,155.28250,-17.98500,6.51,+0.40,
4069,155.58208,41.49944,3.05,+1.59,34Mu UMa
4070,155.45958,14.97556,6.12,+0.02,42 Leo
4071,155.36958,-23.71083,6.50,+0.20,
4072,156.03292,65.56639,4.97,-0.06,
4073,155.40000,-22.52833,6.51,+0.07,
4074,155.22833,-56.04306,4.50,-0.12,
4075,155.77625,33.90806,5.90,+0.14,27 LMi
4076,155.55375,-19.86694,6.13,+0.03,
4077,155.75167,6.54250,6.07,+1.12,43 Leo
4078,155.92417,29.61583,6.39,+1.09,
4079,155.81083,5.69417,6.54,+0.46,
4080,155.58167,-41.65000,4.83,+1.12,
4081,156.03583,33.71861,5.50,+1.18,28 LMi
4082,155.86042,-4.07417,5.97,-0.10,25 Sex
4083,155.80458,-30.16222,6.27,+0.31,
4084,157.76917,82.55861,5.26,+0.37,
4085,156.05458,2.36806,6.32,+1.00,
4086,155.87208,-38.01000,5.33,+0.25,
4087,155.91833,-41.95333,6.27,+0.88,
4088,156.31333,8.78472,5.61,+1.62,44 Leo
4089,155.74208,-66.90167,4.99,-0.13,
4090,156.47875,33.79611,4.74,+0.25,30 LMi
4091,155.96208,-57.95389,6.35,+1.52,
4092,156.43458,-7.05972,5.57,+1.52,
4093,156.32167,-42.46806,6.18,+1.00,
4094,156.52250,-16.83639,3.81,+1.48,42Mu Hya
4095,156.24750,-58.57639,5.95,+0.32,
4096,156.86667,41.60083,6.02,+0.17,
4097,156.75208,19.36444,6.15,+1.14,
4098,157.01583,48.78472,6.44,+0.60,
4099,156.53958,-42.73889,6.13,+1.13,
4100,156.97083,36.70722,4.21,+0.90,31Bet LMi
4101,156.91250,9.76250,6.04,-0.06,45 Leo
4102,156.09875,-74.03167,4.00,+0.35,
4103,157.15208,45.21222,6.35,+1.32,
4104,156.78792,-31.06778,4.25,+1.45,Alp Ant
4105,156.18458,-73.97167,6.19,+0.07,
4106,157.47625,65.62611,6.32,+1.14,35 UMa
4107,156.70417,-54.87750,5.58,+1.56,
4108,157.61083,64.25750,6.12,+0.16,
4109,157.18333,-3.74250,6.05,+0.05,
4110,156.85167,-57.63889,4.66,+0.51,
4111,157.00792,-49.40556,6.10,+1.51,
4112,157.65667,55.98056,4.84,+0.52,36 UMa
4113,157.52667,38.92528,5.77,+0.08,32 LMi
4114,156.96958,-58.73944,3.82,+0.31,
4115,156.85542,-65.70472,6.01,+0.09,
4116,157.36958,-2.73917,5.21,-0.06,29Del Sex
4117,157.37083,-29.66361,5.58,+1.42,
4118,157.39750,-30.60722,5.56,-0.04,Del Ant
4119,157.57292,-0.63694,5.09,-0.14,30Bet Sex
4120,157.21917,-64.17222,5.29,+1.86,
4121,159.00708,80.49444,6.52,+0.95,
4122,157.74458,-7.63750,6.20,+1.38,
4123,157.74917,-13.58833,5.58,-0.04,
4124,157.96417,32.37944,5.90,+0.11,33 LMi
4125,157.71417,-26.48389,6.51,+0.54,
4126,158.77292,75.71306,4.84,+0.96,
4127,158.04917,14.13722,5.46,+1.68,46 Leo
4128,157.66333,-61.35611,6.43,+1.76,
4129,157.53625,-66.98500,6.19,+0.01,
4130,157.95250,-28.23750,6.05,+0.51,
4131,158.43167,53.49750,6.45,,
4132,158.30792,40.42556,4.75,+0.23,
4133,158.20292,9.30667,3.85,-0.14,47Rho Leo
4134,157.84083,-53.71556,4.89,+0.50,
4135,157.98958,-45.06667,5.74,-0.15,
4136,157.98583,-45.06944,6.09,-0.11,
4137,158.37875,34.98861,5.58,+0.02,34 LMi
4138,157.58375,-71.99306,4.74,+0.04,
4139,158.14000,-44.61889,5.91,+0.92,
4140,158.00583,-61.68528,3.32,-0.09,
4141,158.79042,57.08278,5.16,+0.34,37 UMa
4142,157.75833,-73.22167,4.93,+1.68,
4143,158.23708,-47.00333,5.02,+1.04,
4144,158.19833,-58.66694,6.00,+0.32,
4145,158.50375,-23.74528,5.08,+1.60,44 Hya
4146,158.70000,6.95361,5.08,+0.94,48 Leo
4147,158.35542,-58.19028,6.14,+0.35,
4148,158.75917,8.65028,5.67,+0.05,49 Leo
4149,158.74042,-23.17611,6.10,+0.50,
4150,159.08917,36.32694,6.28,+0.39,35 LMi
4151,158.55375,-60.98778,6.23,+1.40,
4152,158.91208,-18.56917,6.49,+0.20,
4153,158.80375,-39.56278,5.38,+2.88,
4154,158.79375,-43.66472,6.08,+0.94,
4155,159.07250,-10.58333,6.57,+0.29,
4156,159.06958,-16.34444,6.03,+1.65,Phi2Hya
4157,159.01917,-26.67500,6.29,+0.48,
4158,159.13500,-12.23028,5.70,+0.52,
4159,158.89708,-57.55778,4.45,+1.62,
4160,159.29833,-11.74861,6.52,+0.29,
4161,157.96250,-81.92111,7.07,-0.08,
4162,159.30708,-27.41250,4.89,+1.62,
4163,159.38833,-13.38444,4.82,+2.68,
4164,159.08458,-59.56472,5.08,+1.18,
4165,159.77375,53.66833,5.52,+1.27,
4166,159.68000,31.97611,4.71,+0.81,37 LMi
4167,159.32542,-48.22583,3.84,+0.30,
4168,159.78167,37.91000,5.85,+0.57,38 LMi
4169,159.36167,-58.73333,5.45,+0.50,
4170,158.85333,-76.30917,6.30,+1.20,
4171,159.64583,-16.87667,4.91,+0.92,Phi3Hya
4172,159.71000,-12.44361,6.04,0.00,
4173,159.51042,-57.25639,5.91,-0.14,
4174,158.86708,-78.60778,4.11,+1.58,Gam Cha
4175,159.70958,-42.75361,6.11,+0.66,
4176,160.45125,68.44333,5.75,+1.30,
4177,159.68792,-59.18306,4.66,+1.48,
4178,160.48583,65.71639,5.12,+1.20,38 UMa
4179,159.74750,-58.81694,5.92,+1.65,
4180,159.82667,-55.60333,4.28,+1.04,
4181,160.76708,69.07611,5.00,+1.38,
4182,160.35083,-1.74167,6.26,+0.88,33 Sex
4183,160.21500,-35.74167,6.37,+0.92,
4184,160.54708,31.69694,6.02,+1.62,
4185,160.04708,-65.10056,5.52,-0.16,
4186,159.81917,-74.49361,6.07,+1.71,
4187,160.93042,57.19917,5.80,-0.02,39 UMa
4188,160.32333,-59.67694,6.42,+0.08,
4189,160.75750,26.32556,5.51,+0.17,40 LMi
4190,160.63042,-13.97500,6.24,+1.54,
4191,160.88708,46.20389,5.18,+0.33,
4192,160.85417,23.18833,5.08,+0.04,41 LMi
4193,160.83708,4.74778,5.79,+1.17,35 Sex
4194,160.68000,-32.71583,5.64,0.00,
4195,161.26667,67.41139,6.00,+2.39,
4196,160.55833,-64.46639,4.82,-0.14,
4197,161.06042,19.75861,6.27,+0.17,
4198,160.66917,-59.21583,5.38,+0.26,
4199,160.73917,-64.39444,2.76,-0.22,The Car
4200,160.88375,-60.56667,4.57,+1.71,
4201,161.28917,2.48806,6.28,+1.21,36 Sex
4202,161.59375,57.36583,6.34,+1.56,41 UMa
4203,161.46625,30.68222,5.24,-0.06,42 LMi
4204,160.96333,-64.24889,5.77,0.00,
4205,161.02875,-63.96111,4.82,-0.13,
4206,160.46375,-79.78333,5.97,-0.07,
4207,161.52375,6.37306,6.37,+1.12,
4208,161.60208,18.89139,5.49,+1.12,51 Leo
4209,161.60542,14.19472,5.48,+0.91,52 Leo
4210,161.26500,-59.68417,6.21,+0.61,Eta Car
4211,161.08083,-70.86000,6.26,+0.20,
4212,161.13375,-70.85500,6.46,+0.23,
4213,161.11042,-72.44389,6.27,+0.49,
4214,161.71667,-17.29667,5.42,+0.11,
4215,162.20833,65.13222,6.39,-0.02,
4216,161.69250,-49.42000,2.69,+0.90,Mu Vel
4217,161.57000,-60.60333,6.25,+0.04,
4218,161.90833,-15.26194,6.67,-0.01,
4219,161.56875,-64.51500,5.34,-0.10,
4220,161.62375,-64.26333,5.23,-0.07,
4221,161.73958,-56.75722,5.23,-0.08,
4222,161.71333,-64.38333,4.85,-0.15,
4223,162.23833,29.41583,6.15,+1.15,43 LMi
4224,162.16917,-1.95889,5.93,+1.60,
4225,162.05917,-31.68833,5.88,+0.03,
4226,161.91125,-57.46778,6.36,+1.62,
4227,162.31417,10.54528,5.34,+0.03,53 Leo
4228,162.02250,-59.91917,6.00,+0.27,
4229,162.32208,-4.02417,6.61,+0.22,40 Sex
4230,162.47375,27.97389,6.04,+0.37,44 LMi
4231,161.31542,-80.46972,5.47,+0.95,Del1Cha
4232,162.40625,-16.19361,3.11,+1.25,Nu Hya
4233,162.43125,-9.85278,5.86,+1.07,
4234,161.44500,-80.54028,4.45,-0.19,Del2Cha
4235,162.79625,56.58222,5.67,+1.12,43 UMa
4236,162.84875,59.32000,5.58,+1.14,42 UMa
4237,162.57542,-8.89778,5.79,+0.16,41 Sex
4238,162.48750,-34.05806,5.61,+0.04,
4239,162.35042,-59.32361,5.91,0.00,
4240,162.77250,-3.09250,5.95,+1.48,
4241,163.12833,52.56528,6.65,,
4242,163.13292,52.50361,6.44,+1.11,
4243,163.37792,69.85389,5.93,+0.99,
4244,163.05708,1.02528,6.38,+0.08,
4245,163.15042,-0.20139,6.31,+1.50,
4246,163.39375,54.58500,5.10,+1.36,44 UMa
4247,163.32792,34.21500,3.83,+1.04,46 LMi
4248,163.49458,43.19000,4.71,-0.05,45Ome UMa
4249,163.35375,-2.25528,6.12,+0.90,
4250,163.12875,-57.24056,5.25,+0.16,
4251,163.37292,-20.13889,5.24,+0.47,
4252,163.38708,-15.44556,6.38,+1.16,
4253,163.43208,-2.12917,5.45,+0.96,
4254,163.67583,25.49083,6.20,+0.28,48 LMi
4255,163.57417,-13.75806,5.66,+0.83,
4256,163.74250,34.03472,5.72,+1.01,
4257,163.37333,-58.85333,3.78,+0.95,
4258,163.93500,33.50694,5.03,+1.10,46 UMa
4259,163.90333,24.74972,4.50,+0.01,54 Leo
4260,163.90542,24.74889,6.30,,54 Leo
4261,163.79833,-20.66500,6.44,+1.10,
4262,163.42500,-70.72028,5.99,-0.02,
4263,163.75417,-42.25111,6.11,-0.08,
4264,164.06042,42.00833,6.03,+1.13,
4265,163.92667,0.73694,5.91,+0.42,55 Leo
4266,163.62333,-61.82667,5.93,+1.75,
4267,164.00625,6.18528,5.81,+1.45,56 Leo
4268,163.11458,-79.55944,6.33,+1.46,
4269,164.07042,22.35167,6.14,+1.55,
4270,164.14333,25.50000,6.35,+1.03,50 LMi
4271,163.82167,-60.51694,5.92,+1.08,
4272,164.98667,77.77000,6.20,+0.97,
4273,164.17958,-37.13778,4.60,+1.03,Iot Ant
4274,164.28292,-50.76500,5.91,+0.18,
4275,164.82458,51.88222,6.17,+1.38,
4276,164.45167,-59.73194,6.11,+1.10,
4277,164.86667,40.43028,5.05,+0.61,47 UMa
4278,164.88667,36.09306,6.00,+1.59,
4279,164.31542,-75.09972,6.13,+1.53,
4280,165.06125,45.52611,5.47,+1.47,
4281,164.92125,11.70583,6.55,+0.43,
4282,164.80792,-33.73722,5.71,+0.37,
4283,165.10667,51.50194,6.43,,
4284,164.87875,-16.35389,5.89,+1.63,
4285,165.08583,42.91139,6.02,+0.57,
4286,165.27417,63.42111,6.39,+0.16,
4287,164.94375,-18.29889,4.08,+1.09,7Alp Crt
4288,165.21000,39.21222,5.08,+0.24,49 UMa
4289,165.04833,-14.08333,5.88,+1.50,
4290,164.80833,-61.32028,6.16,-0.06,
4291,165.14000,3.61750,4.84,+1.16,58 Leo
4292,164.99750,-43.80722,5.81,-0.08,
4293,165.03875,-42.22583,4.39,+0.11,
4294,165.18667,6.10139,4.99,+0.16,59 Leo
4295,165.46042,56.38250,2.37,-0.02,48Bet UMa
4296,165.03583,-51.81778,6.15,+0.18,
4297,165.23833,-15.79278,6.34,+1.18,
4298,165.17000,-31.83944,6.07,+0.52,
4299,165.45708,-2.48472,4.74,+1.62,61 Leo
4300,165.58250,20.17972,4.42,+0.05,60 Leo
4301,165.93208,61.75083,1.79,+1.07,50Alp UMa
4302,165.60167,-26.83139,6.23,+0.31,
4303,165.81083,-0.75250,6.14,+0.26,
4304,164.80375,-81.55611,6.71,+0.55,
4305,165.81208,-11.30361,5.50,+0.94,
4306,165.90250,-0.00083,5.95,+1.22,62 Leo
4307,165.81708,-31.96083,6.46,+1.62,
4308,165.90208,-13.43444,6.34,+0.88,
4309,166.13000,38.24139,6.00,+0.16,51 UMa
4310,166.25417,7.33611,4.63,+0.33,63Chi Leo
4311,166.13000,-47.67917,5.67,+0.24,
4312,164.80750,-84.59389,6.19,+0.11,Eta Oct
4313,166.22583,-35.80472,5.43,+0.03,
4314,166.33292,-27.29361,4.94,+0.36,Chi1Hya
4315,166.39167,-11.08889,6.09,+0.30,
4316,166.26750,-49.39250,6.13,-0.02,
4317,166.49000,-27.28778,5.71,-0.06,Chi2Hya
4318,166.52417,-51.21250,6.30,+0.95,
4319,166.72583,1.95556,5.52,+0.97,65 Leo
4320,166.66125,-28.72778,6.77,+0.04,
4321,166.61417,-50.95667,6.32,+1.16,
4322,166.91542,23.32361,6.46,+0.16,64 Leo
4323,166.62208,-58.67528,6.02,+1.24,
4324,166.78500,-32.58722,6.59,+0.34,
4325,166.63500,-62.42417,4.61,+1.03,
4326,166.60083,-64.83972,6.41,+0.12,
4327,166.81917,-42.63861,5.15,+0.03,
4328,166.97667,-30.17472,6.54,+0.60,
4329,166.70792,-70.87806,5.57,-0.05,
4330,167.41625,67.21028,6.06,+0.22,
4331,167.06583,-29.97278,6.49,+0.03,
4332,167.20458,24.65833,5.68,+0.06,67 Leo
4333,167.32958,36.30944,5.74,+1.51,
4334,167.18292,-28.08056,5.44,+0.07,
4335,167.41583,44.49861,3.01,+1.14,52Psi UMa
4336,167.41042,43.20750,5.89,+1.57,
4337,167.14750,-58.97500,3.91,+1.23,
4338,167.14167,-61.94722,5.13,+0.22,
4339,167.47250,-32.36750,5.81,+0.04,
4340,168.04583,68.27194,6.40,,
4341,167.93208,14.40028,6.30,+0.21,
4342,167.72792,-58.45528,6.88,-0.08,
4343,167.91458,-22.82583,4.48,+0.03,11Bet Crt
4344,168.18542,54.89417,6.63,,
4345,168.13417,35.81361,6.41,+0.61,
4346,168.06167,-32.43389,6.38,+1.70,
4347,168.12667,-18.50000,6.13,-0.01,Psi Crt
4348,168.14417,-21.74917,6.40,+1.38,
4349,167.87292,-71.43639,6.35,+1.37,
4350,168.13792,-49.10111,5.36,+0.18,
4351,168.41750,41.08861,6.33,+1.15,
4352,168.15000,-60.31750,4.60,+0.55,
4353,168.23708,-49.73639,6.11,+1.06,
4354,168.31125,-44.37222,5.80,+1.66,
4355,168.18833,-64.16972,5.23,-0.06,
4356,168.44000,-0.06972,5.42,-0.03,69 Leo
4357,168.52708,20.52361,2.56,+0.12,68Del Leo
4358,168.50750,8.06056,5.79,+1.12,
4359,168.56000,15.42944,3.34,-0.01,70The Leo
4360,168.41375,-53.23167,5.76,+1.32,
4361,168.37833,-59.61944,5.74,-0.10,
4362,168.80083,23.09556,4.63,+1.66,72 Leo
4363,169.01667,52.77306,6.50,+0.43,
4364,168.72500,-43.73417,6.21,+1.61,
4365,168.96625,13.30750,5.32,+1.20,73 Leo
4366,168.99083,12.84472,6.67,+0.27,
4367,169.17458,49.47639,5.88,+1.08,
4368,169.16542,-3.65167,4.47,+0.21,74Phi Leo
4369,169.24250,-7.13472,6.14,+0.20,
4370,169.11542,-45.88000,6.31,+0.40,
4371,169.32250,2.01056,5.18,+1.52,75 Leo
4372,169.29917,-38.01444,6.27,+0.10,
4373,169.41333,-34.73722,6.45,+0.40,
4374,169.54542,31.52917,4.87,,53Xi UMa
4375,169.54583,31.52917,4.41,+0.59,53Xi UMa
4376,169.42917,-36.53444,6.68,+0.98,
4377,169.61958,33.09417,3.48,+1.40,54Nu UMa
4378,169.58750,11.98472,6.66,+0.07,
4379,169.32917,-67.82361,6.06,+1.76,
4380,169.78292,38.18556,4.78,+0.12,55 UMa
4381,169.72917,1.65056,5.91,+1.04,76 Leo
4382,169.83542,-14.77861,3.56,+1.12,12Del Crt
4383,170.22417,67.10056,6.21,+1.01,
4384,169.81875,-64.58250,5.99,+0.46,
4385,169.64292,-79.66861,6.35,+0.26,
4386,170.28417,6.02944,4.05,-0.06,77Sig Leo
4387,169.90125,-75.14250,6.27,-0.03,
4388,170.45542,57.07500,6.43,+0.15,
4389,170.01625,-71.99444,6.41,+0.05,
4390,170.25167,-54.49111,3.89,-0.15,Pi Cen
4391,170.71375,64.33056,6.02,+0.09,
4392,170.70667,43.48278,4.99,+0.99,56 UMa
4393,170.59625,-44.64583,6.12,+0.92,
4394,170.82500,0.13167,6.05,+1.46,
4395,170.84125,-18.78000,5.09,+0.42,13Lam Crt
4396,170.80292,-36.16472,5.00,+1.46,
4397,170.48792,-77.60833,6.43,+0.20,
4398,170.78375,-56.77944,5.79,+0.01,
4399,170.98125,10.52917,3.94,+0.41,78Iot Leo
4400,171.00958,1.40778,5.39,+0.94,79 Leo
4401,170.84083,-64.95500,5.11,-0.08,
4402,171.15250,-10.85944,4.83,+1.56,14Eps Crt
4403,171.09208,-42.66917,6.12,-0.18,
4404,171.24542,11.43028,5.80,+1.38,
4405,171.22042,-17.68389,4.08,+0.21,15Gam Crt
4406,171.04625,-72.25667,5.59,+0.06,
4407,171.48792,55.85056,5.75,,
4408,171.40167,16.45639,5.57,+0.36,81 Leo
4409,171.37250,-36.06306,5.22,+0.99,
4410,171.45833,3.86000,6.37,+0.33,80 Leo
4411,171.38792,-37.74778,5.89,+1.54,
4412,171.60625,33.45056,6.32,+0.43,
4413,171.43000,-63.97278,5.17,+0.50,
4414,171.68875,3.01306,6.50,+0.79,83 Leo
4415,171.64708,-61.11528,5.30,-0.08,
4416,171.78958,-12.35667,5.94,+0.49,16Kap Crt
4417,171.69708,-53.16000,5.81,+0.52,
4418,171.98417,2.85611,4.95,+1.00,84Tau Leo
4419,171.97375,-1.70000,6.25,+1.04,
4420,171.99375,-35.32861,6.45,,
4421,172.26917,61.77833,5.83,+0.36,
4422,172.26750,39.33694,5.31,+0.01,57 UMa
4423,172.14625,-42.67417,5.08,-0.03,
4424,172.43125,56.73750,6.28,+0.15,
4425,172.07583,-72.47444,6.09,+0.16,
4426,172.42458,15.41333,5.74,+1.32,85 Leo
4427,172.55375,54.36167,6.41,,
4428,172.41083,-24.46333,5.76,+0.07,
4429,172.96000,81.12722,6.15,+0.24,
4430,172.60417,46.65750,6.35,+1.27,
4431,172.62958,43.17333,5.94,+0.49,58 UMa
4432,172.57875,-3.00361,4.77,+1.54,87 Leo
4433,172.62083,18.40972,5.52,+1.05,86 Leo
4434,172.85083,69.33111,3.84,+1.62,1Lam Dra
4435,172.72042,47.92917,6.42,+0.88,
4436,172.79250,48.78917,6.56,+0.93,
4437,172.93708,14.36444,6.20,+0.57,88 Leo
4438,172.81250,-61.27833,6.38,+0.52,
4439,173.08667,61.08250,5.48,+0.50,
4440,172.94833,-20.77667,6.24,+0.54,
4441,172.94208,-59.44222,5.13,+1.08,Omi1Cen
4442,172.95333,-59.51583,5.15,+0.49,Omi2Cen
4443,173.06708,-29.26333,5.81,+0.53,
4444,173.06792,-29.26111,5.64,+0.53,
4445,173.09708,-26.74667,6.16,+1.66,
4446,173.19792,-7.82750,5.95,+1.38,
4447,173.20042,-40.43639,5.64,+1.58,
4448,173.08292,-66.96222,5.90,+1.13,
4449,173.22542,-31.08722,5.04,+1.58,
4450,173.25042,-31.85778,3.54,+0.94,Xi Hya
4451,173.31083,-16.28056,6.05,+0.60,
4452,173.48458,36.81556,6.40,+1.05,
4453,173.40542,-40.58694,5.39,+0.12,
4454,173.54167,11.02361,6.55,+0.18,
4455,173.59167,3.06000,5.77,+0.46,89 Leo
4456,173.67708,16.79694,5.95,-0.16,90 Leo
4457,173.77042,54.78528,5.63,+1.02,
4458,173.62292,-32.83139,5.98,+0.81,
4459,173.76583,20.44139,6.45,+1.01,
4460,173.69042,-54.26417,4.62,-0.08,
4461,174.01167,69.32278,5.20,+1.01,2 Dra
4462,173.73667,-49.13667,5.50,+1.04,
4463,173.80500,-47.37250,5.71,+1.66,
4464,173.93083,10.91111,6.56,+0.13,
4465,174.07458,27.78111,5.80,+0.23,
4466,173.98167,-47.64167,5.25,+0.25,
4467,173.94500,-63.01972,3.13,-0.04,Lam Cen
4468,174.17042,-9.80222,4.70,-0.08,21The Crt
4469,174.14583,-33.57000,5.74,+1.02,
4470,174.17000,-37.23778,6.31,+0.06,
4471,174.23708,-0.82389,4.30,+1.00,91Ups Leo
4472,174.09292,-61.05222,5.83,-0.09,
4473,174.25500,-32.98806,6.29,+0.46,
4474,174.47083,50.61833,6.14,+1.07,
4475,174.25250,-61.28333,5.15,+1.12,
4476,174.39125,-47.74722,5.44,+1.24,
4477,174.58583,43.62556,5.59,+0.33,59 UMa
4478,174.54083,8.88417,6.17,+1.08,
4479,174.31500,-75.89667,5.65,+0.35,Pi Cha
4480,174.63958,46.83417,6.10,+0.38,60 UMa
4481,174.70500,64.34694,6.46,,
4482,174.63417,33.62556,6.27,+1.32,
4483,174.61500,8.13417,5.36,+1.57,1Ome Vir
4484,174.60042,-2.43611,6.22,+1.12,
4485,174.45167,-67.62028,5.96,+1.02,
4486,174.68708,45.10861,6.44,+0.56,
4487,174.53042,-61.82639,5.15,-0.02,
4488,174.66708,-13.20194,5.48,+0.52,24Iot Crt
4489,174.75167,-24.72111,6.42,+0.82,
4490,174.96292,-14.46861,6.21,0.00,
4491,174.96000,-16.62028,6.19,+1.62,
4492,174.87250,-65.39778,5.17,+0.80,
4493,175.11417,57.97056,6.37,-0.12,
4494,175.05333,-34.74472,4.70,-0.07,Omi Hya
4495,175.19625,21.35278,5.26,+0.98,92 Leo
4496,175.26250,34.20167,5.33,+0.72,61 UMa
4497,175.17750,-53.96861,5.96,+1.66,
4498,175.28500,-29.19639,6.44,+0.66,
4499,175.22333,-62.09000,4.94,+1.15,
4500,175.43167,55.17250,6.27,+1.49,
4501,175.39292,31.74611,5.73,+0.43,62 UMa
4502,175.33250,-43.09583,5.55,,
4503,175.43333,-32.49972,5.22,+1.48,
4504,175.61833,66.74500,5.30,+1.28,3 Dra
4505,175.52167,22.21083,6.59,,
4506,175.51458,-20.29389,6.22,+0.95,
4507,175.25500,-83.10000,6.33,+1.08,
4508,175.86333,-37.19028,5.98,+1.46,
4509,175.73083,-79.30639,6.39,+0.90,
4510,175.97958,-6.67722,6.07,+0.96,
4511,175.88000,-62.48944,5.03,+0.80,
4512,176.05500,25.21833,6.02,+1.53,
4513,175.97042,-62.87833,6.10,+0.06,
4514,176.19083,-18.35083,4.73,+0.97,27Zet Crt
4515,176.32125,8.25833,4.85,+0.18,2Xi Vir
4516,176.30250,-49.06972,6.26,+1.17,
4517,176.46500,6.52944,4.03,+1.51,3Nu Vir
4518,176.51250,47.77944,3.71,+1.18,63Chi UMa
4519,176.43292,-45.69000,5.29,-0.12,
4520,176.40167,-66.72861,3.64,+0.16,Lam Mus
4521,176.73167,55.62833,5.27,+1.27,
4522,176.62833,-61.17833,4.11,+0.90,
4523,176.62958,-40.50056,4.91,+0.66,
4524,176.77917,-35.90694,6.17,+0.96,
4525,176.81542,-30.28694,6.48,+0.68,
4526,176.82958,-57.69639,5.41,+1.67,
4527,176.99625,20.21889,4.53,+0.55,93 Leo
4528,176.97875,8.24583,5.32,+0.02,4 Vir
4529,177.09792,-10.31333,6.26,+0.58,
4530,177.05958,-66.81472,4.72,+1.54,Mu Mus
4531,177.16125,14.28417,5.88,+0.29,
4532,177.18792,-26.74972,5.11,+1.60,
4533,177.25500,-0.31861,6.15,+0.52,
4534,177.26500,14.57194,2.14,+0.09,94Bet Leo
4535,177.31208,16.24278,6.04,+0.27,
4536,177.42375,34.93167,5.70,+0.46,
4537,177.42125,-63.78833,4.32,-0.15,
4538,177.48583,-70.22583,4.97,+1.40,
4539,177.58125,-15.86389,6.13,+0.95,
4540,177.67375,1.76472,3.61,+0.55,5Bet Vir
4541,177.61333,-62.64944,5.70,+0.26,
4542,177.65458,-27.27778,6.48,+0.98,
4543,177.73042,12.27889,6.35,+0.27,
4544,177.75917,-5.33333,5.64,+1.06,
4545,177.78917,33.37500,6.27,+0.32,
4546,177.78625,-45.17361,4.46,+1.30,
4547,177.84125,-12.18778,6.35,+0.40,
4548,177.92333,-30.83500,5.85,+0.56,
4549,177.96333,-65.20611,4.90,-0.11,
4550,178.24500,37.71861,6.45,+0.75,
4551,178.04208,-56.98778,5.57,+0.07,
4552,178.22750,-33.90806,4.28,-0.10,Bet Hya
4553,178.36167,-35.06667,6.17,+0.08,
4554,178.45750,53.69472,2.44,0.00,64Gam UMa
4555,178.45958,0.55194,6.30,+0.20,
4556,178.54792,-57.41000,6.06,+0.05,
4557,178.60750,-37.74889,6.46,+0.52,
4558,178.67708,-25.71389,5.30,+0.88,
4559,178.76292,8.44389,5.58,+0.94,6 Vir
4560,178.77375,46.47694,6.54,+0.10,65 UMa
4561,178.79667,46.46972,7.03,+0.01,65 UMa
4562,178.80875,36.75639,6.49,+1.58,
4563,178.74917,-63.27889,5.91,+0.19,
4564,178.91875,15.64667,5.53,+0.11,95 Leo
4565,178.91708,-28.47694,5.93,+1.50,
4566,178.99333,56.59861,5.84,+1.10,66 UMa
4567,179.00375,-17.15083,5.18,-0.02,30Eta Crt
4568,178.97792,-39.68917,6.13,+1.02,
4569,179.22167,61.54917,6.22,+0.96,
4570,179.18292,-47.07250,6.26,+0.40,
4571,179.26542,-33.31528,6.21,-0.04,
4572,179.31083,40.34361,6.62,+0.46,
4573,179.41708,-62.44889,5.57,-0.15,
4574,179.53000,32.27389,6.42,+0.29,
4575,179.58583,61.46472,6.76,,
4576,179.56333,-56.31722,5.44,-0.08,
4577,179.58458,-40.94722,6.79,+0.97,
4578,179.69875,-64.33917,5.61,+0.18,
4579,179.72667,-25.90889,6.43,+0.03,
4580,179.76417,0.53056,6.17,+1.26,
4581,179.82333,33.16750,5.96,+1.15,
4582,179.79542,-51.69667,6.05,+1.28,
4583,179.90542,-78.22194,4.91,-0.06,Eps Cha
4584,179.98833,34.03500,6.50,+0.22,
4585,179.98708,3.65528,5.37,0.00,7 Vir
4586,180.07750,80.85306,6.17,+1.61,
4587,180.18542,-10.44611,5.55,+0.77,
4588,180.17708,-21.83722,6.28,+1.22,
4589,180.21833,6.61417,4.66,+0.13,8Pi Vir
4590,180.21333,-19.65889,5.26,-0.20,
4591,180.25750,-1.76806,6.31,+1.21,
4592,180.37083,-57.50361,6.16,0.00,
4593,180.41458,36.04194,5.59,+1.01,
4594,180.52833,43.04556,5.21,+0.26,67 UMa
4595,180.58375,-85.63167,6.05,+1.29,
4596,180.61917,-71.48889,6.42,+1.17,
4597,180.65708,-69.19222,5.89,-0.08,
4598,180.71500,-7.68361,6.22,+1.49,
4599,180.75625,-63.31278,4.33,+0.27,The1Cru
4600,180.91500,-42.43417,5.15,+0.41,
4601,180.93458,-74.21389,6.44,+1.23,
4602,181.06917,21.45917,5.87,+0.22,2 Com
4603,181.08000,-63.16556,4.72,-0.08,The2Cru
4604,181.16125,-68.32917,5.35,-0.01,
4605,181.19375,-76.51917,5.04,+1.49,Kap Cha
4606,181.11708,85.58722,6.27,+0.59,
4607,181.23792,-60.96917,5.96,+1.67,
4608,181.30208,8.73306,4.12,+0.98,9Omi Vir
4609,181.31292,76.90583,5.80,+1.01,
4610,181.41542,62.93306,6.13,+1.17,
4611,181.47167,-65.54722,6.33,+0.22,
4612,181.48625,-35.69389,6.23,-0.08,
4613,181.49917,-3.13167,6.37,+1.00,
4614,181.58250,-68.65083,6.23,+1.24,
4615,181.59625,-65.70917,6.06,+0.65,
4616,181.72042,-64.61361,4.15,+0.34,Eta Cru
4617,181.95750,-75.36694,5.18,+1.30,
4618,182.02167,-50.66139,4.47,-0.15,
4619,182.02000,-50.76333,6.37,-0.05,
4620,182.06125,-48.69278,5.34,-0.01,
4621,182.08958,-50.72250,2.60,-0.12,Del Cen
4622,182.10250,-60.84722,6.22,+1.74,
4623,182.10333,-24.72889,4.02,+0.32,1Alp Crv
4624,182.22417,-44.32611,5.75,+0.24,
4625,182.22708,-41.23139,5.48,-0.07,
4626,182.42208,1.89778,5.95,+1.12,10 Vir
4627,182.44708,74.66139,6.35,+0.50,
4628,182.51042,-34.70500,6.17,+0.03,
4629,182.51417,5.80694,5.72,+0.35,11 Vir
4630,182.53125,-22.61972,3.00,+1.33,2Eps Crv
4631,182.64083,-37.87028,6.06,+0.20,
4632,182.63167,16.80917,6.39,+0.06,3 Com
4633,182.69208,27.28139,6.01,+0.11,
4634,182.77042,-61.27750,6.08,+0.39,
4635,182.76625,-23.60250,5.46,+0.06,3 Crv
4636,182.76208,-45.42278,6.61,+1.08,
4637,182.88083,-51.35944,6.23,+0.82,
4638,182.91292,-52.36861,3.96,-0.15,Rho Cen
4639,182.75000,81.71000,6.00,+1.62,
4640,182.96333,25.87028,5.66,+1.41,4 Com
4641,182.93708,57.05444,6.43,,68 UMa
4642,183.00500,28.53611,6.49,+0.36,
4643,183.03875,20.54194,5.57,+0.95,5 Com
4644,183.09167,-62.95083,5.92,+0.29,
4645,183.19500,-70.15194,6.17,+0.84,
4646,183.04958,77.61639,5.14,+0.33,
4647,183.30417,-34.12556,6.50,+1.66,
4648,183.35542,-38.92917,5.76,-0.13,
4649,183.48208,-78.57361,6.35,+1.24,
4650,183.35792,10.26222,5.85,+0.27,12 Vir
4651,183.40292,-33.79278,6.33,+0.08,
4652,183.51083,-45.72389,5.31,+1.43,
4653,183.57000,-64.40861,6.22,+0.12,
4654,183.68083,53.43472,6.16,+1.04,
4655,183.74833,-20.84417,5.83,+1.05,
4656,183.78625,-58.74889,2.80,-0.23,Del Cru
4657,183.79417,-10.31250,6.11,+0.46,
4658,183.87708,-41.91306,6.26,+1.01,
4659,183.78542,70.20000,5.71,+1.19,
4660,183.85667,57.03250,3.31,+0.08,69Del UMa
4661,183.94583,-23.35361,6.54,+0.45,
4662,183.95167,-17.54194,2.59,-0.11,4Gam Crv
4663,184.00083,14.89889,5.10,+0.06,6 Com
4664,184.09792,-72.61472,6.22,-0.01,
4665,183.92250,72.55083,6.29,+1.14,
4666,184.03167,40.66028,5.66,+1.55,2 CVn
4667,184.08542,23.94528,4.95,+0.97,7 Com
4668,184.12542,33.06139,5.00,+1.14,
4669,184.27500,-65.69278,6.06,+0.03,
4670,184.26375,-16.69361,6.05,+0.10,
4671,184.39208,-67.96083,4.11,+1.58,Eps Mus
4672,184.37292,53.19111,5.81,+1.30,
4673,184.37708,28.93722,5.70,+0.16,
4674,184.58625,-79.31222,4.26,-0.12,Bet Cha
4675,184.44708,-36.09389,6.15,+0.01,
4676,184.43458,15.14417,6.34,+1.37,
4677,184.53792,-3.95444,6.99,+0.36,
4678,184.54000,-3.94861,6.54,+0.33,
4679,184.60875,-64.00306,4.04,-0.17,Zet Cru
4680,184.63167,30.24917,6.23,+0.30,
4681,184.66792,-0.78722,5.90,+0.17,13 Vir
4682,184.74875,-55.14306,5.00,+1.59,
4683,184.21417,86.43611,6.33,+0.43,
4684,184.75875,26.00778,6.48,+0.18,
4685,184.82958,23.03472,6.27,+0.17,8 Com
4686,183.83458,87.70000,6.28,+0.35,
4687,184.70792,75.16056,5.38,-0.02,
4688,184.87333,28.15694,6.33,+0.50,9 Com
4689,184.97667,-0.66694,3.89,+0.02,15Eta Vir
4690,184.95292,48.98417,5.29,+1.66,3 CVn
4691,185.04458,-22.17556,5.97,+0.82,
4692,185.11667,-65.84278,6.21,-0.04,
4693,185.08208,26.61944,5.54,+1.09,
4694,185.07375,26.00194,6.15,+0.30,
4695,185.08750,3.31250,4.96,+1.16,16 Vir
4696,185.14042,-22.21583,5.21,-0.10,5Zet Crv
4697,185.17917,17.79278,4.74,+1.01,11 Com
4698,185.17208,27.05472,7.13,+0.36,
4699,185.23208,-13.56556,5.14,+1.05,
4700,185.34000,-60.40111,3.59,+1.42,Eps Cru
4701,185.21167,57.86389,5.55,+1.43,70 UMa
4702,185.48958,-56.37472,5.92,+1.57,
4703,185.53042,-67.52194,5.15,+0.19,Zet2Mus
4704,185.54958,-68.30750,5.74,+1.04,Zet1Mus
4705,185.54500,24.77389,6.19,-0.01,
4706,185.70542,-57.67611,5.39,-0.10,
4707,185.62625,25.84611,4.81,+0.49,12 Com
4708,185.63333,5.30556,6.40,+0.60,17 Vir
4709,186.40625,-86.15056,6.33,+1.08,
4710,185.80750,-67.63167,6.36,+0.89,
4711,185.84000,-24.84056,5.68,+1.16,6 Crv
4712,185.89750,-35.41278,5.32,-0.08,
4713,185.90375,-39.30306,6.40,+0.29,
4714,185.93708,-38.91111,5.79,-0.08,
4715,185.94583,42.54278,6.06,+0.33,4 CVn
4716,186.00625,51.56222,4.80,+0.87,5 CVn
4717,186.07708,26.09861,5.18,+0.08,13 Com
4718,186.18625,-41.38417,6.25,+1.18,
4719,186.11125,25.58278,6.42,+0.27,
4720,186.32208,-65.77056,6.30,+0.96,
4721,186.28542,-42.51444,6.11,+0.65,
4722,186.29875,-11.61028,5.95,+0.03,
4723,186.32667,-27.74917,6.09,+1.27,
4724,186.34083,-35.18639,5.73,-0.06,
4725,186.31292,23.92611,6.03,+1.10,
4726,186.26333,56.77750,5.81,+1.62,71 UMa
4727,186.27667,63.80278,6.32,+0.91,
4728,186.46208,39.01861,5.02,+0.96,6 CVn
4729,186.62875,-63.12250,4.86,-0.12,
4730,186.64958,-63.09917,1.33,-0.24,Alp1Cru
4731,186.65208,-63.09944,1.73,-0.26,Alp2Cru
4732,186.63167,-51.45083,4.82,-0.14,
4733,186.60042,27.26833,4.95,+0.27,14 Com
4734,186.70083,-48.91333,6.26,+0.68,
4735,186.71542,-32.83000,5.55,+0.01,
4736,186.85250,-63.78917,6.00,+0.07,
4737,186.73458,28.26833,4.36,+1.13,15Gam Com
4738,186.74708,26.82556,5.00,+0.08,16 Com
4739,186.86958,-58.99194,5.50,+1.45,
4740,186.60083,71.92972,6.24,+1.06,
4741,186.92542,8.61028,6.37,+0.93,
4742,186.95583,-16.63194,6.35,+0.84,
4743,187.01000,-50.23056,3.91,-0.19,Sig Cen
4744,187.07875,-64.34139,6.04,+0.02,
4745,186.89625,55.71278,5.70,+1.55,73 UMa
4746,186.96500,-4.61528,6.22,+0.44,
4747,187.10625,-61.79528,6.22,+1.26,
4748,187.09375,-39.04139,5.44,-0.08,
4749,187.13917,-56.40778,6.15,+0.92,
4750,187.15875,26.22667,6.54,+0.17,
4751,187.18583,25.89917,6.65,+0.22,
4752,187.22792,25.91278,5.29,-0.05,17 Com
4753,187.36208,24.10889,5.48,+0.43,18 Com
4754,187.47458,-56.52472,5.80,+1.56,
4755,187.49125,-41.73611,6.02,+1.52,
4756,187.43000,20.89611,5.69,+0.07,20 Com
4757,187.46625,-16.51556,2.95,-0.05,7Del Crv
4758,187.52000,-13.39306,6.35,+0.56,
4759,187.57292,-23.69667,5.63,+1.67,
4760,187.48875,58.40583,5.35,+0.20,74 UMa
4761,187.51208,51.53556,6.21,+0.51,7 CVn
4762,187.51792,58.76750,6.08,+0.98,75 UMa
4763,187.79125,-57.11333,1.63,+1.59,Gam Cru
4764,187.81958,-57.08111,6.42,+0.16,Gam Cru
4765,187.52792,69.20111,4.95,+1.62,4 Dra
4766,187.75250,24.56722,5.46,+0.05,21 Com
4767,187.70875,53.07667,6.21,+0.54,
4768,187.91792,-59.42389,5.48,+0.63,
4769,188.04167,-73.00167,5.88,+1.11,
4770,187.83917,7.60417,6.05,+1.52,
4771,187.98250,-63.50611,5.95,+0.27,
4772,187.91125,-5.05250,6.19,+1.04,
4773,188.11667,-72.13306,3.87,-0.15,Gam Mus
4774,188.01875,-32.53361,6.46,+0.20,
4775,188.01750,-16.19611,4.31,+0.38,8Eta Crv
4776,188.15000,-13.85917,5.74,+0.40,
4777,188.26208,10.29556,6.26,+0.95,20 Vir
4778,188.34333,-19.79194,6.26,+0.29,
4779,188.39292,-12.83028,5.58,+0.86,
4780,188.39250,24.28306,6.29,+0.11,22 Com
4781,188.44500,-9.45194,5.48,-0.03,21 Vir
4782,188.49667,-49.90944,6.38,+0.46,
4783,188.41208,33.24750,5.42,+1.00,
4784,188.44750,33.38472,6.24,+1.05,
4785,188.43542,41.35750,4.26,+0.59,8Bet CVn
4786,188.59667,-23.39667,2.65,+0.89,9Bet Crv
4787,188.37083,69.78833,3.87,-0.13,5Kap Dra
4788,188.67625,-44.67333,5.77,+0.70,
4789,188.71292,22.62917,4.81,0.00,23 Com
4790,188.87083,-61.84194,6.22,+0.73,
4791,188.77625,18.37722,6.56,+0.25,24 Com
4792,188.78250,18.37694,5.02,+1.15,24 Com
4793,188.78375,21.88139,5.85,+1.22,
4794,188.93958,-41.02194,5.13,+0.22,
4795,188.68333,70.02194,4.94,+1.31,6 Dra
4796,189.00500,-39.87000,5.80,+0.01,
4797,188.99417,-20.52722,6.20,+0.33,
4798,189.29583,-69.13556,2.69,-0.20,Alp Mus
4799,189.19750,-5.83194,5.87,+0.07,25 Vir
4800,189.09708,59.48694,5.50,,
4801,189.24292,17.08944,5.68,+1.41,25 Com
4802,189.42583,-48.54111,3.86,+0.05,Tau Cen
4803,189.42583,-27.13889,5.45,+0.32,
4804,189.81042,-75.36944,6.49,+0.08,
4805,189.51833,3.28250,6.33,+0.01,
4806,189.71875,-67.19306,6.25,+0.06,
4807,189.59333,1.85472,5.71,+1.60,
4808,189.62500,6.98833,7.08,+1.44,
4809,189.68583,-18.25028,6.00,+0.29,
4810,189.76458,-30.42222,5.89,+1.21,
4811,189.69292,40.87444,6.37,+0.18,9 CVn
4812,189.75875,22.65944,6.38,+1.10,
4813,189.81167,-7.99556,4.66,+1.23,26Chi Vir
4814,189.98167,-66.51167,6.26,-0.05,
4815,189.78042,21.06250,5.46,+0.96,26 Com
4816,189.82042,35.95194,6.45,+0.06,
4817,189.96875,-39.98750,4.64,-0.08,
4818,190.34583,-46.14556,5.84,+1.52,
4819,190.37917,-48.95972,2.17,-0.01,Gam Cen
4820,190.52125,-69.40750,6.33,+0.78,
4821,190.31667,-13.01361,6.08,,
4822,190.31750,-13.01500,5.98,+0.42,
4823,190.48583,-59.68583,4.93,-0.04,
4824,190.39333,10.42639,6.19,+0.19,27 Vir
4825,190.41500,-1.44944,3.65,+0.36,29Gam Vir
4826,190.41500,-1.44944,3.68,,29Gam Vir
4827,190.45500,-19.75861,6.03,+0.39,
4828,190.47125,10.23556,4.88,+0.09,30Rho Vir
4829,190.48792,6.80667,5.59,0.00,31 Vir
4830,190.70958,-63.05861,5.31,+0.27,
4831,190.64750,-48.81306,4.66,+1.09,
4832,190.70667,-55.94722,6.08,-0.03,
4833,190.39125,62.71306,6.07,+0.01,76 UMa
4834,190.78792,-56.17611,6.00,-0.08,
4835,190.86750,-58.90306,6.40,+1.09,
4836,190.85958,-40.17778,6.44,+0.25,
4837,190.90875,-1.57694,5.93,+0.86,
4838,190.99458,-36.34917,6.39,-0.06,
4839,191.00208,-28.32389,5.48,+1.34,
4840,190.76750,61.15556,6.38,+1.26,
4841,191.25708,-68.83111,6.16,+0.69,
4842,191.40792,-60.98111,4.69,+1.05,Iot Cru
4843,191.11292,44.10306,6.33,+0.43,
4844,191.57042,-68.10806,3.05,-0.18,Bet Mus
4845,191.24792,39.27889,5.95,+0.55,10 CVn
4846,191.28250,45.44028,4.99,+2.54,
4847,191.40458,7.67333,5.22,+0.33,32 Vir
4848,191.59458,-56.48889,4.65,-0.16,
4849,191.59375,9.54000,5.67,+0.99,33 Vir
4850,191.69167,-33.31556,5.86,+1.34,
4851,191.66125,16.57750,5.12,+1.35,27 Com
4852,191.10833,80.62111,6.40,+0.12,
4853,191.93000,-59.68861,1.25,-0.23,Bet Cru
4854,191.75958,5.95083,6.34,-0.05,
4855,191.80667,11.95806,6.07,+0.12,34 Vir
4856,191.88917,-6.30194,6.26,+0.55,
4857,191.97375,-24.85167,6.44,-0.06,
4858,191.96417,3.57278,6.41,+1.60,35 Vir
4859,191.82875,62.78083,5.89,,
4860,192.11000,-27.59750,5.66,+0.95,
4861,192.05958,13.55306,6.56,+0.01,28 Com
4862,192.43708,-71.98639,5.55,+1.17,
4863,191.89333,66.79028,5.43,+1.56,7 Dra
4864,192.19583,24.84028,6.31,+0.70,
4865,192.22583,14.12250,5.70,+0.02,29 Com
4866,192.17417,48.46694,6.27,+0.18,11 CVn
4867,192.16417,60.32000,5.85,+0.46,
4868,192.55000,-60.40083,6.75,+0.35,
4869,192.32250,27.55222,5.78,+0.03,30 Com
4870,193.74417,-85.12333,5.46,+1.02,Iot Oct
4871,192.58167,-48.45972,6.24,+0.05,
4872,192.74125,-52.78750,5.73,+0.13,
4873,192.57250,22.86333,6.43,+1.00,
4874,192.67167,-33.99944,4.91,-0.04,
4875,192.54458,37.51694,5.89,+0.15,
4876,192.82417,-60.32972,5.72,+0.38,
4877,192.84542,-10.33833,6.41,+1.02,
4878,192.90375,3.05667,6.02,+1.29,37 Vir
4879,192.98667,-39.68083,5.98,-0.10,
4880,193.02208,-48.09417,6.33,+0.03,
4881,192.99125,-26.73806,6.15,+0.23,
4882,193.10250,-53.82944,6.24,+1.13,
4883,192.92458,27.54056,4.94,+0.67,31 Com
4884,193.05125,17.07389,6.32,+1.59,32 Com
4885,193.26625,-54.95250,5.93,+1.31,
4886,193.11500,16.12250,6.30,+0.16,
4887,193.34083,-60.32861,5.76,+0.33,
4888,193.27875,-48.94333,4.33,+1.37,
4889,193.35917,-40.17889,4.27,+0.21,
4890,193.45458,-60.37694,5.90,+0.20,Kap Cru
4891,193.29667,-3.55306,6.11,+0.50,38 Vir
4892,192.27750,83.41806,5.85,-0.06,
4893,192.30667,83.41278,5.28,-0.03,
4894,193.32417,21.24500,4.90,+0.90,35 Com
4895,193.59167,-58.43056,6.58,+0.76,
4896,193.40875,-4.22389,6.44,+1.10,
4897,193.66333,-59.14667,4.62,-0.15,Lam Cru
4898,193.64833,-57.17778,4.03,-0.17,Mu 1Cru
4899,193.65333,-57.16833,5.17,-0.12,Mu 2Cru
4900,193.45708,12.41861,6.25,+0.27,41 Vir
4901,193.57792,-11.64861,6.00,+0.08,
4902,193.58833,-9.53889,4.79,+1.60,40Psi Vir
4903,193.74375,-44.15194,5.89,+0.64,
4904,193.55458,33.53444,6.26,+0.20,
4905,193.50708,55.95972,1.77,-0.02,77Eps UMa
4906,193.83083,-42.91583,5.47,+1.68,
4907,194.13125,-72.18528,5.93,+1.13,
4908,193.98750,-56.83611,5.32,+0.01,
4909,193.73542,47.19667,5.84,+1.55,
4910,193.90083,3.39750,3.38,+1.58,43Del Vir
4911,193.97208,-15.32694,6.17,0.00,
4912,194.12542,-26.46028,6.62,+0.68,
4913,194.26833,-51.19861,5.16,-0.06,
4914,194.00167,38.31472,5.60,+0.34,12Alp1CVn
4915,194.00708,38.31833,2.90,-0.12,12Alp2CVn
4916,193.86875,65.43861,5.24,+0.28,8 Dra
4917,194.07333,54.09944,5.82,+0.19,
4918,194.38833,-22.75389,6.31,+1.07,
4919,194.28208,46.17694,6.12,+1.01,
4920,194.73083,17.40944,4.78,+1.56,36 Com
4921,194.91458,-3.81194,5.79,+0.18,44 Vir
4922,195.13583,-33.50528,6.02,+0.38,
4923,195.56750,-71.54889,3.62,+1.18,Del Mus
4924,195.06875,30.78500,4.90,+1.17,37 Com
4925,195.14958,-3.36861,5.99,+1.12,46 Vir
4926,195.16167,18.37306,6.20,+0.42,
4927,194.69708,75.47250,6.01,+0.99,
4928,194.97958,66.59722,5.32,+1.29,9 Dra
4929,195.29000,17.12306,5.96,+0.96,38 Com
4930,195.77167,-71.47611,6.03,+0.05,
4931,195.18250,56.36639,4.93,+0.36,78 UMa
4932,195.54417,10.95917,2.83,+0.94,47Eps Vir
4933,195.88833,-49.52722,4.85,+0.02,Xi 1Cen
4934,195.44500,63.61028,6.00,+0.41,
4935,195.94208,-20.58306,5.58,+0.56,
4936,195.66833,59.71611,6.53,+0.05,
4937,195.97667,-3.66333,6.59,+0.29,48 Vir
4938,196.20042,-41.19667,6.26,+1.68,
4939,196.37833,-52.11500,6.43,+1.70,
4940,196.56958,-48.46361,4.71,-0.14,
4941,196.64625,-41.58861,5.59,+1.05,
4942,196.72750,-49.90611,4.27,-0.19,Xi 2Cen
4943,196.43542,35.79889,5.25,-0.08,14 CVn
4944,196.85083,-59.86056,5.99,+0.48,
4945,196.46792,45.26861,5.63,+1.13,
4946,196.58833,21.15333,5.99,+0.39,39 Com
4947,196.72625,-35.86194,6.54,-0.02,
4948,196.54250,29.02944,6.54,+0.05,
4949,196.59417,22.61611,5.60,+1.59,40 Com
4950,196.20708,73.02528,6.31,,
4951,196.90958,-53.45972,5.71,-0.07,
4952,197.02917,-65.30639,5.51,-0.02,The Mus
4953,196.59458,62.04194,6.14,+0.99,
4954,196.79458,27.62472,4.80,+1.48,41 Com
4955,196.97417,-10.74028,5.19,+1.14,49 Vir
4956,196.97333,27.55583,6.19,+1.36,
4957,197.13542,-8.98444,5.55,+1.18,
4958,197.26375,-23.11806,4.95,+1.05,45Psi Hya
4959,197.31000,-9.53833,6.32,+1.02,
4960,197.30167,10.02222,5.78,+1.00,
4961,197.43875,-10.32944,5.94,+1.49,50 Vir
4962,197.44917,16.84861,5.91,+1.45,
4963,197.48750,-5.53889,4.38,-0.01,51The Vir
4964,197.41125,37.42306,6.02,+1.15,
4965,197.74333,-52.56694,6.06,-0.09,
4966,197.96500,-69.94194,5.91,+0.42,
4967,197.42500,38.53389,6.28,-0.12,15 CVn
4968,197.49708,17.52944,5.22,+0.45,42Alp Com
4969,197.49708,17.52944,5.22,,42Alp Com
4970,197.78667,-42.23306,5.79,+0.52,
4971,197.51333,38.49889,5.91,+0.29,17 CVn
4972,197.97125,-63.30278,6.33,+0.44,
4973,197.84667,-43.36889,5.25,+1.05,
4974,197.45917,62.22917,6.54,-0.02,
4975,198.07250,-59.92083,4.60,-0.08,
4976,198.57167,-78.44722,5.85,+1.07,
4977,198.20375,-66.22694,5.90,+0.06,
4978,197.91333,-26.55167,6.50,+0.19,
4979,198.01333,-37.80306,4.85,+0.70,
4980,198.23333,-59.81667,6.16,+0.60,
4981,198.01458,-16.19861,5.04,+0.46,53 Vir
4982,198.21208,-42.69972,6.22,+1.06,
4983,197.96833,27.87806,4.26,+0.57,43Bet Com
4984,198.03500,24.25806,6.33,+0.98,
4985,198.34792,-50.70000,5.89,-0.02,
4986,198.13708,11.55611,5.77,+1.51,
4987,198.14958,18.75167,6.53,+0.88,
4988,198.55042,-58.68389,5.89,+1.08,
4989,198.56167,-59.10333,4.92,+0.48,
4990,198.36167,-18.82667,6.28,+0.09,54 Vir
4991,198.48958,-43.13889,6.16,+1.38,
4992,198.30167,18.72694,6.11,+1.20,
4993,198.81208,-67.89444,4.80,-0.08,Eta Mus
4994,198.85708,-69.67972,6.37,+1.21,
4995,198.54542,-19.93083,5.33,+0.87,55 Vir
4996,198.67958,-48.95667,5.89,+1.06,
4997,198.42917,40.15278,4.92,+1.06,
4998,198.63042,11.33167,5.67,+1.50,
4999,198.79042,-36.37111,6.19,+0.97,
5000,199.18667,-65.13833,6.07,+0.44,
5001,198.99500,-19.94306,5.22,+1.03,57 Vir
5002,199.30417,-66.78361,4.87,+1.50,
5003,198.38333,72.79889,6.59,+0.08,
5004,198.88333,40.85528,5.79,+0.19,19 CVn
5005,199.10625,-1.39056,6.68,+0.31,
5006,199.22125,-31.50611,5.10,+0.96,
5007,199.05958,19.05167,6.45,+0.98,
5008,199.30792,-43.97944,5.84,+0.20,
5009,198.10583,80.47139,6.25,+0.94,
5010,199.13458,19.78528,6.45,+0.25,
5011,199.19375,9.42417,5.22,+0.59,59 Vir
5012,199.82875,-72.03556,6.04,+1.35,
5013,199.31500,13.67556,5.33,+1.31,
5014,199.37458,-0.67667,6.37,+0.26,
5015,199.40125,5.46972,4.80,+1.67,60Sig Vir
5016,199.64417,-51.28611,6.19,+0.01,
5017,199.38542,40.57250,4.73,+0.30,20 CVn
5018,199.11917,68.40806,6.20,-0.06,
5019,199.60125,-18.31139,4.74,+0.71,61 Vir
5020,199.73042,-23.17167,3.00,+0.92,46Gam Hya
5021,199.71292,3.68778,6.62,+0.06,
5022,199.61583,34.09806,5.82,+1.35,
5023,199.56042,49.68194,5.15,-0.07,21 CVn
5024,200.14542,-59.77333,6.18,+0.43,
5025,199.76750,35.12806,6.02,+0.24,
5026,200.15750,-52.74806,5.48,-0.13,
5027,200.20125,-55.80056,6.02,+0.29,
5028,200.14917,-36.71222,2.75,+0.04,Iot Cen
5029,200.24042,-46.88056,5.77,+1.12,
5030,200.71917,-72.14667,6.05,+0.09,
5031,200.17333,2.94167,6.26,+0.10,
5032,200.07917,40.15056,5.60,+1.20,23 CVn
5033,200.37458,-19.48889,6.21,+0.09,
5034,200.64875,-60.97222,6.18,+0.01,
5035,200.65792,-60.98833,4.53,-0.13,
5036,200.56750,-52.18306,5.83,+0.12,
5037,200.42333,2.08722,5.69,+0.06,
5038,200.71958,-47.94306,6.16,+0.18,
5039,200.76083,-48.56278,6.38,-0.07,
5040,200.54042,5.15472,5.87,+0.12,64 Vir
5041,201.00208,-64.53583,4.53,+0.85,
5042,201.27958,-74.88778,5.05,+1.11,Iot1Mus
5043,200.78625,-33.19000,6.22,+1.65,
5044,200.75458,-17.73528,5.37,+0.99,63 Vir
5045,200.51583,43.90306,6.35,+0.24,
5046,200.96792,-49.82306,6.48,+0.96,
5047,200.82875,-4.92444,5.89,+1.43,65 Vir
5048,201.30792,-64.48528,5.31,+0.40,
5049,201.45875,-70.62750,5.67,-0.03,
5050,201.13833,-5.16389,5.75,+0.42,66 Vir
5051,201.82625,-74.69194,6.63,-0.06,Iot2Mus
5052,200.97500,37.03389,6.07,+1.68,
5053,201.12708,12.43194,6.44,+1.06,
5054,200.98125,54.92528,2.27,+0.02,79Zet UMa
5055,200.98500,54.92167,3.95,+0.13,79Zet UMa
5056,201.29833,-11.16139,0.98,-0.23,67Alp Vir
5057,201.27792,23.85444,5.78,+0.06,
5058,201.53250,-39.75528,5.09,+1.20,
5059,201.54750,-1.19250,5.97,+0.19,
5060,201.73375,-41.49806,5.69,+1.47,
5061,201.77625,-49.14389,6.31,,
5062,201.30625,54.98806,4.01,+0.16,80 UMa
5063,201.83667,-49.38083,6.28,-0.12,
5064,201.68000,-12.70778,5.25,+1.52,68 Vir
5065,201.81125,-40.16306,6.40,+0.98,
5066,202.19333,-69.62806,6.20,+0.02,
5067,201.56917,46.02806,5.88,+0.97,
5068,201.86333,-15.97361,4.76,+1.09,69 Vir
5069,202.28167,-64.67583,6.11,+0.11,
5070,201.49958,63.26111,6.50,+0.74,
5071,202.35500,-51.16528,5.06,+0.07,
5072,202.10750,13.77889,4.98,+0.71,70 Vir
5073,201.53375,72.39139,5.79,+1.63,
5074,201.76917,64.73556,6.66,+0.37,
5075,201.79458,64.71944,7.04,+0.39,
5076,201.99792,52.74583,6.34,+0.23,
5077,202.10917,40.72972,6.47,+0.92,
5078,202.31208,-1.36444,6.43,+1.11,
5079,202.04875,50.58722,6.80,,
5080,202.42833,-23.28139,4.97,+1.60,
5081,202.30417,10.81833,5.65,+1.05,71 Vir
5082,203.31167,-77.56833,6.48,+0.48,
5083,202.19042,50.71833,6.43,+0.37,
5084,205.23125,-85.78611,5.58,+0.18,Kap Oct
5085,202.11292,59.94583,5.40,-0.01,
5086,202.50042,7.17889,6.17,+1.47,
5087,202.49000,6.01333,6.51,+0.96,
5088,202.60708,-6.47028,6.09,+0.33,72 Vir
5089,202.76125,-39.40750,3.88,+1.17,
5090,202.88875,-28.11278,6.47,+0.10,
5091,201.73625,78.64389,5.77,+0.77,
5092,203.02208,-38.39917,6.16,+1.04,
5093,203.39875,-65.63250,6.37,-0.02,
5094,203.01167,-18.72889,6.01,+0.18,73 Vir
5095,202.99125,-6.25583,4.69,+1.62,74 Vir
5096,202.81583,42.10611,6.08,+1.05,
5097,203.14958,-28.69278,5.69,+0.04,
5098,203.14375,-29.56528,6.45,+0.44,
5099,203.21542,-15.36306,5.55,+1.23,75 Vir
5100,203.24208,-10.16500,5.21,+0.96,76 Vir
5101,203.25292,-7.19500,6.68,+1.28,
5102,203.20042,24.34639,6.11,+0.96,
5103,203.62042,-48.27222,6.33,-0.05,
5104,203.68167,-33.31083,6.44,+1.26,
5105,203.53292,3.65889,4.94,+0.03,78 Vir
5106,203.66875,-13.21444,5.91,+0.02,
5107,203.67333,-0.59583,3.37,+0.11,79Zet Vir
5108,203.59083,38.78917,6.37,+0.21,
5109,203.53042,55.34861,5.60,-0.03,81 UMa
5110,203.69917,37.18250,4.98,+0.40,
5111,203.88042,-5.39611,5.73,+0.95,80 Vir
5112,203.61375,49.01611,4.70,+0.12,24 CVn
5113,204.30083,-61.69194,5.63,+0.50,
5114,203.88875,10.20472,6.49,+1.03,
5115,204.79958,-75.68389,6.34,+0.01,
5116,203.80875,44.19694,6.84,+0.20,
5117,204.21042,-34.46778,6.50,+1.03,
5118,204.27500,-44.14333,5.98,+0.94,
5119,204.69042,-70.44500,6.10,+1.42,
5120,204.20167,-26.49500,5.78,+0.22,
5121,204.34875,-46.42833,5.90,-0.12,
5122,204.53167,-58.41500,6.42,+1.12,
5123,204.24625,24.61333,5.74,+1.55,
5124,204.70458,-57.62306,6.01,+1.14,
5125,205.00250,-70.78833,6.59,+1.30,
5126,204.16583,49.48667,6.49,,
5127,204.36500,36.29500,4.82,+0.23,25 CVn
5128,204.67500,-29.56083,5.83,+0.40,
5129,204.53292,14.30167,6.52,+0.25,
5130,205.04542,-64.57694,5.79,+0.39,
5131,203.67833,76.54667,6.57,,
5132,204.97167,-53.46639,2.30,-0.22,Eps Cen
5133,204.42917,50.71472,6.48,+1.55,
5134,204.99875,-49.95028,6.00,+1.50,
5135,204.92000,-39.74806,6.27,+1.66,
5136,204.95250,-40.05194,5.60,+1.30,
5137,204.75958,18.26528,6.48,+1.20,
5138,204.89417,10.74611,5.57,+0.33,
5139,204.29583,71.24222,5.50,+1.20,
5140,205.50458,-58.78722,5.38,-0.03,
5141,205.43625,-54.56000,5.01,-0.05,
5142,204.87667,52.92139,5.46,+0.10,82 UMa
5143,205.06500,31.01194,6.21,+0.96,
5144,205.16875,19.95556,5.75,+0.01,1 Boo
5145,205.16292,28.06528,6.23,+1.28,
5146,205.37875,-23.44972,6.59,+0.06,
5147,205.44042,-33.59694,6.05,+1.44,
5148,205.09667,50.51944,6.32,+0.54,
5149,205.25958,22.49583,5.62,+1.01,2 Boo
5150,205.40333,-8.70306,5.01,+1.63,82 Vir
5151,205.73375,-56.76806,6.00,-0.08,
5152,205.72750,-50.79056,6.41,+1.67,
5153,205.08875,57.20750,6.29,+0.10,
5154,205.18458,54.68167,4.66,+1.64,83 UMa
5155,205.72917,-41.40111,5.98,+1.02,
5156,205.55292,8.38833,6.16,+0.42,
5157,205.91667,-42.06750,5.98,-0.08,
5158,206.06625,-51.01306,6.47,-0.13,
5159,205.76542,3.53806,5.36,+1.11,84 Vir
5160,205.62000,41.67417,6.30,+0.86,
5161,205.68083,34.98889,5.98,+0.85,
5162,205.37458,64.82250,5.85,+0.07,
5163,205.97625,-5.49889,6.51,+0.05,
5164,205.93833,22.70028,6.13,+1.42,
5165,206.12417,-16.17917,5.60,+0.81,83 Vir
5166,206.19042,-25.50083,6.21,+1.38,
5167,206.40375,-26.11611,5.81,+0.02,
5168,206.42167,-33.04389,4.23,+0.38,1 Cen
5169,205.97792,52.06444,6.02,0.00,
5170,206.39625,-15.76750,6.19,+0.05,85 Vir
5171,206.79458,-62.59000,6.51,+1.98,
5172,206.66375,-51.43278,4.65,+0.96,
5173,206.48458,-12.42667,5.51,+0.90,86 Vir
5174,206.73500,-36.25194,5.15,-0.02,
5175,206.86500,-50.24944,5.91,+0.29,
5176,206.91000,-50.32111,5.45,+1.36,
5177,206.30500,55.87944,6.50,+0.47,
5178,206.80625,-9.70917,6.05,+1.42,
5179,206.55625,41.08861,5.87,+0.21,
5180,206.57917,38.50389,5.94,+0.94,
5181,206.85583,-17.86000,5.43,+1.62,87 Vir
5182,206.68042,25.70222,5.95,+0.49,3 Boo
5183,206.73792,6.35056,6.33,+0.63,
5184,205.66375,78.06444,5.91,+1.01,
5185,206.81542,17.45667,4.50,+0.48,4Tau Boo
5186,206.74917,38.54278,5.50,+1.03,
5187,206.64875,54.43278,5.70,-0.08,84 UMa
5188,208.91125,-82.66611,5.95,+1.46,
5189,207.22958,-35.70389,6.53,+0.57,
5190,207.37625,-41.68778,3.41,-0.22,Nu Cen
5191,206.88500,49.31333,1.86,-0.19,85Eta UMa
5192,207.36125,-34.45083,4.19,+1.50,2 Cen
5193,207.40417,-42.47389,3.04,-0.17,Mu Cen
5194,207.94750,-69.40139,5.75,+1.73,
5195,207.16125,31.19028,5.62,+1.01,
5196,207.46792,-18.13417,4.97,+1.06,89 Vir
5197,207.52708,-29.08139,6.18,-0.03,
5198,207.58083,-39.90111,6.44,+0.99,
5199,207.23833,39.54278,7.40,,
5200,207.36917,15.79778,4.07,+1.52,5Ups Boo
5201,207.42833,21.26417,4.91,+1.43,6 Boo
5202,207.64375,-19.89722,6.53,+0.51,
5203,205.59625,82.75250,5.98,+1.01,
5204,207.43750,36.63278,6.38,,
5205,207.60292,5.49722,6.01,+0.90,
5206,207.94667,-46.89917,5.77,-0.16,
5207,208.02000,-52.81167,5.25,-0.09,
5208,207.90250,-36.43333,6.35,+0.48,
5209,207.83500,-24.39083,6.45,+0.69,
5210,207.95667,-32.99444,4.56,-0.13,3 Cen
5211,207.95875,-32.99472,6.06,-0.04,3 Cen
5212,208.00375,-31.61944,6.12,+0.48,
5213,207.43958,61.48917,5.96,+0.96,
5214,207.76875,34.77250,6.65,+0.12,
5215,207.78833,34.66444,5.87,+1.62,
5216,207.61542,58.53944,6.46,+0.09,
5217,208.42958,-53.37361,5.89,+0.01,
5218,208.70375,-67.65250,5.71,+1.49,
5219,207.94792,34.44417,4.74,+1.66,
5220,208.07667,12.16528,6.04,+0.04,
5221,208.30208,-31.92778,4.73,-0.14,4 Cen
5222,208.38667,-35.66417,5.54,+0.44,
5223,208.48708,-47.12806,6.10,-0.07,
5224,208.46750,-35.31444,6.19,+1.02,
5225,208.30375,17.93278,5.70,+0.84,7 Boo
5226,207.85792,64.72333,4.65,+1.58,10 Dra
5227,207.74667,68.31528,6.40,+1.17,
5228,208.56917,-28.56972,6.04,+1.13,
5229,208.29292,28.64806,5.90,+0.20,
5230,208.80083,-52.16111,5.71,-0.08,
5231,208.88500,-47.28833,2.55,-0.22,Zet Cen
5232,208.67542,-1.50306,5.15,+1.08,90 Vir
5233,208.74250,-8.05889,6.19,+0.53,
5234,209.08250,-54.13194,6.14,+0.07,
5235,208.67125,18.39778,2.68,+0.58,8Eta Boo
5236,209.13750,-54.70444,6.00,+0.78,
5237,208.93542,-31.28500,6.51,+0.90,
5238,208.46250,53.72861,5.70,-0.05,86 UMa
5239,209.08125,-46.59250,5.83,+1.14,
5240,210.13667,-78.59000,6.09,+0.03,
5241,209.41208,-63.68667,4.71,+1.11,
5242,209.63000,-65.80056,6.20,+1.05,
5243,208.95833,14.05639,6.16,+0.50,
5244,209.11625,1.05056,5.91,+0.20,92 Vir
5245,209.04375,32.03250,6.32,+0.37,
5246,209.36542,-23.02278,6.14,+1.43,
5247,209.14250,27.49194,5.01,+1.42,9 Boo
5248,209.56792,-42.10083,3.83,-0.21,Phi Cen
5249,209.67000,-44.80361,3.87,-0.20,Ups1Cen
5250,209.62958,-24.97222,5.15,-0.10,47 Hya
5251,209.82208,-50.37000,5.91,+0.96,
5252,210.07208,-61.48139,6.49,+0.33,
5253,210.21750,-66.26861,5.97,+0.35,
5254,209.66625,14.64944,6.00,+1.44,
5255,209.66208,21.69611,5.76,-0.03,10 Boo
5256,209.38375,61.49278,6.37,,
5257,210.00042,-25.01028,5.77,+0.48,48 Hya
5258,209.95542,-3.54972,6.40,+0.49,
5259,210.32917,-40.22222,6.13,+1.25,
5260,210.43083,-45.60361,4.34,+0.60,Ups2Cen
5261,211.33250,-76.79667,5.50,+1.55,The Aps
5262,210.33500,8.89472,5.99,+0.09,
5263,210.29375,27.38667,6.23,+0.17,11 Boo
5264,210.41167,1.54444,4.26,+0.10,93Tau Vir
5265,210.59500,-27.43000,5.48,+1.34,
5266,210.85917,-56.21361,5.92,+1.22,
5267,210.95583,-60.37306,0.61,-0.23,Bet Cen
5268,210.75708,-31.68389,6.18,+0.48,
5269,210.86458,-41.42333,6.11,-0.11,
5270,210.63250,9.68639,6.20,+0.90,
5271,210.55083,45.75361,6.27,+1.32,
5272,210.97125,-22.42167,6.30,+0.45,
5273,210.88458,10.78667,6.30,+0.74,
5274,210.90333,7.54639,6.26,+0.94,
5275,210.98250,4.90083,6.24,+0.39,
5276,211.06083,-5.38139,6.39,+1.32,
5277,211.11250,-14.97167,6.28,+1.08,
5278,211.44375,-54.66944,6.17,+0.23,
5279,212.11292,-74.85028,6.02,+0.58,
5280,210.74875,50.97194,6.15,+0.01,
5281,211.60458,-59.71556,6.42,+0.12,
5282,210.46083,68.67861,6.34,+1.40,
5283,211.15625,2.29750,6.28,+1.02,
5284,211.30833,-16.33583,6.56,+0.10,
5285,211.51167,-41.17972,4.36,-0.19,Chi Cen
5286,211.54542,-43.09194,6.20,+0.98,
5287,211.59292,-26.68250,3.27,+1.12,49Pi Hya
5288,211.67083,-36.37000,2.06,+1.01,5The Cen
5289,212.05958,-63.20806,6.40,+1.02,
5290,211.67833,-9.31333,5.46,+0.34,95 Vir
5291,211.09708,64.37583,3.65,-0.05,11Alp Dra
5292,212.23458,-59.27667,6.34,+0.05,
5293,212.62875,-70.30556,6.05,+1.74,
5294,212.21625,-43.47111,6.17,-0.06,
5295,212.75792,-69.71972,6.06,+0.18,
5296,212.39583,-51.50472,6.00,-0.06,
5297,212.47833,-53.43917,4.75,+0.94,
5298,212.25250,-10.33444,6.47,+1.00,96 Vir
5299,211.98250,43.85444,5.27,+1.59,
5300,212.07208,49.45806,5.25,+1.65,13 Boo
5301,212.71042,-16.30194,4.91,+1.72,
5302,212.19167,59.33778,6.46,+1.02,
5303,214.55750,-81.00778,4.91,+0.25,Eta Aps
5304,212.59958,25.09167,4.83,+0.54,12 Boo
5305,211.73500,74.59361,6.45,+0.14,3 UMi
5306,214.22875,-77.66389,6.47,+1.42,
5307,212.88000,1.36222,6.43,+0.48,
5308,213.31833,-53.66583,5.56,+1.44,
5309,213.10208,-24.36417,6.34,+1.35,
5310,212.81292,32.29556,6.11,+1.26,
5311,213.41625,-54.62583,6.11,+0.05,
5312,213.19167,-27.26111,5.08,+1.16,50 Hya
5313,213.06583,2.40944,5.01,-0.12,
5314,213.30500,-26.61222,6.24,+1.08,
5315,213.22417,-10.27361,4.19,+1.33,98Kap Vir
5316,213.73750,-57.08583,5.07,-0.08,
5317,213.42000,-0.84556,5.91,+0.47,
5318,213.67750,-41.83750,5.61,+0.93,
5319,213.83833,-53.50972,6.39,+1.57,
5320,214.16083,-66.58778,5.75,-0.06,
5321,212.21208,77.54750,4.82,+1.36,4 UMi
5322,213.58875,-5.94750,6.36,+0.60,
5323,213.52167,12.95944,5.54,+0.54,14 Boo
5324,213.75542,-29.28194,6.08,,
5325,213.91167,-45.00083,6.31,+0.60,
5326,214.14250,-59.91389,6.39,+2.04,
5327,216.09708,-82.84861,6.42,+0.02,
5328,213.36542,51.78778,6.69,+0.39,17Kap1Boo
5329,213.37083,51.79028,4.54,+0.20,17Kap2Boo
5330,213.71167,10.10056,5.29,+1.00,15 Boo
5331,213.72083,3.33611,6.45,+1.60,
5332,213.85042,-18.20083,5.43,-0.03,
5333,213.67083,21.87333,6.39,+0.18,
5334,213.01667,69.43250,5.24,+1.58,
5335,213.59792,41.51889,6.24,+1.04,
5336,215.59458,-80.10889,5.06,-0.10,Eps Aps
5337,214.07625,-33.24139,6.55,+0.30,
5338,214.00375,-6.00056,4.08,+0.52,99Iot Vir
5339,216.72875,-83.66778,4.32,+1.31,Del Oct
5340,213.91542,19.18250,-0.04,+1.23,16Alp Boo
5341,214.08958,-6.62194,6.44,+0.28,
5342,214.12542,-3.19639,6.15,-0.01,
5343,214.01750,18.91194,5.98,+0.26,
5344,214.26583,-18.58528,6.22,+0.98,
5345,213.82042,52.53583,6.58,+0.10,
5346,214.13667,20.12139,6.25,+0.49,
5347,214.10083,39.74472,6.38,+0.36,
5348,214.59917,-33.22056,6.54,+0.27,
5349,214.96458,-61.27306,5.23,+0.29,
5350,214.04125,51.36722,4.75,+0.20,21Iot Boo
5351,214.09583,46.08833,4.18,+0.08,19Lam Boo
5352,214.36833,15.26333,5.80,+1.71,
5353,214.50250,-7.54250,6.47,+0.73,
5354,214.85083,-46.05778,3.55,-0.18,Iot Lup
5355,214.65958,-18.71611,5.90,0.00,
5356,214.75333,-25.81556,5.87,+0.50,
5357,214.84958,-37.00361,5.94,+0.08,
5358,215.08125,-56.38667,4.33,+0.12,
5359,214.77750,-13.37111,4.52,+0.13,100Lam Vir
5360,214.33792,51.30722,6.20,+0.04,
5361,214.49917,35.50944,4.81,+1.06,
5362,215.04042,-43.05889,5.56,+0.92,
5363,214.45500,48.00167,6.32,+0.44,
5364,215.17708,-45.18722,4.77,+0.31,
5365,214.81792,13.00417,5.41,+0.38,18 Boo
5366,214.88542,-2.26556,5.14,+1.02,102Ups Vir
5367,215.13917,-37.88528,4.05,-0.03,Psi Cen
5368,214.92042,0.38417,6.19,+0.20,
5369,214.73208,38.76750,6.86,+1.06,
5370,214.93833,16.30694,4.86,+1.23,20 Boo
5371,215.65417,-58.45944,4.92,+0.86,
5372,214.73250,54.86417,6.53,,
5373,214.94875,38.79389,6.33,+0.05,
5374,215.03625,30.42917,6.44,+0.15,
5375,215.66125,-48.32028,6.09,-0.13,
5376,215.58208,-34.78694,5.56,-0.09,
5377,215.83458,-50.77222,6.02,+1.36,
5378,215.75917,-39.51222,4.42,-0.18,
5379,216.27625,-68.19528,5.61,+0.49,
5380,215.95167,-53.17667,6.00,+1.10,
5381,215.77417,-27.75389,4.77,+1.31,51 Hya
5382,216.41458,-66.17333,6.36,+0.13,
5383,215.85667,-11.71417,6.21,+0.99,2 Lib
5384,215.81375,1.24167,6.27,+0.63,
5385,215.84417,8.44500,6.86,+0.43,
5386,215.84458,8.44667,5.12,-0.02,
5387,215.77833,25.33806,6.22,+0.37,
5388,216.00375,8.24361,5.95,+0.06,
5389,217.40333,-76.72917,6.07,+1.18,
5390,216.20250,-24.80639,5.32,+0.96,
5391,216.77958,-65.82167,5.85,+1.50,
5392,216.04708,5.82000,5.10,+0.12,
5393,216.17042,-11.66972,6.49,+0.42,
5394,216.07625,8.08500,6.19,+1.20,
5395,216.53417,-45.22139,4.56,-0.15,Tau1Lup
5396,216.54500,-45.37944,4.35,+0.43,Tau2Lup
5397,216.37417,-19.96972,6.61,+0.14,
5398,216.55583,-42.31917,6.32,+1.19,
5399,216.44875,-26.85250,6.48,+0.94,
5400,216.70792,-39.87389,6.35,-0.08,
5401,216.80083,-46.13444,5.83,+0.31,
5402,216.37167,38.39306,6.27,+1.23,
5403,217.18125,-59.19778,6.45,+0.14,
5404,216.29917,51.85083,4.05,+0.50,23The Boo
5405,216.61417,19.22694,5.39,+0.23,22 Boo
5406,216.85167,-6.12028,6.17,+0.09,104 Vir
5407,217.04333,-29.49167,4.97,-0.07,52 Hya
5408,217.81875,-67.71722,5.83,+1.00,
5409,217.05042,-2.22806,4.81,+0.70,105Phi Vir
5410,217.17375,-6.90056,5.42,+1.49,106 Vir
5411,216.86375,41.02500,6.63,+0.37,
5412,217.53583,-45.32167,5.50,-0.08,
5413,217.58708,-49.51917,5.37,+0.05,
5414,217.13125,28.28917,7.62,-0.01,
5415,217.13875,28.29083,7.12,-0.03,
5416,217.06833,36.19694,6.10,,
5417,217.73542,-40.84500,6.39,+1.44,
5418,217.46042,0.82889,5.94,+0.16,
5419,217.79500,-38.86972,5.97,+1.06,
5420,217.15750,49.84472,5.59,+0.85,24 Boo
5421,218.13708,-56.88778,6.93,+0.91,
5422,217.45708,31.79111,6.06,-0.03,
5423,217.40333,41.79583,6.35,+0.70,
5424,217.68917,4.77222,6.02,+1.42,
5425,218.15375,-50.45694,4.42,-0.19,Sig Lup
5426,218.38500,-54.99833,5.87,+0.48,
5427,218.37458,-52.68000,5.87,+1.09,
5428,218.29000,-30.71417,6.09,+1.03,
5429,217.95750,30.37139,3.58,+1.30,25Rho Boo
5430,216.88125,75.69611,4.25,+1.44,5 UMi
5431,218.53333,-42.09972,6.60,+0.06,
5432,218.82167,-60.01583,6.40,+1.26,
5433,218.08417,26.67722,6.01,+0.22,
5434,218.13542,22.26000,5.92,+0.35,26 Boo
5435,218.01958,38.30833,3.03,+0.19,27Gam Boo
5436,217.69208,63.18556,6.09,+0.41,
5437,217.92833,60.22556,6.27,+0.24,
5438,218.71125,-20.43917,6.50,+0.14,
5439,218.88125,-41.51722,5.87,-0.08,
5440,218.87667,-42.15778,2.31,-0.19,Eta Cen
5441,218.33458,36.95944,6.43,,
5442,218.12875,55.39778,5.76,+1.50,
5443,219.44292,-67.93222,6.04,+0.50,
5444,219.07917,-46.24528,5.55,+1.48,
5445,218.54875,32.53444,6.33,+0.40,
5446,219.10083,-39.59722,6.13,+1.05,
5447,218.67000,29.74500,4.46,+0.36,28Sig Boo
5448,218.66042,36.62583,6.03,+1.38,
5449,219.18417,-40.21167,5.74,-0.12,
5450,219.33375,-46.13389,5.41,+1.01,
5451,218.56625,57.06528,6.48,+0.49,
5452,218.66500,49.36833,5.74,+1.56,
5453,219.47167,-49.42583,4.05,-0.15,Rho Lup
5454,219.02875,23.25028,6.38,+1.06,
5455,219.24917,-12.30528,6.20,+0.46,
5456,219.58167,-38.79417,6.02,+1.43,
5457,219.79583,-46.58417,6.07,+0.51,
5458,219.85292,-49.05556,6.39,+0.44,
5459,219.89958,-60.83528,-0.01,+0.71,Alp1Cen
5460,219.90042,-60.83556,1.33,+0.88,Alp2Cen
5461,220.13667,-56.44083,6.30,+1.18,
5462,219.55833,18.29833,5.91,+1.10,
5463,220.62667,-64.97528,3.19,+0.24,Alp Cir
5464,219.55208,43.64194,5.70,+1.48,
5465,220.48208,-58.61611,6.22,+0.45,
5466,220.25583,-36.13500,5.67,-0.08,
5467,219.56333,54.02333,5.85,-0.01,
5468,219.70917,44.40444,5.39,0.00,33 Boo
5469,220.48250,-47.38833,2.30,-0.20,Alp Lup
5470,221.96500,-79.04472,3.83,+1.43,Alp Aps
5471,220.49000,-37.79361,4.00,-0.17,
5472,220.09125,21.97556,6.10,+0.40,
5473,220.17667,13.53417,5.91,+0.21,
5474,220.46292,-30.93333,6.37,-0.09,
5475,220.18167,16.41833,4.94,-0.03,29Pi 1Boo
5476,220.18292,16.41778,5.88,+0.24,29Pi 2Boo
5477,220.28708,13.72833,4.83,,30Zet Boo
5478,220.28708,13.72833,4.43,+0.05,30Zet Boo
5479,218.40958,79.66028,6.26,+1.30,
5480,220.41167,8.16167,4.86,+1.00,31 Boo
5481,220.43125,11.66056,5.56,+0.94,32 Boo
5482,221.32208,-62.87583,5.36,+0.29,
5483,220.47583,21.12361,6.38,,
5484,220.80667,-24.99750,5.73,-0.01,4 Lib
5485,220.91417,-35.17361,4.05,+1.35,
5486,221.23125,-58.47778,6.11,+1.02,
5487,220.76500,-5.65833,3.88,+0.38,107Mu Vir
5488,221.29542,-55.60194,6.10,-0.06,
5489,221.24667,-35.19194,4.92,+0.01,
5490,220.85583,26.52778,4.81,+1.66,34 Boo
5491,232.07958,-88.13306,6.48,+0.30,
5492,220.51333,61.26194,6.25,+0.41,
5493,220.93500,40.45917,5.73,+1.39,
5494,221.62125,-47.44111,5.74,+0.07,
5495,221.75542,-52.38361,5.21,+0.98,
5496,221.29875,-1.41778,6.07,+1.61,
5497,221.50042,-25.44306,4.94,+0.35,54 Hya
5498,221.80125,-52.20556,6.07,+0.09,
5499,221.52833,-23.15306,5.81,+0.98,
5500,222.18500,-66.59389,5.91,-0.07,
5501,221.37583,0.71722,5.69,-0.03,108 Vir
5502,221.31042,16.96444,4.60,+0.98,35Omi Boo
5503,221.49083,-15.45972,6.33,+1.19,5 Lib
5504,221.54542,-21.17611,6.40,+0.58,
5505,221.24667,27.07500,5.12,,36Eps Boo
5506,221.24667,27.07417,2.70,+0.97,36Eps Boo
5507,221.33625,18.88472,6.13,+0.83,
5508,221.77125,-38.29083,5.94,+1.33,
5509,221.88375,-43.55750,6.30,+1.08,
5510,221.30708,32.78833,6.28,+1.58,
5511,221.56208,1.89278,3.72,-0.01,109 Vir
5512,221.52500,15.13194,5.63,+1.57,
5513,221.80708,-21.32472,6.06,+1.65,
5514,221.84375,-25.62444,5.63,,55 Hya
5515,222.27875,-56.66778,6.23,+1.13,
5516,221.93667,-26.08750,5.24,+0.94,56 Hya
5517,221.98958,-26.64639,5.77,-0.02,57 Hya
5518,221.97875,-12.83972,6.35,+1.10,
5519,222.15875,-36.63472,6.04,+1.54,
5520,223.30708,-73.19000,5.60,+0.82,
5521,222.32792,-24.25167,5.68,+1.30,
5522,222.22542,-0.84778,6.14,-0.04,
5523,222.32958,-14.14889,5.31,+0.07,7Mu Lib
5524,222.09708,24.36667,6.14,+0.48,
5525,225.46167,-83.22778,5.65,+0.95,Pi 1Oct
5526,222.57208,-27.96028,4.41,+1.40,58 Hya
5527,223.14583,-63.81000,5.87,+0.72,
5528,222.91000,-43.57556,4.32,-0.15,Omi Lup
5529,222.27792,37.81111,6.16,+0.36,
5530,222.67167,-15.99722,5.15,+0.41,8Alp1Lib
5531,222.71958,-16.04167,2.75,+0.15,9Alp2Lib
5532,222.49333,28.61583,5.80,+0.05,
5533,222.32792,46.11611,5.74,+0.48,38 Boo
5534,222.56583,23.91194,5.85,+0.56,
5535,222.75417,-2.29917,4.94,+0.98,11 Lib
5536,222.75042,-0.25722,6.18,+1.40,
5537,222.38458,51.37472,6.51,+0.40,
5538,222.42208,48.72056,5.69,+0.47,39 Boo
5539,223.67667,-65.99139,6.09,-0.06,Zet Cir
5540,224.47042,-76.66278,5.34,+1.45,
5541,222.62333,37.27194,5.48,+1.02,
5542,223.13792,-30.57694,6.29,+0.60,
5543,223.21292,-37.80333,5.03,-0.16,
5544,222.84708,19.10111,4.55,+0.76,37Xi Boo
5545,226.19458,-83.03833,5.65,+1.30,Pi 2Oct
5546,223.89417,-60.11417,5.20,+1.16,
5547,225.04917,-77.16028,5.93,+1.05,
5548,223.58375,-24.64222,5.30,+1.32,12 Lib
5549,223.65833,-33.30056,5.82,+1.42,
5550,223.34708,15.70444,6.40,+0.57,
5551,224.18333,-62.78083,5.11,0.00,The Cir
5552,222.86000,59.29389,5.46,+1.36,
5553,223.34875,19.15278,6.01,+0.83,
5554,223.59542,-11.89833,5.80,+0.97,13Xi 1Lib
5555,224.98333,-75.03250,6.20,-0.04,
5556,224.07208,-52.80972,5.38,+0.13,
5557,227.78458,-84.78750,5.91,-0.06,Ome Oct
5558,223.93625,-33.85583,5.32,+0.04,
5559,224.13333,-47.87917,5.64,-0.04,
5560,224.25583,-51.44694,6.64,+1.70,
5561,224.14917,-39.41611,6.36,+0.06,
5562,224.12875,-32.63667,6.06,+1.41,
5563,222.67625,74.15556,2.08,+1.47,7Bet UMi
5564,224.19208,-11.40972,5.46,+1.49,15Xi 2Lib
5565,224.30667,-29.15778,6.29,-0.04,
5566,224.53667,-48.86306,6.35,+0.71,
5567,224.05500,14.44639,5.77,-0.06,
5568,224.36667,-21.41556,5.74,+1.11,
5569,223.99458,32.30028,6.12,+0.10,
5570,224.29583,-4.34639,4.49,+0.32,16 Lib
5571,224.63292,-43.13389,2.68,-0.22,Bet Lup
5572,224.65333,-39.90667,6.15,+1.23,
5573,224.38875,-0.16750,5.53,+1.13,
5574,224.26500,21.55528,6.49,-0.01,
5575,224.29875,16.38833,5.71,+0.94,
5576,224.79042,-42.10417,3.13,-0.20,Kap Cen
5577,224.66333,-27.65722,5.65,+0.24,59 Hya
5578,224.55583,-11.15500,6.60,+0.01,17 Lib
5579,224.80792,-37.88139,6.47,-0.08,
5580,224.86292,-43.16000,6.10,+0.60,
5581,224.09583,49.62861,5.63,+0.50,
5582,224.72333,-11.14417,5.87,+1.26,18 Lib
5583,224.72000,-4.98917,6.09,+0.50,
5584,224.84625,4.56778,5.93,+1.60,
5585,225.30417,-38.05833,5.89,+1.24,
5586,225.24333,-8.51889,4.92,0.00,19Del Lib
5587,225.49208,-34.35889,6.22,+0.24,
5588,224.90375,39.26528,5.64,+0.31,40 Boo
5589,224.39583,65.93250,4.60,+1.59,
5590,225.33250,-2.75500,5.52,+1.68,
5591,225.52667,-28.06056,5.85,+0.16,60 Hya
5592,225.21833,22.04556,6.38,,
5593,226.20083,-64.03167,5.17,+0.93,Eta Cir
5594,225.45375,-0.14056,5.71,+1.52,
5595,225.74708,-32.64333,5.44,-0.12,
5596,222.58500,82.51194,5.64,+0.68,
5597,225.16125,47.27778,6.37,-0.14,
5598,226.78625,-71.90528,6.52,+1.59,
5599,225.68708,-3.03139,6.61,+0.20,
5600,225.52708,25.00806,4.81,+1.50,41Ome Boo
5601,225.72500,2.09139,4.40,+1.04,110 Vir
5602,225.48667,40.39056,3.50,+0.97,42Bet Boo
5603,226.01750,-25.28194,3.29,+1.70,20Sig Lib
5604,226.17875,-40.86139,6.41,+1.46,
5605,226.28000,-47.05111,4.72,-0.14,Pi Lup
5606,226.28000,-47.05111,4.82,,Pi Lup
5607,226.32958,-41.06722,5.15,+1.01,
5608,225.36292,60.20444,5.93,+0.09,
5609,225.77542,35.20583,5.51,+1.02,
5610,226.02667,5.49250,6.50,+0.31,
5611,226.98667,-65.27556,6.17,+1.47,
5612,225.77750,44.64444,6.65,+0.46,
5613,225.90208,34.56611,6.59,+1.02,
5614,226.44875,-25.78972,6.67,-0.01,
5615,226.55792,-36.26417,6.27,+1.65,
5616,226.11125,26.94750,4.54,+1.24,43Psi Boo
5617,226.85792,-49.08833,5.77,+0.92,
5618,225.94750,47.65444,4.76,+0.65,44 Boo
5619,226.63875,-30.91889,5.96,-0.08,
5620,226.61292,-22.03194,6.17,+1.05,
5621,227.37458,-67.08417,5.76,+0.69,
5622,226.65667,-16.25694,5.20,+1.58,21Nu Lib
5623,227.35625,-63.64278,6.28,+0.06,
5624,227.05042,-40.58389,5.79,-0.14,
5625,227.16292,-42.86778,5.85,-0.11,
5626,227.21083,-45.27972,4.05,-0.18,Lam Lup
5627,226.35750,48.15111,5.57,0.00,47 Boo
5628,228.14083,-72.77028,6.01,0.00,
5629,225.99083,65.91972,6.13,,
5630,226.64625,36.45556,6.35,+0.52,
5631,226.91792,5.49806,6.16,+0.94,
5632,227.68583,-61.42250,6.30,+0.63,
5633,226.83500,18.44167,6.02,+0.06,
5634,226.82542,24.86917,4.93,+0.43,45 Boo
5635,226.56958,54.55639,5.25,+0.96,
5636,227.53125,-38.79250,5.98,,
5637,227.81667,-55.34611,5.54,+1.14,
5638,227.09917,26.30111,5.67,+1.24,46 Boo
5639,227.22250,13.23500,6.10,+0.96,
5640,227.14792,25.10861,5.81,+1.24,
5641,227.57750,-26.33278,5.76,+1.05,
5642,227.89542,-45.27750,6.44,+1.04,
5643,227.88292,-45.27944,7.39,+1.08,
5644,228.57958,-70.07944,5.81,+3.38,
5645,228.25417,-61.74389,6.32,+1.90,
5646,227.98375,-48.73778,3.87,-0.05,Kap1Lup
5647,227.99000,-48.74361,5.69,+0.14,Kap2Lup
5648,227.08125,50.05500,6.39,+1.03,
5649,228.07125,-52.09917,3.41,+0.92,Zet Lup
5650,228.13042,-48.21861,6.33,+1.12,
5651,228.20625,-44.50056,4.82,-0.17,
5652,228.05542,-19.79167,4.54,-0.08,24Iot1Lib
5653,228.28083,-36.09139,6.10,-0.08,
5654,228.01792,18.97583,5.89,+1.53,
5655,228.32292,-24.00833,6.47,-0.04,
5656,228.33000,-19.64750,6.08,+0.12,25Iot2Lib
5657,228.36958,-25.30917,6.45,+0.70,23 Lib
5658,228.47208,-26.19361,5.84,+1.14,
5659,228.18125,19.28583,6.68,+0.68,
5660,228.65542,-31.51917,4.91,+0.37,1 Lup
5661,229.15167,-60.90389,5.73,-0.08,
5662,228.64042,-17.76861,6.17,-0.05,26 Lib
5663,228.97417,-48.07417,5.95,+0.21,
5664,229.23625,-60.95750,5.09,-0.06,Del Cir
5665,228.38292,22.98333,6.30,+0.06,
5666,229.41208,-63.61056,4.86,+1.25,Eps Cir
5667,229.01667,-41.49111,5.16,+0.58,
5668,229.04375,-43.48472,6.04,-0.14,
5669,228.71125,-5.50278,6.28,+1.47,
5670,229.37833,-58.80111,4.07,+0.09,Bet Cir
5671,229.72750,-68.67944,2.89,0.00,Gam TrA
5672,227.68375,67.78139,6.17,,
5673,228.39833,38.26472,6.20,+1.20,
5674,228.52542,31.78806,5.99,+1.52,
5675,228.79750,4.93944,5.33,+1.09,3 Ser
5676,228.62167,29.16417,5.26,+0.03,48Chi Boo
5677,228.54292,42.17139,6.13,+1.66,
5678,229.09583,-22.39944,5.50,+1.38,
5679,228.95458,0.37222,5.63,+0.18,4 Ser
5680,229.70375,-60.49639,5.46,-0.10,
5681,228.87583,33.31472,3.47,+0.95,49Del Boo
5682,229.53917,-41.06083,6.28,+0.18,
5683,229.63333,-47.87500,4.27,-0.08,Mu Lup
5684,230.16958,-67.48139,6.28,-0.09,
5685,229.25167,-9.38306,2.61,-0.11,27Bet Lib
5686,229.45792,-30.14889,4.34,+1.10,2 Lup
5687,229.73500,-40.78833,5.59,-0.10,
5688,229.67208,-31.20944,6.18,+1.23,
5689,229.88167,-37.09667,6.20,+0.96,
5690,229.60917,-0.46139,5.89,+1.51,
5691,228.65958,67.34667,5.13,+0.53,
5692,229.60208,20.57278,5.70,+0.97,
5693,228.71625,68.94528,6.51,,
5694,229.82833,1.76528,5.06,+0.54,5 Ser
5695,230.34292,-40.64750,3.22,-0.22,Del Lup
5696,230.39708,-40.74972,6.20,+0.07,
5697,230.37542,-38.21917,6.48,-0.06,
5698,230.53458,-47.92778,5.00,+0.50,Nu 1Lup
5699,230.45083,-48.31778,5.65,+0.65,Nu 2Lup
5700,230.79333,-60.65694,5.67,+0.48,
5701,230.22375,-18.15861,6.17,+1.02,28 Lib
5702,229.87583,32.51528,6.32,+0.24,
5703,230.25583,-15.54833,6.30,+0.41,29Omi Lib
5704,230.84458,-59.32083,4.51,+0.19,Gam Cir
5705,230.45167,-36.26139,3.56,+1.54,Phi1Lup
5706,230.19625,-2.41333,6.35,+1.06,
5707,230.28167,-5.82472,5.54,+1.04,
5708,230.67042,-44.68944,3.37,-0.18,Eps Lup
5709,230.03542,29.61611,5.51,+1.02,1Omi CrB
5710,230.25833,0.71528,5.35,+1.19,6 Ser
5711,230.27875,24.95778,6.39,+1.23,
5712,230.78917,-36.85861,4.54,-0.15,Phi2Lup
5713,231.56125,-68.30917,5.89,+1.02,
5714,229.27458,71.82389,5.02,+1.37,11 UMi
5715,230.02167,51.95861,5.66,+0.11,
5716,230.17333,44.43417,6.19,+0.39,
5717,230.59667,12.56750,6.28,-0.02,7 Ser
5718,230.45250,32.93389,5.37,-0.07,50 Boo
5719,231.18708,-39.71028,5.37,-0.11,Ups Lup
5720,230.96750,-12.36944,5.72,+1.04,
5721,230.93208,-1.02250,6.12,+0.25,8 Ser
5722,231.27750,-38.16944,7.03,+0.09,
5723,231.04958,-10.32222,4.94,+0.44,31Eps Lib
5724,231.33417,-38.73361,4.60,0.00,
5725,231.88792,-64.53139,5.71,+1.64,
5726,230.65583,39.58139,5.50,+1.59,
5727,230.80125,30.28778,5.58,+0.58,2Eta CrB
5728,230.80125,30.28778,6.08,,2Eta CrB
5729,235.82000,-84.46528,5.57,+0.11,Rho Oct
5730,232.87833,-73.38944,5.49,-0.12,Kap1Aps
5731,230.65542,62.04722,5.98,-0.03,
5732,231.02125,45.27111,6.01,+1.20,
5733,231.12250,37.37722,4.31,+0.31,51Mu 1Boo
5734,231.12875,37.34778,6.50,+0.59,51Mu 2Boo
5735,230.18208,71.83389,3.05,+0.05,13Gam UMi
5736,231.82583,-36.76778,5.45,-0.15,
5737,230.66000,63.34139,5.79,+1.27,
5738,232.11333,-51.59750,6.10,+1.09,
5739,231.44750,15.42806,5.17,+1.66,9Tau1Ser
5740,231.47208,19.48083,6.27,+0.60,
5741,231.57250,34.33583,5.46,+1.40,
5742,232.35125,-46.73278,5.24,+1.74,
5743,232.06417,-16.71639,5.64,+1.55,32Zet1Lib
5744,231.23250,58.96611,3.29,+1.16,12Iot Dra
5745,231.91208,25.10167,6.02,+1.62,
5746,232.15917,1.84222,5.17,+0.23,10 Ser
5747,231.95708,29.10583,3.68,+0.28,3Bet CrB
5748,231.63542,54.02000,6.45,+0.05,
5749,232.65125,-20.72833,6.22,+0.17,
5750,232.66833,-16.60944,5.82,+1.06,34Zet3Lib
5751,233.01833,-38.62306,6.25,+0.20,
5752,232.18542,47.20139,6.15,+0.10,
5753,232.95958,-32.88111,6.46,+0.09,
5754,231.92000,62.27556,6.50,+0.14,
5755,231.96417,60.67028,5.90,+1.44,
5756,232.93083,-20.16472,6.22,+0.22,
5757,234.82625,-77.91806,6.18,+1.20,
5758,232.73083,8.57917,6.57,+0.37,
5759,232.23667,55.19500,6.43,+0.08,
5760,232.59458,31.28611,6.46,+0.19,
5761,232.61625,36.80417,6.37,,
5762,233.15292,-19.67056,5.52,+0.18,
5763,232.73250,40.83306,5.02,+1.59,52Nu 1Boo
5764,233.23000,-16.85278,5.50,-0.14,35Zet4Lib
5765,233.28792,-24.48944,7.00,+0.27,
5766,234.07250,-65.61333,6.51,+0.35,
5767,233.50667,-40.06611,5.82,+1.68,
5768,232.33833,62.09972,6.38,,
5769,232.84333,36.61639,6.38,+0.50,
5770,233.04042,16.05611,6.22,-0.05,12Tau2Ser
5771,234.18000,-66.31694,4.11,+1.17,Eps TrA
5772,233.24125,-1.18639,5.51,+1.09,11 Ser
5773,233.58708,-39.34944,6.36,-0.03,
5774,232.94583,40.89944,5.02,+0.07,53Nu 2Boo
5775,233.65542,-28.04694,5.15,+1.30,36 Lib
5776,233.78542,-41.16694,2.78,-0.20,Gam Lup
5777,233.54458,-10.06444,4.62,+1.01,37 Lib
5778,233.23250,31.35917,4.14,-0.13,4The CrB
5779,233.58667,-5.69500,6.51,+0.58,
5780,233.61083,-9.18333,5.17,-0.09,
5781,233.97167,-44.95861,4.54,-0.18,
5782,235.08833,-73.44667,5.65,-0.04,Kap2Aps
5783,233.47000,17.13778,6.45,,
5784,234.05042,-44.39694,5.43,+1.50,
5785,232.73208,64.20861,5.79,+0.96,
5786,235.47750,-76.08194,5.95,-0.04,
5787,233.88167,-14.78944,3.91,+1.01,38Gam Lib
5788,233.70042,10.53750,3.80,+0.26,13Del Ser
5789,233.70042,10.53917,3.80,+0.26,13Del Ser
5790,234.04750,-33.09278,6.24,,
5791,233.76917,1.66889,6.56,+0.28,
5792,235.04792,-70.22778,6.44,+0.08,
5793,233.67208,26.71472,2.23,-0.02,5Alp CrB
5794,234.25625,-28.13500,3.58,+1.38,39Ups Lib
5795,233.88833,17.65556,6.12,+0.94,15Tau3Ser
5796,233.97250,11.26556,6.07,+1.09,
5797,234.51333,-42.56750,4.33,+1.42,Ome Lup
5798,234.70625,-52.37278,5.44,0.00,
5799,234.14042,-0.56167,6.51,+0.72,14 Ser
5800,233.81250,39.01000,5.11,+1.64,6Mu CrB
5801,234.36875,-26.28000,6.19,+0.01,
5802,234.12333,10.01000,5.26,+0.95,16 Ser
5803,234.98542,-59.90833,5.95,+0.48,
5804,234.12208,16.11889,5.93,+0.29,18Tau5Ser
5805,234.63625,-39.16083,6.57,-0.07,
5806,234.45042,-23.14167,5.78,+1.10,
5807,234.67625,-39.12806,6.04,+0.21,
5808,233.95542,38.37389,6.42,,
5809,234.56542,-28.20667,6.32,+1.17,
5810,234.56792,-21.01611,5.84,+1.08,
5811,233.81792,53.92194,5.97,+1.18,
5812,234.66417,-29.77778,3.66,-0.17,40Tau Lib
5813,234.22250,29.99111,6.52,,
5814,234.72708,-19.30194,5.38,+0.86,41 Lib
5815,234.66667,-8.79444,6.50,+0.53,
5816,234.66708,-8.79111,6.48,+0.52,
5817,234.01708,52.06972,6.74,+0.32,
5818,233.98792,54.63056,5.74,,
5819,234.83875,-23.15028,6.34,+0.02,
5820,234.94167,-34.41194,4.67,+0.99,3Psi1Lup
5821,235.24292,-47.73556,6.23,+1.63,
5822,235.06417,-31.21361,6.34,+1.43,
5823,234.45667,40.35333,5.24,+0.88,54Phi Boo
5824,235.07042,-23.81806,4.96,+1.33,42 Lib
5825,235.29708,-44.66111,4.64,+0.40,
5826,232.85375,77.34944,4.96,+1.58,15The UMi
5827,234.70375,34.67500,6.11,+1.02,
5828,234.38333,54.50889,5.87,+1.07,
5829,232.29583,80.44861,6.58,+0.67,
5830,234.56750,46.79778,5.75,+0.36,
5831,235.04333,12.05306,6.25,+0.94,
5832,235.65500,-49.48944,6.04,+1.31,
5833,234.84250,36.63667,6.00,,7Zet1CrB
5834,234.84458,36.63583,5.07,-0.12,7Zet2CrB
5835,234.64292,50.42333,5.84,+0.83,
5836,235.97958,-60.28722,6.48,+1.05,
5837,235.65958,-37.42500,5.24,+0.98,
5838,235.48667,-19.67889,4.74,+1.57,43Kap Lib
5839,235.67083,-34.71056,4.75,-0.14,4Psi2Lup
5840,235.24667,16.02472,6.01,+0.90,19Tau6Ser
5841,234.78958,57.92444,6.45,+1.09,
5842,235.38792,19.67028,4.52,+0.04,21Iot Ser
5843,235.44750,12.84750,5.33,+0.04,20Chi Ser
5844,234.41292,69.28333,5.62,+1.35,
5845,235.47792,18.46389,5.81,+0.20,22Tau7Ser
5846,236.09417,-41.81944,5.94,0.00,
5847,235.85375,-15.04333,6.31,+1.16,
5848,236.01833,-15.67278,5.41,+0.23,44Eta Lib
5849,235.68583,26.29556,3.84,0.00,8Gam CrB
5850,235.79417,13.66778,6.48,+0.86,
5851,236.97333,-65.44250,6.18,+0.22,
5852,236.97375,-65.44250,6.39,+0.24,
5853,236.00750,2.51500,5.88,+0.68,23Psi Ser
5854,236.06708,6.42556,2.65,+1.17,24Alp Ser
5855,235.99708,32.51583,5.56,+1.06,9Pi CrB
5856,236.55333,-28.06167,6.51,+0.32,
5857,235.71125,52.36083,5.51,-0.07,
5858,236.17542,17.26417,6.14,0.00,26Tau8Ser
5859,236.34792,5.44694,5.58,+0.04,
5860,236.68417,-34.68250,5.61,-0.11,
5861,236.41542,0.89139,6.33,+1.19,
5862,236.85583,-40.19417,6.42,+0.88,
5863,236.52333,-1.80444,5.40,-0.03,25 Ser
5864,236.87083,-37.91639,6.01,+0.72,
5865,237.20958,-52.43806,6.07,+1.38,
5866,236.68917,-6.12028,6.24,+1.17,
5867,236.54708,15.42194,3.67,+0.06,28Bet Ser
5868,236.61083,7.35306,4.43,+0.60,27Lam Ser
5869,237.52875,-53.20944,5.77,-0.08,
5870,236.82208,14.11528,5.71,+0.09,31Ups Ser
5871,237.48958,-48.91194,5.84,+0.07,
5872,237.56792,-45.40167,6.12,+0.29,
5873,237.77833,-55.05583,5.73,+0.06,
5874,237.05542,13.78861,6.00,+1.25,
5875,237.23667,-3.81861,5.53,+0.12,
5876,238.23625,-65.15250,6.54,+0.19,
5877,237.00833,31.73583,6.44,,
5878,236.64500,55.47472,5.92,+1.39,
5879,237.18500,18.14167,4.09,+1.62,35Kap Ser
5880,237.14333,28.15667,5.85,+0.77,
5881,237.40500,-3.43028,3.53,-0.04,32Mu Ser
5882,237.88125,-47.06056,6.01,+1.16,
5883,237.73958,-33.62722,3.95,-0.04,5Chi Lup
5884,238.34500,-62.60694,6.19,+1.47,
5885,237.74458,-25.75139,4.64,-0.05,1 Sco
5886,236.66667,62.59944,5.19,+0.04,
5887,236.90833,55.37667,5.86,+0.25,
5888,237.57292,2.19639,5.23,+1.02,34Ome Ser
5889,237.39875,26.06833,4.63,+0.80,10Del CrB
5890,238.21458,-50.61528,6.60,+1.53,
5891,238.87333,-68.60306,5.09,+1.13,Kap TrA
5892,237.70417,4.47778,3.71,+0.15,37Eps Ser
5893,238.05333,-29.88667,6.40,+0.98,
5894,237.67375,15.13361,5.20,,
5895,237.81500,-3.09056,5.11,+0.12,36 Ser
5896,237.91000,-14.13361,6.19,+1.00,
5897,238.78542,-63.43056,2.85,+0.29,Bet TrA
5898,238.71917,-60.74333,6.15,+0.10,
5899,237.81625,20.97778,4.76,+1.54,38Rho Ser
5900,238.88458,-60.17778,5.77,+0.35,
5901,237.80792,35.65750,4.82,+1.00,11Kap CrB
5902,238.33375,-20.16722,5.03,-0.01,45Lam Lib
5903,236.01458,77.79444,4.32,+0.04,16Zet UMi
5904,238.40292,-25.32722,4.59,-0.07,2 Sco
5905,239.02500,-60.48278,5.76,+0.06,
5906,238.47417,-24.53306,5.39,-0.02,
5907,238.48250,-23.97806,5.42,-0.04,
5908,238.45625,-16.72944,4.15,+1.02,46The Lib
5909,238.23417,17.40361,6.36,,
5910,238.62500,-27.33861,6.14,-0.07,
5911,238.30042,13.19667,6.10,+0.60,39 Ser
5912,238.66458,-25.24361,5.87,-0.06,3 Sco
5913,238.39542,16.07500,6.09,,
5914,238.16875,42.45167,4.62,+0.56,1Chi Her
5915,238.75125,-19.38306,5.94,-0.01,47 Lib
5916,238.87667,-31.08361,6.21,+1.37,
5917,238.87542,-26.26583,5.62,+0.15,4 Sco
5918,239.02708,-39.86417,6.03,+0.15,
5919,238.66792,8.58028,6.29,+0.18,40 Ser
5920,239.74208,-65.03778,5.75,-0.06,
5921,239.26583,-48.16222,6.31,+0.38,
5922,238.06917,55.82667,5.81,+0.96,
5923,239.05792,-31.78583,6.29,+0.43,
5924,238.64417,20.31083,5.44,+1.59,
5925,239.22292,-33.96639,5.12,+0.12,Xi 1Lup
5926,239.22583,-33.96417,5.62,+0.05,Xi 2Lup
5927,239.06000,-14.39944,6.37,+0.48,
5928,239.22125,-29.21417,3.88,-0.20,5Rho Sco
5929,239.33875,-36.18500,5.80,+1.01,
5930,239.13917,-14.82917,6.13,+0.23,
5931,238.91583,18.62056,6.26,-0.11,
5932,238.65792,43.13861,5.37,+1.65,2 Her
5933,239.11333,15.66167,3.85,+0.48,41Gam Ser
5934,239.41833,-20.98306,5.85,+0.02,
5935,239.62792,-37.50306,6.31,+1.01,
5936,238.94833,37.94694,5.45,+0.33,12Lam CrB
5937,239.97500,-54.02111,6.10,0.00,
5938,238.87750,42.56611,5.75,-0.11,4 Her
5939,240.29458,-63.77667,6.41,+0.78,
5940,239.31083,14.41444,5.54,+1.14,Phi Ser
5941,239.54750,-14.27944,4.88,-0.10,48 Lib
5942,239.64500,-24.83139,5.43,-0.09,
5943,239.87625,-41.74444,4.99,+1.00,
5944,239.71292,-26.11417,2.89,-0.19,6Pi Sco
5945,239.99167,-40.65278,6.49,+1.52,
5946,240.27667,-54.57778,6.13,+0.25,
5947,239.39708,26.87778,4.15,+1.23,13Eps CrB
5948,240.03042,-38.39694,3.41,-0.22,Eta Lup
5949,238.95708,58.91167,6.31,-0.02,
5950,239.37458,39.69528,6.31,+1.07,
5951,240.71833,-62.54167,6.25,-0.04,
5952,240.22375,-40.43528,6.21,+0.01,
5953,240.08333,-22.62167,2.32,-0.12,7Del Sco
5954,240.08167,-16.53333,5.47,+0.52,49 Lib
5955,241.48250,-72.40083,5.70,+1.17,
5956,240.33125,-31.88944,6.33,+1.45,
5957,239.74042,36.64389,5.62,+1.49,
5958,239.87583,25.92028,2.00,+0.1,
5959,240.19833,-8.41139,5.55,+0.05,50 Lib
5960,239.44750,54.74972,4.95,+0.26,
5961,240.88292,-57.77528,4.63,+0.24,Iot1Nor
5962,240.80375,-49.22972,4.65,+0.92,Eta Nor
5963,240.21292,4.42750,5.83,+1.00,
5964,239.76833,49.88111,6.05,+0.29,
5965,240.66417,-29.13583,6.03,+1.31,
5966,240.30958,17.81833,5.12,+0.99,5 Her
5967,240.85083,-38.60250,4.89,-0.14,
5968,240.26125,33.30361,5.41,+0.60,15Rho CrB
5969,240.83583,-25.86528,5.00,+1.22,
5970,240.89292,-32.00056,6.01,+0.47,
5971,240.36083,29.85111,4.99,-0.07,14Iot CrB
5972,240.57375,22.80444,4.83,+0.07,44Pi Ser
5973,240.97792,-24.72639,6.21,+1.38,
5974,241.07417,-33.21444,6.10,+0.34,
5975,241.15292,-37.86306,5.90,+0.40,
5976,240.94042,4.98667,6.08,+0.96,43 Ser
5977,241.09208,-11.37306,5.07,,Xi Sco
5978,241.09208,-11.37306,4.77,+0.47,Xi Sco
5979,241.85000,-56.19139,6.16,+0.58,
5980,241.62250,-45.17333,4.72,+0.23,Del Nor
5981,240.52292,52.91583,5.93,+1.48,
5982,240.69958,46.03667,4.76,-0.11,6Ups Her
5983,240.83083,36.63167,5.83,+0.56,
5984,241.35917,-19.80556,2.62,-0.07,8Bet1Sco
5985,241.36042,-19.80194,4.92,-0.02,8Bet2Sco
5986,240.47208,58.56528,4.01,+0.52,13The Dra
5987,241.64792,-36.80222,4.23,-0.17,The Lup
5988,241.52625,-23.60639,5.92,-0.08,
5989,241.43542,-6.29167,6.53,+0.48,
5990,241.49917,-6.13944,6.41,+1.03,
5991,241.81833,-36.75556,5.73,+0.29,
5992,241.40750,8.09611,6.29,+0.08,
5993,241.70167,-20.66917,3.96,-0.04,9Ome1Sco
5994,242.32750,-57.93444,5.57,-0.04,Iot2Nor
5995,240.78875,59.41083,6.19,+1.58,
5996,241.76417,-14.07083,6.32,+0.66,
5997,241.85125,-20.86861,4.32,+0.84,10Ome2Sco
5998,241.96625,-24.46194,6.33,-0.06,
5999,242.14250,-39.10528,7.05,+0.36,
6000,242.14333,-39.09306,6.65,-0.07,
6001,242.03167,-26.32667,5.38,+1.65,
6002,241.90167,-12.74556,5.78,+0.01,11 Sco
6003,242.18208,-23.68556,5.88,+0.02,
6004,241.90625,9.89167,5.63,+0.20,45 Ser
6005,241.84250,21.82250,6.14,+1.37,
6006,242.38208,-32.64972,6.19,+0.79,
6007,242.46917,-33.54583,5.54,-0.10,
6008,242.01875,17.04694,5.00,+0.95,7Kap Her
6009,242.02042,17.05444,6.25,+1.14,7Kap Her
6010,242.11667,8.53417,5.73,+1.61,47 Ser
6011,242.24542,3.45444,5.91,+1.47,
6012,242.48000,-18.34083,6.47,+0.44,
6013,242.19417,17.20583,6.14,0.00,8 Her
6014,242.29667,6.37889,5.97,+1.00,
6015,242.82375,-41.11972,5.86,+0.27,
6016,242.46042,-3.46694,5.37,+1.45,
6017,242.75833,-29.41639,5.13,+1.12,
6018,242.24292,36.49083,4.76,+1.01,16Tau CrB
6019,243.34417,-55.54083,5.81,+0.34,Zet Nor
6020,245.08667,-78.69583,4.68,+1.69,Del1Aps
6021,245.11167,-78.66722,5.27,+1.41,Del2Aps
6022,243.32000,-53.67167,5.83,+1.96,
6023,242.19250,44.93500,4.26,-0.07,11Phi Her
6024,243.36958,-54.63056,4.94,+1.04,Kap Nor
6025,241.58208,67.81028,5.44,-0.02,
6026,242.99417,-19.44972,6.30,+0.13,14Nu Sco
6027,242.99875,-19.46056,4.01,+0.04,14Nu Sco
6028,243.07583,-27.92639,4.59,-0.16,13 Sco
6029,243.06625,-28.41750,5.67,+0.01,12 Sco
6030,243.85958,-63.68556,3.85,+1.11,Del TrA
6031,243.00000,-10.06417,4.94,+0.09,15Psi Sco
6032,242.87375,9.71250,6.53,+0.24,
6033,243.03042,-8.54750,5.43,+0.12,16 Sco
6034,240.88042,76.79361,5.56,,
6035,242.86958,16.66556,6.08,+0.02,
6036,242.26208,57.93778,6.33,,
6037,244.27292,-67.94139,5.75,+0.15,
6038,242.35833,55.82889,6.49,,
6039,242.90833,23.49472,5.70,+1.56,10 Her
6040,243.95708,-57.91222,5.63,+0.14,
6041,243.23542,-4.22083,6.25,+0.13,
6042,243.44042,-24.42194,6.41,+0.04,
6043,242.91542,33.34250,6.29,+1.20,
6044,243.59292,-33.01139,5.92,+1.02,
6045,243.81375,-47.37222,5.14,-0.13,The Nor
6046,242.95000,36.42500,5.63,+1.34,
6047,243.31417,5.02111,5.48,+1.47,9 Her
6048,243.46208,-11.83750,5.22,+1.42,17Chi Sco
6049,243.85000,-42.89972,6.14,+1.11,
6050,242.94833,42.37444,5.87,+1.45,
6051,243.62000,-21.10750,6.41,-0.01,
6052,243.18875,26.67083,6.50,+0.39,
6053,243.66292,-18.53528,6.32,+1.09,
6054,243.72333,-25.47694,6.05,+0.04,
6055,244.17958,-53.81111,5.44,+1.73,
6056,243.58625,-3.69444,2.74,+1.58,1Del Oph
6057,243.55625,5.90194,6.31,+1.15,
6058,244.25375,-50.06833,4.99,+0.80,Gam1Nor
6059,244.33708,-53.08667,6.33,+0.27,
6060,243.90542,-8.36944,5.50,+0.65,18 Sco
6061,243.96458,-14.84917,6.09,+0.06,
6062,244.71625,-57.89972,6.49,+1.00,
6063,243.67000,33.85861,5.64,+0.51,17Sig CrB
6064,243.67000,33.85833,6.66,,17Sig CrB
6065,243.86958,18.80833,5.69,+1.12,16 Her
6066,244.24500,-21.30389,6.61,+0.02,
6067,244.23042,-3.95333,6.18,+0.31,
6068,243.94750,27.42222,6.14,+1.31,
6069,243.10458,67.14417,6.21,+0.99,
6070,244.57458,-28.61389,4.78,+0.02,
6071,244.82375,-42.67389,5.45,+0.10,Lam Nor
6072,244.96000,-50.15556,4.02,+1.08,Gam2Nor
6073,245.10500,-55.14000,5.77,+0.97,
6074,244.18667,29.15028,5.78,+0.07,18Ups CrB
6075,244.58042,-4.69250,3.24,+0.96,2Eps Oph
6076,244.78208,-20.21778,6.29,+1.08,
6077,244.88625,-30.90667,5.49,+0.47,
6078,244.75167,-14.87250,5.94,+1.52,
6079,242.70625,75.87750,5.48,-0.11,19 UMi
6080,245.13583,-39.43083,6.12,-0.07,
6081,245.15917,-24.16944,4.55,+0.84,19Omi Sco
6082,243.13417,75.21056,6.39,,20 UMi
6083,245.61667,-49.57222,5.33,-0.04,
6084,245.29708,-25.59278,2.89,+0.13,20Sig Sco
6085,245.62042,-43.91222,5.88,+1.16,
6086,244.31375,59.75500,5.40,+1.63,
6087,245.01792,21.13250,6.05,+0.94,
6088,243.63958,73.39500,5.98,+0.08,
6089,246.34167,-63.12472,6.15,+0.03,
6090,244.79667,49.03806,5.91,+1.37,
6091,244.97958,39.70861,5.46,+0.40,
6092,244.93500,46.31333,3.89,-0.15,22Tau Her
6093,245.51833,1.02917,4.82,+0.34,50Sig Ser
6094,246.00542,-39.19306,5.40,+0.62,
6095,245.48000,19.15306,3.75,+0.27,20Gam Her
6096,245.66208,-2.07972,6.23,+0.07,
6097,245.98625,-33.19944,6.47,+0.01,
6098,247.11708,-70.08444,4.91,+0.55,Zet TrA
6099,246.22583,-45.34917,6.33,+0.19,
6100,246.13208,-37.56583,5.42,-0.11,
6101,244.53917,68.55444,6.41,,
6102,248.36250,-78.89722,3.89,+0.91,Gam Aps
6103,245.52417,30.89194,4.85,+0.97,19Xi CrB
6104,246.02583,-20.03750,4.50,+1.01,4Psi Oph
6105,246.16500,-29.70333,6.63,+0.59,
6106,246.16542,-29.70472,5.84,+0.59,
6107,245.58917,33.79917,5.20,+1.60,20Nu 1CrB
6108,245.62167,33.70361,5.39,+1.53,21Nu 2CrB
6109,246.98875,-64.05806,5.27,+0.36,Iot TrA
6110,245.73542,32.33306,6.40,+0.08,
6111,246.04500,6.94806,5.85,-0.01,21 Her
6112,246.39667,-23.44722,5.02,+0.24,5Rho Oph
6113,246.39625,-23.44611,5.92,,5Rho Oph
6114,247.06333,-58.59972,5.69,0.00,
6115,246.79625,-47.55500,4.47,-0.07,Eps Nor
6116,244.37625,75.75528,4.95,+0.37,21Eta UMi
6117,246.35417,14.03333,4.57,0.00,24Ome Her
6118,246.75583,-18.45639,4.42,+0.28,7Chi Oph
6119,246.44875,18.89250,6.70,,
6120,247.43750,-57.75583,6.06,+1.48,
6121,246.54792,11.40750,6.11,+1.03,
6122,247.06125,-37.17944,5.79,+1.10,
6123,246.35083,37.39389,5.54,+0.17,25 Her
6124,246.70875,2.34750,6.07,+0.92,
6125,247.70583,-61.63361,5.20,+1.23,
6126,245.45292,69.10944,5.25,+1.12,
6127,246.10542,55.20500,5.74,0.00,
6128,246.93125,-7.59806,5.23,+1.72,
6129,246.95042,-8.37167,4.63,+0.17,3Ups Oph
6130,245.94583,61.69667,5.67,+0.96,
6131,247.42625,-46.24333,5.35,+0.56,
6132,245.99792,61.51417,2.74,+0.91,14Eta Dra
6133,258.99708,-87.56639,6.57,+0.91,
6134,247.35167,-26.43194,0.96,+1.83,21Alp Sco
6135,248.58042,-70.98806,5.50,+1.22,
6136,247.14167,0.66500,5.39,+1.46,
6137,247.20375,-8.12889,6.48,+0.40,
6138,251.47333,-83.23889,6.57,+1.57,
6139,255.24375,-86.36444,6.04,+0.05,
6140,247.44542,-14.55083,5.68,+0.82,
6141,247.55167,-25.11500,4.79,-0.11,22 Sco
6142,247.92375,-41.81694,5.33,+0.33,
6143,247.84542,-34.70444,4.23,-0.16,
6144,247.62458,-7.51500,6.50,+0.37,
6145,247.84500,-26.53778,6.10,+1.08,
6146,247.16042,41.88167,5.04,+1.52,30 Her
6147,247.78458,-16.61278,4.28,+0.92,8Phi Oph
6148,247.55500,21.48972,2.77,+0.94,27Bet Her
6149,247.72833,1.98389,3.82,+0.01,10Lam Oph
6150,247.18083,51.40778,6.29,+1.05,
6151,248.93667,-65.49528,5.52,+0.93,The TrA
6152,247.64000,20.47917,5.25,+1.29,
6153,248.03417,-21.46639,4.45,+0.13,9Ome Oph
6154,247.80583,22.19528,5.76,+1.61,
6155,248.52083,-44.04528,4.94,+0.05,Mu Nor
6156,247.52500,48.96083,6.45,+0.03,34 Her
6157,247.76167,35.22500,6.25,+1.64,
6158,248.14875,5.52111,5.63,-0.06,28 Her
6159,248.15125,11.48806,4.84,+1.49,29 Her
6160,248.78292,-45.24472,6.46,+1.34,
6161,246.99583,68.76806,5.00,-0.06,15 Dra
6162,247.94708,45.59833,5.65,+0.12,
6163,250.76917,-77.51750,4.24,+1.06,Bet Aps
6164,249.09375,-42.85889,5.47,+0.40,
6165,248.97083,-28.21611,2.82,-0.25,23Tau Sco
6166,249.09375,-35.25556,4.16,+1.57,
6167,249.71958,-60.99028,6.18,-0.08,
6168,248.52583,42.43694,4.20,-0.01,35Sig Her
6169,248.85958,17.05722,6.41,+0.05,
6170,248.10708,60.82333,5.94,+0.02,
6171,249.08958,-2.32472,5.75,+0.82,12 Oph
6172,250.34708,-68.29611,5.91,-0.08,Eta1TrA
6173,246.42958,78.96389,5.56,+0.26,
6174,249.60917,-43.39861,5.83,-0.02,
6175,249.28958,-10.56722,2.56,+0.02,13Zet Oph
6176,249.17917,15.49806,6.30,-0.11,
6177,250.21042,-60.44611,6.18,+0.48,
6178,249.77167,-37.21750,5.91,0.00,
6179,249.50667,-6.53806,6.09,+0.16,
6180,247.86708,72.61194,6.30,+1.32,
6181,249.45000,13.68694,6.31,+0.41,
6182,250.84208,-67.43250,6.03,+0.02,
6183,249.04667,46.61333,5.79,+1.04,
6184,249.04792,52.90028,5.53,-0.07,16 Dra
6185,249.05708,52.92444,5.08,-0.04,17 Dra
6186,249.05875,52.92417,6.53,-0.06,17 Dra
6187,250.33458,-48.76306,5.65,+0.13,
6188,250.41750,-49.65167,5.65,-0.03,
6189,249.91292,-9.55444,6.35,+0.48,
6190,250.14375,-20.40861,6.26,+1.08,
6191,247.66167,77.44667,6.34,+1.00,
6192,250.43958,-33.14639,5.87,+0.65,
6193,250.40083,-24.46806,6.09,+0.20,
6194,250.14625,4.20722,6.93,+0.13,36 Her
6195,250.16125,4.21972,5.77,-0.02,37 Her
6196,250.39333,-17.74222,4.96,+1.11,
6197,250.76417,-46.07056,6.23,+0.85,
6198,249.22917,63.07278,6.16,+1.53,
6199,249.50167,56.01556,5.29,+1.08,
6200,249.68708,48.92833,4.90,+1.55,42 Her
6201,250.29792,-1.00056,6.24,+0.30,
6202,250.47375,-19.92444,5.57,+0.43,
6203,250.21417,12.39500,6.08,+0.05,
6204,251.66667,-67.10972,5.13,-0.08,
6205,250.42708,1.18111,5.74,+0.32,14 Oph
6206,250.93958,-41.11889,6.20,+0.14,
6207,251.16583,-53.15250,5.96,+1.26,
6208,250.25250,24.85861,6.06,+1.31,
6209,250.97458,-41.11306,6.12,-0.07,
6210,250.94833,-38.15667,6.05,-0.06,
6211,250.91125,-32.10611,6.46,-0.08,
6212,250.32167,31.60306,2.81,+0.65,40Zet Her
6213,250.40292,26.91694,5.92,+0.40,39 Her
6214,251.17750,-40.83972,5.71,-0.12,
6215,251.58833,-58.50361,5.74,-0.09,
6216,251.07208,-27.45611,6.58,+0.10,
6217,252.16625,-69.02778,1.92,+1.44,Alp TrA
6218,251.25083,-28.50972,6.02,+0.09,
6219,251.83125,-58.34139,5.58,-0.08,
6220,250.72417,38.92222,3.53,+0.92,44Eta Her
6221,251.69917,-39.37722,5.48,+0.98,
6222,250.96542,34.03889,5.99,+0.29,
6223,250.22958,64.58917,4.83,+1.22,18 Dra
6224,251.37375,1.02028,6.03,-0.02,16 Oph
6225,251.71375,-25.52861,6.71,+1.18,25 Sco
6226,250.74333,55.69028,6.16,+0.07,
6227,251.34375,15.74528,5.56,+1.66,
6228,251.45792,8.58250,5.15,+1.53,43 Her
6229,252.44625,-59.04139,3.76,+1.57,Eta Ara
6230,251.29875,43.21722,6.05,+1.40,
6231,253.07250,-67.68194,6.32,+1.28,
6232,251.79083,2.06444,6.10,+0.14,19 Oph
6233,252.97458,-65.37556,6.13,-0.02,
6234,251.94333,5.24667,5.24,-0.02,45 Her
6235,252.11250,-14.90944,6.03,+0.20,
6236,252.64958,-50.04556,6.47,+0.31,
6237,251.32417,56.78194,4.85,+0.38,
6238,249.47042,78.91833,6.32,+1.14,
6239,252.03708,13.59056,6.35,+0.87,
6240,252.36583,-15.66750,6.10,,
6241,252.54083,-34.29333,2.29,+1.15,26Eps Sco
6242,251.83250,42.23889,5.87,+1.61,
6243,252.45833,-10.78306,4.65,+0.47,20 Oph
6244,252.74917,-37.51444,6.11,+0.12,
6245,252.89042,-41.23056,5.22,+0.07,
6246,252.39417,13.26139,5.91,+0.03,
6247,252.96750,-38.04750,3.08,-0.20,Mu 1Sco
6248,252.59292,-2.65389,6.32,+0.42,
6249,253.07958,-41.85444,6.49,+0.23,
6250,252.58083,7.24778,5.49,+0.10,47 Her
6251,253.50208,-57.90944,5.94,+1.59,
6252,253.08375,-38.01750,3.57,-0.21,Mu 2Sco
6253,253.85292,-63.26972,6.02,+0.05,
6254,252.30917,45.98333,4.82,+0.09,52 Her
6255,252.85375,1.21611,5.51,+0.05,21 Oph
6256,252.41875,43.43056,6.13,+1.26,
6257,253.42708,-43.05083,5.96,+1.73,
6258,252.66250,29.80667,5.72,+1.60,50 Her
6259,252.67958,32.55361,6.13,+1.01,
6260,253.50750,-41.80639,5.45,+0.19,
6261,253.49500,-41.99472,6.32,+0.50,
6262,253.49875,-42.36222,4.73,+0.49,Zet1Sco
6263,253.54917,-41.85028,6.45,+0.20,
6264,252.65042,41.89667,6.29,+1.08,
6265,253.58167,-41.82000,6.59,+0.21,
6266,253.61208,-42.47889,5.88,+0.64,
6267,250.77500,77.51417,5.98,+0.42,
6268,253.02042,14.97417,6.52,-0.05,49 Her
6269,253.35500,-20.41556,5.88,+0.68,
6270,252.93875,24.65639,5.04,+1.25,51 Her
6271,253.64583,-42.36139,3.62,+1.37,Zet2Sco
6272,253.74333,-41.15111,5.77,+0.15,
6273,253.65000,-30.58722,6.35,+0.21,
6274,254.03708,-50.67500,6.33,-0.02,
6275,254.11958,-52.28389,5.94,-0.08,
6276,254.89083,-69.26833,5.79,-0.10,
6277,253.54417,-1.61222,6.25,+0.28,
6278,253.66792,-11.79250,6.57,+0.14,
6279,253.24208,31.70167,5.32,+0.29,53 Her
6280,253.64875,-6.15389,5.25,+1.08,23 Oph
6281,253.50208,10.16528,4.38,-0.08,25Iot Oph
6282,253.99083,-33.50722,6.37,+1.71,
6283,254.15000,-40.82361,6.15,+0.26,
6284,254.00750,-16.80611,6.37,+0.92,
6285,254.65500,-55.99028,3.13,+1.60,Zet Ara
6286,253.32333,47.41694,6.00,+1.32,
6287,253.73000,20.95861,5.41,+0.97,
6288,254.29625,-33.25944,5.48,+1.59,27 Sco
6289,254.57500,-50.64111,5.55,+0.02,
6290,253.81667,13.61972,6.34,+0.34,
6291,254.20000,-23.15000,5.58,-0.02,24 Oph
6292,253.75875,25.73056,6.08,+0.92,56 Her
6293,253.84250,18.43333,5.35,+1.41,54 Her
6294,254.26667,-19.54000,6.27,+0.07,
6295,254.89625,-53.16056,4.06,+1.45,Eps1Ara
6296,254.35875,-10.96333,6.19,+1.00,
6297,255.02583,-54.59694,5.65,+0.19,
6298,254.71833,-37.62111,6.09,+0.19,
6299,254.41708,9.37500,3.20,+1.15,27Kap Oph
6300,255.11292,-48.64778,6.00,+0.88,
6301,254.38333,13.88417,6.37,+0.94,
6302,254.67333,-14.86972,6.59,+0.40,
6303,255.13458,-45.45167,6.65,+1.80,
6304,255.44750,-58.95833,6.11,-0.03,
6305,254.37917,25.35278,6.28,+0.90,57 Her
6306,254.02667,50.03889,6.56,+1.62,
6307,254.42625,24.38139,6.32,+1.10,
6308,254.99000,-25.09194,5.86,+1.62,
6310,255.03958,-24.98917,5.75,+0.41,26 Oph
6311,255.15375,-35.93417,5.97,+1.16,
6312,255.44208,-51.13083,6.45,+0.27,
6313,254.45917,42.51250,6.34,+1.28,
6314,255.78667,-53.23694,5.29,+0.48,Eps2Ara
6315,254.00708,65.13472,4.89,+0.48,19 Dra
6316,255.46958,-32.14361,5.03,-0.10,
6317,255.12250,6.58361,6.59,+0.23,
6318,255.26500,-4.22250,4.82,+1.48,30 Oph
6319,254.10500,65.03917,6.41,+0.38,20 Dra
6320,256.10292,-57.71222,5.73,-0.10,
6321,255.46333,-18.88556,6.26,+1.38,29 Oph
6322,251.49208,82.03722,4.23,+0.89,22Eps UMi
6323,255.92375,-47.16000,6.06,,
6324,255.07250,30.92639,3.92,-0.01,58Eps Her
6325,255.24208,22.63222,5.65,+1.33,
6326,255.38750,14.94944,6.31,+0.04,
6327,255.96167,-38.15222,5.91,+0.38,
6328,255.29000,27.19639,6.55,+0.41,
6329,255.49625,8.45056,6.33,+0.09,
6330,254.83958,56.68861,6.03,+1.16,
6331,256.27208,-45.50167,6.28,+0.07,
6332,255.40167,33.56833,5.25,+0.02,59 Her
6333,255.57792,25.50556,5.75,+1.02,
6334,256.20583,-34.12278,4.87,+0.26,
6335,254.07000,73.12778,6.30,+0.24,
6336,255.57167,31.88472,6.36,+1.13,
6337,255.78250,14.09194,4.98,+1.60,
6338,256.45250,-44.10500,6.19,+0.28,
6339,255.79333,14.51111,6.52,+0.76,
6340,256.18875,-20.49472,6.30,-0.02,
6341,255.91375,13.60528,5.93,0.00,
6342,255.99167,13.56750,6.08,+1.03,
6343,255.96958,19.69056,6.35,+1.52,
6344,256.58458,-37.22750,5.98,+0.07,
6345,254.76083,69.18639,6.40,,
6346,255.87583,35.41417,6.69,,61 Her
6347,256.61833,-35.45111,6.13,+0.50,
6348,255.31958,60.64917,6.13,+1.00,
6349,256.32042,0.70250,6.01,+0.58,
6350,256.54917,-21.56472,6.30,+0.13,
6351,255.97292,34.79028,6.04,+0.22,
6352,256.17208,19.59917,6.17,-0.01,
6353,256.38458,-0.89194,5.64,+0.16,
6354,256.72167,-26.51306,6.29,-0.04,
6355,256.34458,12.74083,4.91,+0.12,60 Her
6356,257.52625,-61.67556,6.39,-0.04,
6357,258.08250,-70.72111,6.22,+1.06,
6358,256.54042,9.73333,6.37,+1.45,
6359,256.55458,10.45417,6.37,+0.87,
6360,255.56375,64.60056,6.10,+0.96,
6361,256.72042,-1.65639,6.38,+0.20,
6362,256.27083,43.81222,6.43,+0.09,
6363,256.20750,48.80417,6.09,+1.09,
6364,256.57542,22.08417,5.56,+1.30,
6365,257.06208,-17.60917,5.99,+1.01,
6366,257.19792,-30.40361,5.97,+0.25,
6367,257.05667,-1.07944,6.06,+0.08,
6368,258.32292,-67.19667,5.89,+1.06,
6369,256.33250,54.47028,5.83,,21Mu Dra
6370,256.33208,54.47028,5.80,+0.48,21Mu Dra
6371,257.67625,-44.55750,5.08,+0.86,
6372,257.22708,-3.88278,6.36,+0.69,
6373,259.14833,-74.53306,6.25,-0.01,
6374,257.91208,-48.87417,5.84,+1.84,
6375,257.45000,-10.52333,5.56,+0.52,
6376,256.94458,40.51611,6.34,+0.03,
6377,257.00833,35.93528,5.39,+0.31,
6378,257.59458,-15.72472,2.43,+0.06,35Eta Oph
6379,255.41750,75.29722,6.21,,
6380,258.03833,-43.23917,3.33,+0.41,Eta Sco
6381,258.06750,-39.50694,5.67,+0.04,
6382,258.06875,-38.82222,6.30,+1.05,
6383,257.07125,50.84222,6.46,0.00,
6384,258.55500,-56.88833,6.09,+1.78,
6385,257.69083,12.46722,6.57,+0.08,
6386,258.05667,-25.25472,6.54,-0.04,
6387,258.10417,-27.76194,6.14,-0.04,
6388,257.38875,40.77722,5.08,+1.28,
6389,258.24458,-32.43861,6.01,+0.07,
6390,257.93833,7.89472,6.33,+1.04,
6391,257.76333,24.23778,6.19,+0.23,63 Her
6392,258.61542,-39.76694,6.60,+2.21,
6393,258.11583,10.58528,5.33,+1.59,37 Oph
6394,258.22667,0.35194,6.65,+0.50,
6395,257.62750,52.40889,6.29,0.00,
6396,257.19667,65.71472,3.17,-0.12,22Zet Dra
6397,258.83042,-33.54833,5.53,-0.01,
6398,258.89958,-38.59389,5.96,+0.58,
6399,257.91750,49.74667,6.04,,
6400,260.05333,-70.04556,6.53,+0.60,
6401,258.83750,-26.60278,5.11,+0.86,36 Oph
6402,258.83667,-26.60139,5.07,+0.85,36 Oph
6403,258.96458,-30.21056,6.21,-0.03,
6404,258.83458,-14.58389,5.99,+1.10,
6405,259.08958,-35.74944,6.12,+0.48,
6406,258.66208,14.39028,3.48,+1.44,64Alp1Her
6407,258.66333,14.39000,5.39,,64Alp2Her
6408,259.80167,-59.69444,5.91,+1.37,
6409,259.26542,-32.66278,5.55,+0.50,
6410,258.75792,24.83917,3.14,+0.08,65Del Her
6411,260.52458,-70.12333,5.41,-0.04,Iot Aps
6412,259.05917,2.18611,6.17,+0.22,
6413,259.17833,-6.24500,6.09,+1.10,
6414,259.13208,1.21056,5.88,+0.06,
6415,259.15292,-0.44528,4.73,+1.14,41 Oph
6416,259.76333,-46.63389,5.48,+0.80,
6417,260.49750,-67.77056,4.78,+1.21,Zet Aps
6418,258.76167,36.80917,3.16,+1.44,67Pi Her
6419,258.92333,23.74278,5.96,+1.31,
6420,259.70000,-44.12972,5.76,-0.05,
6421,258.13583,62.87444,5.56,+0.21,
6422,259.58500,-32.55333,6.36,+0.15,
6423,259.87625,-50.06333,6.27,+0.41,
6424,259.50292,-24.28694,5.20,+1.10,39Omi Oph
6425,259.50208,-24.28417,6.80,+0.51,39Omi Oph
6426,259.73833,-34.98972,5.91,+1.04,
6427,259.85208,-44.22306,6.65,+0.20,
6428,259.58000,-16.31194,6.43,+1.66,
6429,262.86375,-80.85917,5.88,+1.67,
6430,259.39958,23.09083,6.45,,
6431,259.33125,33.10000,4.82,-0.17,68 Her
6432,259.52083,17.31806,6.00,+0.01,
6433,259.65417,10.86444,5.03,+1.55,
6434,259.72000,6.08528,6.51,+0.39,
6435,259.97208,-17.75639,6.02,+0.04,
6436,259.41792,37.29167,4.65,+0.05,69 Her
6437,259.20250,49.69111,7.48,,
6438,260.72917,-58.01028,5.88,+1.07,
6439,259.99792,-5.91722,6.32,+0.85,
6440,261.00458,-62.86417,5.70,-0.14,
6441,260.14250,-19.33278,6.52,+0.58,
6442,260.77875,-56.52528,5.80,+1.00,
6443,259.70208,28.82306,5.65,+0.98,
6444,259.59708,38.81139,5.94,+1.00,
6445,260.25083,-21.11278,4.39,+0.39,40Xi Oph
6446,260.20708,-12.84694,4.33,+0.03,53Nu Ser
6447,261.07792,-60.67361,5.77,-0.08,
6448,259.12250,60.67056,6.32,+1.09,
6449,260.21958,-10.69611,6.46,+0.33,
6450,260.66417,-37.80500,6.41,+0.64,
6451,260.81708,-47.46833,5.25,-0.11,Iot Ara
6452,260.07875,18.05722,5.00,+1.62,
6453,260.50250,-24.99944,3.27,-0.22,42The Oph
6454,260.65833,-35.91000,6.47,+0.54,
6455,260.04083,25.53750,5.38,+0.03,
6456,260.72875,-37.22056,5.93,+1.08,
6457,260.22583,24.49944,5.12,-0.03,70 Her
6458,260.16500,32.46778,5.39,+0.62,72 Her
6459,260.84000,-28.14306,5.35,+1.55,43 Oph
6460,261.05417,-44.16250,5.12,-0.06,
6461,261.32500,-55.53000,2.85,+1.46,Bet Ara
6462,261.34833,-56.37750,3.34,-0.13,Gam Ara
6463,260.38917,16.73083,6.35,+1.61,
6464,260.08792,46.24083,5.59,+1.57,74 Her
6465,260.71375,-2.38833,6.29,+0.68,
6466,260.38000,28.75806,6.35,+0.70,
6467,260.14000,48.18833,6.43,+0.43,
6468,261.50000,-50.63361,5.23,+1.06,Kap Ara
6469,260.43167,39.97444,5.51,+0.68,
6470,261.26125,-34.69639,6.16,+0.02,
6471,262.03208,-63.03639,6.24,-0.09,
6472,261.17500,-21.44167,5.85,+0.93,
6473,261.15458,-18.44583,6.21,+0.03,
6474,261.27583,-24.24361,6.19,+1.10,
6475,261.73458,-51.94917,6.19,-0.03,
6476,260.99000,8.85278,5.77,+1.25,
6477,261.71458,-45.84361,5.29,-0.07,
6478,261.80167,-50.63028,5.92,+0.08,
6479,260.43917,53.42056,5.67,+1.47,
6480,261.02750,22.96028,5.74,+0.21,73 Her
6481,261.13125,16.30111,5.71,+0.07,
6482,261.14083,15.60611,6.35,-0.02,
6483,261.99000,-52.29722,5.75,+1.17,
6484,260.91958,37.14667,5.47,,75Rho Her
6485,260.92083,37.14583,4.52,-0.03,75Rho Her
6486,261.59250,-24.17528,4.17,+0.28,44 Oph
6487,262.16125,-55.16972,5.94,+1.11,
6488,261.00917,38.58278,6.49,+0.73,
6489,261.49125,-1.65167,6.44,+0.46,
6490,261.73000,-25.94333,6.44,-0.06,
6491,261.11292,36.95194,6.28,+0.88,
6492,261.83875,-29.86694,4.29,+0.40,45 Oph
6493,261.65792,-5.08667,4.54,+0.39,
6494,261.90625,-29.72444,6.00,0.00,
6495,261.47667,16.91750,5.98,+1.62,
6496,261.75875,-12.51250,6.21,+0.51,
6497,261.57917,7.59556,6.06,+0.58,
6498,261.62875,4.14028,4.34,+1.50,49Sig Oph
6499,261.50375,26.87889,6.41,+0.10,
6500,262.77458,-60.68389,3.62,-0.10,Del Ara
6501,262.23375,-36.77833,6.02,+1.11,
6502,261.70458,20.08083,5.54,-0.13,
6503,262.35708,-38.51667,6.39,+0.09,
6504,262.00958,-8.20833,6.37,+0.58,
6505,262.84583,-56.92056,5.95,-0.08,
6506,261.69250,34.69583,5.94,-0.01,
6507,262.20708,0.33056,5.44,+0.22,
6508,262.69083,-37.29583,2.69,-0.22,34Ups Sco
6509,261.68417,48.26000,5.85,+0.12,77 Her
6510,262.96042,-49.87611,2.95,-0.17,Alp Ara
6511,261.42208,60.04833,5.65,+0.03,
6512,262.44750,-5.91972,6.37,+0.93,
6513,262.95458,-46.03639,6.03,+0.83,
6514,261.52042,58.65194,6.51,+0.14,
6516,262.59917,-1.06250,5.31,+0.72,
6517,262.94750,-33.70278,6.44,+1.19,
6518,261.25083,67.30639,6.43,+0.76,
6519,262.85417,-23.96278,4.81,0.00,51 Oph
6520,262.93500,-26.26972,6.05,-0.06,
6521,262.59333,11.92500,6.39,+0.06,
6522,263.10208,-34.27972,6.17,+0.35,
6523,263.28083,-41.17361,5.84,+0.06,
6524,262.83875,2.72444,5.59,+0.84,
6525,263.89542,-59.84611,6.28,-0.08,
6526,262.68458,26.11056,4.41,+1.44,76Lam Her
6527,263.40208,-37.10389,1.63,-0.22,35Lam Sco
6528,262.73083,31.15833,5.61,+0.95,
6529,259.90417,80.13639,5.72,+1.50,
6530,263.83333,-53.35278,6.10,+0.02,
6531,262.66792,38.88222,6.43,+0.49,
6532,263.06250,11.93028,6.42,-0.01,
6533,262.95667,28.40750,5.62,0.00,78 Her
6534,263.37458,-5.74472,5.62,+0.18,
6535,263.67708,-32.58167,5.70,+0.04,
6536,262.60833,52.30139,2.79,+0.98,23Bet Dra
6537,263.91500,-46.50556,4.59,-0.03,1Sig Ara
6538,263.00458,34.27083,6.56,+0.65,
6539,263.92917,-37.44000,6.48,+0.01,
6540,262.68250,57.87639,6.40,,
6541,263.34500,19.25667,5.64,+0.48,
6542,263.41417,16.31750,5.69,+1.01,
6543,263.42833,14.84167,6.48,+1.60,
6544,263.69333,-11.24194,5.55,+0.02,
6545,263.82708,-22.04389,6.57,+0.01,52 Oph
6546,264.13667,-38.63528,4.29,+1.09,
6547,264.36333,-50.06000,5.93,+1.10,
6548,263.65292,9.58667,5.81,+0.02,53 Oph
6549,264.52333,-54.50028,5.25,+0.20,Pi Ara
6550,263.28042,41.24361,5.74,+1.09,
6551,263.61333,16.50389,6.40,,
6552,270.39208,-85.21472,6.45,+0.44,
6553,264.33000,-42.99778,1.87,+0.40,The Sco
6554,263.04417,55.18417,4.88,+0.26,24Nu 1Dra
6555,263.06667,55.17306,4.87,+0.28,25Nu 2Dra
6556,263.73375,12.56000,2.08,+0.15,55Alp Oph
6557,264.36167,-38.06556,6.26,+1.25,
6558,264.53542,-42.88056,6.10,-0.06,
6559,263.99833,20.99611,6.10,+0.19,
6560,263.38208,57.55889,6.17,+0.59,
6561,264.39667,-15.39861,3.54,+0.26,55Xi Ser
6562,264.40083,-15.57111,5.94,+0.37,
6563,263.92667,37.30167,6.10,+0.98,
6564,264.03292,28.18472,6.38,,
6565,266.08208,-72.22083,6.49,+0.48,
6566,262.99125,68.13500,5.05,+1.08,27 Dra
6567,264.46125,-8.11889,4.62,+0.11,57Mu Oph
6568,264.53958,-10.92639,5.75,+1.23,
6569,265.09833,-49.41556,4.77,+0.40,Lam Ara
6570,264.15292,30.78528,6.02,+0.16,
6571,264.37958,24.31000,5.77,+0.11,79 Her
6572,265.31792,-46.92194,5.79,-0.01,
6573,263.74792,61.87500,5.23,+0.61,26 Dra
6574,264.15667,48.58556,5.37,+1.15,82 Her
6575,264.78542,2.02806,6.26,+1.03,
6576,265.51625,-50.51056,6.24,+1.76,
6577,264.74083,13.32917,6.12,+0.56,
6578,265.04917,-2.15250,6.19,+1.67,
6579,264.70708,32.73944,6.37,,
6580,265.62208,-39.03000,2.41,-0.22,Kap Sco
6581,265.35375,-12.87528,4.26,+0.08,56Omi Ser
6582,266.43333,-64.72389,3.62,+1.19,Eta Pav
6583,265.71250,-36.94583,5.54,+1.55,
6584,264.98958,31.20250,6.03,+1.58,
6585,266.03625,-51.83417,5.15,+0.70,Mu Ara
6586,266.23250,-57.54528,6.01,+0.90,
6587,265.77875,-33.05111,6.40,+1.81,
6588,264.86625,46.00639,3.80,-0.18,85Iot Her
6589,265.29583,15.17806,6.34,+0.03,
6590,265.38458,6.31278,5.95,+1.26,
6591,265.17167,31.28750,6.28,+1.05,
6592,265.27292,24.51333,6.36,+1.20,
6593,265.82417,-27.88417,6.36,+0.47,
6594,265.49458,15.95194,5.52,+0.38,
6595,265.85750,-21.68333,4.87,+0.47,58 Oph
6596,264.23792,68.75806,4.80,+0.43,28Ome Dra
6597,266.17500,-42.72889,5.87,+0.16,
6598,264.16542,69.57083,6.42,+0.58,
6599,265.15667,43.47083,6.59,,
6600,265.95250,-13.50861,6.39,+0.37,
6601,265.94583,-7.07944,6.30,+0.38,
6602,265.61833,24.56417,5.52,+1.46,83 Her
6603,265.86833,4.56722,2.77,+1.16,60Bet Oph
6604,265.84167,14.29500,6.24,+0.42,
6605,265.15083,57.31028,6.77,+0.92,
6606,264.28667,72.45583,5.86,+1.01,
6607,265.34083,51.81806,5.99,+1.05,
6608,265.84000,24.32778,5.71,+0.65,84 Her
6609,266.14167,2.57944,6.17,+0.07,61 Oph
6610,266.14750,2.57889,6.56,,
6611,266.07208,14.41028,6.19,+0.21,
6612,265.77333,44.08444,6.34,+1.54,
6613,266.78042,-38.11167,6.43,-0.02,
6614,267.15875,-55.40167,6.11,+0.28,
6615,266.89625,-40.12694,3.03,+0.51,Iot1Sco
6616,266.89000,-27.83083,4.54,+0.80,3 Sgr
6617,266.94000,-22.47806,6.18,+1.49,
6618,265.99708,53.80167,5.75,+0.01,
6619,266.41792,31.50472,6.23,0.00,
6620,266.90333,-14.72583,5.94,+0.05,
6621,267.11583,-26.97500,6.35,+0.12,
6622,267.61750,-53.61222,5.92,-0.08,
6623,266.61458,27.72056,3.42,+0.75,86Mu Her
6624,267.89792,-60.16444,5.78,+1.00,
6625,266.47375,38.88139,6.52,+1.00,
6626,266.49375,39.32250,6.68,+1.39,
6627,266.78333,17.69722,5.72,+0.01,
6628,267.29375,-31.70333,4.83,-0.04,
6629,266.97333,2.70722,3.75,+0.04,62Gam Oph
6630,267.46458,-37.04333,3.21,+1.17,
6631,267.54667,-40.09056,4.81,+0.26,Iot2Sco
6632,267.79583,-53.13056,6.09,0.00,
6633,267.08417,3.80417,6.22,+0.16,
6634,268.32667,-65.48917,6.49,+1.08,
6635,269.42417,-76.17750,6.07,+1.20,
6636,265.48458,72.14889,4.58,+0.42,31Psi1Dra
6637,265.49167,72.15694,5.79,+0.53,31Psi1Dra
6638,267.10333,20.56556,5.69,+0.94,
6639,267.32875,1.96111,6.47,+1.24,
6640,267.93542,-45.60056,6.11,+0.95,
6641,266.78375,47.61222,6.43,+0.11,
6642,267.19958,19.25528,6.12,+0.02,
6643,267.88667,-40.77250,5.96,+1.59,
6644,267.20500,25.62278,5.12,+1.16,87 Her
6645,267.80208,-30.55722,6.66,+0.04,
6646,271.36125,-81.48639,6.35,+1.50,
6647,268.05667,-34.79917,5.90,-0.10,
6648,268.08208,-34.41667,5.84,+1.13,
6649,268.21958,-41.99667,6.20,+0.54,
6650,267.68125,11.94667,6.17,+1.25,
6651,268.20500,-34.11417,6.06,+1.23,
6652,268.23292,-35.01861,6.45,+0.02,
6653,268.24125,-35.62417,6.03,+0.34,
6654,267.59542,29.32222,5.50,+1.05,
6655,267.70167,22.31639,5.98,,
6656,267.26792,50.78111,5.02,+0.02,30 Dra
6657,268.33167,-34.73056,6.17,-0.03,
6658,268.34708,-34.89528,5.60,+1.14,
6659,267.99792,-1.23667,6.35,+1.12,
6660,268.43958,-34.78583,6.38,0.00,
6661,268.16167,-6.14361,6.21,+1.40,
6662,268.47875,-34.75250,5.96,-0.01,
6663,268.49208,-34.83167,6.42,+0.01,
6664,267.51375,48.39417,6.68,-0.11,88 Her
6665,267.99375,15.32583,6.46,,
6666,268.26500,-10.89972,6.18,+1.11,
6667,268.14750,1.30500,5.95,+1.58,
6668,268.61333,-34.46639,5.96,-0.01,
6669,267.80833,40.07250,6.46,,
6670,268.30917,6.10139,5.77,+0.42,
6671,268.78292,-36.47583,6.06,+0.08,
6672,268.72500,-24.88722,6.20,+0.04,
6673,268.01958,39.98222,6.04,+1.33,
6674,268.00417,46.64333,6.38,+1.09,
6675,269.19750,-44.34222,4.86,+1.21,
6676,268.55917,11.13056,6.38,+0.45,
6677,268.32542,40.00806,5.16,+1.18,90 Her
6678,269.23250,-40.30556,6.43,+1.43,
6679,268.97917,-18.80222,6.52,+0.05,
6680,269.17458,-28.06528,5.80,+0.21,
6681,269.07917,-15.81250,5.89,+0.05,
6682,269.44875,-41.71611,4.88,+1.65,
6683,269.49083,-39.13694,6.29,+0.01,
6684,269.07667,0.67028,5.82,+0.09,
6685,268.85500,26.05000,5.46,+0.34,89 Her
6686,269.19875,-4.08194,5.47,+1.16,
6687,268.96167,22.46417,5.58,+1.24,
6688,268.38208,56.87278,3.75,+1.18,32Xi Dra
6689,269.26792,0.06639,5.97,+0.10,
6690,269.23333,6.48778,6.29,0.00,
6691,269.73167,-36.85833,5.74,+0.90,
6692,269.66292,-28.75917,6.01,-0.08,
6693,269.77167,-30.25306,5.16,+1.77,
6694,269.77292,-30.25333,7.04,+1.06,
6695,269.06333,37.25056,3.86,+1.35,91The Her
6696,269.36208,11.04417,6.36,+0.11,
6697,269.30958,23.99583,6.30,+0.63,
6698,269.75667,-9.77361,3.34,+0.99,64Nu Oph
6699,268.84875,55.97139,6.10,+0.32,
6700,269.94833,-23.81611,4.76,-0.04,4 Sgr
6701,267.36250,76.96278,5.04,+0.49,35 Dra
6702,269.20167,45.35083,6.02,+1.64,
6703,269.44125,29.24778,3.70,+0.94,92Xi Her
6704,270.00042,-20.33917,6.21,+1.40,
6705,269.15167,51.48889,2.23,+1.52,33Gam Dra
6706,269.90292,-4.82139,5.87,+1.56,
6707,269.62583,30.18944,4.41,+0.39,94Nu Her
6708,270.45125,-36.37778,6.30,-0.03,
6709,270.06458,0.62944,6.37,+0.15,
6710,270.12083,-3.69028,4.62,+0.38,57Zet Ser
6711,269.67625,36.28778,6.00,+0.94,
6712,270.06583,4.36861,4.64,-0.03,66 Oph
6713,270.01417,16.75083,4.67,+1.26,93 Her
6714,270.16125,2.93167,3.97,+0.02,67 Oph
6715,270.34625,-17.15694,6.28,+1.80,6 Sgr
6716,270.47667,-22.78056,5.77,0.00,
6717,267.54375,78.30667,6.24,+1.44,
6718,269.71792,45.47611,6.48,-0.08,
6719,270.22042,6.26833,6.34,-0.08,
6720,270.11542,19.50583,6.50,-0.06,
6721,283.69542,-87.60583,5.28,+1.28,Chi Oct
6722,270.23833,15.09333,6.26,+0.69,
6723,270.43833,1.30528,4.45,+0.02,68 Oph
6724,270.71292,-24.28222,5.34,+0.52,7 Sgr
6725,268.79667,72.00500,5.45,+0.30,34Psi2Dra
6726,270.15167,33.21389,5.99,+1.51,
6727,270.75708,-22.71833,6.74,-0.05,
6728,269.98417,45.50139,5.67,+1.57,
6729,270.37458,21.59528,5.18,+0.95,95 Her
6730,270.37667,21.59556,4.96,+0.12,95 Her
6731,272.81542,-75.89139,5.86,+1.24,
6732,270.69292,-5.35861,6.76,+0.16,
6733,270.77083,-8.18028,5.94,,69Tau Oph
6734,270.77042,-8.18056,5.24,+0.38,69Tau Oph
6735,268.61083,75.17083,6.36,+0.98,
6736,270.96833,-24.36056,5.97,0.00,9 Sgr
6737,270.39958,33.31139,6.15,+1.55,
6738,270.59625,20.83361,5.28,-0.09,96 Her
6739,271.21000,-35.90139,6.00,+1.16,
6740,271.95125,-64.55000,6.41,+1.26,
6741,270.62542,22.92306,6.21,-0.10,97 Her
6742,271.25542,-29.58000,4.69,+0.78,Gam1Sgr
6743,271.65792,-50.09167,3.66,-0.08,The Ara
6744,270.81125,19.61306,6.50,+0.01,
6745,272.14500,-63.66833,4.35,+0.22,Pi Pav
6746,271.45208,-30.42417,2.99,+1.00,10Gam2Sgr
6747,271.15542,1.91917,6.14,0.00,
6748,271.59875,-36.01972,5.95,+0.62,
6749,271.70750,-43.42472,5.77,+0.22,
6750,271.70750,-43.42472,5.77,,
6751,273.14375,-73.67167,5.85,+0.46,
6752,271.36375,2.49944,4.03,+0.86,70 Oph
6753,270.78750,48.46444,6.21,+0.03,
6754,271.16750,23.94250,6.34,+0.30,
6755,271.53083,-8.32389,5.85,+0.21,
6756,271.56333,-4.75139,5.77,+0.96,
6757,271.53083,-0.44667,6.34,+1.06,
6758,271.43042,12.00389,7.04,+0.30,
6759,272.12542,-45.76722,6.15,-0.08,
6760,272.49000,-59.04000,6.38,+1.55,
6761,272.60875,-62.00222,5.49,+0.58,Iot Pav
6762,271.79750,-21.44389,6.28,+0.12,
6763,271.37583,21.64694,6.15,+1.23,
6764,271.18000,40.08417,6.52,+0.46,
6765,271.50792,22.21889,5.06,+1.58,98 Her
6766,272.02083,-28.45722,4.57,+0.94,
6767,271.25333,41.94667,6.34,+0.26,
6768,271.45667,32.23056,5.71,+1.16,
6769,271.95167,-17.15417,5.52,+1.11,
6770,271.82667,8.73389,4.64,+0.96,71 Oph
6771,271.83750,9.56389,3.73,+0.12,72 Oph
6772,272.34333,-36.67250,6.58,-0.03,
6773,272.22542,-25.47250,6.61,+0.02,
6774,273.60042,-70.75139,6.73,-0.03,
6775,271.75625,30.56194,5.04,+0.52,99 Her
6776,271.95167,13.07111,6.63,+0.07,
6777,272.49958,-32.71972,6.43,+1.02,
6778,272.76875,-47.51306,6.07,+1.20,
6779,271.88583,28.76250,3.83,-0.03,103Omi Her
6780,272.52375,-30.72861,5.53,+0.97,
6781,271.95625,26.10139,5.86,+0.12,100 Her
6782,271.95625,26.09750,5.90,+0.14,100 Her
6783,272.80750,-45.95444,4.53,+1.01,Eps Tel
6784,272.14042,14.28472,6.37,+0.17,
6785,272.43083,-13.93444,6.39,+1.42,
6786,272.77333,-41.35917,5.86,+0.29,
6787,272.18958,20.81444,4.36,-0.16,102 Her
6788,272.73000,-33.79972,6.16,-0.14,
6789,263.05375,86.58639,4.36,+0.02,23Del UMi
6790,271.72292,50.82278,6.29,+1.04,
6791,271.87000,43.46167,5.00,+0.91,
6792,271.77625,49.71056,6.32,,
6793,272.00917,36.40139,5.48,+1.17,
6794,272.22042,20.04528,5.10,+0.15,101 Her
6795,272.39083,3.99333,5.73,+0.37,73 Oph
6796,273.56750,-63.68944,6.47,+1.41,
6797,272.47500,3.11972,5.69,+0.47,
6798,272.81167,-19.84222,6.36,+0.16,
6799,272.29250,30.46944,6.38,+1.19,
6800,272.66792,3.32417,5.51,+1.19,
6801,272.93083,-23.70111,4.98,+1.05,11 Sgr
6802,272.99250,-28.90139,6.51,-0.01,
6803,272.53625,16.47667,6.09,,
6804,273.30250,-41.33611,5.47,-0.17,
6805,273.92042,-63.05556,5.60,+0.92,
6806,272.40625,38.45750,6.40,+0.87,
6807,272.49583,36.46639,5.58,+0.91,
6808,274.50375,-68.22917,6.33,-0.04,
6809,270.01417,80.00083,6.04,+0.51,40 Dra
6810,270.03833,80.00417,5.68,+0.50,41 Dra
6811,262.70000,86.96806,5.79,+0.25,24 UMi
6812,273.44083,-21.05889,3.86,+0.23,13Mu Sgr
6813,273.29167,-4.01167,6.59,+0.27,
6814,272.93792,33.44694,5.88,+0.01,
6815,272.97583,31.40528,4.97,+1.65,104 Her
6816,273.56625,-21.71306,5.44,+1.52,14 Sgr
6817,272.63167,54.28667,5.95,+0.94,
6818,273.96958,-44.20667,5.46,+0.96,
6819,274.28125,-56.02333,5.33,-0.05,
6820,273.31875,21.88028,6.12,+1.47,
6821,274.25375,-51.06833,6.06,-0.06,
6822,273.80375,-20.72833,5.38,+0.07,15 Sgr
6823,273.80375,-20.38806,5.95,+0.02,16 Sgr
6824,273.17750,41.14694,6.36,+1.03,
6825,273.87833,-18.66139,6.07,+0.20,
6826,273.27000,38.77361,6.04,-0.08,
6827,272.77958,60.40944,6.49,0.00,
6828,274.91750,-63.88694,6.18,+0.58,
6829,275.90042,-75.04417,5.47,+0.02,Phi Oct
6830,273.99167,-3.61750,6.36,+0.20,
6831,273.68333,29.20722,6.56,+0.54,
6832,274.40667,-36.76167,3.11,+1.56,Eta Sgr
6833,274.40042,-34.10722,6.16,-0.11,
6834,274.02333,2.37778,6.01,+1.59,
6835,274.35000,-28.65250,6.19,+0.18,
6836,274.34875,-28.28917,6.40,+0.54,
6837,277.33125,-80.23278,5.95,+1.16,
6838,274.29833,-17.37389,5.75,+1.58,
6839,274.66667,-42.28833,6.30,-0.11,
6840,274.22125,-3.00722,6.00,+0.89,
6841,274.36875,-18.46333,6.54,+0.11,
6842,274.51333,-27.04250,4.65,+1.66,
6843,274.35083,-9.75861,6.31,+0.38,
6844,274.27000,1.00583,6.63,+0.31,
6845,273.91167,42.15944,5.59,-0.10,
6846,274.67375,-25.60472,6.51,+1.34,
6847,273.88583,45.20944,6.29,+0.62,
6848,274.68042,-18.61944,6.84,+0.31,
6849,273.67125,56.58833,6.37,+0.34,
6850,273.47417,64.39722,5.03,+0.38,36 Dra
6851,274.51208,13.77694,6.30,-0.03,
6852,274.53208,18.13139,5.99,+0.03,
6853,274.27833,40.93667,6.11,+0.99,
6854,274.53208,23.29667,6.63,,
6855,275.80667,-61.49389,4.36,+1.48,Xi Pav
6856,275.23042,-37.48750,6.45,+1.31,
6857,274.78958,7.25972,5.39,+1.07,
6858,275.03667,-15.83167,5.39,+1.47,
6859,275.24875,-29.82806,2.70,+1.38,19Del Sgr
6860,274.79458,24.44611,5.27,+1.53,105 Her
6861,275.38083,-24.91500,6.25,+1.84,
6862,275.57750,-38.65694,5.10,+1.49,
6863,275.34625,-18.86000,5.75,+0.94,
6864,275.50083,-28.43000,6.16,+0.26,
6865,273.82083,68.75583,5.95,+1.06,37 Dra
6866,275.21708,3.37722,4.86,+0.91,74 Oph
6867,274.96708,29.66611,5.99,+1.29,
6868,275.07458,21.96139,4.95,+1.59,106 Her
6869,275.32750,-2.89889,3.26,+0.94,58Eta Ser
6870,275.72125,-36.66944,5.34,-0.14,
6871,276.38125,-63.02139,6.14,+0.20,
6872,274.96542,36.06444,4.33,+1.17,1Kap Lyr
6873,275.36875,5.43583,6.13,-0.04,
6874,275.87042,-36.23833,5.55,+1.02,
6875,276.07583,-44.11028,5.25,-0.19,
6876,275.23792,29.85889,5.63,+0.21,108 Her
6877,275.25417,28.87000,5.12,+0.20,107 Her
6878,275.75917,-10.21861,6.33,+0.14,
6879,276.04292,-34.38472,1.85,-0.03,20Eps Sgr
6880,274.98375,51.34778,6.30,+1.10,
6881,275.80083,-12.01472,5.73,+0.01,
6882,275.53625,23.28528,5.41,+1.60,
6883,275.64708,12.02889,5.89,+0.04,
6884,275.91458,-8.93417,4.68,+0.95,Zet Sct
6885,275.70417,17.82667,5.25,+1.27,
6886,275.27958,49.72556,6.40,+1.07,
6887,275.76208,16.68806,6.22,+1.20,
6888,276.25625,-30.75667,5.60,+1.14,18 Sgr
6889,276.34042,-35.99167,6.15,+1.00,
6890,276.01458,-3.58333,6.38,+0.34,
6891,275.38625,49.12167,5.05,+1.66,
6892,276.17542,-7.07528,6.31,+1.16,
6893,276.47750,-33.94528,6.30,-0.08,
6894,276.72458,-48.11694,5.46,+0.84,
6895,275.92458,21.76972,3.84,+1.18,109 Her
6896,276.33750,-20.54167,4.81,+1.31,21 Sgr
6897,276.74333,-45.96833,3.51,-0.17,Alp Tel
6898,276.23750,-1.57944,6.15,+0.37,
6899,278.23042,-73.96556,5.89,+0.98,
6900,276.28667,5.08472,6.74,+0.02,
6901,275.98917,38.73917,6.36,,
6902,276.41167,8.03194,5.65,+0.92,
6903,276.05750,39.50722,5.12,+0.03,2Mu Lyr
6904,276.24375,27.39528,6.27,+0.05,
6905,277.20792,-49.07083,4.13,+1.02,Zet Tel
6906,276.48083,14.96667,6.37,+0.01,
6907,276.95625,-29.81639,5.92,+0.52,
6908,277.48625,-57.52306,5.76,+0.98,
6909,276.93250,-26.63472,6.31,+0.26,
6910,277.11292,-38.99556,5.64,+0.13,
6911,275.94917,53.30083,6.32,+0.16,
6912,280.55875,-81.80778,6.27,-0.13,
6913,276.99250,-25.42167,2.81,+1.04,22Lam Sgr
6914,277.02583,-26.75722,6.27,+0.16,
6915,277.30375,-43.84583,6.36,+0.90,
6916,277.84333,-62.27833,4.64,-0.11,Nu Pav
6917,276.49500,29.82889,5.83,+0.06,
6918,276.80208,0.19611,5.21,+0.50,59 Ser
6919,276.98542,-17.80000,6.20,+0.01,
6920,275.18958,71.33778,4.22,-0.10,43Phi Dra
6921,277.32000,-38.85111,6.63,-0.02,
6922,277.48250,-47.22028,5.70,+1.26,
6923,275.97708,58.80056,4.98,+0.08,39 Dra
6924,276.67042,26.44944,6.53,-0.11,
6925,276.95958,3.74861,6.07,+1.62,
6926,277.23917,-26.58167,6.50,+0.11,
6927,275.26417,72.73278,3.57,+0.49,44Chi Dra
6928,276.99500,6.19417,5.73,-0.03,
6929,277.34167,-25.25639,6.59,+0.07,
6930,277.29958,-14.56583,4.70,+0.06,Gam Sct
6931,277.76250,-41.91361,6.04,+0.14,
6932,277.44500,-14.58167,5.96,-0.04,
6933,277.54958,-18.72889,5.66,+1.06,
6934,277.93917,-45.91500,4.96,-0.11,Del1Tel
6935,277.42083,-1.98528,5.39,+0.96,60 Ser
6936,277.77000,-32.98917,5.34,+0.16,
6937,277.98417,-43.50778,5.72,+1.34,
6938,278.00833,-45.75722,5.07,-0.14,Del2Tel
6939,278.37292,-58.70917,6.44,+0.68,
6940,277.55958,-5.72417,6.28,+0.95,
6941,277.52125,4.06528,6.69,+0.11,
6942,278.08917,-39.70389,5.16,+0.08,
6943,277.39875,23.86611,5.90,-0.10,
6944,277.85958,-18.40278,5.14,0.00,
6945,276.49625,65.56361,4.82,+1.19,42 Dra
6946,277.85708,-10.79583,5.72,+0.24,
6947,277.97208,-19.12500,6.68,+1.13,
6948,278.25375,-39.89222,6.22,+0.42,
6949,276.92625,59.54917,6.43,,
6950,277.67333,20.81528,6.50,+0.79,
6951,278.37583,-42.31250,4.64,+1.01,The CrA
6952,278.34708,-38.72028,6.32,,Kap1CrA
6953,278.34625,-38.72611,5.65,-0.06,Kap2CrA
6954,278.63000,-52.89194,6.22,+1.25,
6955,277.76833,16.92861,5.77,+0.04,
6956,278.08667,-14.64417,6.37,+0.22,
6957,277.98750,-1.00306,5.94,+0.16,61 Ser
6958,278.02917,3.65972,6.43,-0.04,
6959,278.18042,-14.86556,5.50,+1.97,
6960,278.49083,-33.01667,5.28,-0.11,
6961,278.47292,-24.03250,5.49,+1.79,24 Sgr
6962,278.41250,-14.85361,5.76,+0.04,
6963,278.34542,-5.91139,6.36,+0.02,
6964,282.99125,-83.31639,7.16,+1.26,
6965,278.63667,-24.22250,6.51,+0.54,25 Sgr
6966,278.19250,23.61694,5.84,+1.46,
6967,278.34708,8.26833,6.42,-0.03,
6968,278.20792,30.55417,5.48,-0.10,
6969,278.83875,-20.84083,6.48,+0.28,
6970,278.76000,-10.97722,5.14,+0.92,
6971,278.34625,30.89250,6.59,-0.12,
6972,278.99875,-29.69917,6.37,+1.27,
6973,278.80167,-8.24417,3.85,+1.33,Alp Sct
6974,278.04750,52.11556,6.56,-0.07,
6975,278.58167,20.46639,6.57,+0.11,
6976,278.69792,10.89167,6.40,+0.08,
6977,278.80250,18.20333,5.78,0.00,
6978,278.14375,57.04556,4.77,+0.61,45 Dra
6979,277.81167,65.43611,6.59,+0.30,
6980,278.87667,23.60556,5.61,+1.00,
6981,278.97167,16.97556,6.21,+0.53,
6982,280.75875,-71.42806,4.01,+1.14,Zet Pav
6983,278.48625,52.35361,5.36,+1.09,
6984,278.80625,34.45778,6.10,-0.11,
6985,279.11583,9.12250,5.39,+0.37,
6986,279.80958,-47.90972,5.86,+0.23,
6987,279.16292,6.67194,5.45,+0.37,
6988,279.47667,-21.39778,5.94,+0.19,
6989,279.51917,-14.00472,6.47,+0.21,
6990,279.62792,-23.50500,5.81,+0.02,
6991,279.89583,-43.18611,5.37,+1.68,
6992,279.30250,11.42167,6.42,-0.02,
6993,279.40000,-0.30944,5.75,+0.07,
6994,281.95583,-77.86722,6.39,+0.60,
6995,279.28750,16.19833,6.29,+0.90,
6996,280.59375,-64.64306,6.37,+0.15,
6997,279.15500,33.46889,5.42,-0.10,
6998,279.72250,-21.05194,5.86,+0.68,
6999,279.59875,-3.19361,6.49,+0.55,
7000,279.57958,-1.11333,6.66,+0.42,
7001,279.23458,38.78361,0.03,0.00,3Alp Lyr
7002,279.58750,8.83389,6.40,+1.32,
7003,279.19000,43.22194,6.20,+0.24,
7004,280.90500,-64.55111,5.78,+0.96,
7005,280.37750,-48.09500,6.49,+1.22,
7006,277.43708,77.54694,5.64,+1.18,
7007,280.00208,-7.79056,5.84,+1.55,
7008,279.90375,5.26417,6.38,+0.78,
7009,279.52708,39.66806,6.04,+1.65,
7010,279.96500,7.35833,6.28,+0.96,
7011,280.46500,-23.83333,6.23,+0.23,26 Sgr
7012,281.36208,-64.87139,4.79,+0.20,
7013,279.05542,65.48861,6.06,+0.28,
7014,280.42708,-14.56417,6.42,+0.81,
7015,281.29792,-61.09500,6.04,+1.46,
7016,280.00833,30.84944,6.36,,
7017,279.88792,40.93500,6.25,-0.06,
7018,279.38958,62.52667,5.74,-0.06,
7019,280.05083,38.36722,6.45,+0.21,
7020,280.56833,-9.05250,4.72,+0.35,Del Sct
7021,280.94542,-38.32361,5.13,+0.09,Lam CrA
7022,281.34875,-56.88167,6.22,+1.38,
7023,280.73000,-19.28389,6.35,+1.75,
7024,280.65042,-7.07333,6.15,+1.00,
7025,276.03833,83.17528,6.17,+0.05,
7026,281.03208,-36.71861,6.32,+0.98,
7027,282.43125,-72.99472,6.06,0.00,
7028,279.97000,52.19611,6.00,-0.07,
7029,281.08083,-35.64194,4.87,-0.18,
7030,280.42208,31.61778,6.41,-0.04,
7031,281.23833,-39.68639,5.43,+0.87,
7032,280.88042,-8.27528,4.90,+1.12,Eps Sct
7033,280.53375,34.74667,6.47,-0.13,
7034,280.96417,-6.81861,6.31,+0.48,
7035,281.20667,-25.01111,5.83,+0.05,
7036,282.15750,-65.07778,5.73,+0.24,The Pav
7037,281.74625,-50.09444,6.54,+0.28,
7038,281.32792,-21.00139,6.36,+0.45,
7039,281.41417,-26.99083,3.17,-0.11,27Phi Sgr
7040,281.20792,2.06000,5.02,-0.06,4 Aql
7041,280.81958,39.30028,6.45,+1.59,
7042,280.23458,62.74972,6.09,+0.98,
7043,280.90042,36.55667,6.01,+1.04,
7044,280.96500,31.92667,5.70,+0.34,
7045,281.50500,-19.60639,6.42,+1.65,
7046,281.58583,-22.39222,5.37,+1.64,28 Sgr
7047,281.16750,23.58972,6.31,+0.40,
7048,281.36833,5.49972,5.83,+0.04,
7049,280.65792,55.53944,5.04,-0.09,46 Dra
7050,281.93583,-40.40611,5.24,+0.78,Mu CrA
7051,281.08500,39.67000,5.06,+0.16,4Eps1Lyr
7052,281.08458,39.67111,6.02,,4Eps1Lyr
7053,281.09542,39.61306,5.14,+0.19,5Eps2Lyr
7054,281.09542,39.61278,5.37,,5Eps2Lyr
7055,281.68042,-10.12500,5.71,+0.59,
7056,281.19333,37.60500,4.36,+0.19,6Zet1Lyr
7057,281.20083,37.59444,5.73,+0.28,7Zet2Lyr
7058,281.39875,21.98500,6.51,+0.02,
7059,281.61875,-0.96167,5.90,+0.13,5 Aql
7060,280.87083,53.87194,6.11,+0.12,
7061,281.41542,20.54639,4.19,+0.46,110 Her
7062,282.21042,-43.68000,5.49,+0.13,Eta1CrA
7063,281.79375,-4.74778,4.22,+1.10,Bet Sct
7064,281.51875,26.66222,4.83,+1.20,
7065,282.36417,-45.81028,5.81,+0.90,
7066,281.87083,-5.70500,5.20,+1.47,
7067,281.67250,18.70583,6.17,+1.59,
7068,282.39583,-43.43389,5.61,-0.08,Eta2CrA
7069,281.75542,18.18139,4.36,+0.13,111 Her
7070,282.32167,-34.74861,6.62,+1.08,
7071,281.23083,54.89667,6.23,+0.82,
7072,282.18875,-18.60139,6.47,,
7073,281.55417,41.44167,6.07,-0.13,
7074,283.05417,-62.18750,4.22,-0.14,Lam Pav
7075,281.07583,61.04806,5.99,+0.96,
7076,282.01125,4.24139,6.21,+1.51,
7077,282.39792,-19.14222,6.75,+0.20,
7078,282.41708,-20.32472,5.24,+1.41,29 Sgr
7079,282.06833,23.51417,6.15,+0.49,
7080,281.74583,46.31500,6.52,+0.07,
7081,281.98958,31.75694,6.06,-0.13,
7082,280.79250,70.79278,6.44,,
7083,282.42083,-5.91278,5.99,+1.60,
7084,281.67958,52.98806,5.88,-0.09,
7085,282.40458,0.83583,6.25,+0.04,
7086,282.22250,19.32861,5.88,+0.03,
7087,283.16500,-52.10750,5.17,+0.94,Kap Tel
7088,282.71042,-22.16222,6.61,+0.38,30 Sgr
7089,282.58333,-7.90750,6.80,+3.09,
7090,281.91667,49.07500,6.40,,
7091,282.31000,25.04639,6.59,,
7092,283.11292,-46.59528,5.54,+1.63,
7093,283.30042,-51.93111,6.31,-0.09,
7094,282.74375,-9.77417,5.83,+0.61,
7095,283.26042,-48.36000,6.19,+0.14,
7096,282.06708,48.76750,6.12,+0.21,
7097,283.24833,-46.58583,6.19,+0.03,
7098,282.43333,31.62917,6.64,+0.02,
7099,282.69000,10.97639,6.55,,
7100,282.44125,32.81278,5.91,-0.16,8Nu 1Lyr
7101,282.84208,-3.31778,6.10,+0.30,8 Aql
7102,282.47042,32.55083,5.25,+0.08,9Nu 2Lyr
7103,283.11875,-26.65028,6.29,+0.94,
7104,283.15417,-29.37944,6.13,+1.35,
7105,283.17375,-30.73417,6.63,-0.05,
7106,282.52000,33.36278,3.45,0.00,10Bet Lyr
7107,284.23750,-67.23361,4.44,+0.71,Kap Pav
7108,283.63458,-49.87861,6.60,+0.08,
7109,283.00792,13.96556,6.14,0.00,
7110,283.25792,-9.57611,6.34,+0.20,
7111,284.22792,-62.80111,6.48,+1.53,
7112,282.89958,28.78361,6.18,+1.18,
7113,283.06833,21.42528,5.48,-0.07,112 Her
7114,283.50042,-21.35972,5.69,+1.23,33 Sgr
7115,282.90208,36.53861,6.09,-0.11,
7116,283.54250,-22.74500,4.83,+1.41,32Nu 1Sgr
7117,281.44458,74.08556,5.27,+0.92,
7118,283.02958,41.38333,6.28,-0.09,
7119,283.67958,-15.60306,5.10,+0.17,
7120,283.77958,-22.67139,4.99,+1.33,35Nu 2Sgr
7121,283.81625,-26.29667,2.02,-0.22,34Sig Sgr
7122,284.07042,-42.71056,5.36,+1.00,
7123,282.89583,52.97500,5.51,+0.84,
7124,281.59250,75.43389,5.35,+0.05,50 Dra
7125,282.80042,59.38833,4.66,+1.19,47Omi Dra
7126,283.87917,-16.37667,5.79,+0.36,
7127,284.65167,-60.20056,5.14,+1.37,Ome Pav
7128,284.00250,-23.17361,5.93,-0.02,
7129,284.16875,-37.34333,5.38,-0.14,
7130,285.01458,-66.65333,6.01,+0.97,
7131,283.43167,36.97167,5.58,-0.15,11Del1Lyr
7132,283.55500,27.90944,5.62,+1.35,
7133,283.68708,22.64500,4.59,+0.78,113 Her
7134,284.61542,-52.93861,4.87,-0.05,Lam Tel
7135,283.86458,6.61528,5.57,+1.04,
7136,284.39458,-39.82333,6.31,+0.20,
7137,283.30667,50.70833,4.92,+0.90,
7138,283.55958,41.22556,7.30,,
7139,283.62583,36.89889,4.30,+1.68,12Del2Lyr
7140,283.71875,33.96861,6.02,+0.91,
7141,284.05500,4.20361,4.62,+0.17,63The1Ser
7142,284.06083,4.20194,4.98,+0.20,63The2Ser
7143,284.09458,-1.80000,6.22,-0.05,
7144,284.10667,2.47111,6.15,+0.97,
7145,284.33542,-20.65639,5.08,+0.13,36Xi 1Sgr
7146,283.71750,41.60278,5.44,+1.03,
7147,284.01625,17.99500,6.63,-0.04,
7148,284.02583,18.10528,5.69,+1.09,
7149,284.26542,-5.84611,4.83,+1.08,Eta Sct
7150,284.43250,-21.10667,3.51,+1.18,37Xi 2Sgr
7151,284.58875,-31.03611,6.12,+1.35,
7152,284.68083,-37.10750,4.87,+0.41,Eps CrA
7153,283.44292,57.48694,6.22,+1.23,
7154,283.69625,48.85972,5.77,+0.43,
7155,284.58542,-24.87667,6.62,+0.08,
7156,284.79625,-39.53472,6.49,-0.04,
7157,283.83375,43.94611,4.04,+1.59,13 Lyr
7158,284.31917,2.53528,5.57,0.00,64 Ser
7159,284.60250,-22.52944,6.14,+0.09,
7160,281.40875,79.94250,6.39,+0.28,
7161,285.87375,-68.75528,5.88,+0.56,
7162,284.25667,32.90139,5.22,+0.59,
7163,284.59917,6.24028,6.21,+0.46,
7164,284.86167,-18.56694,6.37,+0.99,
7165,284.56125,17.36083,5.38,+0.80,
7166,284.84917,-12.84056,5.53,-0.04,
7167,284.69542,13.90667,5.89,+0.25,10 Aql
7168,285.10333,-24.94222,6.36,+1.25,
7169,285.26333,-37.06083,6.69,,
7170,285.26792,-37.06194,6.40,-0.03,
7171,284.68792,19.79417,6.50,-0.04,
7172,284.77375,13.62250,5.23,+0.53,11 Aql
7173,284.82292,10.14083,6.75,+0.25,
7174,284.50792,38.26611,5.89,-0.17,
7175,284.18750,57.81500,5.66,+1.15,48 Dra
7176,284.90583,15.06833,4.02,+1.08,13Eps Aql
7177,285.53625,-41.91000,6.23,0.00,
7178,284.73583,32.68944,3.24,-0.05,14Gam Lyr
7179,284.69417,40.67917,6.22,-0.16,
7180,283.59958,71.29722,4.82,+1.15,52Ups Dra
7181,284.93958,26.23056,5.27,+1.24,
7182,285.40750,-22.69556,6.24,+1.66,
7183,284.99208,22.81472,6.29,+1.75,
7184,284.36833,58.22528,6.46,+0.08,
7185,284.80125,39.21778,6.41,-0.17,
7186,285.38958,-15.28250,6.32,+1.00,
7187,284.10667,65.25806,5.63,+0.95,
7188,285.77875,-42.09528,4.75,-0.02,Zet CrA
7190,285.98917,-51.01861,5.93,+1.24,
7191,284.32250,62.39667,6.45,+0.93,
7192,285.00375,32.14556,4.93,+1.47,15Lam Lyr
7193,285.42000,-5.73889,4.02,+1.09,12 Aql
7194,285.65292,-29.88028,2.60,+0.08,38Zet Sgr
7195,285.61542,-24.84694,5.65,+1.23,
7196,284.74833,50.80944,6.30,+0.98,
7197,285.82375,-38.25333,5.74,+0.32,
7198,285.27292,19.30972,6.39,,
7199,283.38833,75.78750,6.22,,
7200,285.34417,20.83361,6.69,+0.02,
7201,285.07917,40.68417,6.65,,
7202,285.32250,26.29139,5.69,-0.08,
7203,285.76583,-19.24528,6.05,+1.29,
7204,285.23000,33.80222,6.01,+0.97,
7205,285.77917,-19.10333,6.37,+0.48,
7206,285.39542,25.02583,6.72,,
7207,285.45625,22.26389,6.40,+0.16,
7208,285.59000,8.37417,6.30,+1.67,
7209,285.72708,-3.69889,5.42,0.00,14 Aql
7210,285.05708,50.53361,5.38,-0.18,
7211,286.10458,-31.04694,5.50,+0.03,
7212,285.45125,33.62139,6.39,-0.12,
7213,286.58292,-52.34083,5.16,+0.53,Rho Tel
7214,285.88417,1.81889,5.83,+0.18,
7215,285.36000,46.93472,5.01,+0.19,16 Lyr
7216,285.71917,19.66111,6.09,+1.34,
7217,286.17083,-21.74167,3.77,+1.01,39Omi Sgr
7218,285.18083,55.65833,5.48,+0.86,49 Dra
7219,286.04458,3.33056,6.73,+0.13,
7220,286.10083,-5.68500,6.90,+4.19,
7221,287.46958,-68.42472,5.33,+0.91,
7222,285.92708,21.26778,6.52,+0.32,
7223,286.73167,-48.29917,5.97,-0.02,
7224,284.71917,69.53111,6.52,-0.15,
7225,286.24000,-4.03139,5.42,+1.12,15 Aql
7226,286.60458,-37.06333,4.93,+0.52,Gam CrA
7227,286.60458,-37.06333,4.99,+0.52,Gam CrA
7228,317.19250,-88.95639,5.47,+0.27,Sig Oct
7229,285.52917,52.26111,6.31,+1.00,
7230,286.42167,-15.66028,5.97,-0.02,
7231,286.32750,-1.51278,6.53,+0.35,
7232,286.71875,-37.81028,6.16,+0.72,
7233,287.21708,-55.72028,6.49,+1.10,
7234,286.73500,-27.67056,3.32,+1.19,40Tau Sgr
7235,286.35250,13.86333,2.99,+0.01,17Zet Aql
7236,286.56208,-4.88250,3.44,-0.09,16Lam Aql
7237,286.24125,31.74444,5.56,+1.54,
7238,286.24292,30.73333,6.06,+1.55,
7239,286.71792,-16.22889,6.03,-0.04,
7240,286.87875,-28.63694,6.04,+1.61,
7241,286.78542,-18.73778,6.29,-0.04,
7242,287.08708,-40.49667,4.59,+1.09,Del CrA
7243,286.59250,8.23000,6.09,+1.60,
7244,286.44625,29.92167,6.31,+1.65,
7245,286.78792,0.64167,6.56,+0.05,
7246,287.06083,-24.65694,6.30,+0.04,
7247,284.48833,77.05083,6.54,+0.38,
7248,286.74417,11.07139,5.09,-0.07,18 Aql
7249,287.06958,-19.29000,5.54,-0.11,
7250,286.66000,24.25083,5.77,+0.09,
7251,286.23000,53.39667,5.38,-0.01,51 Dra
7252,286.29125,49.92333,6.43,,
7253,286.65708,28.62861,5.55,+0.29,
7254,287.36792,-37.90444,4.11,+0.04,Alp CrA
7255,287.41542,-39.82806,6.46,+1.06,
7256,287.40167,-36.16472,6.56,-0.02,
7257,287.49083,-41.89250,5.88,-0.08,
7258,286.57083,41.41389,6.49,-0.15,
7259,287.50708,-39.34083,4.11,+1.20,Bet CrA
7260,286.98875,16.85333,6.07,+0.70,
7261,286.85667,32.50167,5.23,+0.34,17 Lyr
7262,286.82542,36.10028,5.28,-0.11,18Iot Lyr
7263,287.01500,21.69889,6.23,+0.40,
7264,287.44083,-21.02361,2.89,+0.35,41Pi Sgr
7265,287.45042,-19.80361,6.13,+1.16,
7266,287.24958,6.07333,5.22,+0.35,19 Aql
7267,287.16750,16.85139,6.48,+0.52,
7268,287.75750,-39.00500,6.36,+0.01,
7269,287.46500,-0.42806,6.34,-0.04,
7270,287.82875,-29.50222,6.30,-0.04,
7271,288.19208,-50.48639,6.13,+0.95,
7272,287.26833,34.60056,6.74,+0.63,
7273,288.04083,-37.58278,6.57,+1.02,
7274,289.11875,-69.19056,6.27,+0.17,Tau Pav
7275,287.10750,52.42556,5.81,+1.09,
7276,288.11667,-21.65806,6.41,+1.13,
7277,288.30708,-25.90667,5.80,+1.38,
7278,289.30000,-66.66139,5.53,+0.18,
7279,288.16958,-7.93944,5.34,+0.13,20 Aql
7280,287.87875,26.73583,6.36,+0.41,
7281,288.66542,-45.19333,5.92,+0.90,
7282,288.31458,-12.28250,5.51,+1.44,
7283,287.94167,31.28333,5.98,-0.07,19 Lyr
7284,287.84625,40.42917,6.18,+0.09,
7285,288.14333,16.84639,6.73,-0.01,
7286,288.15292,21.55444,5.93,+0.03,
7287,288.42792,2.29361,5.15,-0.07,21 Aql
7288,288.43375,5.51583,6.49,+0.09,
7289,289.09042,-45.46639,5.40,+1.35,
7290,287.44083,65.97861,6.25,0.00,55 Dra
7291,288.88833,-24.17917,6.25,+0.54,
7292,288.88500,-25.25667,4.85,+0.56,42Psi Sgr
7293,288.01917,49.85417,6.75,+0.65,
7294,288.02083,49.85611,6.57,+0.65,
7295,287.91875,56.85917,5.12,+1.01,53 Dra
7296,289.13667,-33.52167,6.25,+0.02,
7297,289.53917,-53.38667,6.38,+0.49,
7298,288.43958,39.14611,4.39,-0.15,20Eta Lyr
7299,288.76083,20.20333,6.00,+0.88,
7300,288.83375,15.08361,5.57,+1.07,
7301,288.82250,21.23222,5.64,+0.11,1 Sge
7302,288.85333,30.52639,5.85,+1.67,
7303,289.12917,4.83472,5.59,+0.08,22 Aql
7304,289.40875,-18.95306,4.96,+1.02,43 Sgr
7305,288.98750,27.45556,6.54,-0.06,
7306,289.05417,21.39028,4.77,-0.05,1 Vul
7307,289.11167,14.54472,5.63,-0.02,
7308,288.99750,27.92694,6.16,+0.61,
7309,288.48000,57.70500,4.99,+1.16,54 Dra
7310,288.13875,67.66167,3.07,+1.00,57Del Dra
7311,288.83042,50.07083,6.27,,
7312,287.29083,76.56056,5.13,+0.31,59 Dra
7313,289.45083,2.03167,6.19,+0.02,
7314,289.09208,38.13361,4.36,+1.26,21The Lyr
7315,289.45417,11.59528,5.28,+0.20,25Ome1Aql
7316,289.91667,-35.42139,5.59,-0.13,
7317,289.75042,-15.53639,6.06,+1.43,
7318,289.43167,23.02556,5.43,+0.02,2 Vul
7319,289.63542,1.08528,5.10,+1.15,23 Aql
7320,291.02250,-68.37111,6.34,+1.23,
7321,289.71208,0.33917,6.41,+1.05,24 Aql
7322,289.21417,46.99917,6.00,+0.44,
7323,290.10917,-31.81778,6.58,+1.67,
7324,289.50333,31.02222,6.68,+0.08,
7325,289.71958,9.61806,6.32,+1.05,
7326,289.70208,19.61056,6.58,+0.03,
7327,290.15875,-22.40250,5.58,+0.27,
7328,289.27583,53.36861,3.77,+0.96,1Kap Cyg
7329,290.71292,-54.42361,5.05,+0.02,Eta Tel
7330,290.37458,-34.98389,6.48,+0.63,
7331,289.91375,12.37472,5.53,+0.26,28 Aql
7332,289.97083,11.53500,6.02,+0.08,29Ome2Aql
7333,290.13708,-5.41583,5.01,+0.92,26 Aql
7334,290.54000,-42.01611,6.34,+1.14,
7335,289.76583,33.38889,6.60,-0.19,
7336,290.14875,-0.89222,5.49,-0.04,27 Aql
7337,290.65958,-44.45889,4.01,-0.10,Bet1Sgr
7338,289.75500,37.44528,6.22,-0.03,
7339,290.40458,-19.23417,6.26,-0.10,
7340,290.41833,-17.84722,3.93,+0.22,44Rho1Sgr
7341,289.65708,49.56972,6.31,+1.12,
7342,290.43167,-15.95500,4.61,+0.10,46Ups Sgr
7343,290.80500,-44.79972,4.29,+0.34,Bet2Sgr
7344,290.46208,-18.30833,5.87,+1.06,45Rho2Sgr
7345,289.91208,37.33056,6.31,+0.68,
7346,290.13792,35.18611,6.31,-0.12,
7347,290.58625,-8.20111,6.31,-0.10,
7348,290.97167,-40.61611,3.97,-0.10,Alp Sgr
7349,290.58958,-0.25250,5.83,+1.09,
7350,291.08917,-43.72306,6.17,+1.60,
7351,289.90208,54.37611,6.26,+0.03,
7352,288.88750,73.35556,4.45,+1.25,60Tau Dra
7353,290.76917,-7.40028,6.32,+1.45,
7354,290.70167,9.91306,6.35,+0.44,
7355,291.12542,-27.86556,6.04,-0.13,
7356,290.06708,57.64528,5.91,+1.58,
7357,290.78417,14.92111,6.64,+0.27,
7358,290.71208,26.26250,5.18,-0.12,3 Vul
7359,290.63917,33.51806,6.06,+1.03,
7360,291.26708,-29.30917,5.93,+1.26,
7361,289.94208,64.39083,6.52,-0.04,
7362,291.31875,-24.50861,5.03,+0.23,47Chi1Sgr
7363,291.37375,-23.96222,5.43,+1.43,49Chi3Sgr
7364,290.94542,20.26444,6.40,+0.01,
7365,290.35583,57.76694,6.43,,
7366,291.25667,-4.88417,6.52,+0.33,
7367,291.34000,-13.89694,5.69,+1.43,
7368,290.89167,33.22222,6.37,+0.81,
7369,291.09208,16.93778,6.25,+0.08,2 Sge
7370,291.95042,-54.32528,5.69,+1.40,
7371,290.16708,65.71472,4.59,+0.02,58Pi Dra
7372,291.03167,29.62139,4.97,-0.10,2 Cyg
7373,291.24250,11.94444,5.16,+0.77,31 Aql
7374,291.09333,28.08778,6.53,-0.08,
7375,291.58000,-21.77667,5.59,+1.22,50 Sgr
7376,291.02542,36.45194,6.36,,
7377,291.37458,3.11472,3.36,+0.32,30Del Aql
7378,291.54625,-15.05306,5.72,+0.02,
7379,291.60250,-14.55111,6.70,+0.05,
7380,291.73542,-29.74333,5.67,0.00,
7381,290.84917,50.27139,6.51,-0.08,
7382,290.98542,43.38806,5.84,+0.92,
7383,292.79542,-68.43389,5.96,+1.64,
7384,291.34333,20.27139,6.31,-0.02,
7385,291.36917,19.79861,5.16,+0.98,4 Vul
7386,291.35750,24.91278,6.19,+0.51,
7387,291.62958,0.33861,4.66,+0.60,32Nu Aql
7388,292.46917,-55.44139,6.13,+0.98,
7389,291.60042,13.02389,5.74,+0.47,
7390,291.55500,20.09778,5.63,-0.01,5 Vul
7391,291.61958,19.89139,5.81,+1.55,
7392,292.34958,-43.44583,5.71,+0.22,
7393,292.64375,-55.11000,6.30,+0.45,Mu Tel
7394,259.23667,89.03778,6.38,+1.57,Lam UMi
7395,291.53792,36.31778,5.15,-0.12,4 Cyg
7396,291.89125,14.28250,6.32,-0.06,
7397,292.08667,2.93028,5.85,+0.01,
7398,292.46750,-26.98556,5.52,+1.12,
7399,292.56125,-32.09222,6.60,+0.39,
7400,292.25417,1.95028,5.80,+0.08,35 Aql
7401,291.44458,58.02722,6.60,-0.15,
7402,292.33958,-7.04389,6.61,+1.10,
7403,291.90208,37.94111,6.34,-0.14,
7404,292.32500,0.24611,6.25,+1.32,
7405,292.17625,24.66500,4.44,+1.50,6Alp Vul
7406,292.23750,24.76861,5.81,+1.03,8 Vul
7407,292.34208,14.59583,5.56,+1.05,
7408,291.85792,52.32056,5.75,0.00,7Iot1Cyg
7409,292.33708,20.27972,6.33,-0.10,7 Vul
7410,292.72500,-21.31222,6.13,+0.12,
7411,293.22417,-53.18583,5.75,+0.30,
7412,292.54375,2.90417,6.09,+1.82,
7413,291.61042,62.55722,6.38,+1.39,
7414,292.66583,-2.78889,5.03,+1.75,36 Aql
7415,292.63792,3.44444,6.05,+0.01,
7416,293.34000,-45.27194,5.61,-0.04,
7417,292.68042,27.95972,3.08,+1.13,6Bet1Cyg
7418,292.68875,27.96528,5.11,-0.10,6Bet2Cyg
7419,292.69542,36.22861,6.25,-0.04,
7420,292.42625,51.72972,3.79,+0.14,10Iot2Cyg
7421,292.84083,26.61722,5.87,+0.93,
7422,293.53542,-40.03472,5.89,+0.09,
7423,290.41750,79.60278,6.05,+0.07,
7424,293.80417,-48.09917,4.90,+1.09,Iot Tel
7425,288.78250,83.46278,6.53,+0.10,
7426,292.94292,34.45306,4.74,-0.14,8 Cyg
7427,292.83042,50.30667,5.53,+1.25,
7428,292.80667,55.73194,6.37,+1.16,
7429,293.52250,7.37889,4.45,+1.17,38Mu Aql
7430,293.78042,-10.56028,5.12,+1.13,37 Aql
7431,294.00708,-24.71917,5.65,+0.19,51 Sgr
7432,293.87417,-7.46028,6.34,+1.12,
7433,293.89000,-12.25278,6.27,+1.09,
7434,294.60792,-57.98333,6.18,+0.97,
7435,294.96708,-66.68556,6.39,+0.02,
7436,293.40167,38.76222,6.61,+0.03,
7437,293.64542,19.77333,5.00,-0.09,9 Vul
7438,293.85500,2.91333,6.38,+0.41,
7439,294.10875,-18.85278,6.11,+0.27,
7440,294.17667,-24.88361,4.60,-0.07,52 Sgr
7441,293.71208,29.46306,5.38,+0.55,9 Cyg
7442,293.42333,49.26250,5.96,+1.64,
7443,294.26375,-18.23111,5.64,+1.26,
7444,293.67167,42.41278,5.35,+0.05,
7445,294.03333,11.15000,6.68,,
7446,294.22292,-7.02750,4.95,0.00,39Kap Aql
7447,294.18042,-1.28639,4.36,-0.08,41Iot Aql
7448,293.29208,60.15861,6.29,+1.57,
7449,294.06583,14.39167,6.38,+1.04,
7450,292.75083,70.98944,6.07,+1.41,
7451,293.58250,51.23667,5.73,+0.48,
7452,294.03458,22.58583,6.32,-0.07,
7453,293.66625,48.16472,6.67,+0.24,
7454,294.39333,-14.30167,5.47,+0.50,
7455,295.40625,-65.85417,6.09,+1.55,
7456,294.21875,11.27333,5.98,+0.88,
7457,293.95125,36.94444,6.05,-0.11,11 Cyg
7458,294.15708,20.33278,7.14,+1.32,
7459,295.07625,-54.41750,6.26,+1.00,
7460,294.44708,-4.64750,5.46,+0.43,42 Aql
7461,294.92500,-45.27806,6.25,+0.28,
7462,293.09000,69.66111,4.68,+0.79,61Sig Dra
7463,294.32250,16.46278,5.66,+1.02,4Eps Sge
7464,294.98208,-39.43333,6.61,+0.23,
7465,293.98292,50.23861,6.52,+1.06,
7466,294.28917,29.33361,6.43,-0.09,
7467,294.23583,38.38389,6.50,-0.15,
7468,294.15792,44.69500,5.17,+0.93,
7469,294.11042,50.22111,4.48,+0.38,13The Cyg
7470,294.95583,-23.42778,6.34,+0.03,53 Sgr
7471,294.70417,3.38167,6.35,+0.04,
7472,294.57292,20.78278,6.48,+1.08,
7473,295.02958,-23.42861,5.97,+1.04,
7474,294.79833,5.39778,5.17,+0.03,44Sig Aql
7475,294.85583,16.57139,6.38,+2.07,
7476,295.18083,-16.29333,6.20,+1.13,54 Sgr
7477,294.48625,49.28444,6.47,+0.99,
7478,294.84417,30.15333,4.69,+0.97,12Phi Cyg
7479,295.02417,18.01389,4.37,+0.78,5Alp Sge
7480,295.18042,-0.62111,5.67,+0.11,45 Aql
7481,294.93750,33.97917,6.10,+0.08,
7482,295.11792,20.47667,6.50,+0.39,
7483,294.86042,42.81833,5.40,-0.08,14 Cyg
7484,294.67167,54.97389,5.82,+0.44,
7485,295.16542,23.71750,6.64,+0.01,
7486,295.27292,13.81556,6.01,-0.08,
7487,294.89333,45.95806,6.20,+0.90,
7488,295.26208,17.47611,4.37,+1.05,6Bet Sge
7489,295.62958,-16.12389,5.06,+0.33,55 Sgr
7490,295.31208,22.45278,6.36,+1.53,
7491,295.90667,-37.53889,6.16,+0.01,
7492,295.17167,43.07778,6.16,+1.56,
7493,295.55333,12.19333,6.34,-0.03,46 Aql
7494,299.00625,-81.34972,6.39,+1.40,
7495,295.20917,45.52500,5.06,+0.40,
7496,295.88958,-15.47000,5.49,+0.46,
7497,295.64167,11.82667,5.27,+0.57,47Chi Aql
7498,297.35542,-72.50333,5.41,+0.22,
7499,295.48958,40.25389,6.23,+0.18,
7500,295.05417,60.50722,6.51,+0.22,
7501,295.70458,29.33167,6.49,+0.33,
7502,295.68583,32.42667,5.94,+0.11,
7503,295.45375,50.52528,5.96,+0.64,16 Cyg
7504,295.46667,50.51750,6.20,+0.66,
7505,295.78958,30.67861,6.05,0.00,
7506,295.92875,25.77194,5.49,+0.93,10 Vul
7507,296.50500,-31.90861,5.52,+0.02,
7508,295.98292,27.13556,6.28,+1.10,
7509,295.51708,55.46333,6.48,+1.61,
7510,297.00500,-56.36250,5.35,+0.20,Nu Tel
7511,296.14208,13.30278,6.26,-0.03,48Psi Aql
7512,295.96417,34.16250,6.05,-0.06,
7513,297.47208,-66.81278,6.45,+1.48,
7514,295.93750,41.77306,5.84,+1.57,
7515,296.59042,-19.76111,4.86,+0.93,56 Sgr
7516,296.46750,-2.88333,6.48,+0.05,
7517,296.06917,37.35444,4.89,+0.95,15 Cyg
7518,296.20292,29.26472,6.82,+0.64,
7519,296.41625,7.61333,5.91,+0.18,49Ups Aql
7520,296.15917,34.41389,6.57,,
7521,297.22958,-52.88806,6.25,+1.13,
7522,295.81083,58.01639,6.22,+0.56,
7523,296.20417,40.71667,6.34,+1.64,
7524,297.75542,-65.60500,6.05,+0.30,
7525,296.56500,10.61333,2.72,+1.52,50Gam Aql
7526,295.91500,57.04250,6.27,+0.88,
7527,297.59042,-61.06139,6.21,-0.14,
7528,296.24375,45.13083,2.87,-0.03,18Del Cyg
7529,296.41500,36.09111,6.43,-0.03,
7530,296.46417,35.01278,6.09,+1.06,
7531,297.68667,-59.19306,5.42,+0.08,
7532,297.01250,-13.70333,6.11,+0.20,
7533,296.66458,25.13389,6.62,+0.27,
7534,296.60667,33.72778,4.99,+0.47,17 Cyg
7535,296.64583,32.88861,6.18,+1.13,
7536,296.84708,18.53417,3.82,+1.41,7Del Sge
7537,297.55750,-47.55722,5.94,+1.70,
7538,297.29833,-28.78889,6.05,+0.40,
7540,296.95250,25.38389,5.95,+0.99,
7541,297.25917,-10.87083,6.04,+1.24,
7542,297.12667,10.69417,6.44,+0.96,
7543,296.86583,38.40750,5.77,-0.06,
7544,297.17542,11.81583,5.72,,52Pi Aql
7545,296.07708,69.33694,5.92,+0.05,
7546,297.24458,19.14222,5.00,+0.10,8Zet Sge
7547,296.86167,47.90778,6.12,+1.64,
7548,298.15667,-54.97111,5.74,+0.92,
7549,298.16250,-54.97667,6.50,+0.10,
7550,297.18292,35.31139,6.53,+0.44,
7551,297.21083,33.43722,6.44,+0.20,
7552,297.96083,-39.87444,5.33,-0.06,
7553,297.69500,-10.76361,5.39,+0.38,51 Aql
7554,297.57292,7.90250,6.51,-0.10,
7555,297.36458,38.71000,6.11,+0.90,
7556,297.47750,28.44056,6.38,-0.06,
7557,297.69583,8.86833,0.77,+0.22,53Alp Aql
7558,298.66833,-61.17083,6.24,+0.16,
7559,297.79625,-2.46083,6.13,+1.57,
7560,297.75667,10.41556,5.11,+0.55,54Omi Aql
7561,298.05000,-19.04500,5.92,+0.98,57 Sgr
7562,297.82375,9.63028,6.25,+0.10,
7563,296.68625,68.43833,6.34,+0.28,
7564,297.64125,32.91417,4.23,+1.82,Chi Cyg
7565,297.76708,22.61000,4.95,-0.14,12 Vul
7566,297.64167,38.72250,5.12,+1.69,19 Cyg
7567,297.65542,40.59972,5.69,-0.04,
7568,297.69583,37.82639,6.06,+1.70,
7569,298.01458,11.62889,6.13,+0.65,
7570,298.11833,1.00556,3.90,+0.89,55Eta Aql
7571,298.27667,-14.60306,6.48,+0.14,
7572,298.06500,10.35139,6.54,-0.01,
7573,298.00667,24.99222,5.57,+0.71,
7574,298.09083,18.67194,6.23,+0.01,9 Sge
7575,298.32792,-3.11444,5.65,+0.20,
7576,297.65708,52.98806,5.03,+1.28,20 Cyg
7577,297.83083,47.37722,6.20,+0.36,
7578,298.57375,-23.94111,6.18,+1.02,
7579,299.67208,-69.16389,5.75,+0.23,
7580,298.34417,4.40056,6.53,+0.02,
7581,298.81542,-41.86833,4.13,+1.08,Iot Sgr
7582,297.04333,70.26778,3.83,+0.89,63Eps Dra
7583,298.06792,36.43222,6.10,+1.43,
7584,298.53417,-8.57417,5.79,+1.64,56 Aql
7585,298.77125,-33.04639,6.46,+1.48,
7586,299.24042,-57.92556,6.53,+1.53,
7587,299.27583,-58.90139,5.26,-0.01,
7588,299.72083,-68.76222,6.39,+0.16,
7589,297.99625,47.02750,5.62,-0.07,
7590,300.14792,-72.91056,3.96,-0.03,Eps Pav
7591,298.03000,47.93194,5.91,-0.18,
7592,298.36542,24.07972,4.58,-0.06,13 Vul
7593,298.65667,-8.22722,5.71,-0.08,57 Aql
7594,298.65875,-8.23722,6.49,-0.04,57 Aql
7595,298.56208,8.46139,4.71,+1.05,59Xi Aql
7596,298.68667,0.27361,5.61,+0.10,58 Aql
7597,298.96000,-26.29944,4.70,+0.75,58Ome Sgr
7598,298.66792,7.14028,6.15,+0.03,
7599,298.83167,-6.73417,6.51,+0.39,
7600,298.25500,47.80750,6.29,-0.11,
7601,298.62958,24.31944,5.52,-0.02,
7602,298.82833,6.40667,3.71,+0.86,60Bet Aql
7603,300.09583,-66.94944,5.76,+1.04,Mu 1Pav
7604,299.23667,-27.17000,4.52,+1.46,59 Sgr
7605,299.42208,-38.05833,6.55,+0.39,
7606,298.70125,36.99611,5.76,+0.75,
7607,298.77708,30.19528,6.57,-0.08,
7608,298.32250,57.52361,5.14,-0.13,23 Cyg
7609,299.00542,16.63472,5.36,+0.67,10 Sge
7610,299.05958,11.42389,5.28,-0.01,61Phi Aql
7611,298.39750,59.70889,6.06,+0.02,
7612,300.46833,-66.94417,5.31,+1.22,Mu 2Pav
7613,298.96542,38.48667,4.94,-0.08,22 Cyg
7614,299.48750,-15.49139,5.02,+0.05,61 Sgr
7615,299.07667,35.08333,3.89,+1.02,21Eta Cyg
7616,299.25083,20.99806,6.48,+0.07,
7617,299.73500,-30.53806,6.28,+1.05,
7618,299.73833,-26.19556,4.83,+0.90,60 Sgr
7619,298.90750,52.43889,4.92,+0.12,24Psi Cyg
7620,299.18417,36.25083,6.02,-0.15,
7621,300.10542,-49.35111,6.17,+1.06,
7622,299.43917,16.78917,5.53,-0.05,11 Sge
7623,299.93417,-35.27639,4.37,-0.15,The1Sgr
7624,299.96375,-34.69778,5.30,+0.17,The2Sgr
7625,300.43625,-59.37611,5.13,+1.53,
7626,298.84208,58.25028,6.09,+1.02,
7627,300.11042,-43.04333,6.14,+1.64,
7628,299.30792,40.36806,5.45,-0.10,
7629,300.06625,-37.70222,5.95,+1.00,
7630,300.20125,-45.11306,5.81,+0.28,
7631,300.08458,-33.70389,5.66,+0.49,
7632,299.18792,50.90250,6.43,-0.01,
7633,298.98083,58.84611,4.96,+1.59,
7634,299.07917,56.68694,6.12,,
7635,299.68917,19.49222,3.47,+1.57,12Gam Sge
7636,299.84458,1.37778,6.17,+1.13,
7637,299.94750,-9.95833,5.88,+0.58,
7638,299.48417,42.26083,6.43,,
7639,300.36000,-40.81417,6.29,+0.11,
7640,299.65833,30.98361,5.49,-0.06,
7641,299.79375,23.10139,5.67,,14 Vul
7642,299.64333,38.10556,6.32,-0.09,
7643,300.34958,-22.73722,6.01,+0.97,
7644,301.38667,-67.32083,6.07,+0.64,
7645,300.01375,17.51667,5.37,+1.67,13 Sge
7646,299.83542,45.77222,5.92,+0.16,
7647,299.98000,37.04278,5.19,-0.17,25 Cyg
7648,300.24542,8.55806,5.91,+1.52,
7649,300.49417,-13.63694,5.71,+0.08,63 Sgr
7650,300.66458,-27.70972,4.58,+1.65,62 Sgr
7651,299.81417,52.05583,6.15,-0.19,
7652,300.88958,-37.94083,4.77,+1.41,
7653,300.27542,27.75361,4.64,+0.18,15 Vul
7654,299.61958,63.53417,5.96,+0.09,
7655,300.31375,37.09889,6.20,+1.31,
7656,300.43625,24.80028,5.88,-0.12,
7657,300.50583,24.93806,5.22,+0.36,16 Vul
7658,300.93458,-22.59556,6.45,+0.50,
7659,301.08167,-32.05639,4.99,+1.21,
7660,300.34000,50.10472,5.05,+1.11,26 Cyg
7661,301.00500,-7.46972,6.72,+0.35,
7662,300.81833,18.50056,5.96,+1.42,
7663,302.08542,-66.35472,6.45,+1.58,
7664,300.87500,16.03139,5.67,-0.10,
7665,302.18167,-66.18194,3.56,+0.76,Del Pav
7666,299.67458,70.36694,6.33,+0.88,
7667,301.09667,-0.70944,5.68,+1.30,62 Aql
7668,301.38375,-33.00000,6.53,-0.08,
7669,301.03458,7.27806,5.52,+1.06,63Tau Aql
7670,300.90583,29.89667,5.71,+0.73,
7671,301.27250,-11.59944,6.34,+0.52,
7672,301.02583,17.07000,5.80,+0.61,15 Sge
7673,301.84667,-52.88083,4.94,+1.62,Xi Tel
7674,301.89625,-55.01639,6.26,+0.53,
7675,301.36000,-12.66528,6.55,+0.04,65 Sgr
7676,300.36875,64.82111,5.27,+1.56,64 Dra
7677,301.24417,23.21028,6.45,,
7678,301.15042,32.21861,5.64,+0.54,
7679,301.28958,19.99111,5.10,+1.06,16Eta Sge
7680,301.36042,15.50028,6.34,+1.64,
7681,301.55083,-4.07833,6.47,+1.16,
7682,300.58458,64.63444,6.57,,65 Dra
7683,301.29083,38.47833,6.19,+0.64,
7684,301.12000,48.22972,6.16,+0.04,
7685,300.70458,67.87361,4.51,+1.32,67Rho Dra
7686,299.90250,76.48139,6.20,+1.61,69 Dra
7687,301.27792,51.83944,6.14,+1.60,
7688,301.72250,23.61444,5.07,-0.18,17 Vul
7689,301.59083,35.97250,5.36,+0.85,27 Cyg
7690,302.00750,-0.67833,5.99,+1.02,64 Aql
7691,302.78000,-57.52389,6.37,+0.06,
7692,301.33958,56.34139,6.21,+0.43,
7693,301.95958,9.39972,6.43,+0.46,
7694,302.13042,-10.06278,6.18,+0.06,
7695,301.18583,63.89056,6.26,+0.10,
7696,302.02708,16.66417,6.42,+1.91,
7697,301.55750,53.16583,5.85,+0.39,
7698,306.22667,-83.31056,6.17,+0.20,
7699,301.92250,34.42306,6.11,+0.16,
7700,302.15958,10.72583,6.31,-0.12,
7701,301.38667,61.99556,5.39,+1.18,66 Dra
7702,301.79792,50.22917,6.54,+0.13,
7703,302.79958,-36.10111,5.32,+0.87,
7704,301.22208,68.02722,6.28,+1.65,
7705,302.48583,20.91528,6.48,+0.38,17The Sge
7706,303.09958,-42.78056,6.22,+1.23,
7707,303.61208,-63.41583,6.09,+0.31,
7708,302.35667,36.83972,4.93,-0.13,28 Cyg
7709,302.79208,-8.84222,6.49,-0.15,
7710,302.82625,-0.82139,3.23,-0.07,65The Aql
7711,302.63958,26.90417,5.52,+0.08,18 Vul
7712,302.99125,-12.39250,6.34,+1.21,1Xi 1Cap
7713,302.76458,21.13472,6.22,+0.90,
7714,303.57917,-52.44556,5.65,+1.50,
7715,303.10792,-12.61750,5.85,+0.48,2Xi 2Cap
7716,302.83792,21.87556,6.26,-0.02,
7717,303.14667,0.86750,6.27,+0.02,
7718,302.95000,26.80889,5.49,+1.41,19 Vul
7719,303.00292,26.47889,5.92,-0.11,20 Vul
7720,303.30792,-1.00944,5.47,+1.43,66 Aql
7721,303.01583,47.73694,6.92,-0.12,
7722,303.82250,-27.03278,5.73,+0.88,
7723,303.41917,24.23889,6.56,+0.29,
7724,303.56917,15.19750,4.95,+0.08,67Rho Aql
7725,303.96083,-30.00528,6.30,+1.51,
7726,303.13250,51.46361,6.01,+1.14,
7727,302.89542,62.07861,5.75,+0.47,68 Dra
7728,304.09875,-36.45444,6.39,+1.54,
7729,304.11042,-35.19778,6.53,+0.37,
7730,303.32500,46.81583,4.83,+0.09,30 Cyg
7731,303.56042,28.69472,5.18,+0.18,21 Vul
7732,304.76250,-63.23111,6.27,+1.04,
7733,303.42833,43.37917,6.14,+1.50,
7734,303.52083,36.60528,6.45,0.00,
7735,303.40792,46.74139,3.79,+1.28,31 Cyg
7736,303.63333,36.80639,4.97,+0.14,29 Cyg
7737,303.59000,42.10361,6.71,-0.04,
7738,304.09500,-12.33694,6.32,+0.01,3 Cap
7739,303.81625,25.59194,4.78,-0.18,
7740,303.34958,56.56778,4.30,+0.11,33 Cyg
7741,303.87583,23.50861,5.15,+1.04,22 Vul
7742,303.36542,60.64056,5.79,+1.47,
7743,303.84875,33.72944,5.66,+0.91,
7744,303.94208,27.81417,4.52,+1.26,23 Vul
7745,304.73333,-47.71083,6.31,+1.67,
7746,304.08208,21.59861,6.13,+1.04,18 Sge
7747,304.41208,-12.50833,4.24,+1.07,5Alp1Cap
7748,304.50583,-21.81000,5.87,+1.00,4 Cap
7749,304.82458,-47.58028,6.13,+0.46,
7750,302.22208,77.71139,4.39,-0.05,1Kap Cep
7751,303.86792,47.71444,3.98,+1.52,32 Cyg
7752,304.01417,38.89778,6.27,+0.01,
7753,304.19625,24.67111,5.32,+0.95,24 Vul
7754,304.51375,-12.54472,3.57,+0.94,6Alp2Cap
7755,303.93083,50.23278,6.31,,
7756,304.00250,45.57944,5.91,+0.38,
7757,304.11750,37.05639,6.48,-0.09,
7758,305.13458,-55.05083,6.27,+1.59,
7759,304.23042,40.36500,5.24,+1.65,
7760,304.38125,29.14806,6.22,+1.01,
7761,304.84833,-19.11861,5.28,+1.40,7Sig Cap
7762,304.37125,42.72194,6.29,+1.64,
7763,304.44667,38.03306,4.81,+0.42,34 Cyg
7764,305.11708,-29.19722,6.30,+0.17,
7765,305.21625,-35.67361,6.46,+1.31,
7766,305.42083,-49.99944,6.27,+0.55,
7767,304.52917,40.73222,5.84,+0.10,
7768,304.93042,-1.07861,6.06,+1.09,
7769,304.61917,37.00000,5.58,+0.06,36 Cyg
7770,304.66292,34.98278,5.17,+0.65,35 Cyg
7771,304.87167,13.21694,6.21,+1.63,
7772,305.10875,-6.36167,6.63,+1.55,
7773,305.16583,-12.75917,4.76,-0.05,8Nu Cap
7774,305.00083,13.54806,5.95,+0.31,
7775,305.19417,-14.78500,6.10,-0.02,
7776,305.25292,-14.78139,3.08,+0.79,9Bet Cap
7777,304.70667,46.32278,6.45,-0.13,
7778,305.08542,14.56917,6.13,+0.91,
7779,305.61458,-42.04972,5.59,0.00,Kap1Sgr
7780,305.08917,17.79306,5.80,+1.49,
7781,304.60333,55.39722,5.76,+0.11,
7782,304.95125,37.13250,6.57,0.00,
7783,304.38042,66.85389,5.93,+0.58,
7784,305.06333,39.40333,6.23,+0.06,
7785,308.32292,-80.96500,5.77,+1.14,
7786,304.98375,46.83750,6.50,-0.06,
7787,305.97167,-42.42278,5.64,+0.20,Kap2Sgr
7788,305.75333,-9.65472,6.30,+0.91,
7789,305.51417,24.44611,5.54,-0.06,25 Vul
7790,306.41208,-56.73500,1.94,-0.20,Alp Pav
7791,305.12667,53.59611,6.18,+1.56,
7792,304.90292,62.25750,5.72,-0.05,71 Dra
7793,305.71792,14.55139,6.17,+0.51,
7794,305.79458,5.34306,5.31,+0.97,
7795,305.51250,41.13139,6.39,+1.07,
7796,305.55708,40.25667,2.20,+0.68,37Gam Cyg
7797,305.65583,31.26500,6.09,+1.35,
7798,305.52250,45.79500,5.58,+1.08,
7799,306.44958,-40.79639,6.09,+1.36,
7800,305.68875,41.02611,5.93,+1.60,
7801,306.36167,-28.66333,5.85,+1.10,
7802,305.73125,42.98333,6.20,+0.95,
7803,306.15625,1.06861,6.15,-0.04,
7804,305.02500,68.88028,5.55,+1.59,
7805,305.29750,63.98028,5.69,+1.56,
7806,305.96542,32.19000,4.43,+1.33,39 Cyg
7807,305.93500,37.47639,5.90,-0.20,
7808,306.72083,-37.40306,6.25,+0.97,
7809,306.42708,-2.80028,6.11,+1.19,
7810,306.43333,10.05639,6.33,+1.56,
7811,306.41875,21.40972,5.66,+0.93,
7812,309.57750,-81.28889,5.91,+1.71,
7813,306.50500,19.86500,6.41,+1.02,
7814,306.83000,-18.21167,5.25,-0.07,10Pi Cap
7815,306.13500,53.55194,6.51,+0.01,
7816,306.59667,17.31556,6.22,+1.01,
7817,307.19458,-35.59583,6.10,-0.11,
7818,306.27125,59.60000,6.44,+0.09,
7819,307.18167,-15.74167,6.41,+0.99,
7820,307.03125,8.43750,6.25,+1.08,
7821,307.10375,-3.35778,6.13,-0.06,68 Aql
7822,307.21500,-17.81361,4.78,+0.38,11Rho Cap
7823,306.78208,34.32889,6.39,+0.48,
7824,307.07000,2.93694,6.21,+0.90,
7825,307.38042,-22.39167,6.16,+1.55,
7826,306.89292,38.44028,5.62,+0.06,40 Cyg
7827,306.59792,56.63889,6.36,0.00,
7828,306.75958,49.38333,5.69,+0.26,43 Cyg
7829,307.46875,-18.58667,6.74,+0.22,12Omi Cap
7830,307.47458,-18.58333,5.94,+0.08,12Omi Cap
7831,307.41250,-2.88556,4.91,+1.15,69 Aql
7832,307.73667,-29.11250,6.39,+0.21,
7833,307.33792,20.08778,6.55,+0.23,
7834,307.34875,30.36861,4.01,+0.40,41 Cyg
7835,307.33500,36.45472,5.88,+0.52,42 Cyg
7836,307.57500,10.89583,6.08,-0.03,1 Del
7837,307.76792,-15.05639,6.12,+0.79,
7838,308.96542,-69.61111,6.11,+1.29,
7839,307.74208,20.60583,6.18,+0.15,
7840,307.80417,11.26056,7.11,+0.03,
7841,307.49958,45.92861,6.41,+1.13,
7842,308.21833,-24.94389,6.36,-0.01,
7843,307.36292,56.06806,5.91,-0.04,
7844,307.51458,48.95167,4.95,-0.09,45Ome1Cyg
7845,308.09875,-9.85333,5.65,+0.69,
7846,308.47958,-44.51611,5.11,+1.01,Nu Mic
7847,307.74667,36.93583,6.19,+1.01,44 Cyg
7848,308.89500,-60.58167,4.76,+0.28,Phi1Pav
7849,307.99250,25.80444,6.34,+0.26,
7850,307.39542,62.99417,4.22,+0.20,2The Cep
7851,307.82833,49.22028,5.44,+1.55,46Ome2Cyg
7852,308.30333,11.30333,4.03,-0.13,2Eps Del
7853,308.73125,-38.08972,6.44,+0.26,
7854,307.83792,52.30972,6.18,+1.01,
7855,308.54875,-13.72111,6.13,+0.54,
7856,308.69750,-30.47361,6.40,-0.08,
7857,308.47333,10.05972,6.56,+0.08,
7858,308.48750,13.02722,5.38,+0.07,3Eta Del
7859,309.39708,-61.53000,4.88,+0.43,Rho Pav
7860,307.94375,56.78000,6.14,+1.43,
7861,308.21792,43.19167,6.60,-0.11,
7862,308.54167,20.98528,6.48,-0.14,
7863,310.51208,-76.18056,6.00,+0.44,Mu 1Oct
7864,310.43208,-75.35056,6.55,+0.62,Mu 2Oct
7865,308.88417,-16.52583,6.19,+0.20,
7866,308.47583,35.25083,4.61,+1.60,47 Cyg
7867,308.45167,41.77222,6.49,+1.00,
7868,307.50292,72.53167,6.27,+1.35,
7869,309.39167,-47.29139,3.11,+1.00,Alp Ind
7870,308.47875,46.69389,5.78,-0.16,
7871,308.82708,14.67417,4.68,+0.11,4Zet Del
7872,309.96417,-62.90778,6.22,+1.10,
7873,309.18167,-2.55000,4.89,+1.60,70 Aql
7874,309.03458,25.88250,6.41,+0.21,26 Vul
7875,310.01083,-60.54889,5.12,+0.53,Phi2Pav
7876,308.71000,51.85417,6.11,+0.41,
7877,309.46708,-25.10889,6.36,+0.33,
7878,309.32625,0.09694,6.22,-0.08,
7879,307.87667,74.95472,5.20,+0.07,73 Dra
7880,309.26958,26.46194,5.59,-0.07,27 Vul
7881,310.48792,-66.76083,5.15,-0.06,Ups Pav
7882,309.38750,14.59528,3.63,+0.44,6Bet Del
7883,309.45458,11.37778,5.43,+0.06,5Iot Del
7884,309.58458,-1.10528,4.32,+0.95,71 Aql
7885,309.38250,31.57250,6.32,-0.09,48 Cyg
7886,309.47750,18.26917,6.25,+1.48,
7887,309.38583,31.52194,6.49,+0.34,
7888,309.34833,38.32861,6.20,+0.99,
7889,309.81833,-14.95472,5.22,-0.12,14Tau Cap
7890,309.80500,-2.41278,6.22,-0.10,
7891,309.63042,21.20111,4.82,-0.02,29 Vul
7892,309.68292,13.31500,5.72,+1.53,8The Del
7893,310.08250,-33.43194,5.47,+1.12,
7894,309.63292,24.11611,5.04,-0.14,28 Vul
7895,309.64625,23.68056,5.91,+0.98,
7896,309.78250,10.08611,5.05,+0.72,7Kap Del
7897,309.85375,0.48639,5.16,+1.06,1 Aqr
7898,310.04875,-23.77389,6.37,+0.72,
7899,309.77083,15.83806,5.97,-0.14,
7900,310.01250,-18.13861,5.10,+1.66,15Ups Cap
7901,307.06083,81.42278,5.46,+1.02,75 Dra
7902,310.15000,-26.64500,6.51,+0.57,
7903,309.79417,21.81722,6.08,-0.06,
7904,309.74792,30.33444,5.68,+1.09,
7905,310.13542,-16.12417,5.80,+1.00,
7906,309.90958,15.91194,3.77,-0.06,9Alp Del
7907,309.96583,11.24972,6.42,+0.55,
7908,307.36458,81.09139,5.96,+0.92,74 Dra
7909,310.34875,-31.59833,5.76,+1.53,
7910,310.35042,-26.00000,6.28,+1.22,
7911,309.88875,40.57944,6.06,-0.16,
7912,309.84625,45.66694,6.58,-0.06,
7913,311.23958,-66.20306,3.42,+0.16,Bet Pav
7914,310.18833,19.93528,6.45,+0.63,
7915,310.72083,-39.55861,6.29,+1.08,
7916,309.75083,56.00500,6.48,,
7917,310.15083,29.80528,6.08,+0.14,
7918,310.31750,14.58306,5.99,+1.24,10 Del
7919,310.01292,43.45861,5.95,+1.19,
7920,311.00958,-51.92111,4.51,+0.27,Eta Ind
7921,310.26083,32.30722,5.51,+0.88,49 Cyg
7922,310.25167,39.08222,6.51,-0.12,
7923,310.49250,17.52139,6.22,+0.94,
7924,310.35792,45.28028,1.25,+0.09,50Alp Cyg
7925,310.07458,60.50528,6.01,+0.46,
7926,310.48542,41.71694,5.67,-0.12,
7927,310.59250,35.45611,6.66,-0.16,
7928,310.86458,15.07444,4.43,+0.32,11Del Del
7929,310.55250,50.34000,5.39,-0.10,51 Cyg
7930,307.26292,83.62556,6.19,+0.13,
7931,311.30500,-27.24722,6.50,+0.94,
7932,310.85083,35.58778,6.47,+1.23,
7933,311.58375,-39.19917,5.50,-0.10,
7934,312.32542,-68.77639,5.41,+1.12,Sig Pav
7935,311.57750,-36.12028,6.49,+0.39,
7936,311.52375,-25.27083,4.14,+0.43,16Psi Cap
7937,311.54167,-21.51417,5.93,+0.04,17 Cap
7938,310.66542,60.60139,6.15,+0.01,
7939,311.21875,25.27056,4.91,+1.18,30 Vul
7940,310.80625,57.11417,6.32,+0.33,
7941,311.36750,18.09028,6.38,+1.68,
7942,311.41542,30.71972,4.22,+1.05,52 Cyg
7943,312.12167,-43.98861,5.11,+0.35,Iot Mic
7944,311.09167,56.48806,5.78,+1.67,
7945,310.79583,66.65750,5.58,+0.22,4 Cep
7946,311.76500,-2.48667,6.27,+1.55,
7947,311.66125,16.12444,5.14,+0.49,12Gam1Del
7948,311.66458,16.12417,4.27,+1.04,12Gam2Del
7949,311.55292,33.97028,2.46,+1.03,53Eps Cyg
7950,311.91917,-9.49583,3.77,0.00,2Eps Aqr
7951,311.93417,-5.02778,4.42,+1.65,3 Aqr
7952,312.37083,-46.22694,4.89,+1.52,Zet Ind
7953,311.95125,6.00833,5.58,-0.02,13 Del
7954,311.94917,3.30667,6.40,-0.02,
7955,311.33792,57.57972,4.51,+0.54,
7956,311.79500,34.37417,4.92,+1.32,
7957,311.32250,61.83889,3.43,+0.92,3Eta Cep
7958,311.66042,46.53167,6.30,+0.03,
7959,312.90958,-62.42917,6.28,+0.15,
7960,312.91167,-62.42917,6.59,+0.17,
7961,312.32333,-25.78139,5.86,-0.07,
7962,311.58833,52.99528,6.33,+1.12,
7963,311.85208,36.49083,4.53,-0.11,54Lam Cyg
7964,312.33542,-18.03583,6.21,+1.42,
7965,312.49208,-33.77972,4.90,+1.00,Alp Mic
7966,311.83667,45.57972,6.40,+1.61,
7967,311.13792,69.75194,6.41,,
7968,312.87542,-51.60833,5.05,+1.13,Iot Ind
7969,311.95542,47.83194,5.57,+1.46,
7970,312.69625,-32.05444,6.36,+1.54,
7971,312.75292,-37.91333,5.52,+1.38,
7972,311.97000,52.40722,6.27,+0.89,
7973,312.40750,12.54528,5.98,+0.43,15 Del
7974,312.45125,7.86417,6.33,+0.02,14 Del
7975,312.49625,5.54472,6.21,+0.98,
7976,312.67417,-12.54500,5.88,+1.07,
7977,312.23458,46.11417,4.84,+0.41,55 Cyg
7978,312.17792,51.91056,6.29,-0.07,
7979,312.99500,-33.17722,6.04,+0.03,Bet Mic
7980,312.95542,-26.91917,4.11,+1.64,18Ome Cap
7981,312.65417,18.05139,6.52,+0.04,
7982,312.85708,-5.62639,5.99,+0.46,4 Aqr
7983,312.47792,46.66111,6.33,-0.07,
7984,312.52042,44.05944,5.04,+0.20,56 Cyg
7985,313.03625,-5.50694,5.55,-0.08,5 Aqr
7986,313.70250,-58.45417,3.65,+1.25,Bet Ind
7987,313.41750,-39.81000,5.35,+1.32,
7988,312.86750,28.25056,5.77,+0.72,
7989,313.25500,-23.78306,6.33,+0.88,
7990,313.16333,-8.98333,4.73,+0.32,6Mu Aqr
7991,313.35417,-30.71861,6.35,+1.09,
7992,313.64583,-50.72778,6.24,-0.12,
7993,312.32250,64.04222,6.45,+0.07,
7994,313.27333,-11.57361,6.38,+0.67,
7995,313.03208,27.09694,4.59,+0.83,31 Vul
7996,313.00125,32.84917,6.44,-0.15,
7997,313.52833,-27.92556,6.41,+1.60,
7998,313.49333,-6.88972,6.44,+0.37,
7999,313.28083,29.64944,6.34,+1.09,
8000,313.69958,-17.92306,5.78,+1.12,19 Cap
8001,313.31167,44.38722,4.78,-0.14,57 Cyg
8002,310.64667,82.53111,5.75,0.00,76 Dra
8003,313.32750,45.18194,5.45,+1.10,
8004,313.36000,42.41028,6.66,-0.04,
8005,313.47458,33.43778,5.47,+1.52,
8006,313.78375,-1.37333,6.55,+0.29,
8007,313.59333,28.52194,6.56,-0.13,
8008,313.64000,28.05750,5.01,+1.48,32 Vul
8009,313.59292,40.70306,6.70,-0.07,
8010,313.91958,4.53278,6.05,+0.82,
8011,313.90292,13.72139,5.17,+1.12,17 Del
8012,313.91083,12.56861,5.58,+0.12,16 Del
8013,314.19708,-26.29639,5.70,+0.50,
8014,314.07625,-3.56139,6.57,-0.10,
8015,314.22500,-9.69750,5.51,+1.47,7 Aqr
8016,311.88917,80.55222,5.39,+1.12,
8017,314.29417,0.46361,6.05,+1.22,
8018,314.41917,-16.03167,5.87,+0.18,
8019,315.36708,-68.20972,6.37,+0.10,
8020,313.95750,47.41778,5.67,+0.47,
8021,316.17917,-77.02389,5.15,+0.49,Alp Oct
8022,314.05375,51.07500,6.63,-0.10,
8023,314.14458,44.92500,5.96,+0.05,
8024,314.67458,-14.48278,6.01,+0.23,
8025,314.10625,50.72861,5.81,+0.30,
8026,314.10792,49.19583,5.90,+1.04,
8027,315.08958,-51.26528,5.76,+0.47,
8028,314.29333,41.16722,3.94,+0.02,58Nu Cyg
8029,314.07083,56.88750,6.23,-0.18,
8030,314.60792,10.83917,5.48,+0.93,18 Del
8031,314.99875,-36.12972,6.11,+0.39,
8032,314.56833,22.32583,5.31,+1.40,33 Vul
8033,314.90042,-19.03528,6.25,-0.13,20 Cap
8034,314.76833,4.29361,5.23,+0.46,1Eps Equ
8035,314.58125,44.47167,5.55,+0.97,
8036,314.62833,41.94028,6.16,-0.08,
8037,314.96167,16.82417,6.66,+0.38,
8038,315.01625,7.51639,5.99,+0.26,
8039,315.32292,-32.25778,4.67,+0.89,Gam Mic
8040,314.62542,50.46222,5.61,-0.15,
8041,315.14083,-4.73028,6.21,+0.63,11 Aqr
8042,315.55250,-43.00194,6.64,+0.68,
8043,313.68458,75.92556,6.05,+0.93,
8044,315.11542,19.32944,5.65,+1.61,
8045,315.43875,-26.88111,6.05,+0.06,
8046,315.61333,-38.53056,5.94,+1.11,
8047,314.95667,47.52111,4.74,-0.05,59 Cyg
8048,315.74167,-38.63167,5.30,+0.41,Zet Mic
8049,314.85583,59.43861,5.51,+1.40,
8050,315.79250,-27.73194,6.25,+0.95,
8051,315.30375,36.02611,5.97,+0.98,
8052,317.19958,-76.21250,6.58,+1.23,
8053,315.29542,46.15583,5.37,-0.21,60 Cyg
8054,315.74833,-0.92472,6.50,-0.10,
8055,316.30917,-54.72722,5.16,+1.21,Mu Ind
8056,315.76250,1.53194,6.25,+0.48,
8057,315.75750,14.73000,6.31,+1.67,
8058,316.01917,-5.82333,7.31,,12 Aqr
8059,316.01958,-5.82306,5.89,+0.68,12 Aqr
8060,316.10125,-19.85500,4.84,+0.17,22Eta Cap
8061,317.34292,-73.17306,5.68,+0.59,
8062,315.60042,44.79111,6.19,+1.69,
8063,315.77000,38.65750,6.07,+1.01,
8064,315.70208,45.84889,6.48,-0.15,
8065,315.53792,56.66972,5.83,-0.07,
8066,316.14458,5.50278,5.61,+1.65,3 Equ
8067,316.17375,2.94194,6.42,+1.05,
8068,316.18917,2.26972,6.33,+0.97,
8069,316.60625,-41.38611,5.53,+1.35,Eta Mic
8070,316.50500,-30.12500,5.68,+1.03,Del Mic
8071,315.96708,41.62806,6.33,+0.38,
8072,315.85833,50.35194,6.37,+0.98,
8073,317.13708,-63.92889,5.76,+1.18,
8074,315.93042,46.86194,6.32,+0.25,
8075,316.48667,-17.23278,4.07,-0.01,23The Cap
8076,316.60292,-32.34167,5.18,+1.10,
8077,316.36125,5.95833,5.94,+0.54,4 Equ
8078,315.94833,53.28611,5.90,+0.99,
8079,316.23292,43.92778,3.72,+1.65,62Xi Cyg
8080,316.78208,-25.00583,4.50,+1.61,24 Cap
8081,317.83625,-72.54417,6.20,+1.08,
8082,316.59792,26.92444,6.12,+1.05,
8083,316.93583,-17.45528,6.17,+0.02,
8084,316.62625,31.18472,5.82,+0.56,
8085,316.72750,38.74583,5.21,+1.18,61 Cyg
8086,316.73042,38.74333,6.03,+1.37,61 Cyg
8087,317.14000,-21.19361,5.30,+0.01,25Chi Cap
8088,316.89000,15.65861,6.34,+1.01,
8089,316.65042,47.64833,4.55,+1.57,63 Cyg
8090,317.11750,6.98944,6.15,+1.66,
8091,317.38750,-20.55639,6.25,+0.38,27 Cap
8092,318.33542,-70.12639,5.02,+1.58,Omi Pav
8093,317.39875,-11.37167,4.51,+0.94,13Nu Aqr
8094,317.16208,30.20583,5.59,-0.10,
8095,317.49292,2.94333,6.45,+0.37,
8096,317.69542,-9.35389,6.27,+1.16,
8097,317.58542,10.13167,4.69,+0.26,5Gam Equ
8098,317.63000,10.04889,6.07,+0.02,6 Equ
8099,316.59708,71.43194,5.87,+0.40,
8100,318.05667,-40.26944,5.83,+0.45,
8101,317.63333,22.45472,6.68,+0.03,
8102,317.92208,-14.47222,6.48,+0.28,
8103,317.49417,45.50250,6.63,-0.16,
8104,318.26292,-39.42528,5.26,+0.44,
8105,317.76625,36.29917,6.54,-0.14,
8106,317.56500,53.56333,5.73,-0.12,
8107,317.62917,47.69194,6.46,-0.01,
8108,318.32875,-36.42389,5.96,+0.98,
8109,317.37042,63.29556,6.54,-0.13,
8110,318.32208,-27.61944,5.42,+1.42,
8111,319.56708,-75.34667,6.63,+0.03,
8112,316.37208,78.12639,5.91,-0.07,
8113,317.38333,68.49028,7.33,+1.49,
8114,318.94125,-53.26306,5.75,+0.19,
8115,318.23417,30.22694,3.20,+0.99,64Zet Cyg
8116,318.37000,15.98250,6.27,+0.24,
8117,318.81125,-40.50639,6.21,+1.14,
8118,318.56958,-10.60528,6.77,-0.08,
8119,317.95083,59.98639,5.64,+0.11,
8120,318.35958,36.63361,6.05,+0.21,
8121,318.65417,0.09222,6.38,+1.61,
8122,318.77750,-17.34500,6.04,+0.96,
8123,318.62042,10.00694,4.49,+0.50,7Del Equ
8124,318.94500,-36.21083,6.12,+1.37,
8125,319.50125,-64.68167,6.31,-0.07,
8126,318.54292,29.90111,6.17,+1.09,
8127,318.90792,-20.65167,5.24,+1.17,28Phi Cap
8128,318.93708,-15.17139,5.28,+1.64,29 Cap
8129,323.01750,-84.81000,6.45,+1.40,
8130,318.69792,38.04556,3.72,+0.39,65Tau Cyg
8131,318.95583,5.24778,3.92,+0.53,8Alp Equ
8132,319.16500,-1.60778,6.48,+0.98,
8133,318.42750,64.40389,6.39,+0.60,
8134,319.30625,-13.27889,6.40,+0.04,
8135,319.48458,-32.17250,4.71,+0.06,Eps Mic
8136,318.90333,47.97361,6.46,-0.15,
8137,319.48875,-17.98528,5.43,-0.12,30 Cap
8138,319.12333,42.25139,6.43,,
8139,319.56542,-17.46222,7.05,+0.34,31 Cap
8140,319.96667,-53.44972,4.39,+0.19,The Ind
8141,319.54625,-4.51944,5.82,-0.13,15 Aqr
8142,319.72667,-28.76556,6.40,+0.97,
8143,319.35417,39.39472,4.23,+0.12,67Sig Cyg
8144,319.34667,42.68333,6.19,-0.11,
8145,320.03958,-45.02222,6.00,+2.33,
8146,319.47958,34.89694,4.43,-0.11,66Ups Cyg
8147,319.25833,53.99750,6.13,+0.05,
8148,319.94083,-26.35306,6.56,+0.73,
8149,319.71667,11.20333,5.96,+1.65,
8150,319.30958,55.79806,5.98,+1.45,
8151,320.19000,-40.80972,4.82,+0.02,The1Mic
8152,320.31833,-49.93778,6.38,+1.32,
8153,319.32833,58.61167,6.42,+0.20,
8154,319.61333,43.94583,5.00,-0.01,68 Cyg
8155,319.73042,41.04083,6.15,+0.30,
8156,321.06958,-69.73417,6.41,+2.82,
8157,319.84250,38.23750,5.83,+0.50,
8158,320.05833,22.02639,6.29,-0.08,
8159,321.32542,-71.79944,6.09,+1.26,
8160,320.26792,-4.56000,5.87,+0.92,16 Aqr
8161,319.87000,49.51028,5.76,-0.15,
8162,319.64500,62.58556,2.44,+0.22,5Alp Cep
8163,320.27000,7.35444,5.82,+1.66,9 Equ
8164,319.81583,58.62361,5.66,+1.38,
8165,320.26833,23.85583,5.57,+1.05,
8166,320.20875,32.45278,5.68,+1.08,
8167,320.56167,-16.83444,4.28,+0.90,32Iot Cap
8168,318.92583,77.01222,5.95,+1.50,
8169,320.34167,32.61278,6.04,+0.03,
8170,320.25583,40.34556,6.40,+0.53,
8171,319.84250,64.87194,5.18,-0.04,6 Cep
8172,320.75208,-22.66889,5.60,+1.63,
8173,320.52167,19.80444,4.08,+1.11,1 Peg
8174,318.33958,81.23083,6.15,+0.09,
8175,320.73458,-9.31944,5.99,+1.54,17 Aqr
8176,323.47667,-82.68306,6.38,+0.13,
8177,321.08667,-46.61500,6.31,+0.20,
8178,320.72333,6.81111,5.16,+0.05,10Bet Equ
8179,320.13958,60.75694,6.11,+1.00,
8180,321.10333,-41.00667,5.77,-0.05,The2Mic
8181,321.61083,-65.36611,4.22,+0.49,Gam Pav
8182,320.67458,30.30972,6.05,+1.08,
8183,321.04000,-20.85194,5.41,+1.16,33 Cap
8184,321.03292,-22.74694,6.38,+1.02,
8185,320.50167,49.38889,5.69,+1.10,
8186,320.69542,38.63417,6.63,+0.01,
8187,321.04792,-12.87806,5.49,+0.29,18 Aqr
8188,321.56417,-54.66056,6.12,+0.34,Gam Ind
8189,320.84583,37.40667,6.58,,
8190,320.99500,24.27417,5.71,+0.32,
8191,321.10250,10.17417,6.35,+0.47,
8192,321.21542,-3.39833,6.36,+0.33,20 Aqr
8193,320.95125,37.35139,6.47,,
8194,321.03083,25.31222,6.15,,
8195,321.30458,-9.74861,5.70,+0.20,19 Aqr
8196,322.18708,-69.50528,5.34,+1.55,
8197,321.09625,24.52889,6.32,+1.04,
8198,321.14167,26.17444,5.68,+0.31,
8199,321.32083,-3.55667,5.49,+1.46,21 Aqr
8200,321.59542,-37.82944,5.63,+1.19,
8201,323.33583,-80.03917,6.47,+0.04,
8202,321.75667,-42.54778,5.51,+0.39,
8203,321.46458,0.53444,6.46,+0.16,
8204,321.66667,-22.41139,3.74,+1.00,34Zet Cap
8205,321.61708,1.10333,6.13,+0.44,
8206,321.23125,49.32333,6.58,-0.03,
8207,321.81167,-21.19611,5.78,+1.44,35 Cap
8208,321.33167,46.71444,5.60,+0.32,
8209,321.44583,36.66750,5.94,-0.08,69 Cyg
8210,321.61125,19.37556,6.07,+0.22,
8211,322.25125,-53.70583,6.39,+1.14,
8212,322.05792,-11.56833,6.61,+0.49,
8213,322.18083,-21.80722,4.51,+0.91,36 Cap
8214,322.26583,-31.23861,6.50,+0.03,5 PsA
8215,321.83917,37.11667,5.31,-0.14,70 Cyg
8216,321.71500,48.83500,5.31,+0.07,
8217,321.91708,27.60861,5.41,+0.04,35 Vul
8218,321.68750,52.89861,6.03,-0.12,
8219,322.10333,8.19556,6.40,+1.64,
8220,322.03458,32.22528,5.80,+0.32,
8221,322.24958,17.90583,6.44,+1.39,
8222,322.49833,-19.14778,6.57,+0.41,
8223,322.24958,22.17944,5.93,+1.53,
8224,321.85542,59.75000,6.10,+1.75,
8225,322.48708,23.63889,4.57,+1.62,2 Peg
8226,322.21958,55.41861,6.12,+0.14,
8227,321.94208,66.80917,5.44,-0.11,7 Cep
8228,322.36250,46.54056,5.24,+0.97,71 Cyg
8229,323.02458,-41.17917,5.29,+1.10,Xi Gru
8230,323.06083,-33.94472,5.97,+0.05,6 PsA
8231,322.79000,12.13750,6.08,-0.05,
8232,322.88958,-5.57111,2.91,+0.83,22Bet Aqr
8233,323.32375,-52.73750,6.41,+1.48,
8234,324.73417,-79.44250,6.18,+0.46,
8235,323.13875,-24.59056,6.43,+0.20,
8236,323.34792,-44.84861,5.57,+1.04,
8237,322.58500,52.95806,6.02,+0.08,
8238,322.16500,70.56083,3.23,-0.22,8Bet Cep
8239,321.20708,80.52472,5.97,+0.92,
8240,323.11292,23.39444,6.70,-0.09,
8241,323.57083,-42.92500,6.32,+1.09,
8242,322.86458,52.62000,6.16,+0.90,
8243,322.74708,60.45944,5.53,+0.12,
8244,323.72083,-29.69611,6.41,-0.11,
8245,323.71250,-20.08444,5.69,+0.40,37 Cap
8246,323.23583,49.97778,5.75,-0.03,
8247,323.81625,-23.45417,6.40,+1.10,
8248,323.32458,45.85417,6.25,+1.81,
8249,324.51208,-64.82417,6.20,+0.03,
8250,323.64167,22.75472,6.47,+0.51,
8251,323.82333,-3.98306,5.77,+1.11,
8252,323.49542,45.59194,4.02,+0.89,73Rho Cyg
8253,324.04583,-26.17139,5.73,+0.22,8 PsA
8254,325.36875,-77.39000,3.76,+1.00,Nu Oct
8255,323.69417,38.53417,4.90,+1.08,72 Cyg
8256,324.20375,-33.04806,6.11,+0.22,7 PsA
8257,323.82917,28.19722,6.31,+0.35,
8258,323.86250,24.45222,6.11,,
8259,323.61458,51.69833,6.15,+0.02,
8260,324.27000,-19.46611,4.68,-0.17,39Eps Cap
8261,324.05792,30.05556,6.36,,
8262,324.01000,45.37472,5.53,+1.58,
8263,324.39083,-0.39028,6.25,+0.06,
8264,324.43792,-7.85417,4.69,+0.17,23Xi Aqr
8265,324.43208,6.61833,6.18,+0.02,3 Peg
8266,324.23750,40.41361,5.01,+0.18,74 Cyg
8267,324.43917,19.31861,5.45,+0.30,5 Peg
8268,324.77542,-33.67917,6.28,+0.92,
8269,324.99875,-52.35917,6.21,+0.60,
8270,324.63292,5.77167,5.67,+0.25,4 Peg
8271,325.14000,-55.73750,6.33,+1.06,
8272,324.36625,44.69667,6.20,+0.19,
8273,324.86708,-10.57694,6.08,+1.03,
8274,324.68750,25.49889,6.16,+1.02,
8275,324.41125,54.04222,6.15,+0.99,
8276,324.75458,20.26528,5.85,+0.32,
8277,324.88875,2.24361,5.10,+1.04,25 Aqr
8278,325.02292,-16.66222,3.68,+0.32,40Gam Cap
8279,324.48000,62.08194,4.73,+0.30,9 Cep
8280,327.72625,-82.71917,5.29,+0.75,Lam Oct
8281,324.74000,57.48917,5.62,+0.21,
8282,325.44208,-25.10194,6.49,+1.19,
8283,325.38708,-14.04750,5.18,+0.65,42 Cap
8284,325.04625,43.27389,5.11,+1.60,75 Cyg
8285,325.50333,-23.26278,5.24,+0.95,41 Cap
8286,326.37000,-71.00889,6.01,-0.10,
8287,325.54208,1.28528,5.67,+1.44,26 Aqr
8288,325.66458,-18.86639,4.73,+0.88,43Kap Cap
8289,325.56458,5.68000,5.30,+1.64,7 Peg
8290,325.18042,54.87222,6.20,+1.16,
8291,325.39292,40.80528,6.11,+0.07,76 Cyg
8292,325.63750,10.82472,6.09,-0.11,
8293,325.80625,-19.62083,6.22,+0.27,
8294,341.36917,-88.81833,6.57,+0.28,
8295,325.76833,-14.39972,5.88,+0.25,44 Cap
8297,325.50458,35.51028,6.07,+2.52,
8298,325.53500,45.76583,6.17,+1.55,
8299,326.12292,-38.55250,6.30,+1.12,
8300,325.59542,41.07722,5.69,+0.01,77 Cyg
8301,325.52375,51.18972,4.67,-0.12,80Pi 1Cyg
8302,326.00417,-14.74944,5.99,+0.21,45 Cap
8303,326.32917,-49.49861,6.45,+1.15,
8304,325.66208,49.60028,6.09,+1.00,
8305,326.23667,-33.02583,4.34,-0.05,9Iot PsA
8306,325.77667,41.15500,5.49,+1.59,
8307,325.85708,38.28389,5.65,0.00,79 Cyg
8308,326.04667,9.87500,2.39,+1.53,8Eps Peg
8309,326.03583,28.74278,4.73,+0.48,78Mu 1Cyg
8310,326.03458,28.74306,6.08,+0.36,78Mu 2Cyg
8311,326.25125,-9.08250,5.09,+1.11,46 Cap
8312,325.68917,59.27111,6.08,+1.34,
8313,326.12792,17.35000,4.34,+1.17,9 Peg
8314,326.13042,14.77194,5.94,+0.59,
8315,326.16125,25.64500,4.13,+0.43,10Kap Peg
8316,325.87667,58.78000,4.08,+2.35,Mu Cep
8317,325.48042,71.31139,4.56,+1.10,11 Cep
8318,326.56792,-9.27583,6.00,+1.66,47 Cap
8319,326.63375,-11.36583,5.58,-0.01,48Lam Cap
8320,326.43542,35.85722,6.40,+1.00,
8321,326.51833,22.94889,5.29,+1.41,12 Peg
8322,326.76000,-16.12722,2.87,+0.29,49Del Cap
8323,327.06583,-47.30361,5.58,+0.60,
8324,325.76667,72.32028,5.17,+1.05,
8325,326.60000,25.56333,6.28,+1.21,
8326,326.93417,-30.89833,5.01,+0.04,10The PsA
8327,326.22208,62.46056,5.95,+0.31,
8328,326.80833,2.68611,5.64,0.00,11 Peg
8329,326.56917,43.06083,6.54,+0.28,
8330,326.76958,17.19417,6.21,+0.34,
8331,327.50042,-64.71250,5.62,+1.02,
8332,326.90875,-5.91722,6.17,+0.22,
8333,327.69625,-69.62944,5.53,+1.37,Omi Ind
8334,326.36208,61.12083,4.29,+0.52,10Nu Cep
8335,326.69833,49.30944,4.23,-0.12,81Pi 2Cyg
8336,327.03458,36.58056,6.47,,
8337,327.42125,-12.72306,6.31,+0.22,
8338,327.12250,38.64861,6.12,-0.08,
8339,326.85542,60.69278,5.52,+1.52,12 Cep
8340,327.55458,-16.84472,6.38,+1.42,
8341,327.36208,20.46250,6.29,-0.10,
8342,326.75417,70.15083,6.29,,
8343,327.46125,30.17417,5.04,-0.03,14 Peg
8344,327.53625,17.28556,5.29,+0.37,13 Peg
8345,327.41708,41.14889,6.48,+0.42,
8346,327.92417,-18.62306,6.16,+0.36,
8347,327.32917,61.27278,6.17,+1.67,
8348,327.89250,19.82667,5.77,-0.10,
8349,327.77042,39.53667,6.17,-0.08,
8350,328.07583,21.27306,6.89,,
8351,328.32417,-13.55167,5.08,+0.37,51Mu Cap
8352,328.79792,-61.88639,5.90,+0.39,
8353,328.48208,-37.36500,3.01,-0.12,Gam Gru
8354,328.12458,28.79333,5.53,+0.42,15 Peg
8355,328.40000,-10.31167,6.59,-0.12,
8356,328.26583,25.92500,5.08,-0.17,16 Peg
8357,328.00417,55.79694,5.71,-0.13,
8358,328.40583,19.66833,5.68,+0.01,
8359,328.49083,6.86444,6.15,+0.80,
8360,328.54333,-4.27611,5.71,+1.18,
8361,327.90542,65.75278,6.37,,
8362,329.05833,-57.89944,6.19,+0.21,Pi Ind
8363,328.64958,-3.30111,6.20,+0.48,
8364,328.57250,19.71833,6.39,+0.97,
8365,328.98167,-30.60639,6.41,+0.93,
8366,329.09500,-37.25361,5.46,+0.08,
8367,329.25917,-37.74694,6.18,+0.33,
8368,329.47958,-54.99250,4.40,+0.28,Del Ind
8369,329.62542,-59.01222,6.12,+0.46,Kap1Ind
8370,330.46708,-77.66250,6.41,+0.22,
8371,328.72167,56.61139,5.80,+0.73,13 Cep
8372,329.10000,21.23972,6.40,+1.70,
8373,329.23500,12.07639,5.54,+0.05,17 Peg
8374,328.83625,61.54194,6.13,+1.60,
8375,328.87958,65.32083,5.86,-0.06,
8376,329.55542,-5.42472,6.33,+0.37,
8377,329.25917,48.66861,6.42,-0.08,
8378,329.68250,-21.18278,6.12,+1.65,
8379,329.82458,-38.39528,5.50,+1.00,
8380,330.76583,-76.11861,5.95,+0.39,
8381,330.10042,-55.88278,6.01,-0.10,
8382,329.72917,-4.37306,6.22,+1.00,
8383,329.16292,63.62556,4.91,+1.77,
8384,329.29625,66.15611,6.43,-0.05,
8385,330.03292,6.71750,6.00,-0.12,18 Peg
8386,330.20917,-28.45361,5.42,-0.09,12Eta PsA
8387,330.84000,-56.78611,4.69,+1.06,Eps Ind
8388,329.72250,62.69833,5.93,+1.67,
8389,329.84583,57.65833,6.59,+0.03,
8390,330.27083,0.60500,5.58,+1.28,28 Aqr
8391,330.11167,33.00611,6.46,,
8392,330.27250,13.11972,5.60,+0.34,20 Peg
8393,330.28833,8.25722,5.65,+1.44,19 Peg
8394,330.54958,-17.90361,6.28,+1.01,
8395,329.46250,74.99667,6.35,+1.56,
8396,330.61083,-16.96417,6.37,+0.42,29 Aqr
8397,330.50583,10.97389,6.37,-0.10,
8398,330.82167,-29.90417,7.10,+0.32,
8399,330.16375,62.48806,6.66,+0.06,
8400,329.81250,73.18000,5.03,+0.44,16 Cep
8401,330.81833,-6.52250,5.54,+0.96,30 Aqr
8402,330.82875,-2.15528,4.69,-0.06,31Omi Aqr
8403,330.46083,52.88222,5.78,-0.11,
8404,330.82917,11.38639,5.80,-0.07,21 Peg
8405,331.09958,-29.91667,6.47,+1.63,13 PsA
8406,330.51917,58.00056,5.56,+0.06,14 Cep
8407,330.73625,44.65000,5.60,-0.03,
8408,331.15333,-26.82250,5.96,-0.14,
8409,331.46208,-59.63611,5.62,+1.46,Kap2Ind
8410,331.19750,-0.90667,5.30,+0.23,32 Aqr
8411,331.52875,-39.54333,4.46,+1.37,Lam Gru
8412,331.14333,32.94194,6.38,+1.10,
8413,331.42000,5.05861,4.84,+1.44,22Nu Peg
8414,331.44583,-0.31972,2.96,+0.98,34Alp Aqr
8415,331.29750,26.67389,5.78,+1.25,
8416,330.97042,63.11972,5.29,+1.58,18 Cep
8417,330.94750,64.62778,4.29,+0.34,17Xi Cep
8418,331.60917,-13.86972,4.27,-0.07,33Iot Aqr
8419,331.39458,28.96389,5.70,-0.06,23 Peg
8420,332.67708,-75.88056,6.55,+1.18,
8421,331.31833,46.74472,6.13,+1.61,
8422,331.46083,45.11222,6.44,-0.03,
8423,329.55292,82.86972,6.98,+0.52,
8424,331.50833,45.01444,5.14,+1.57,
8425,332.05833,-46.96111,1.74,-0.13,Alp Gru
8426,331.25208,62.78556,5.27,+1.41,20 Cep
8427,331.46333,48.23167,6.27,-0.06,
8428,331.28708,62.28000,5.11,+0.08,19 Cep
8429,331.55167,45.24861,6.19,+0.09,
8430,331.75292,25.34500,3.76,+0.44,24Iot Peg
8431,332.09583,-32.98861,4.50,+0.05,14Mu PsA
8432,332.98042,-76.11611,6.15,+1.00,
8433,332.10833,-34.04389,4.99,+1.48,Ups PsA
8434,331.55625,56.34306,6.39,-0.10,
8435,331.86917,19.47556,5.75,,
8436,331.87500,18.00056,6.35,+1.64,
8437,332.17792,-33.12556,6.37,+0.20,
8438,331.95958,21.70278,5.78,-0.10,25 Peg
8439,332.24583,-18.51972,5.81,-0.17,35 Aqr
8440,332.49167,-48.10722,6.43,+1.39,
8441,332.07167,25.54361,6.11,+0.27,
8442,331.79000,58.84083,6.32,+0.88,
8443,331.85625,53.30722,6.14,+0.43,
8444,332.48208,-34.01472,5.37,+0.24,
8445,332.06875,49.79639,6.42,,
8446,332.50042,-28.29250,6.44,+0.15,
8447,332.53667,-32.54833,4.92,+0.48,15Tau PsA
8448,332.17083,45.74194,6.11,+0.72,
8449,332.30667,33.17222,5.58,+1.00,27Pi 1Peg
8450,332.55000,6.19778,3.53,+0.08,26The Peg
8451,332.58792,-3.89417,6.27,-0.01,
8452,332.65625,-11.56500,5.46,-0.12,38 Aqr
8453,332.64083,-4.26722,6.01,+0.98,
8454,332.49667,33.17833,4.29,+0.46,29Pi 2Peg
8455,332.57917,19.61694,6.18,+0.69,
8456,332.59250,14.63000,6.33,+1.08,
8457,332.76000,-21.23250,6.09,+0.50,
8458,332.65583,11.62444,5.78,+1.58,
8459,332.62583,20.97806,6.46,+0.12,28 Peg
8460,332.71500,30.55306,6.32,+0.18,
8461,332.96375,16.04056,5.95,+0.95,
8462,333.10750,-14.19389,6.03,+0.38,39 Aqr
8463,332.79125,50.82333,5.40,+0.15,
8464,333.23958,-26.32778,6.17,+0.17,
8465,332.71375,58.20111,3.35,+1.57,21Zet Cep
8466,333.03333,24.95000,5.92,+1.51,
8467,333.18250,-4.72083,6.39,+0.50,
8468,332.45167,72.34111,4.79,+0.92,24 Cep
8469,332.87792,59.41444,5.04,+0.25,22Lam Cep
8470,333.43500,-25.18083,5.58,+0.49,
8471,334.46042,-77.51167,5.51,+0.31,Psi Oct
8472,332.95333,56.83944,5.24,+0.51,
8473,332.56375,72.11111,6.37,-0.06,
8474,332.66208,70.13278,5.50,+0.38,
8475,333.19917,34.60472,5.33,+1.13,
8476,332.98708,59.08472,6.30,+1.13,
8477,333.66083,-41.38167,6.23,+0.65,
8478,333.57833,-27.76694,5.43,-0.16,16Lam PsA
8479,333.00792,60.75944,5.35,+1.17,
8480,333.57500,-21.07417,5.32,+0.80,41 Aqr
8481,335.00625,-80.43972,5.10,+1.47,Eps Oct
8482,333.41083,28.60833,5.89,+1.15,
8483,333.09292,63.29139,5.79,+1.67,
8484,333.89625,-44.45194,6.10,+1.02,
8485,333.46958,39.71500,4.49,+1.39,
8486,333.90375,-41.34667,4.79,+0.80,Mu 1Gru
8487,333.45542,45.44083,5.53,+0.04,
8488,334.11083,-41.62750,5.10,+0.92,Mu 2Gru
8489,333.68500,42.95389,5.71,0.00,
8490,333.45625,63.16250,6.11,-0.08,
8491,333.99917,8.54944,6.21,+0.02,
8492,334.15583,-25.89833,6.15,+1.11,
8493,333.22042,73.30722,6.08,+1.01,
8494,333.75833,57.04361,4.19,+0.28,23Eps Cep
8495,334.14000,-1.59639,6.15,+0.19,
8496,334.20042,-12.83139,5.34,+1.14,42 Aqr
8497,334.24917,-23.14000,6.17,+1.05,
8498,333.99250,37.74889,4.13,+1.46,1 Lac
8499,334.20833,-7.78333,4.16,+0.98,43The Aqr
8500,334.21917,-9.04000,5.79,+1.16,
8501,334.56500,-53.62778,5.37,+0.60,
8502,334.62542,-60.25972,2.86,+1.39,Alp Tuc
8503,334.12375,27.80417,6.37,+0.99,
8504,334.27708,-5.38722,5.75,+0.88,44 Aqr
8505,337.90583,-85.96722,5.77,+1.02,Ups Oct
8506,334.11042,57.22028,5.88,+0.93,
8507,334.51792,-0.23778,6.39,+0.44,
8508,334.75333,-13.30500,5.95,+1.06,45 Aqr
8509,335.15083,-57.51000,6.34,+1.37,
8510,334.73417,37.76944,6.17,+0.28,
8511,334.55292,62.80444,5.75,+1.26,25 Cep
8512,335.04958,-7.82111,5.37,-0.06,46Rho Aqr
8513,335.11500,5.78944,5.37,-0.02,30 Peg
8514,335.23250,8.18667,6.17,+0.44,
8515,336.15333,-72.25556,5.29,+0.65,Nu Ind
8516,335.39833,-21.59833,5.13,+1.07,47 Aqr
8517,335.25042,26.93528,6.47,+1.59,
8518,335.41417,-1.38722,3.84,-0.05,48Gam Aqr
8519,335.16500,50.98083,6.42,,
8520,335.37958,12.20528,5.01,-0.13,31 Peg
8521,335.68292,-45.94778,6.62,+2.01,Pi 1Gru
8522,335.33042,28.33056,4.81,0.00,32 Peg
8523,335.25667,46.53667,4.57,-0.10,2 Lac
8524,335.78333,-45.92861,5.62,+0.36,Pi 2Gru
8525,334.58500,76.48806,6.66,0.00,
8526,336.46250,-75.01556,6.04,+0.64,
8527,336.29375,-70.43167,5.78,+0.38,
8528,335.46208,42.07833,6.41,-0.08,
8529,335.87875,-24.76250,5.53,+0.99,49 Aqr
8530,335.88375,-7.19444,5.93,+1.00,
8531,336.23500,-57.79722,5.32,+0.67,
8532,335.91500,20.84833,6.04,,33 Peg
8533,336.02875,-4.83694,5.78,-0.04,51 Aqr
8534,336.11292,-13.52944,5.76,+0.97,50 Aqr
8535,335.75083,57.28444,6.16,-0.13,
8536,335.97583,38.57361,6.22,+0.49,
8537,335.75083,62.42000,6.04,+0.05,
8538,335.89000,52.22917,4.43,+1.02,3Bet Lac
8539,336.31917,1.37750,4.66,-0.03,52Pi Aqr
8540,336.83333,-64.96639,4.48,-0.03,Del Tuc
8541,336.12917,49.47639,4.57,+0.09,4 Lac
8542,336.54458,-23.68250,6.29,-0.03,
8543,336.41958,18.44444,6.26,+1.22,
8544,336.64250,-16.74139,6.57,,53 Aqr
8545,336.64333,-16.74250,6.35,+0.61,53 Aqr
8546,333.29417,86.10806,5.27,-0.03,
8547,337.15708,-67.48917,5.55,+0.20,
8548,336.65583,4.39361,5.75,+0.52,34 Peg
8549,336.69042,37.44389,6.46,-0.13,
8550,335.92208,78.24333,6.76,-0.06,
8551,336.96458,4.69556,4.79,+1.05,35 Peg
8552,337.16333,-39.13194,5.47,+0.95,Nu Gru
8553,336.86042,39.80972,6.14,-0.14,
8554,336.74667,56.43333,6.57,-0.10,
8555,336.94250,31.84028,5.98,+1.45,
8556,337.31750,-43.49556,3.97,+1.03,Del1Gru
8557,336.50333,70.77083,5.47,+1.20,
8558,337.20708,-0.02028,4.59,,55Zet1Aqr
8559,337.20875,-0.02000,4.42,+0.38,55Zet2Aqr
8560,337.43958,-43.74944,4.11,+1.57,Del2Gru
8561,336.77208,65.13222,5.46,+0.37,26 Cep
8562,337.28333,9.12889,5.58,+1.55,36 Peg
8563,337.44167,-27.10722,5.95,+0.33,
8564,337.29250,26.76306,5.79,+1.25,
8565,337.50625,-12.91500,6.40,+0.32,
8566,337.49167,4.43167,5.48,+0.38,37 Peg
8567,337.57250,-14.58583,6.37,-0.04,56 Aqr
8568,337.08208,64.08556,6.29,+1.08,
8569,337.43292,35.72556,6.56,,
8570,337.72375,-26.07361,6.43,+1.08,Zet PsA
8571,337.29292,58.41528,3.75,+0.60,27Del Cep
8572,337.38250,47.70694,4.36,+1.68,5 Lac
8573,337.66167,-10.67806,4.82,-0.06,57Sig Aqr
8574,337.50750,32.57250,5.65,-0.04,38 Peg
8575,337.52708,49.35611,6.40,+1.15,
8576,337.87625,-32.34611,4.29,+0.01,17Bet PsA
8577,338.86000,-78.77167,6.15,+1.38,
8578,336.67708,78.78583,5.83,+0.15,28Rho1Cep
8579,337.62208,43.12333,4.51,-0.09,6 Lac
8580,337.82667,-2.91111,6.16,+1.08,
8581,337.82667,-6.55500,6.14,+0.56,
8582,338.25042,-61.98222,4.81,+1.61,Nu Tuc
8583,337.92208,-10.90556,6.38,+0.28,58 Aqr
8584,337.89250,29.54278,6.35,+0.19,
8585,337.82292,50.28250,3.77,+0.01,7Alp Lac
8586,338.14792,20.23000,6.42,+0.32,39 Peg
8587,338.19542,15.86333,6.32,+1.19,
8588,338.11000,39.77972,5.88,+0.16,
8589,338.07833,54.03750,6.35,,
8590,338.51208,-1.57417,5.89,+0.99,60 Aqr
8591,337.47042,78.82417,5.50,+0.06,29Rho2Cep
8592,338.67333,-20.70833,5.20,+0.44,59Ups Aqr
8593,338.97042,-57.88361,6.23,+0.20,
8594,338.41917,56.62500,5.71,+0.96,
8595,338.26208,69.91361,6.60,+0.32,
8596,338.90208,-23.99111,5.97,+0.99,
8597,338.83917,-0.11750,4.02,-0.09,62Eta Aqr
8598,338.32083,70.37389,6.34,0.00,
8599,338.06750,76.22639,5.68,+0.05,
8600,339.12208,-40.58278,6.28,+0.12,Sig1Gru
8601,339.14750,-31.66389,5.82,+1.09,
8602,339.24500,-40.59111,5.86,+0.06,Sig2Gru
8603,338.96792,39.63417,5.73,-0.15,8 Lac
8604,339.03292,35.57722,6.10,+1.00,
8605,339.15167,11.69694,6.40,0.00,
8606,338.97250,50.07111,6.29,-0.05,
8607,338.96583,56.07000,6.38,+0.12,
8608,339.26958,12.57722,6.30,,
8609,339.20292,35.65250,6.30,+1.37,
8610,339.43917,-4.22806,5.03,+1.14,63Kap Aqr
8611,339.78500,-52.69222,6.65,+0.35,
8612,339.59250,-7.89778,6.23,+0.78,
8613,339.34333,51.54528,4.63,+0.24,9 Lac
8614,339.68625,-28.74778,6.47,+1.04,
8615,338.94208,73.64306,5.08,+0.39,31 Cep
8616,339.71458,-33.08139,5.66,+0.05,
8617,339.57292,45.18306,6.40,,
8618,339.71917,19.52222,5.82,+0.92,40 Peg
8619,339.93333,-28.32528,6.31,+1.01,
8620,340.20375,-57.42222,5.97,+1.46,
8621,339.65792,56.79583,5.21,+1.58,
8622,339.81542,39.05028,4.88,-0.20,10 Lac
8623,340.09292,-30.65889,5.87,+1.30,
8624,339.94583,19.68111,6.21,0.00,41 Peg
8625,339.30417,75.37167,5.79,+1.57,
8626,339.89292,37.59278,6.03,+0.86,
8627,339.66250,63.58444,5.19,+0.06,30 Cep
8628,340.16417,-27.04361,4.17,-0.11,18Eps PsA
8629,340.20000,-3.55417,6.31,+0.52,
8630,341.51375,-81.38167,4.15,+0.20,Bet Oct
8631,340.21958,14.54944,5.71,+0.72,
8632,340.12875,44.27639,4.46,+1.33,11 Lac
8633,340.07667,53.84611,5.93,+0.93,
8634,340.36542,10.83139,3.40,-0.09,42Zet Peg
8635,340.65375,-47.21056,5.98,+0.58,
8636,340.66708,-46.88472,2.10,+1.60,Bet Gru
8637,340.59208,-29.36083,6.17,+1.54,19 PsA
8638,340.38083,30.96583,6.34,,
8639,340.67958,-44.24778,6.07,+0.98,
8640,340.36917,40.22556,5.25,-0.14,12 Lac
8641,340.43917,29.30750,4.79,-0.01,43Omi Peg
8642,340.48917,14.51639,5.90,+1.11,
8643,340.40042,41.54944,5.94,,
8644,340.87500,-41.41444,4.85,+1.03,Rho Gru
8645,340.76458,-8.31167,6.45,+0.17,
8646,341.06875,-60.49944,6.30,+0.56,
8647,340.80958,-6.96278,6.41,-0.04,67 Aqr
8648,340.58667,53.90889,6.12,+1.62,
8649,340.89708,-18.83028,4.69,+1.37,66 Aqr
8650,340.75042,30.22139,2.94,+0.86,44Eta Peg
8651,340.73125,37.80278,6.43,-0.09,
8652,340.76875,47.16861,6.39,+0.47,
8653,340.92792,10.93917,6.51,+0.46,
8654,341.02167,39.46556,5.95,+1.48,
8655,341.40792,-53.50028,4.85,+1.18,Eta Gru
8656,341.02292,41.81917,5.08,+0.96,13 Lac
8657,341.41958,-46.54750,5.51,+1.32,
8658,341.53333,-48.97889,6.62,+0.63,
8659,341.61792,-49.68583,6.48,+1.14,
8660,341.36750,19.36667,6.25,+1.05,45 Peg
8661,341.20500,52.51722,6.55,,
8662,341.68208,-46.93944,6.56,+0.30,
8663,342.59542,-80.12417,5.35,-0.15,Xi Oct
8664,342.42042,-77.05056,6.73,+0.11,
8665,341.67333,12.17278,4.19,+0.50,46Xi Peg
8666,341.54250,44.54611,5.76,+0.36,
8667,341.63292,23.56556,3.95,+1.07,47Lam Peg
8668,341.82958,-34.16111,6.28,+1.16,
8669,342.08917,-61.68417,6.37,+1.06,
8670,341.88792,-19.61333,5.26,+0.94,68 Aqr
8671,341.94625,-38.22194,6.71,+0.48,
8672,342.32250,-70.34778,6.34,+0.07,
8673,341.92833,-14.05639,5.66,-0.05,69Tau1Aqr
8674,341.98417,-25.91194,6.30,+0.91,
8675,342.13875,-51.31694,3.49,+0.08,Eps Gru
8676,342.12583,-10.55556,6.19,+0.28,70 Aqr
8677,341.84667,58.48278,6.36,-0.04,
8678,342.04542,37.41667,5.90,+1.03,
8679,342.39792,-13.59250,4.01,+1.57,71Tau2Aqr
8680,342.49625,-32.80528,6.33,+0.31,
8681,342.38458,10.47889,6.54,+0.29,
8682,342.19917,54.41500,6.12,-0.07,
8683,342.18417,62.93833,6.06,+1.20,
8684,342.50083,24.60167,3.48,+0.93,48Mu Peg
8685,342.75917,-39.15694,5.42,+1.43,
8686,342.93708,-59.88139,6.46,+1.13,
8687,342.25292,68.57028,6.19,,
8688,342.44250,55.90278,5.43,+1.17,
8689,343.04125,-63.18861,6.12,+1.03,
8690,342.59083,41.95361,5.92,+0.08,14 Lac
8691,342.66292,19.14083,6.40,,
8692,342.54250,50.67694,6.21,+1.14,
8693,342.83708,-29.53611,5.97,+0.91,21 PsA
8694,342.42000,66.20056,3.52,+1.05,32Iot Cep
8695,343.13167,-32.87556,4.46,-0.04,22Gam PsA
8696,342.84500,61.69694,5.60,+0.78,
8697,343.10042,9.83556,5.16,+0.48,49Sig Peg
8698,343.15375,-7.57972,3.74,+1.64,73Lam Aqr
8699,343.00833,43.31250,4.94,+1.56,15 Lac
8700,343.40792,-48.59806,6.04,+0.62,Tau1Gru
8701,343.66417,-70.07361,6.05,+0.66,Rho Ind
8702,341.87083,83.15389,4.74,+1.26,
8703,343.25958,16.84111,5.64,+1.12,
8704,343.36958,-11.61667,5.80,-0.08,74 Aqr
8705,343.21792,50.41194,6.46,-0.04,
8706,343.29708,40.16722,6.34,-0.08,
8707,343.26583,60.10111,6.01,+1.75,
8708,343.41708,44.74917,5.81,+0.26,
8709,343.66250,-15.82083,3.27,+0.05,76Del Aqr
8710,343.64208,-7.20472,6.19,+1.28,78 Aqr
8711,343.68958,-16.27194,5.56,+1.14,77 Aqr
8712,343.52917,40.37694,5.81,+1.13,
8713,343.81208,-36.38861,6.40,+1.31,
8714,343.64875,16.94167,6.12,+1.77,
8715,343.74792,1.06472,6.11,+0.20,1 Psc
8716,343.79583,-4.98778,5.72,+0.88,
8717,343.80708,8.81583,4.90,0.00,50Rho Peg
8718,343.76083,37.07694,5.91,+0.42,
8719,343.96417,-31.63306,6.10,+1.36,
8720,343.98708,-32.53972,4.21,+0.97,23Del PsA
8721,344.10000,-31.56556,6.48,+1.10,
8722,344.19917,-47.96917,5.70,+0.22,Tau3Gru
8723,343.93542,36.35167,5.74,-0.05,
8724,344.21458,11.84833,6.51,+0.18,
8725,344.09833,41.60389,5.59,-0.14,16 Lac
8726,344.10833,49.73361,4.95,+1.78,
8727,344.32167,-4.81000,6.31,+0.94,
8728,344.41292,-29.62222,1.16,+0.09,24Alp PsA
8729,344.36625,20.76889,5.49,+0.67,51 Peg
8730,344.38667,3.81028,6.28,+1.12,
8731,344.26875,48.68417,5.43,-0.09,
8732,344.64583,-35.52306,6.13,+0.58,
8733,344.41958,39.30889,6.18,-0.15,
8734,344.56458,-2.39528,6.16,+0.74,
8735,344.59875,-1.41028,6.37,+0.35,
8736,342.75917,85.37361,5.90,+1.32,
8737,344.64625,9.35694,6.43,+0.64,
8738,344.67750,7.33972,6.33,+0.06,
8739,344.79917,11.72889,5.75,+0.32,52 Peg
8740,344.89917,-29.46222,5.51,+0.25,
8741,344.89875,-13.07083,6.07,+1.45,
8742,344.86417,0.96278,5.43,+0.98,2 Psc
8743,345.02417,-25.16417,5.65,+1.25,
8744,344.79292,52.65444,6.29,+1.42,
8745,344.78750,59.81472,6.43,+0.03,
8746,345.10250,-25.62667,6.29,+1.13,
8747,345.22000,-52.75417,4.12,+0.98,Zet Gru
8748,343.60333,84.34611,4.71,+1.43,
8749,345.28125,-50.95000,5.68,+1.42,
8750,345.15792,0.18583,6.21,+0.89,3 Psc
8751,345.17875,3.01167,5.83,+1.34,
8752,345.02125,56.94528,5.00,+1.42,
8753,345.17708,31.08306,6.60,-0.04,
8754,345.33083,-28.85361,5.55,+1.35,
8755,345.14333,45.37500,6.50,,
8756,345.34583,-22.79083,6.28,+0.13,
8757,345.34833,-7.06111,6.21,+1.41,81 Aqr
8758,345.22792,38.70806,6.54,-0.11,
8759,345.38208,-4.71139,5.94,+1.00,
8760,345.64167,-36.42083,6.47,+0.94,
8761,345.37792,57.10556,6.20,+1.50,
8762,345.48042,42.32611,3.62,-0.09,1Omi And
8763,345.63583,-6.57417,6.15,+1.58,82 Aqr
8764,345.68458,-20.87056,5.97,+0.94,
8765,345.63792,31.78056,6.57,+0.35,
8766,345.65125,42.75778,5.10,+0.09,2 And
8767,345.87417,-34.74944,5.11,+0.29,Pi PsA
8768,345.68833,44.05889,6.39,0.00,
8769,346.21750,-68.82028,5.52,+0.36,
8770,345.68250,55.23639,6.50,-0.08,
8771,345.99792,-41.47833,5.79,+1.08,
8772,345.98875,-4.79528,6.68,+0.58,
8773,345.96917,3.82000,4.53,-0.12,4Bet Psc
8774,346.16500,-53.96500,5.37,+1.45,Kap Gru
8775,345.94375,28.08278,2.42,+1.67,53Bet Peg
8776,346.00417,6.61667,6.41,+0.39,
8777,345.84875,60.44528,6.74,-0.02,
8778,345.84000,58.56472,6.43,+0.90,
8779,345.88708,67.20917,5.24,+1.26,
8780,346.04583,50.05222,4.65,+1.06,3 And
8781,346.19042,15.20528,2.49,-0.04,54Alp Peg
8782,346.29083,-7.69361,5.43,+0.30,83 Aqr
8783,346.30333,-17.07917,6.14,+1.37,
8784,346.27625,16.56306,6.44,+0.83,
8785,346.32333,1.30694,6.39,+0.94,
8786,347.09875,-79.48083,6.12,+0.14,
8787,346.72000,-43.52056,4.28,+0.42,The Gru
8788,346.57583,18.51750,6.13,+0.44,
8789,346.67042,-23.74306,4.47,+0.90,86 Aqr
8790,346.72333,-38.89222,5.61,+0.01,Ups Gru
8791,346.78958,-49.60667,6.33,+1.45,
8792,346.63292,19.91083,6.30,+0.49,
8793,346.81125,-50.68639,5.83,+0.48,
8794,347.14875,-73.58639,6.15,+1.42,
8795,346.75125,9.40944,4.52,+1.57,55 Peg
8796,346.77833,25.46833,4.76,+1.34,56 Peg
8797,346.65375,59.41972,4.85,-0.03,1 Cas
8798,346.86542,32.82583,6.02,+0.12,
8799,346.86958,21.13417,5.99,+0.26,
8800,346.82542,46.06806,6.66,-0.05,
8801,346.79208,52.81639,6.11,+1.05,
8802,347.08750,-28.82333,5.60,+0.88,
8803,346.79333,59.72750,6.40,-0.01,
8804,346.91375,46.38722,5.33,+1.41,4 And
8805,346.93917,49.29583,5.70,+0.44,5 And
8806,347.05125,44.56167,6.56,+0.17,
8807,347.17042,2.12778,5.40,+0.91,5 Psc
8808,346.94875,63.63333,6.26,-0.02,
8809,347.54875,-66.85750,6.47,+0.95,
8810,348.05000,-80.91278,6.41,+1.50,
8811,346.98833,64.22250,6.21,+1.10,
8812,347.36167,-21.17250,3.66,+1.22,88 Aqr
8813,347.43583,-28.08861,5.87,+1.31,
8814,347.48875,-42.86056,5.81,+0.48,
8815,347.38125,8.67722,5.12,+1.47,57 Peg
8816,347.45667,-14.51056,6.42,+0.01,
8817,347.47833,-22.45750,4.69,+0.65,89 Aqr
8818,347.54083,-40.59167,5.83,+1.62,
8819,346.97458,75.38750,4.41,+0.80,33Pi Cep
8820,347.59000,-45.24667,3.90,+1.02,Iot Gru
8821,347.50625,9.82194,5.39,-0.08,58 Peg
8822,347.43375,59.33306,5.70,+0.33,2 Cas
8823,347.69417,-29.52500,6.51,+0.27,
8824,347.67750,17.59444,5.71,+1.34,
8825,347.61333,43.54417,5.94,+0.44,6 And
8826,347.93417,8.72000,5.16,+0.13,59 Peg
8827,347.95500,26.84722,6.17,+0.94,60 Peg
8828,348.31250,-49.61889,6.80,+0.92,
8829,348.52750,-62.70000,6.12,+0.79,
8830,348.13750,49.40639,4.52,+0.29,7 And
8831,348.26667,29.44167,6.35,+0.93,
8832,348.32083,57.16833,5.56,+1.01,
8833,348.36042,11.06500,5.82,+1.01,
8834,348.58083,-6.04889,4.22,+1.56,90Phi Aqr
8835,348.74417,-41.10556,5.77,+1.18,
8836,348.66750,-10.68861,6.12,+1.49,
8837,348.55958,50.61778,6.31,,
8838,348.59042,29.77167,6.41,+0.45,
8839,348.65208,24.10306,6.36,,
8840,348.89292,-3.49639,5.55,+0.06,
8841,348.97292,-9.08778,4.21,+1.11,91Psi1Aqr
8842,348.94292,28.24778,6.49,+0.85,61 Peg
8843,349.24042,-62.00111,5.66,+0.51,
8844,348.65542,74.23111,5.84,,
8845,348.99125,24.77111,6.60,+0.40,
8846,349.16542,-44.48917,5.92,+1.06,
8847,349.20750,-41.19444,6.47,+1.08,
8848,349.35750,-58.23583,3.99,+0.40,Gam Tuc
8849,349.78375,-79.47278,6.33,+0.91,
8850,349.21208,-7.72667,5.06,+1.60,92Chi Aqr
8851,348.90750,70.88806,5.56,+0.24,
8852,349.29125,3.28222,3.69,+0.92,6Gam Psc
8853,349.17625,53.21361,5.54,+0.52,
8854,349.11167,61.96306,6.53,+0.23,
8855,349.58333,-67.47111,6.13,+1.35,
8856,349.41667,-11.71306,6.34,+0.05,
8857,349.31917,45.16417,6.43,+1.07,
8858,349.47583,-9.18250,4.39,-0.15,93Psi2Aqr
8859,349.54125,-40.82444,5.53,+0.44,Phi Gru
8860,349.43625,49.01528,4.85,+1.67,8 And
8861,349.48375,45.48889,6.48,-0.03,
8862,352.01542,-87.48222,5.49,+1.27,Tau Oct
8863,349.70583,-32.53194,4.41,+1.13,Gam Scl
8864,349.59750,41.77361,6.02,,9 And
8865,349.74042,-9.61083,4.98,-0.02,95Psi3Aqr
8866,349.77792,-13.45889,5.08,+0.80,94 Aqr
8867,349.32875,75.29917,6.38,+0.03,
8868,349.85000,-5.12444,5.55,+0.39,96 Aqr
8869,349.85042,-18.07528,5.93,+1.52,
8870,349.76000,45.13722,6.50,,
8871,349.93000,-33.70806,6.37,+1.30,
8872,349.65625,68.11167,4.75,+0.84,34Omi Cep
8873,349.86417,34.79333,6.32,-0.08,
8874,349.87417,48.62528,5.44,+1.03,11 And
8875,349.92333,48.38083,6.32,+1.12,
8876,349.96833,42.07806,5.79,+1.48,10 And
8877,350.20833,-50.30667,6.05,+0.42,
8878,350.08583,5.38139,5.05,+1.20,7 Psc
8879,350.17042,-5.90806,6.17,+1.07,
8880,350.15917,23.74028,4.60,+0.17,62Tau Peg
8881,350.05958,61.97000,6.45,,
8882,350.20667,30.41500,5.59,+1.50,63 Peg
8883,350.31458,-26.98667,5.64,+0.82,
8884,350.18333,44.11639,6.13,+0.17,
8885,350.22208,38.18222,5.77,+0.46,12 And
8886,350.14417,62.21306,6.39,+1.61,
8887,350.47875,31.81250,5.32,-0.11,64 Peg
8888,350.49250,26.60889,6.62,+0.37,
8889,350.73708,-60.05583,6.09,+1.60,
8890,350.66333,-15.03917,5.20,+0.20,97 Aqr
8891,350.66875,20.82861,6.29,-0.04,65 Peg
8892,350.74250,-20.10056,3.97,+1.10,98 Aqr
8893,350.76917,12.31389,5.08,+1.31,66 Peg
8894,350.63542,60.13361,5.56,+1.68,
8895,350.97625,-53.80833,6.15,+0.26,
8896,350.93917,-43.12444,6.10,+1.46,
8897,350.88292,0.29139,6.31,+1.61,
8898,351.05458,-51.89139,5.75,+1.59,
8899,350.94792,32.53139,6.69,+0.45,
8900,351.03250,-18.68750,6.19,+1.02,
8901,351.33083,-56.84917,5.59,+1.07,
8902,351.14583,41.11278,6.72,+0.06,
8903,351.21167,32.38500,5.57,-0.11,67 Peg
8904,351.20958,62.28278,4.98,+1.68,4 Cas
8905,351.34500,23.40417,4.40,+0.61,68Ups Peg
8906,351.51167,-20.64194,4.39,+1.47,99 Aqr
8907,351.65250,-52.72167,5.52,+0.40,Omi Gru
8908,351.78000,-66.58111,6.45,+1.47,
8909,351.81250,-58.47611,5.63,+0.98,
8910,351.78792,-50.15722,6.20,-0.08,
8911,351.73333,1.25556,4.94,+0.03,8Kap Psc
8912,351.81167,1.12250,6.25,+1.02,9 Psc
8913,351.78083,42.91194,5.75,0.00,13 And
8914,352.00292,-35.54444,6.32,+1.20,
8915,351.91833,25.16722,5.98,-0.06,69 Peg
8916,351.99208,6.37889,4.28,+1.07,10The Psc
8917,352.02167,-11.44972,6.37,+0.90,
8918,351.81917,70.35972,5.60,+0.19,
8919,352.25417,-63.11083,5.68,-0.17,
8920,352.25333,-44.49778,6.43,+1.18,
8921,352.25250,-9.26611,6.18,+1.44,
8922,352.27333,23.04778,6.35,,
8923,352.28875,12.76056,4.55,+0.94,70 Peg
8924,352.38375,-4.53278,6.25,+1.09,
8925,352.53083,49.13306,6.17,+1.46,
8926,352.50833,58.54889,4.91,-0.12,
8927,352.66542,38.66194,6.05,+0.99,
8928,352.75458,-6.28833,6.39,+1.26,
8929,352.86250,-44.84361,6.02,+1.02,
8930,352.82250,39.23639,5.22,+1.02,14 And
8931,352.88125,-4.08722,6.49,+0.54,
8932,352.92542,-21.36944,6.29,+0.33,100 Aqr
8933,352.92958,28.40361,6.41,+0.01,
8934,352.99000,-1.08583,6.38,+1.18,13 Psc
8935,353.33125,-77.38528,5.81,+0.68,
8936,353.10250,34.95250,6.65,-0.06,
8937,353.24292,-37.81833,4.37,-0.09,Bet Scl
8938,351.75333,87.30750,5.58,+0.23,
8939,353.31917,-20.91444,4.71,+0.02,101 Aqr
8940,353.36708,22.49889,5.32,+1.60,71 Peg
8941,353.42792,45.05806,6.24,+0.98,
8942,353.48125,20.84083,6.06,+1.73,
8943,353.48833,31.32528,4.98,+1.38,72 Peg
8944,353.53750,-1.24750,5.87,+0.30,14 Psc
8945,353.80292,-64.68944,7.40,,
8946,353.70583,-15.24583,5.96,+1.36,
8947,353.65625,40.23639,5.59,+0.10,15 And
8948,353.65917,33.49722,5.63,+1.03,73 Peg
8949,353.76917,-42.61500,4.71,+0.08,Iot Phe
8950,353.69458,38.02389,6.18,+1.58,
8951,353.88375,-7.46444,6.39,+0.88,
8952,353.74583,71.64222,5.84,+1.80,
8953,353.98292,24.56111,6.45,+1.73,
8954,354.09708,2.10222,5.68,+0.44,16 Psc
8955,354.12708,32.90417,6.35,+0.46,
8956,354.27250,-31.87083,6.52,+1.26,
8957,354.60042,-76.87000,6.00,+0.90,
8958,354.41500,-13.06028,5.65,+1.03,
8959,354.46250,-45.49250,4.74,+0.08,
8960,354.41583,16.82556,6.26,0.00,74 Peg
8961,354.39125,46.45806,3.82,+1.01,16Lam And
8962,354.38333,44.42917,5.80,-0.06,
8963,354.48667,18.40056,5.53,0.00,75 Peg
8964,354.49417,46.19972,6.58,+0.66,
8965,354.53417,43.26806,4.29,-0.10,17Iot And
8966,354.86667,-46.63778,6.09,+0.24,The Phe
8967,354.78458,50.47167,5.30,-0.06,18 And
8968,354.94625,-14.22167,5.00,+0.24,102Ome1Aqr
8969,354.98750,5.62639,4.13,+0.51,17Iot Psc
8970,354.97958,9.67722,5.97,+0.20,
8971,354.79333,75.29278,5.95,+0.13,
8972,354.83792,74.00278,5.98,+0.89,
8973,355.01167,37.65250,6.53,+0.35,
8974,354.83667,77.63250,3.21,+1.03,35Gam Cep
8975,355.15917,-32.07306,5.31,+0.97,Mu Scl
8976,355.10208,44.33389,4.14,-0.08,19Kap And
8977,355.16917,36.72083,6.23,+0.39,
8978,355.27917,-24.16028,6.60,+1.57,
8979,355.28708,-11.68056,5.89,+1.00,
8980,355.39375,-18.02722,5.34,+1.57,103 Aqr
8981,355.36208,49.51222,6.26,+0.19,
8982,355.44083,-17.81639,4.82,+0.82,104 Aqr
8983,355.48625,7.25056,5.89,+0.10,
8984,355.51167,1.78000,4.50,+0.20,18Lam Psc
8985,355.47708,57.26000,6.24,,
8986,355.56167,44.99194,6.57,,
8987,355.61625,-15.44778,5.28,+1.37,
8988,355.68042,-14.54500,4.49,-0.04,105Ome2Aqr
8989,355.58667,64.51556,6.56,+1.88,
8990,355.63125,61.67944,6.40,+1.24,
8991,355.84333,10.33139,5.06,+1.68,77 Peg
8992,355.95625,-15.28444,6.36,+1.58,
8993,356.00583,-45.08333,6.09,+0.98,
8994,356.10583,-70.49028,6.07,+0.91,
8995,356.16958,-78.79139,5.75,+1.11,
8996,356.05000,-64.40444,5.72,+1.40,
8997,355.99792,29.36167,4.93,+0.95,78 Peg
8998,356.05042,-18.27694,5.24,-0.08,106 Aqr
8999,356.12042,-26.24639,6.17,+0.50,
9000,356.20125,55.79972,6.51,,
9001,356.50500,-40.18250,6.31,+0.20,
9002,356.50375,-18.67806,5.29,+0.28,107 Aqr
9003,356.50875,46.42028,4.95,+1.11,20Psi And
9004,356.59792,3.48667,5.04,+2.60,19 Psc
9005,356.65292,66.78222,5.95,-0.04,
9006,356.81667,-50.22667,5.18,-0.19,Sig Phe
9007,356.84708,-68.39417,6.89,+0.46,
9008,356.76458,58.65194,4.87,+1.11,5Tau Cas
9009,356.81625,-11.91083,5.73,+1.08,
9010,356.75792,57.45139,5.51,+1.65,
9011,356.88833,46.83250,6.07,-0.14,
9012,356.98542,-2.76167,5.49,+0.94,20 Psc
9013,356.97833,67.80694,5.04,-0.01,
9014,357.13542,-6.38056,6.07,+1.45,
9015,357.20542,2.21417,6.46,+0.44,
9016,357.23167,-28.13028,4.57,+0.01,Del Scl
9017,357.16250,64.87639,6.41,+0.06,
9018,357.20917,62.21444,5.43,+0.67,6 Cas
9019,357.22458,59.97889,6.34,-0.01,
9020,357.30000,58.96306,6.33,+0.40,
9021,357.38167,-15.86111,6.24,+1.22,
9022,357.36458,1.07611,5.77,+0.16,21 Psc
9023,357.43625,-62.83944,6.59,+1.48,
9024,357.42083,36.42528,5.90,+0.79,
9025,357.41417,28.84250,5.97,+0.19,79 Peg
9026,357.45667,-25.33139,6.42,+0.12,
9027,357.56125,-9.97417,5.94,+1.13,
9028,357.59292,51.62167,6.44,+0.37,
9029,357.63875,-14.40194,5.72,+1.51,
9030,357.83833,9.31333,5.79,+1.66,80 Peg
9031,357.83875,-18.90889,5.18,-0.14,108 Aqr
9032,358.02667,-82.01889,5.11,+0.92,Gam1Oct
9033,357.99125,2.93028,5.55,+1.53,22 Psc
9034,357.99000,77.59944,6.55,+0.44,
9035,358.09750,21.67083,6.11,+1.59,
9036,358.12208,19.12028,5.08,+1.60,81Phi Peg
9037,358.12500,-14.25111,5.87,+1.28,
9038,358.10458,75.54472,6.39,+0.98,
9039,358.15458,10.94750,5.30,+0.18,82 Peg
9040,358.21042,-8.99667,5.75,+1.17,
9041,358.23167,-3.15556,5.93,+1.07,24 Psc
9042,358.27000,2.09056,6.28,-0.01,25 Psc
9043,358.33667,-24.22917,6.24,+0.19,
9044,358.58917,-27.04222,6.35,+0.20,
9045,358.59583,57.49944,4.54,+1.22,7Rho Cas
9046,358.66083,-40.30000,6.03,+0.57,
9047,358.69417,0.10917,5.61,+1.59,
9048,358.78250,7.07111,6.21,-0.07,26 Psc
9049,358.81917,-31.92167,6.10,-0.08,
9050,358.81917,-31.88417,6.83,-0.08,
9051,358.84583,25.95500,6.54,,
9052,358.89042,57.41222,6.00,+0.21,
9053,358.89000,47.35583,6.00,+1.16,
9054,359.12458,-24.73722,6.31,+0.92,
9055,359.17292,22.64806,6.15,+1.60,
9056,359.11542,83.19111,6.59,+0.05,
9057,359.26500,42.65833,5.97,+0.69,
9058,359.28458,-26.62361,6.26,+1.45,
9059,359.28542,55.70583,5.55,+0.49,
9060,359.33292,-62.95639,5.97,+0.11,
9061,359.38625,-82.17000,5.73,+1.05,Gam2Oct
9062,359.39667,-64.29833,5.00,+0.06,Eta Tuc
9063,359.38958,60.02361,6.47,+0.01,
9064,359.43958,25.14139,4.66,+1.59,84Psi Peg
9065,359.58833,-15.84750,6.26,+1.08,1 Cet
9066,359.60333,51.38861,4.80,+1.83,
9067,359.66833,-3.55611,4.86,+0.93,27 Psc
9068,359.70500,32.38167,6.52,-0.11,
9069,359.73250,-52.74583,5.13,+1.13,Pi Phe
9070,359.69375,46.41306,6.54,-0.09,
9071,359.75208,55.75500,4.88,-0.07,8Sig Cas
9072,359.82792,6.86333,4.01,+0.42,28Ome Psc
9073,359.86625,-29.48500,5.62,+1.60,
9074,359.87167,33.72444,6.58,+0.55,
9075,359.87167,33.72444,6.58,,
9076,359.97917,-65.57722,4.50,-0.08,Eps Tuc
9077,0.08000,-44.29056,6.29,+0.76,
9078,0.09958,26.91833,6.46,+0.50,
9079,0.12875,59.55972,6.19,+1.01,
9080,0.18208,45.25333,6.38,-0.07,
9081,0.26875,-48.81000,5.71,+0.91,Tau Phe
9082,0.33333,-50.33722,5.53,+1.60,
9083,0.33042,49.98167,6.22,+0.97,
9084,0.39875,-77.06583,4.78,+1.27,The Oct
9085,0.40375,61.22306,5.55,+0.41,
9086,0.43250,42.36722,6.25,-0.03,
9087,0.45583,-3.02750,5.10,-0.12,29 Psc
9088,0.54250,27.08194,5.75,+0.67,85 Peg
9089,0.49000,-6.01417,4.41,+1.63,30 Psc
9090,0.53042,-14.67611,7.10,+1.80,
9091,0.58292,-29.72028,5.01,-0.15,Zet Scl
9092,0.60083,8.95694,6.32,+0.18,31 Psc
9093,0.62375,8.48556,5.63,+0.29,32 Psc
9094,0.65042,66.09889,5.86,+1.09,
9095,0.74000,-20.04611,6.25,+0.53,
9096,0.78208,-24.14528,6.44,+1.18,
9097,0.85708,63.64194,6.24,+0.33,
9098,0.93500,-17.33611,4.55,-0.05,2 Cet
9099,0.96625,66.71222,6.29,+1.67,
9100,1.05667,62.28778,5.88,+0.30,9 Cas
9101,1.08208,-16.52889,5.78,+1.10,
9102,1.08458,-29.26861,6.40,0.00,
9103,1.12542,-10.50944,4.94,+1.63,3 Cet
9104,1.17500,67.16667,5.67,+1.07,
9105,1.15292,42.09222,6.01,,
9106,1.12792,-72.89778,7.31,+0.44,
9107,1.22417,34.65972,6.12,+0.62,
9108,1.17208,-71.43694,5.59,-0.12,
9109,1.23333,26.64889,6.25,+1.40,
9110,1.27583,61.31417,5.80,-0.09,
