# HYG database v4.4 (astronexus, https://codeberg.org/astronexus/hyg), CC BY-SA 4.0.
# Generated by tools/stars/convert_hyg.py. J2000 positions, epoch 2000.0; distances in pc.
# Complete to V = 6.5 for viewers within max_viewer_pc of the Sun.
# max_viewer_pc = 15
hip,hr,ra_deg,dec_deg,dist_pc,vmag,bv,name
19,,0.05331,38.30405,249.38,6.53,0.955,
25,9077,0.07950,-44.29056,81.367,6.28,0.763,
34,9078,0.09957,26.91811,74.627,6.43,0.514,
43,9079,0.12890,59.55968,136.24,6.18,1.032,
50,,0.14299,-53.09771,59.418,6.49,0.616,
58,,0.17366,62.17590,38.805,7.05,0.52,
63,9080,0.18179,45.25333,187.97,6.36,-0.047,
88,9081,0.26911,-48.80988,181.82,5.71,0.911,Tau Phe
106,9083,0.33020,49.98156,199.6,6.22,0.97,
107,9082,0.33382,-50.33737,166.39,5.53,1.615,
122,9084,0.39924,-77.06572,66.578,4.78,1.254,The Oct
124,9085,0.40424,61.22280,943.4,5.58,0.407,
128,,0.41396,73.61185,70.771,6.50,0.182,
133,,0.42345,-40.14870,208.77,6.62,0.545,
136,,0.42868,24.25311,180.51,6.60,1.153,
137,9086,0.43271,42.36714,374.53,6.25,-0.042,
145,9087,0.45603,-3.02750,139.28,5.13,-0.128,29 Psc
154,9089,0.49008,-6.01407,132.45,4.37,1.631,30 Psc
159,,0.51090,-2.76617,62.461,6.93,0.292,
169,,0.53553,-68.28077,15.328,9.24,1.39,GJ 1294A
171,9088,0.54208,27.08226,12.17,5.80,0.69,85 Peg
179,,0.56949,-13.40744,65.274,6.90,0.534,
183,9091,0.58300,-29.72041,154.08,5.04,-0.15,Zet Scl
186,9092,0.60069,8.95682,122.85,6.33,0.182,31 Psc
194,9093,0.62376,8.48546,36.9,5.70,0.315,32 Psc
207,9094,0.65036,66.09897,,5.87,1.073,
223,,0.69656,2.13015,42.626,7.17,0.617,
238,9095,0.73951,-20.04588,61.162,6.25,0.526,
253,9096,0.78271,-24.14514,203.67,6.46,1.176,
258,,0.80547,17.55227,171.53,6.59,1.122,
274,9097,0.85715,63.64052,763.36,6.24,0.332,
277,,0.85945,-36.25119,65.617,6.96,0.353,
301,9098,0.93495,-17.33599,83.472,4.55,-0.047,Hydor
302,9099,0.96513,66.71218,265.96,6.31,1.629,
330,9100,1.05693,62.28766,,5.90,0.274,9 Cas
343,9101,1.08248,-16.52904,90.662,5.78,1.084,
345,9102,1.08465,-29.26882,124.84,6.38,0.006,
355,9103,1.12550,-10.50952,641.03,4.99,1.619,3 Cet
365,9105,1.15245,42.09253,386.1,6.11,0.159,
377,9108,1.17197,-71.43689,175.44,5.59,-0.1,
379,9104,1.17456,67.16644,92.678,5.68,1.051,
394,9107,1.22359,34.65980,39.185,6.09,0.632,GJ 3002
399,9109,1.23330,26.64876,200,6.25,1.368,
400,,1.23459,23.26963,26.392,7.82,0.755,GJ 3003
410,,1.25493,27.67478,168.07,6.47,0.946,
417,2,1.26592,-0.50304,138.89,6.32,1.099,
418,9110,1.27558,61.31397,221.73,5.80,-0.067,
424,1,1.29069,45.22903,138.5,6.71,0.068,
428,,1.29445,45.78657,11.251,9.95,1.472,Gl 2
436,,1.32417,-67.83259,15.888,8.49,1.076,Gl 3
443,3,1.33392,-5.70762,39.495,4.61,1.029,33 Psc
439,,1.34825,-37.35736,4.3399,8.56,1.462,Gl 1
462,,1.37985,-9.61747,50.659,7.13,0.446,
473,,1.41996,45.81208,11.307,8.20,1.41,Gl 4A
476,4,1.42484,13.39627,114.29,5.55,0.901,86 Peg
490,,1.46886,-41.75307,39.386,7.51,0.595,
493,,1.47815,18.23500,37.133,7.45,0.596,
518,5,1.56534,58.43673,21.478,5.98,0.687,Gl 4.1A
522,6,1.57915,-49.07519,25.714,5.70,0.519,Gl 4.2A
531,7,1.61055,64.19617,265.96,5.57,-0.023,10 Cas
540,,1.64808,28.55340,162.07,6.68,0.986,
544,8,1.65314,29.02150,13.671,6.07,0.752,Gl 5
560,9,1.70866,-23.10754,39.386,6.19,0.386,
602,10,1.82611,-17.38699,176.06,6.20,0.133,
606,,1.84388,-25.35665,50.251,7.06,0.463,
626,,1.90803,40.14795,92.336,6.73,0.951,
635,11,1.93380,-2.54868,183.49,6.43,-0.146,
636,12,1.94539,-22.50856,78.37,5.93,0.141,
655,13,2.01455,-33.52933,94.967,5.67,1.119,
664,14,2.05039,-2.44771,279.33,6.18,1.366,
669,,2.06819,-14.82449,27.442,7.04,0.624,
671,16,2.07306,-8.82411,98.425,5.99,1.034,
677,15,2.09687,29.09043,29.744,2.07,-0.038,Alpheratz
695,,2.13693,63.20404,369,6.41,0.998,
696,18,2.13957,-17.57815,578.03,6.11,1.664,
699,17,2.17065,36.62712,32.447,6.21,0.504,Gl 6
716,19,2.21721,25.46298,138.5,6.24,0.976,
728,,2.25068,28.24754,110.86,6.47,0.242,
729,22,2.26008,18.21196,87.413,5.57,1.043,87 Peg
730,23,2.25990,-54.00193,128.37,6.32,0.738,
737,,2.26521,40.84286,59.312,6.93,0.8,
746,21,2.29331,59.14978,16.784,2.28,0.38,Caph
755,,2.31937,65.07089,54.555,7.02,0.932,
759,,2.33102,17.53392,51.573,7.07,0.644,
760,20,2.33288,79.71455,105.49,6.01,0.203,
761,24,2.33776,-27.98793,77.459,5.42,0.414,Kap1Scl
765,25,2.35254,-45.74743,44.209,3.88,1.013,Eps Phe
798,,2.46711,-62.29679,132.28,6.34,0.164,
813,26,2.50917,11.14581,93.633,5.54,-0.064,34 Psc
814,30,2.50940,-82.22405,78.064,5.29,1.049,Gam3Oct
840,29,2.57862,-5.24859,58.309,5.84,0.973,
841,27,2.58018,46.07227,377.36,5.01,0.405,22 And
865,32,2.65992,-73.22439,70.422,6.66,0.372,
873,31,2.67848,-12.57990,75.019,5.84,1.0,
910,33,2.81608,-15.46798,18.748,4.89,0.487,6 Cet
930,34,2.89341,-27.79974,243.31,5.41,1.346,Kap2Scl
950,35,2.93328,-35.13312,21.277,5.24,0.459,The Scl
966,,2.98365,-42.17214,118.91,6.53,1.041,
967,36,2.99612,48.15240,202.02,6.18,1.467,
969,,3.00571,23.47175,154.8,6.58,0.99,
973,,3.01258,-13.81318,194.55,6.56,1.074,
983,37,3.04160,-17.93828,190.84,5.29,1.478,
1009,,3.14226,44.70719,140.85,6.50,1.112,
1026,,3.20007,46.09540,54.496,6.63,0.402,
1031,,3.20962,-57.91261,20.19,7.22,0.775,
1046,,3.26633,-22.47017,203.25,6.66,0.961,
1057,,3.28960,16.92146,129.53,6.52,1.05,
1063,,3.30285,62.04088,120.05,6.63,0.226,
1067,39,3.30897,15.18360,120.05,2.83,-0.19,Algenib
1074,47,3.33148,-84.99398,298.51,5.78,1.71,
1076,40,3.34968,26.98755,131.41,6.24,0.68,
1086,41,3.37860,41.03537,34.904,5.71,0.331,23 And
1096,42,3.42602,-26.02235,396.83,5.94,1.548,
1099,43,3.43491,-26.28496,265.25,6.14,1.49,
1123,44,3.50951,33.20604,103.2,6.22,0.009,
1134,,3.54273,-7.19912,47.148,7.32,0.521,
1140,,3.56128,-55.06966,45.208,6.66,0.462,
1147,,3.58668,-21.19696,55.494,6.89,0.502,
1158,46,3.61512,-7.78053,178.57,5.13,1.601,
1161,,3.61677,-14.43178,74.794,6.95,0.494,
1168,45,3.65067,20.20670,112.87,4.79,1.572,89Chi Peg
1170,48,3.66007,-18.93287,137.17,4.44,1.64,7 Cet
1176,,3.66858,-14.80524,123.92,6.63,1.03,
1185,,3.70087,-14.17770,88.889,6.82,0.257,
1191,51,3.72714,-9.56957,103.84,5.77,-0.084,
1192,,3.73235,-3.02741,203.67,6.64,1.499,
1193,49,3.73290,22.28422,140.85,6.25,-0.004,
1195,54,3.74272,-34.90422,194.55,6.17,1.344,
1196,50,3.74516,8.82096,77.76,6.02,0.312,35 Psc
1208,52,3.77895,31.53572,286.53,6.34,1.555,
1215,53,3.79401,27.28344,135.14,6.35,-0.002,
1242,,3.86705,-16.13381,4.9868,11.49,1.75,GJ 1005A
1269,,3.97858,61.00017,132.98,6.43,0.838,
1268,58,3.97886,-75.91161,189.39,6.49,0.983,
1288,57,4.03689,-31.44639,152.21,5.66,1.35,
1292,,4.04790,-79.85118,17.498,6.59,0.749,GJ 3021
1296,55,4.05790,76.95076,192.31,6.35,-0.044,
1295,,4.06086,19.86046,16.308,11.79,1.485,GJ 1006A
1302,56,4.08968,43.59505,106.5,6.12,0.068,
1319,59,4.14183,8.24015,125,6.12,0.919,36 Psc
1330,,4.17528,-32.68843,149.48,6.67,1.077,
1331,61,4.17643,-20.21006,182.82,6.50,-0.108,
1339,,4.19033,10.24478,306.75,6.51,1.864,
1342,64,4.20096,-78.78015,104.82,6.78,0.451,
1349,,4.22406,-52.65115,22.599,6.84,0.655,Gl 13
1352,,4.22484,49.46191,526.32,6.52,1.775,
1354,60,4.23770,61.53319,190.11,5.74,0.898,
1366,63,4.27294,38.68164,94.697,4.61,0.059,24The And
1368,,4.27611,40.94830,15.004,8.99,1.37,Gl 14
1372,62,4.28768,47.94741,343.64,5.86,-0.079,
1392,,4.35228,8.87652,15.186,6.66,0.589,
1402,66,4.38625,-19.05109,48.497,6.46,0.386,
1415,65,4.42942,51.43309,735.29,6.11,-0.151,
1421,67,4.44874,1.68873,117.37,6.19,0.937,
1427,,4.45824,16.33101,44.823,7.21,0.477,
1439,,4.48461,12.77147,143.68,6.54,0.97,
1444,,4.49527,-13.45564,27.218,6.51,0.599,GJ 9008
1463,,4.56912,10.20278,16.337,10.88,1.479,Gl 16
1465,69,4.57186,11.20621,153.85,6.07,1.036,
1473,68,4.58195,36.78522,41.322,4.51,0.054,25Sig And
1475,,4.59261,44.02295,3.5873,8.09,1.56,Groombridge 34
1481,,4.60857,-63.47749,41.545,7.46,0.537,
1493,71,4.65937,31.51723,166.67,5.88,-0.014,
1499,72,4.67443,-8.05300,23.245,6.47,0.674,Gl 16.1
1501,70,4.67568,43.79114,202.84,6.10,-0.074,26 And
1502,73,4.67730,-43.23557,112.49,6.33,1.21,
1562,74,4.85698,-8.82392,84.175,3.56,1.214,8Iot Cet
1573,,4.90198,-7.22402,43.687,7.03,0.508,
1575,75,4.92318,40.72946,175.13,6.35,1.179,
1595,,4.98449,16.25087,162.6,6.60,0.979,
1598,,5.00179,38.22740,24.795,6.97,0.64,
1599,77,5.01213,-64.87479,8.5866,4.23,0.576,Zet Tuc
1603,76,5.02154,48.86545,210.97,6.53,0.051,
1630,78,5.10166,30.93561,159.74,5.89,-0.098,
1639,,5.12886,48.96863,218.34,6.46,0.564,
1645,80,5.14942,8.19027,125,5.38,1.343,41 Psc
1647,83,5.16267,-69.62491,97.561,5.50,-0.046,Pi Tuc
1657,79,5.18967,32.91119,191.94,5.79,1.595,
1669,,5.22552,32.97801,67.935,6.90,0.478,
1670,81,5.22747,10.97690,310.56,6.57,0.056,
1684,,5.26783,-2.90960,80.906,6.92,1.036,
1686,82,5.28026,37.96860,48.544,5.16,0.442,27Rho And
1696,,5.33168,-45.74642,17.132,10.41,1.475,Gl 17.1
1706,87,5.36979,-77.42687,174.83,5.96,1.397,
1708,84,5.37997,-28.98147,101.32,5.18,1.006,Iot Scl
1725,,5.42679,67.82301,175.75,6.55,0.981,
1728,85,5.44279,-20.05802,270.27,5.61,1.58,
1766,,5.58858,-50.99249,91.408,6.68,1.102,
1772,86,5.60618,13.48249,153.85,6.25,1.225,42 Psc
1795,,5.70009,-39.26241,78.064,6.75,0.371,
1803,88,5.71576,-12.20944,20.864,6.39,0.659,9 Cet
1821,,5.76831,-15.94256,337.84,6.43,1.595,
1830,89,5.80253,-31.03578,172.71,6.55,-0.06,
1837,,5.81652,-33.16752,22.168,8.74,1.075,GJ 2004
1892,,5.97187,60.96141,54.555,6.57,0.38,
1905,,6.02195,44.26473,153.85,6.66,0.413,
1921,91,6.06522,52.01991,306.75,5.58,-0.11,
1936,,6.10787,-27.02677,18.225,7.92,0.94,Gl 18
1939,94,6.12354,-2.21906,151.75,6.08,1.216,
1948,,6.15898,14.31551,180.51,6.48,1.161,
1954,,6.17693,-53.98400,27.233,7.27,0.681,
1955,,6.18595,-51.04387,34.892,6.81,0.596,
1960,93,6.19789,61.83106,215.05,5.38,0.008,12 Cas
1982,96,6.27668,53.04679,158.23,5.72,-0.056,
2006,97,6.35087,1.93969,144.09,5.77,0.855,44 Psc
2021,98,6.41874,-77.25425,7.4588,2.82,0.618,Bet Hyi
2072,100,6.55074,-43.67983,23.809,3.93,0.175,Kap Phe
2081,99,6.57084,-42.30598,25.974,2.40,1.083,Ankaa
2086,,6.59063,-18.69363,483.09,6.24,1.622,
2100,101,6.65589,-0.04953,138.31,6.16,0.893,10 Cet
2101,,6.66441,56.64121,178.57,6.58,0.021,
2120,,6.72024,70.14242,16.477,10.52,1.459,Gl 21
2135,,6.76903,25.04207,77.101,6.66,0.487,
2142,,6.78051,80.05214,158.48,6.53,-0.083,
2159,102,6.81128,-25.54717,176.06,5.99,1.022,
2178,,6.87945,16.02548,117.23,6.44,0.23,
2184,,6.90655,-20.13452,110.01,6.78,0.261,
2210,105,6.98208,-33.00717,138.5,4.86,1.634,Eta Scl
2213,,6.99362,19.51404,172.12,6.40,0.99,
2219,103,7.01212,17.89313,162.07,5.01,1.584,47 Psc
2224,106,7.05292,16.44506,233.64,6.05,1.58,48 Psc
2225,104,7.05681,44.39445,86.655,5.18,0.043,
2227,,7.05883,-29.04027,119.9,6.75,1.127,
2235,107,7.08354,10.18985,36.55,6.05,0.447,
2237,108,7.08792,-20.33505,32.196,6.44,0.594,
2239,,7.11017,-29.28476,55.31,7.10,0.5,
2240,109,7.11041,-39.91500,115.21,5.42,1.556,
2246,,7.13838,-11.23724,69.156,6.86,0.535,
2256,111,7.17948,-50.53286,125.31,6.26,1.09,
2270,110,7.23609,36.89969,162.07,6.28,0.916,
2330,116,7.45418,-32.11598,182.48,6.59,1.351,
2337,115,7.46622,-14.86411,42.753,6.15,0.388,
2353,117,7.50982,-3.95733,173.91,5.72,1.545,12 Cet
2355,114,7.53067,29.75156,62.775,5.20,0.271,28 And
2358,,7.53620,4.86011,65.104,6.52,0.453,
2377,113,7.58301,59.97755,235.85,5.94,-0.003,
2381,118,7.59439,-23.78768,53.107,5.17,0.128,
2383,120,7.60863,-48.21491,43.085,5.67,0.367,
2388,119,7.61593,-40.93959,129.53,6.18,0.315,
2392,,7.62209,-39.51855,123.15,6.60,1.141,
2415,,7.69647,16.03761,105.82,6.83,0.126,
2422,112,7.72665,77.01940,38.506,6.18,0.883,
2440,,7.76637,55.70262,137.55,6.57,1.154,
2453,,7.80243,69.78526,40.177,7.37,0.504,
2472,125,7.85391,-48.80351,52.966,4.76,0.018,Lam1Phe
2474,121,7.85505,66.51962,233.1,6.18,-0.1,13 Cas
2475,122,7.85680,33.58164,116.14,5.88,1.133,
2484,126,7.88588,-62.95822,41.408,4.36,-0.064,Bet1Tuc
2487,127,7.88919,-62.96556,51.653,4.53,0.147,Bet2Tuc
2497,124,7.92158,52.83953,116.82,5.59,1.163,
2505,123,7.94308,54.52229,115.74,4.74,-0.098,14Lam Cas
2539,,8.05854,34.99389,95.969,6.74,0.191,
2548,132,8.09908,6.95546,80.972,5.69,-0.014,51 Psc
2552,,8.11594,67.23567,10.065,10.27,1.52,Gl 22A
2568,131,8.14784,20.29432,80,5.38,1.069,52 Psc
2572,,8.16411,-25.35971,133.69,6.72,1.176,
2578,136,8.18268,-63.03150,45.558,5.07,0.038,Bet3Tuc
2583,134,8.20453,28.28024,158.48,6.26,0.965,
2599,130,8.24995,62.93178,,4.17,0.13,Cexing
2611,135,8.29318,54.89498,114.16,5.93,1.037,
2628,129,8.33010,70.98184,151.75,6.41,-0.007,
2629,139,8.34694,-71.26625,130.04,6.11,0.265,The Tuc
2661,138,8.42102,-29.55828,165.02,5.55,1.262,
2663,,8.43255,-35.00208,33.113,6.41,0.617,
2707,137,8.60374,66.75035,189.75,6.47,-0.049,16 Cas
2710,,8.61321,-6.50391,40.916,6.90,0.481,
2711,140,8.61561,-52.37309,25.484,5.57,0.472,Gl 22.2
2734,141,8.73069,13.37114,109.65,6.39,1.136,
2742,,8.75376,42.69477,28.902,8.02,0.87,
2753,,8.79007,36.83223,259.74,6.58,1.445,
2762,142,8.81199,-3.59285,21.254,5.20,0.567,13 Cet
2787,143,8.88681,-0.50561,54.496,5.94,0.444,14 Cet
2789,148,8.88886,-54.82187,70.771,6.04,1.001,
2790,,8.89264,-39.74629,28.785,7.45,0.726,
2802,147,8.92150,-48.00091,34.819,5.51,0.461,Lam2Phe
2832,145,8.97836,13.20707,37.566,6.32,0.517,
2841,,9.00352,-59.71724,56.754,6.91,0.368,
2843,,9.00773,-5.57072,45.045,6.72,0.466,
2846,150,9.01315,-14.97303,115.34,6.45,1.063,
2852,151,9.02859,-22.84233,48.876,6.06,0.297,
2854,144,9.03459,54.16845,164.47,5.08,-0.098,
2865,149,9.08375,27.25476,217.86,6.51,-0.07,
2876,146,9.11393,60.32621,,5.78,0.294,
2889,160,9.15674,-65.12444,211.86,6.43,1.26,
2888,,9.15774,-49.13232,43.668,6.79,0.639,Gl 24A
2900,152,9.19355,44.48859,189.04,5.14,1.587,
2903,155,9.19713,15.23173,318.47,5.89,-0.146,53 Psc
2912,154,9.22020,33.71934,183.49,4.34,-0.123,29Pi And
2920,153,9.24282,53.89691,181.82,3.69,-0.196,Fulu
2926,156,9.27996,24.01414,112.74,6.18,1.17,
2937,162,9.32591,-54.39382,146.84,6.40,0.995,
2941,159,9.33589,-24.76727,15.401,5.57,0.715,Gl 25A
2942,157,9.33842,35.39950,259.74,5.45,0.886,
2944,,9.34350,-37.28808,41.186,6.99,0.723,
2954,161,9.37704,3.13535,223.21,6.43,1.339,
3006,,9.56126,84.67498,41.271,7.11,0.554,
3031,163,9.63903,29.31175,50.226,4.34,0.871,30Eps And
3045,,9.67319,46.95680,112.23,6.72,0.96,
3056,,9.70324,-25.10782,273.97,6.43,1.482,
3083,164,9.79122,49.35459,641.03,5.45,1.644,
3084,,9.79699,-57.96786,78.864,6.81,0.471,
3092,165,9.83193,30.86102,32.352,3.27,1.268,31Del And
3093,166,9.84094,21.25047,11.059,5.88,0.85,54 Psc
3122,,9.93171,-11.15078,70.028,6.83,0.432,
3132,158,9.94871,82.49376,33.256,6.38,0.551,
3137,171,9.96642,-44.79629,94.162,6.00,1.142,
3138,167,9.98154,21.43849,127.06,5.36,1.16,55 Psc
3142,170,9.99076,-33.96145,40.161,6.68,0.519,
3170,176,10.10488,-59.45460,24.956,5.89,0.564,Gl 29
3175,172,10.11909,-16.51668,146.41,6.49,0.91,
3179,168,10.12674,56.53733,69.979,2.24,1.17,Schedar
3185,173,10.13657,-23.80488,28.885,6.14,0.718,Gl 27.2
3193,174,10.17655,-4.35184,144.51,5.90,1.091,
3203,,10.19784,-7.23261,26.504,7.02,0.62,
3206,,10.20503,40.18717,17.328,7.36,0.937,Gl 28
3210,,10.21471,-53.20992,44.843,7.37,0.539,
3231,175,10.27995,39.45866,108.81,5.30,0.891,32 And
3236,,10.29948,9.35506,33.445,6.52,0.528,
3240,,10.30301,52.19767,140.25,6.74,0.072,
3245,180,10.33149,-46.08501,75.358,4.59,0.953,Mu Phe
3266,,10.39362,-25.19656,308.64,6.55,1.244,
3267,,10.39400,65.86822,46.62,6.95,0.579,
3269,178,10.40015,24.62901,126.74,6.06,0.298,
3277,183,10.44315,-56.50131,67.024,5.72,0.131,Xi Phe
3293,,10.50596,40.68826,50.025,7.03,0.452,
3299,177,10.51430,66.14759,158.48,5.83,1.042,
3300,179,10.51621,50.51253,438.6,4.80,-0.105,19Xi Cas
3330,187,10.61803,-65.46803,41.034,5.38,0.515,Rho Tuc
3334,181,10.62927,58.75341,336.7,6.18,-0.004,
3352,186,10.67414,-60.26281,70.822,5.99,1.318,
3356,185,10.67871,-38.46348,145.14,6.05,-0.024,Lam1Scl
3369,,10.71143,-9.92169,39.62,6.63,0.529,
3371,,10.71979,16.66246,148.59,6.56,1.181,
3405,191,10.83850,-57.46306,75.529,4.36,0.024,Eta Phe
3414,184,10.86699,47.02455,53.677,4.95,0.17,20Pi Cas
3418,,10.88701,33.84457,20.572,8.73,1.13,Gl 30
3419,188,10.89735,-17.98661,29.533,2.04,1.019,Diphda
3436,190,10.95870,-12.01181,56.402,6.01,1.107,
3438,,10.96777,33.31072,74.129,6.92,0.311,
3455,194,11.04750,-10.60955,71.633,4.77,0.998,17Phi1Cet
3456,195,11.05025,-38.42169,103.84,5.90,1.144,Lam2Scl
3478,189,11.10918,47.86398,191.2,5.66,-0.113,
3479,,11.11095,-26.51568,32.373,7.78,0.664,Cocibolca
3489,199,11.13160,-62.49759,87.642,6.06,0.446,
3490,,11.14731,-78.08219,158.73,6.61,1.079,
3497,,11.16307,-65.64952,22.056,6.55,0.655,Gl 31.5
3504,193,11.18130,48.28436,215.52,4.48,-0.069,22Omi Cas
3505,197,11.18499,-22.00614,26.745,5.22,0.35,Gl 31.3
3509,,11.19959,67.15818,45.269,6.90,0.492,
3521,198,11.23781,-42.67656,64.391,5.94,0.297,
3527,202,11.24939,-53.71489,46.598,6.15,0.524,
3533,,11.26653,75.93780,37.355,7.19,0.76,GJ 3050
3535,,11.27040,1.78552,21.566,8.03,0.983,Gl 31.4
3540,,11.29566,0.25328,41.374,7.01,0.537,
3544,196,11.32161,55.22140,98.814,5.41,0.022,
3552,201,11.35053,-4.62916,253.81,6.15,1.652,
3559,203,11.36954,-12.88081,30.998,6.15,0.603,18 Cet
3572,192,11.41293,74.98807,93.023,5.64,0.078,21 Cas
3576,206,11.42377,-16.42422,89.047,6.47,0.314,
3583,209,11.43975,-47.55199,15.158,5.80,0.635,GJ 1021
3588,,11.45093,-41.90921,15.818,7.89,1.251,Gl 32A
3604,205,11.54504,44.86150,131.06,6.03,-0.063,
3607,210,11.54894,-22.52210,93.284,5.49,0.978,
3611,204,11.56270,55.30538,161.81,6.51,0.181,
3632,211,11.63733,15.47550,238.1,5.36,1.559,57 Psc
3641,200,11.65970,69.32541,40.75,6.39,0.424,
3645,,11.66892,-4.42706,28.76,7.57,0.822,
3649,207,11.67693,59.57454,934.58,6.41,1.081,
3675,213,11.75607,11.97385,86.806,5.51,0.987,58 Psc
3685,214,11.80677,19.57870,100.6,6.11,0.27,59 Psc
3693,215,11.83472,24.26718,58.005,4.08,1.1,Shimu
3697,216,11.84847,6.74096,141.24,5.98,0.941,60 Psc
3717,218,11.93009,-18.06134,108.93,5.70,1.3,
3721,208,11.94178,74.84757,236.41,5.42,-0.066,23 Cas
3730,217,11.97843,20.92535,57.045,6.51,0.521,61 Psc
3741,220,12.00444,-21.72249,105.15,5.57,-0.058,
3750,212,12.03730,72.67448,61.237,5.86,1.01,
3760,221,12.07254,7.29993,177.62,5.92,1.104,62 Psc
3765,222,12.09573,5.28062,7.4549,5.74,0.89,96 G. Psc
3781,236,12.14665,-74.92344,64.935,5.09,1.345,Lam Hyi
3786,224,12.17060,7.58508,95.42,4.44,1.5,63Del Psc
3788,,12.17193,-28.49543,61.919,6.78,0.348,
3801,223,12.20838,50.96817,126.26,4.90,-0.091,25Nu Cas
3807,229,12.23637,-46.69765,129.53,6.28,0.897,
3810,225,12.24462,16.94064,23.452,5.07,0.502,64 Psc
3821,219,12.27390,57.81519,5.9531,3.46,0.587,Achird
3829,,12.29124,5.38861,4.2626,12.37,0.554,Van Maanen's Star
3834,228,12.30810,-24.13667,57.904,5.90,0.944,
3849,227,12.35673,-13.56127,85.106,5.59,1.325,
3850,,12.36141,-23.21248,18.688,7.15,0.769,Gl 36
3858,232,12.38930,-23.36214,234.19,6.27,0.132,
3865,,12.40511,47.76393,84.46,6.66,0.277,
3876,,12.44190,70.44949,21.631,7.75,0.9,
3881,226,12.45351,41.07891,189.39,4.53,-0.136,35Nu And
3885,230,12.47149,27.71029,88.574,5.55,0.398,65 Psc
3903,239,12.51568,-43.39492,108.58,6.49,0.286,
3909,235,12.53165,-10.64433,15.753,5.17,0.514,19Phi2Cet
3919,234,12.57605,45.00226,100.3,6.13,0.043,
3937,,12.63846,24.81672,11.845,12.01,,GJ 3060A
3949,242,12.67152,-50.98682,74.239,5.24,0.356,Rho Phe
3951,233,12.68163,64.24755,196.08,5.35,0.528,
3961,,12.71844,-71.15143,38.153,6.86,0.447,
3964,,12.73370,77.95353,118.76,6.76,0.274,
3965,238,12.73894,51.50803,67.295,6.38,0.307,
3979,,12.79519,-5.03928,21.519,6.98,0.663,
3988,237,12.81826,61.80549,,6.04,1.88,
3992,243,12.82635,3.38502,137.93,6.39,1.069,
3995,,12.83280,-9.40554,91.241,6.89,0.49,
3999,,12.84202,-38.52883,51.256,7.14,0.593,
4022,,12.89161,-22.91006,15.635,8.95,1.29,Gl 40A
4023,241,12.89079,51.57143,306.75,6.22,0.032,
4025,,12.89536,12.78477,94.429,6.70,0.339,
4072,,13.05339,-22.61726,52.966,7.13,0.53,
4084,252,13.10215,-69.50376,63.291,6.67,0.518,Lam1Tuc
4104,247,13.16927,-24.00584,171.23,5.47,1.275,
4127,,13.21570,40.24557,41.771,6.76,0.595,
4147,248,13.25206,-1.14426,179.86,4.78,1.55,20 Cet
4148,,13.25450,-30.35692,14.172,7.15,0.936,Gl 42
4151,244,13.26767,61.12397,18.744,4.80,0.54,Gl 41
4164,251,13.30190,-24.77688,73.584,6.44,0.439,
4185,249,13.36759,37.41821,107.87,6.07,1.139,
4200,257,13.40759,-62.87135,218.34,5.73,1.574,
4205,,13.41885,43.36339,45.641,7.19,0.622,
4207,,13.42223,-4.52559,154.8,6.53,0.991,
4212,250,13.44820,52.68929,88.417,6.27,0.191,
4257,255,13.57330,-8.74066,131.41,6.15,0.911,21 Cet
4267,254,13.64677,19.18842,108.11,5.80,-0.016,66 Psc
4283,240,13.72001,83.70744,87.719,5.59,0.105,
4288,258,13.74209,23.62833,37.98,5.46,1.012,36 And
4290,,13.74700,24.10027,29.061,7.41,0.652,Gl 42.1
4291,,13.74826,-74.30236,50.865,6.68,0.987,
4292,253,13.75072,58.97270,100.7,4.83,1.216,26Ups1Cas
4293,270,13.75127,-69.52708,68.027,5.45,1.095,Lam2Tuc
4298,256,13.77171,48.67852,207.47,6.28,1.681,
4311,,13.79964,-47.40597,53.706,6.73,0.5,
4317,259,13.81113,24.55706,173.91,6.19,1.546,
4346,263,13.92666,-7.34715,184.5,5.88,1.52,
4360,,13.97067,-53.19254,222.72,6.61,1.093,
4363,268,13.98139,-27.77584,292.4,6.11,1.674,
4366,262,13.99380,27.20938,77.76,6.08,0.133,67 Psc
4371,267,14.00620,-11.26653,168.92,5.35,1.505,22Phi3Cet
4382,,14.03801,13.95196,125.16,6.46,0.962,
4383,260,14.05396,57.99656,198.81,6.20,1.376,
4395,,14.08755,-63.95838,45.537,7.17,0.808,
4411,,14.12784,42.97879,254.45,6.53,1.028,
4422,265,14.16648,59.18106,61.275,4.62,0.957,Castula
4427,264,14.17714,60.71674,168.35,2.15,-0.046,Tiansi
4436,269,14.18827,38.49934,39.777,3.86,0.13,37Mu And
4440,266,14.19566,60.36284,165.02,5.56,-0.054,
4446,261,14.22936,68.77566,64.893,6.39,0.375,
4463,271,14.30167,23.41765,70.422,4.40,0.94,Kui
4473,,14.32941,-62.24560,19.658,9.50,1.299,Gl 45
4475,,14.33153,61.42189,198.81,6.44,0.94,
4501,272,14.41518,45.83938,134.05,6.10,1.028,
4510,274,14.45896,28.99222,198.81,5.44,1.076,68 Psc
4511,,14.45923,-1.76598,177.62,6.56,1.004,
4520,276,14.47713,13.69586,148.59,6.30,0.895,
4540,,14.54063,-15.68278,59.453,7.07,0.455,
4542,,14.54116,39.47537,159.74,6.55,1.152,
4552,275,14.55922,33.95088,56.37,5.99,1.0,
4558,277,14.57873,21.40450,129.7,6.47,0.089,
4563,281,14.59251,-60.69624,171.23,6.23,0.096,
4569,,14.61597,-27.85703,12.353,11.77,1.558,Gl 46
4572,273,14.62927,66.35179,107.41,5.97,-0.008,
4577,280,14.65149,-29.35745,238.1,4.30,-0.154,Alp Scl
4587,279,14.68278,-11.37997,98.039,5.62,0.949,23Phi4Cet
4592,,14.69061,-5.88282,102.56,6.57,1.136,
4637,,14.88452,48.96634,54.915,6.90,0.41,
4655,284,14.95702,6.48323,332.23,6.14,1.654,
4675,282,15.01482,44.71324,119.05,5.69,-0.01,
4704,,15.12348,80.54540,108.7,6.67,0.393,
4709,278,15.12880,70.98299,109.41,6.40,0.135,
4747,,15.25731,-4.64840,38.153,7.34,0.547,
4770,288,15.32610,-38.91653,157.48,5.59,1.185,Xi Scl
4772,,15.32911,-60.86015,45.475,6.91,0.65,
4786,,15.36268,49.54422,322.58,6.48,1.099,
4794,,15.39243,-38.21477,75.988,6.61,0.905,
4801,,15.41102,-16.26557,92.85,6.47,1.184,
4809,,15.43155,25.29222,71.073,6.71,0.783,
4829,295,15.50757,-57.00239,120.63,6.12,0.935,Ome Phe
4844,287,15.57694,51.03494,226.24,6.48,0.122,
4849,,15.60239,5.06145,21.142,8.16,1.008,GJ 3071
4852,293,15.61011,-31.55201,71.225,5.50,0.083,Sig Scl
4855,,15.61548,-21.61058,31.017,7.91,0.799,
4856,,15.62505,71.67982,8.2366,9.98,1.501,Gl 48
4868,,15.64840,27.74795,44.385,6.88,0.448,
4872,,15.65989,62.34504,9.9602,9.56,1.463,Gl 49
4878,,15.67767,9.13296,56.98,6.83,0.498,
4879,304,15.67875,-65.45610,265.96,6.25,1.634,
4889,291,15.70457,31.80426,132.98,5.50,-0.043,69Sig Psc
4890,299,15.70495,-46.39731,73.099,5.39,0.9,
4903,290,15.72611,41.34516,107.3,5.95,0.161,39 And
4906,294,15.73587,7.89013,55.741,4.27,0.952,71Eps Psc
4907,,15.73743,69.22706,25.497,7.67,0.756,
4911,289,15.75635,47.37616,96.061,6.46,0.248,
4914,296,15.76057,-4.83660,102.25,5.40,1.106,25 Cet
4927,,15.80888,20.09784,16.229,11.36,1.59,GJ 1026A
4932,300,15.82377,-29.52585,130.04,6.28,0.932,
4934,,15.82488,-60.09749,80.321,6.81,0.48,
4962,292,15.90420,61.07482,613.5,5.92,0.512,
4965,,15.91428,84.60688,139.47,6.74,0.246,
4979,301,15.95429,1.36685,60.132,6.06,0.271,26 Cet
4998,298,16.00995,52.50216,326.8,5.99,1.447,
5016,,16.06941,54.20425,63.573,6.84,0.528,
5021,297,16.08126,61.58018,80.775,5.83,0.569,
5034,303,16.11509,29.65881,44.287,6.20,0.443,
5042,,16.13575,-33.53285,163.67,6.44,1.071,
5045,305,16.15185,39.99111,78.989,6.77,0.328,
5062,302,16.19498,51.00978,403.23,6.53,-0.081,
5074,307,16.21932,5.65626,199.6,6.03,1.525,73 Psc
5081,308,16.27231,14.94613,54.585,5.64,0.42,72 Psc
5099,,16.34119,-40.27000,54.915,7.18,0.421,
5121,315,16.40369,-9.97932,92.937,6.09,1.012,27 Cet
5131,310,16.42063,21.47318,84.317,5.33,0.003,74Psi1Psc
5132,311,16.42378,21.46544,85.911,5.55,-0.048,74Psi1Psc
5141,313,16.45512,4.90837,40.634,6.35,0.383,77 Psc
5144,314,16.46433,4.90941,42.955,7.26,0.484,77 Psc
5165,322,16.52110,-46.71841,56.721,3.32,0.885,Bet Phe
5164,317,16.52145,-9.83935,180.83,5.58,0.009,28 Cet
5170,320,16.53212,-23.99245,117.37,6.12,1.076,
5175,,16.54667,32.18149,172.71,6.28,1.308,
5186,309,16.59477,62.76139,64.935,6.52,0.214,
5193,323,16.61070,-35.66067,151.52,6.61,0.137,
5204,319,16.64011,12.95604,133.33,6.14,0.962,75 Psc
5209,,16.65678,8.36004,67.705,6.93,0.301,
5233,,16.72931,70.93140,113.12,6.63,0.164,
5240,316,16.75053,56.93497,99.108,6.41,1.188,
5247,,16.77936,63.94133,14.932,9.00,1.289,Gl 52
5251,318,16.78938,53.49818,512.82,6.31,1.499,
5253,,16.79580,-1.73208,48.709,7.02,0.56,
5259,325,16.80382,-23.99633,68.776,6.36,0.238,
5268,332,16.82757,-61.77529,93.284,5.36,0.884,Iot Tuc
5276,,16.86966,41.25888,51.546,7.24,0.541,
5280,,16.88339,-41.74670,32.154,7.01,0.567,
5286,,16.90778,22.95498,21.053,8.41,1.122,Gl 53.1A
5296,329,16.94253,-9.78555,47.148,5.71,0.446,30 Cet
5300,331,16.94936,-41.48692,56.948,5.21,0.159,Ups Phe
5310,328,16.98816,20.73911,47.304,5.56,0.121,79Psi2Psc
5313,,16.99482,39.25253,31.456,7.78,0.621,
5315,,16.99860,1.99304,48.473,6.44,0.847,
5317,324,17.00339,43.94209,58.962,5.04,0.109,41 And
5319,327,17.00552,32.01213,41.391,6.23,0.398,78 Psc
5335,,17.05194,21.97701,33.523,7.61,0.71,
5336,321,17.06216,54.92034,7.554,5.17,0.704,30Mu Cas
5339,,17.06392,28.86794,83.542,6.86,0.371,
5346,330,17.09250,5.64982,35.211,5.51,0.334,80 Psc
5348,338,17.09613,-55.24576,91.575,3.94,-0.12,Wurren
5361,326,17.13941,58.26345,184.84,5.77,-0.019,
5363,,17.14095,-46.66798,82.305,6.89,0.292,
5364,334,17.14746,-10.18226,37.994,3.46,1.161,31Eta Cet
5372,285,17.18419,86.25709,85.911,4.24,1.213,Tarandus
5412,312,17.30115,80.01158,135.32,6.24,0.922,
5434,335,17.37552,47.24179,219.78,4.26,0.012,Junnanmen
5440,,17.39577,57.35000,79.114,6.65,0.439,
5444,,17.41313,23.79424,121.95,6.65,0.342,
5447,337,17.43291,35.62056,60.533,2.07,1.576,Mirach
5454,339,17.45500,19.65841,115.47,5.57,0.697,81Psi3Psc
5477,350,17.53073,-57.69442,125.63,6.41,0.888,
5483,344,17.54768,15.67391,165.02,6.07,1.535,
5485,346,17.54978,-8.90614,118.62,6.40,1.029,32 Cet
5493,340,17.57820,42.08147,52.274,5.67,0.603,44 And
5494,341,17.58105,25.45776,120.77,5.81,1.466,
5496,,17.59389,-67.44496,8.194,9.80,1.568,Gl 54
5510,347,17.63980,2.44567,235.29,5.97,1.491,33 Cet
5518,336,17.66368,68.77862,84.89,5.32,-0.014,31 Cas
5521,,17.67474,42.93183,27.078,7.66,0.73,
5531,,17.71044,67.78010,54.645,6.55,0.553,
5534,,17.72618,9.56390,39.604,7.23,0.568,
5542,343,17.77526,55.14990,40.95,4.34,0.17,33The Cas
5544,349,17.77820,31.42474,147.28,5.15,0.261,82 Psc
5550,348,17.79284,37.72412,242.13,5.80,-0.095,45 And
5566,342,17.85642,64.20268,124.07,5.56,-0.052,
5571,351,17.86341,21.03465,117.65,4.66,1.024,84Chi Psc
5575,,17.87072,10.29191,132.45,6.49,0.891,
5578,,17.88368,-12.84308,40.7,7.48,0.589,
5586,352,17.91513,30.08964,51.76,4.51,1.092,83Tau Psc
5589,345,17.92244,65.01885,119.05,5.57,-0.072,32 Cas
5594,353,17.93128,-2.25108,171.82,5.93,1.403,34 Cet
5626,333,18.06902,79.67396,82.85,5.60,0.008,
5631,,18.07980,12.28182,34.2,6.89,0.494,
5636,358,18.09714,-30.80213,77.942,6.54,0.468,
5643,,18.12753,-16.99897,3.6899,12.10,1.85,Gl 54.1
5646,,18.12768,2.47158,48.216,6.55,0.454,
5650,355,18.14197,45.33753,193.8,6.13,1.652,
5661,359,18.18924,-37.85648,69.396,5.95,0.281,
5666,,18.19875,-6.78338,121.21,6.59,0.934,
5679,356,18.24780,30.06423,116.01,6.24,0.98,
5684,,18.27502,41.65430,45.228,7.24,0.77,GJ 3080
5688,354,18.29097,61.70619,201.61,6.40,0.018,
5737,361,18.43285,7.57535,53.305,5.21,0.32,Revati
5742,360,18.43728,24.58371,136.8,4.67,1.047,85Phi Psc
5743,362,18.43860,7.57826,93.985,6.44,0.492,Revati B
5764,,18.50496,-13.47525,68.12,6.88,0.312,
5772,363,18.52043,28.52958,408.16,6.33,1.684,
5778,364,18.53179,16.13348,139.47,5.97,-0.082,87 Psc
5784,,18.54372,58.81233,41.169,7.18,0.546,
5799,366,18.60017,-7.92283,23.386,5.14,0.448,37 Cet
5806,,18.62217,-5.04739,38.926,7.50,0.575,
5812,,18.64231,-53.94211,16.562,11.16,1.637,GJ 3082
5824,367,18.67664,6.99514,159.24,6.04,1.081,88 Psc
5833,368,18.70488,-0.97379,42.919,5.70,0.428,38 Cet
5842,,18.75234,-68.81891,21.645,7.22,1.0,Gl 55.1A
5862,370,18.79565,-45.53166,15.115,4.97,0.571,Nu Phe
5886,,18.89853,0.91246,129.03,6.71,0.129,
5896,377,18.94056,-68.87593,20.956,4.25,0.48,Kap Tuc
5926,365,19.04958,71.74384,847.46,5.87,2.042,
5927,,19.05022,-42.00972,178.57,6.58,1.189,
5928,306,19.05264,87.14550,106.95,6.20,1.114,
5936,371,19.07883,33.11472,106.72,6.04,1.163,
5938,,19.10081,-12.09700,25.913,7.55,0.753,
5943,,19.12074,-67.43103,56.338,6.91,0.378,
5944,,19.12198,42.93942,23.197,6.59,0.594,
5947,357,19.12922,79.91001,72.622,6.27,0.44,
5951,373,19.15121,-2.50037,80.58,5.42,0.888,39 Cet
5977,,19.20990,21.05186,58.685,7.03,0.415,
5985,,19.24585,-2.27916,29.878,6.52,0.563,
5992,380,19.26546,-66.39785,94.251,6.23,0.052,
5993,372,19.27108,44.90199,214.13,6.11,1.59,
6005,,19.31415,-35.71590,16.213,11.31,1.51,GJ 1036
6010,,19.31919,39.48054,125.79,6.69,0.023,
6025,374,19.35049,31.74462,85.106,6.36,1.132,
6048,,19.42652,-7.65951,84.602,6.80,0.273,
6057,,19.43871,56.63159,121.21,6.68,1.021,
6061,378,19.44981,3.61447,75.301,5.13,0.071,89 Psc
6087,376,19.54227,47.41971,662.25,6.29,1.357,
6093,,19.55787,57.80317,348.43,6.39,1.589,
6099,,19.57777,67.81642,166.94,6.68,0.02,
6130,,19.67126,-0.86757,26.49,8.00,0.78,Gl 56.3A
6140,379,19.69587,37.38627,128.53,6.44,0.233,
6193,383,19.86665,27.26406,94.429,4.74,0.032,90Ups Psc
6198,,19.87227,80.89421,159.49,6.70,0.022,
6221,,19.93877,-68.89820,55.679,7.07,0.508,
6226,385,19.95123,-0.50903,100.7,5.87,0.635,42 Cet
6234,,19.99068,-15.81432,46.211,6.70,0.584,
6237,,20.01246,-9.88379,48.473,6.65,0.405,
6241,,20.02044,41.97053,63.171,6.95,0.352,
6242,382,20.02049,58.23161,,4.95,0.683,34Phi Cas
6261,375,20.08099,77.57068,126.42,6.31,0.912,
6271,,20.11606,-57.33852,49.285,7.00,0.545,
6272,388,20.11587,-11.23900,112.23,6.16,1.102,
6273,,20.12524,-19.94901,32.457,7.57,0.702,
6283,387,20.14406,-3.24699,137.17,6.26,1.013,
6285,,20.15411,54.96235,32.342,7.21,0.586,
6312,384,20.27175,64.65813,78.125,6.33,0.113,35 Cas
6315,389,20.28071,28.73821,107.41,5.23,1.396,91 Psc
6333,,20.32672,-49.74154,108.46,6.75,0.444,
6336,,20.35254,-50.93693,178.57,6.60,1.085,
6351,,20.39312,-41.65640,16.706,10.15,1.383,Gl 57
6378,381,20.49574,76.23880,76.046,6.37,0.283,
6379,,20.49658,76.71028,16.809,7.17,0.826,Gl 56.5
6393,,20.53852,-37.05158,152.21,6.71,0.264,
6405,,20.57440,18.68270,25.787,6.96,0.627,
6411,390,20.58505,45.52878,65.746,4.87,1.077,Adhil
6427,394,20.62701,-19.08121,61.501,6.35,0.493,
6429,393,20.64513,-0.44967,137.36,6.50,1.079,43 Cet
6432,392,20.65396,1.72633,212.31,6.21,1.482,
6440,,20.67938,-36.59653,92.251,6.71,0.99,
6439,,20.67961,17.19705,49.751,7.16,0.473,
6451,,20.72334,11.36650,96.525,6.77,1.123,
6454,,20.73648,7.41926,45.208,7.30,0.829,GJ 3095
6456,,20.76098,-12.96607,30.506,7.85,0.9,Gl 57.1A
6486,391,20.83896,58.14299,58.824,6.36,0.457,
6492,397,20.85396,20.46897,306.75,5.97,1.677,
6502,400,20.87899,-30.94562,299.4,5.84,1.612,
6507,,20.89556,-24.35276,80.841,6.66,0.24,
6512,396,20.90602,34.24589,56.657,6.28,0.829,
6514,395,20.91918,37.71494,63.857,5.60,0.276,47 And
6522,386,20.94505,78.72606,,6.07,0.389,
6527,,20.96195,17.81834,49.801,6.59,0.403,
6537,402,21.00585,-8.18326,34.892,3.60,1.065,45The Cet
6539,401,21.01058,-8.00742,67.522,6.21,0.235,44 Cet
6551,,21.05119,-31.81196,48.733,6.85,0.569,
6564,404,21.08542,-6.91466,46.642,5.92,0.407,
6589,405,21.16638,-15.66047,118.62,6.17,0.924,
6591,,21.16795,-34.13996,143.47,6.69,0.999,
6592,408,21.16994,-41.49255,72.254,5.42,1.03,
6595,411,21.17466,-44.52857,259.07,6.26,1.122,
6605,406,21.20283,-2.84859,76.336,6.17,0.959,
6624,,21.25243,-5.94643,112.36,6.76,0.233,
6631,420,21.27204,-64.36948,277.01,5.92,1.561,
6643,,21.30207,28.56669,44.563,7.12,0.577,Bélénos
6653,,21.33378,1.46085,43.668,7.38,0.675,
6669,407,21.39865,23.51152,68.073,6.18,0.447,
6670,412,21.40514,-14.59880,88.183,4.90,1.231,46 Cet
6679,,21.41943,2.97205,48.972,6.99,0.441,
6685,398,21.44295,70.97989,145.14,6.34,-0.011,
6686,403,21.45324,60.23528,30.479,2.66,0.16,Ruchbah
6687,,21.46818,-3.92739,96.525,6.50,1.348,
6690,,21.47990,-8.50439,158.73,6.57,1.108,
6692,399,21.48312,68.13001,59.809,4.72,1.047,36Psi Cas
6702,410,21.53647,34.57970,36.062,6.34,0.5,
6706,413,21.56359,19.17235,25.214,5.35,0.395,93Rho Psc
6711,409,21.57775,43.45774,41.719,5.98,0.52,
6714,,21.59830,20.07080,95.329,6.44,0.947,
6717,416,21.61395,-0.39903,250,6.42,1.241,
6732,414,21.67365,19.24042,85.543,5.50,1.106,94 Psc
6733,,21.67955,43.69187,66.138,6.90,0.387,
6736,,21.68241,27.24657,130.55,6.75,1.015,
6748,421,21.71486,-13.05651,37.467,5.51,0.321,47 Cet
6751,419,21.72314,3.53564,166.11,6.59,-0.06,
6760,,21.74192,-41.74741,184.16,6.67,1.349,
6759,423,21.74207,-32.54318,265.96,6.57,2.45,
6762,,21.75645,-0.15759,29.351,7.96,0.738,
6776,415,21.77628,34.37755,40.8,6.27,0.453,
6789,,21.84712,-22.33823,128.37,6.43,1.122,
6794,418,21.86114,41.10116,53.22,6.42,0.311,
6813,417,21.91372,45.40669,28.62,4.83,0.421,48Ome And
6822,425,21.94392,-10.90158,118.2,6.13,1.32,
6823,422,21.94536,40.33580,326.8,6.59,-0.03,
6835,,21.99768,-22.03693,189.75,6.57,0.921,
6862,,22.07974,30.55769,44.504,6.90,0.505,
6867,429,22.09138,-43.31823,71.633,3.41,1.542,Gam Phe
6868,426,22.09548,7.96135,114.55,6.22,1.114,
6869,,22.10149,17.07926,53.821,6.60,0.526,
6878,,22.14312,42.26769,34.77,6.66,0.505,
6888,431,22.18124,-33.76397,91.575,6.59,0.303,
6909,,22.23948,-17.93735,76.278,6.66,0.457,
6915,,22.26291,7.29409,74.906,6.54,0.352,
6917,,22.27032,21.72317,23.736,7.74,0.966,Gl 58.2
6939,,22.34804,25.27535,122.4,6.66,1.199,
6943,,22.36009,42.28190,46.904,7.18,0.453,
6952,435,22.37724,-46.75642,310.56,6.25,1.658,
6960,433,22.40055,-21.62934,71.378,5.11,0.028,48 Cet
6971,,22.42839,-25.61775,168.92,6.37,1.141,
6981,432,22.47025,18.35567,146.2,6.01,0.162,97 Psc
6984,,22.47372,-5.59589,121.95,6.69,0.411,
6999,430,22.52542,47.00727,90.171,5.27,0.999,49 And
7007,434,22.54631,6.14382,93.197,4.84,1.372,98Mu Psc
7016,436,22.59543,-26.20785,137.93,5.92,1.327,
7050,428,22.71690,66.09809,93.809,6.15,0.07,
7078,427,22.80666,70.26460,28.977,5.82,0.489,38 Cas
7083,440,22.81276,-49.07270,43.573,3.93,0.972,Del Phe
7090,,22.83129,29.41309,44.131,7.32,0.622,
7097,437,22.87088,15.34582,107.18,3.62,0.974,Alpherg
7100,,22.87450,-29.98498,163.67,6.62,0.9,
7108,,22.89151,-19.02298,79.872,6.85,0.26,
7115,443,22.91253,-45.57571,104.71,6.17,0.066,
7118,441,22.93020,-30.28308,102.35,5.79,1.073,
7143,,23.01301,16.94723,57.737,6.78,0.929,
7147,438,23.03157,34.79996,255.75,6.39,-0.103,
7189,447,23.15157,-49.72771,77.579,6.27,0.462,
7201,,23.19879,35.84268,136.24,6.60,1.08,
7213,445,23.23354,-36.86523,84.388,5.49,1.021,
7222,444,23.26469,-9.01466,116.82,6.60,-0.04,
7235,,23.31581,-24.17796,19.051,6.97,0.766,Gl 59A
7243,,23.32615,8.20874,147.93,6.31,0.8,
7244,,23.32927,23.97557,34.662,7.63,0.666,
7251,439,23.35713,58.32733,675.68,5.69,1.435,
7271,467,23.41352,-78.50482,124.69,6.11,0.97,
7276,448,23.42848,-7.02534,29.516,5.75,0.639,
7283,286,23.45231,89.01564,103.09,6.46,0.107,
7294,442,23.48292,59.23204,63.816,4.68,0.991,39Chi Cas
7298,,23.49931,-62.47622,73.314,6.91,0.314,
7321,446,23.56919,37.23715,143.47,5.90,-0.067,
7339,,23.64024,68.94814,20.657,6.52,0.686,Gl 59.1
7345,451,23.65740,-15.67636,59.382,5.62,0.066,49 Cet
7357,,23.70360,0.94477,36.996,6.90,0.531,
7358,,23.70432,20.17273,118.76,6.65,1.086,
7359,450,23.70444,18.46051,163.13,5.90,1.536,
7361,453,23.71163,-31.89232,114.42,6.11,1.109,
7362,,23.71383,-3.52389,343.64,6.44,1.341,
7363,,23.71488,-23.69968,220.75,6.41,1.306,
7370,,23.74207,33.11786,49.116,6.74,0.634,
7372,,23.75419,-29.91033,21.626,7.11,0.909,Gl 60A
7387,460,23.81197,-58.13947,40.193,6.03,0.382,
7400,,23.85120,63.08197,120.05,6.73,0.985,
7404,,23.85960,-13.38103,38.329,7.17,0.593,
7436,455,23.94351,14.66142,476.19,6.23,-0.036,101 Psc
7439,,23.96021,33.83533,146.63,6.53,0.99,
7443,,23.96073,-39.94713,38.182,6.43,0.415,
7444,452,23.96895,41.07642,120.05,6.39,1.122,
7446,,23.97110,-17.53247,44.307,7.15,0.712,
7447,457,23.97813,17.43384,58.072,5.95,0.259,
7450,459,23.99569,-15.40018,167.5,5.41,1.226,50 Cet
7456,,24.01187,7.64530,76.046,6.78,0.465,
7463,462,24.03542,-29.90732,69.348,5.69,0.335,Tau Scl
7493,454,24.11335,48.72278,157.23,6.20,1.237,
7505,,24.18136,7.83153,282.49,6.39,1.605,
7506,468,24.18660,-58.27097,228.83,6.18,1.607,
7513,458,24.19948,41.40546,13.492,4.10,0.536,Titawin
7535,463,24.27465,12.14153,35.088,5.54,0.347,102Pi Psc
7557,449,24.34248,74.30096,277.01,6.58,0.008,
7564,,24.35461,25.16777,44.346,6.99,0.9,
7568,525,24.36584,-84.76959,116.69,5.66,0.939,
7576,,24.39777,-6.76042,23.952,7.66,0.797,
7580,466,24.40710,-9.40378,40.388,6.24,0.528,
7585,,24.42033,12.07838,25.628,6.77,0.648,
7588,472,24.42834,-57.23676,42.753,0.45,-0.158,Achernar
7589,,24.43521,48.41275,63.331,6.77,0.471,
7593,,24.44667,64.73936,558.66,6.49,0.776,
7597,,24.46695,-3.44068,251.89,6.43,1.568,
7599,,24.47326,-60.51153,39.017,7.33,0.629,
7601,512,24.47939,-82.97500,27.382,5.88,0.62,Gl 67.1
7607,464,24.49808,48.62821,54.318,3.59,1.275,Nembus
7617,461,24.53152,57.97763,534.76,5.55,1.388,
7643,471,24.61452,-36.52825,101.83,5.94,1.045,
7649,,24.62814,-42.92790,82.919,6.67,0.33,
7650,456,24.62889,73.04004,140.45,5.28,0.972,40 Cas
7651,465,24.63261,45.39971,160.51,6.38,-0.021,
7679,473,24.71577,-21.27538,77.28,5.58,0.346,
7699,,24.78159,-56.42937,47.574,7.08,0.466,
7710,,24.81433,14.28556,132.8,6.74,1.12,
7719,469,24.83752,44.38616,76.746,5.01,0.883,52Chi And
7721,,24.83975,-33.56478,136.61,6.55,1.152,
7733,,24.89973,28.11103,32.362,7.74,0.733,
7734,,24.89985,45.87777,21.372,6.60,0.69,
7740,475,24.92007,16.40586,120.19,5.98,1.119,105 Psc
7751,487,24.94505,-56.19462,8.1466,5.80,0.86,p Eri
7765,,24.98358,15.25936,12.198,8.68,,
7775,,25.01805,40.68376,145.14,6.67,0.998,
7786,470,25.05462,53.86828,214.13,6.35,1.608,
7818,477,25.14505,40.57705,218.34,4.96,-0.068,53Tau And
7819,,25.14552,8.76077,54.705,6.34,0.401,
7825,476,25.16511,43.29769,69.589,5.63,0.214,
7874,484,25.32653,25.74571,54.945,6.20,0.459,
7879,516,25.33884,-79.14820,120.77,6.33,0.947,Tau1Hyi
7884,489,25.35789,5.48761,111.36,4.45,1.347,106Nu Psc
7886,494,25.36380,-38.13283,41.58,6.20,0.404,
7906,485,25.41350,30.04712,157.73,5.97,1.015,
7911,501,25.42170,-50.03864,133.51,6.63,0.127,
7916,492,25.43680,-11.32467,39.448,5.75,0.443,
7918,483,25.44574,42.61337,12.739,4.96,0.618,Gl 67
7921,505,25.44983,-60.78934,111.48,5.70,1.264,
7941,498,25.51250,-36.83230,93.11,5.70,-0.01,
7943,490,25.51452,35.24571,84.246,5.63,-0.059,
7955,497,25.53583,-32.32697,65.876,5.25,1.044,Pi Scl
7963,482,25.57372,58.62774,598.8,6.35,-0.027,
7965,478,25.58532,68.04302,119.19,5.57,-0.049,43 Cas
7978,506,25.62187,-53.74083,17.434,5.52,0.551,GJ 3109
7981,493,25.62405,20.26850,7.5324,5.24,0.836,107 Psc
7999,500,25.68129,-3.69020,364.96,4.98,1.378,
8016,480,25.73240,70.62253,85.106,5.18,-0.022,42 Cas
8020,488,25.74300,61.42107,446.43,6.33,0.013,
8044,495,25.81863,45.32265,57.77,6.33,1.02,
8046,491,25.83226,60.55133,320.51,5.78,-0.01,44 Cas
8051,,25.83409,4.32166,11.413,10.93,1.525,Gl 70
8052,,25.83928,59.63276,148.81,6.57,1.075,
8068,496,25.91512,50.68873,220.26,4.01,-0.098,Dajiangjunbei
8070,,25.92090,63.82340,13.578,8.42,1.202,Gl 69
8082,,25.95022,74.60450,135.5,6.59,1.035,
8086,503,25.95894,32.19201,129.7,6.32,0.879,
8094,507,25.97832,-4.76551,209.64,6.20,1.537,
8102,509,26.01719,-15.93748,3.6502,3.49,0.727,52Tau Cet
8109,,26.05875,54.88643,44.17,7.27,0.601,
8115,499,26.07475,57.53662,84.962,6.18,0.131,
8122,,26.09502,32.51588,69.3,6.73,0.247,
8127,504,26.11053,46.13969,192.31,6.32,1.419,
8143,,26.18199,-6.76616,189.39,6.45,0.864,
8148,502,26.19234,57.08923,193.42,6.25,0.062,
8159,508,26.23262,20.08315,32.573,6.27,0.72,109 Psc
8198,510,26.34846,9.15774,85.69,4.26,0.942,Torcular
8209,514,26.41145,-25.05261,28.114,5.29,0.395,Eps Scl
8210,,26.42721,8.55924,176.68,6.55,-0.026,
8230,513,26.49692,-5.73330,168.92,5.37,1.517,
8233,517,26.50438,-27.34883,43.497,6.38,0.366,
8240,519,26.52480,-50.81626,194.55,5.49,1.615,
8241,520,26.52588,-53.52204,62.035,5.04,0.031,
8271,515,26.64708,17.41270,140.06,6.55,0.256,
8296,,26.74316,-13.88871,110.62,6.70,0.07,
8320,524,26.81958,-41.75993,184.16,6.18,1.544,
8347,,26.91180,-20.84517,223.71,6.55,1.389,
8362,511,26.93502,63.85250,10.068,5.63,0.804,Gl 75
8366,550,26.94437,-80.17631,61.843,6.05,0.338,Tau2Hyi
8369,528,26.94903,-37.15948,157.23,6.33,1.016,
8370,518,26.95005,46.22975,58.858,6.33,0.461,
8387,522,27.04557,16.95555,84.388,5.86,-0.039,4 Ari
8398,,27.08543,-41.49506,45.31,7.13,0.637,Gl 77
8404,527,27.10840,3.68545,98.425,5.91,0.97,
8423,521,27.16212,37.95287,104.6,5.94,0.975,
8433,523,27.17325,32.69021,27.855,5.78,0.572,GJ 3115
8475,526,27.31479,47.89692,127.55,6.01,0.17,
8480,532,27.33089,-31.07246,154.08,6.35,1.222,
8486,,27.34733,-10.70356,22.563,6.72,0.654,GJ 9061B
8497,531,27.39627,-10.68641,23.186,4.66,0.333,53Chi Cet
8514,535,27.45360,-38.40280,27.352,6.37,0.523,
8543,,27.53285,29.46457,25.615,8.06,0.758,
8544,530,27.53571,22.27534,179.53,5.83,0.743,1 Ari
8548,,27.56436,-6.70409,43.234,7.07,0.569,
8552,537,27.58395,-47.81639,151.98,6.14,0.998,
8588,534,27.71655,11.04338,42.017,5.92,0.302,
8593,541,27.72689,-50.20614,77.16,5.94,0.154,
8598,529,27.73797,51.93342,41.684,5.96,0.419,
8641,,27.85982,-39.83593,161.81,6.44,1.094,
8645,539,27.86514,-10.33504,72.046,3.74,1.136,Baten Kaitos
8664,,27.90750,-6.87414,167.5,6.42,1.233,
8688,,27.94207,-15.64748,355.87,6.44,1.608,
8689,,27.94657,18.29000,105.04,6.59,1.102,
8704,533,27.99714,55.14738,396.83,5.53,-0.175,1 Per
8709,,28.01234,47.00185,15.497,12.44,0.17,GJ 3121
8714,536,28.03902,50.79279,147.93,5.70,-0.067,2 Per
8718,,28.04314,24.11734,110.01,6.74,1.136,
8734,,28.09303,37.42979,55.402,6.89,0.44,
8768,,28.20471,-22.43486,11.006,8.89,1.424,Gl 79
8771,538,28.21137,51.47484,129.53,6.28,0.05,
8778,547,28.21713,-16.92925,94.162,5.78,0.26,
8796,544,28.27044,29.57883,19.418,3.42,0.488,Mothallah
8798,,28.27582,-1.32694,36.711,7.43,0.635,
8814,543,28.32228,40.72979,193.42,5.42,1.311,55 And
8820,554,28.34646,-38.59463,111.11,6.09,1.125,
8832,546,28.38255,19.29385,50.302,3.88,-0.047,Mesarthim
8833,549,28.38896,3.18754,54.915,4.61,0.928,111Xi Psc
8837,555,28.41153,-46.30267,104.82,4.39,1.597,Psi Phe
8847,540,28.45205,55.59764,70.822,6.44,0.185,
8859,,28.49036,10.61403,41.459,6.77,0.468,
8867,,28.52565,66.17620,22.533,8.47,1.01,GJ 3122
8882,558,28.59183,-42.49695,94.073,5.12,-0.06,Phi Phe
8886,542,28.59876,63.67010,126.26,3.35,-0.15,Segin
8903,553,28.66002,20.80804,17.986,2.64,0.165,Sheratan
8908,,28.67157,78.19647,190.84,6.67,1.011,
8922,551,28.72407,40.70203,90.253,6.25,1.262,
8928,570,28.73358,-67.64730,67.069,4.68,0.931,Eta2Hyi
8930,552,28.74022,37.12829,163.67,6.28,1.169,
8957,,28.83195,-60.31248,55.586,6.43,0.409,
8983,571,28.94364,-60.86098,47.438,6.07,0.356,
8991,593,28.95963,-78.34855,40.617,6.15,0.448,Sig Hyi
8993,559,28.96266,23.57732,170.94,5.76,1.185,7 Ari
8998,560,28.97430,1.84998,39.888,6.01,0.549,
9001,556,28.97700,37.27779,282.49,5.89,1.599,
9007,566,28.98846,-51.60890,17.851,3.69,0.844,Chi Eri
9009,548,29.00005,68.68524,215.05,4.97,-0.084,46Ome Cas
9021,557,29.03890,37.25183,96.993,5.69,1.06,56 And
9022,,29.03918,-49.83645,200.4,6.37,-0.081,
9044,,29.13429,-60.22664,19.936,8.61,1.143,Gl 81.2
9049,,29.14431,-32.13833,156.49,6.52,0.987,
9052,,29.15650,-81.49923,71.633,6.93,0.38,
9061,565,29.16748,-22.52679,108.23,4.92,1.434,56 Cet
9073,,29.19694,23.05114,31.817,7.85,0.711,
9085,573,29.24941,-51.76624,26.867,6.10,0.487,Gl 81.3
9094,,29.29003,-10.24243,32.852,6.42,0.817,Gl 81.1A
9095,574,29.29188,-47.38528,76.103,4.82,0.864,
9110,563,29.33772,17.81753,159.49,5.09,0.921,8Iot Ari
9132,564,29.43227,27.80438,140.25,5.84,1.576,
9147,,29.47104,75.33607,170.94,6.62,0.962,
9149,584,29.47231,-65.42470,169.78,6.36,0.906,
9151,,29.48106,40.76060,44.092,6.87,0.499,
9153,569,29.48217,23.59606,39.495,4.79,0.29,9Lam Ari
9163,,29.49681,47.09552,680.27,6.48,1.203,
9165,,29.49754,-2.05948,149.7,6.52,0.174,
9172,,29.51911,41.38604,31.26,7.57,0.661,
9188,,29.57715,59.62595,119.62,6.65,0.08,
9207,576,29.61117,-33.06679,129.7,6.37,1.006,
9220,561,29.63844,61.69779,223.71,6.02,-0.042,
9222,568,29.63959,49.20435,75.019,5.70,1.005,3 Per
9236,591,29.69177,-61.56986,22.012,2.86,0.29,Alp Hyi
9237,,29.69166,-11.30096,109.77,6.46,1.128,
9258,,29.75298,-22.91980,111.23,6.62,0.478,
9269,,29.77752,33.20968,24.981,7.14,0.773,Gl 82.1
9285,,29.83158,-26.43223,113.64,6.79,0.023,
9291,,29.84726,58.52113,12.247,12.21,1.54,Gl 82
9295,578,29.85786,12.29488,98.619,6.09,0.186,
9307,577,29.89866,21.05857,119.9,5.89,1.031,
9312,567,29.90838,64.62160,75.301,5.29,0.002,
9313,588,29.91177,-42.03053,89.928,5.57,1.052,
9318,600,29.92125,-66.06656,136.61,6.09,1.176,
9326,583,29.94249,-20.82454,180.51,5.43,1.64,57 Cet
9347,585,30.00126,-21.07783,89.767,3.99,1.554,59Ups Cet
9353,582,30.03816,3.09701,33.501,5.89,0.61,112 Psc
9362,,30.07031,-55.01279,142.65,6.51,0.97,
9372,587,30.11177,-8.52387,145.99,5.43,1.391,
9381,,30.13351,-40.73125,35.162,7.37,0.653,
9403,,30.20190,59.95934,95.511,6.72,0.137,
9406,,30.20609,-8.47172,54.675,6.92,0.96,
9414,,30.23669,-78.87031,47.551,6.84,0.576,
9440,594,30.31139,-30.00183,90.253,5.34,0.883,Pi For
9452,,30.38910,23.39545,61.387,6.61,0.339,
9459,602,30.42660,-44.71351,115.07,5.15,1.471,Chi Phe
9469,,30.45888,-63.62266,71.582,6.88,0.561,
9470,,30.46004,15.06709,757.58,6.54,1.15,
9473,,30.46861,7.86437,45.683,7.06,0.51,
9480,575,30.48966,70.90702,35.261,4.49,0.164,48 Cas
9487,595,30.51176,2.76376,46.168,3.82,0.024,Alrescha
9492,,30.52991,22.10410,52.301,7.21,0.496,
9493,,30.53299,28.40021,120.48,6.57,1.007,
9494,,30.53867,75.50217,191.94,6.64,-0.03,
9505,590,30.57538,54.48754,223.21,4.99,-0.071,4 Per
9521,606,30.61778,-29.66564,147.06,6.40,0.135,
9533,601,30.64615,13.47672,206.19,5.97,1.584,
9562,,30.71558,-23.88663,257.07,6.30,1.34,
9564,586,30.71869,64.90147,83.893,6.00,0.029,52 Cas
9568,572,30.73765,77.91626,295.86,6.04,1.107,
9569,,30.73988,11.01876,246.31,6.53,1.297,
9570,599,30.74150,33.28413,120.05,5.50,0.029,3Eps Tri
9572,608,30.74403,-15.30593,109.89,5.87,0.966,
9573,589,30.75078,64.39002,537.63,5.59,0.325,53 Cas
9576,,30.75719,3.35862,49.285,6.88,0.664,
9586,579,30.79371,73.85057,118.62,6.12,0.162,
9589,607,30.79854,0.12851,86.133,5.42,0.146,60 Cet
9598,580,30.85902,72.42129,48.17,3.95,-0.002,Gang
9621,605,30.91390,25.93547,48.709,5.64,0.537,10 Ari
9622,611,30.91870,-4.10352,166.11,5.61,1.589,
9627,609,30.92754,18.25324,272.48,6.24,1.424,
9631,610,30.95072,-0.34025,110.99,5.96,0.851,61 Cet
9640,603,30.97476,42.32973,120.48,2.10,1.37,Almach
9655,,31.05195,-11.85977,404.86,6.43,1.498,
9656,,31.05481,51.96779,141.04,6.66,-0.037,
9659,,31.06943,60.24432,43.253,7.36,0.555,
9677,612,31.12266,-29.29682,113.77,4.68,-0.156,Nu For
9683,,31.14289,25.41430,34.953,7.43,0.71,
9685,,31.14620,-54.88169,47.755,6.45,0.386,
9690,598,31.16623,65.10350,109.53,6.52,0.003,
9706,,31.21254,7.73566,127.88,6.44,1.114,
9716,,31.24719,-15.67810,25.602,7.79,0.832,GJ 3133
9723,,31.26597,55.62226,93.809,6.53,0.303,
9724,,31.27004,-17.61463,9.1424,10.19,1.514,Gl 84
9727,581,31.27972,77.28134,33.157,5.27,0.345,47 Cas
9763,592,31.38154,76.11506,122.7,5.22,0.954,Rangifer
9785,,31.45196,7.02841,92.166,6.79,0.376,
9786,,31.45251,-30.17665,9.2756,12.15,1.719,GJ 3135
9807,,31.54470,-10.27622,67.751,6.74,0.311,
9809,614,31.55109,8.24811,248.14,6.27,1.636,
9827,616,31.62211,0.03538,184.5,6.29,0.897,
9829,,31.62602,24.33399,22.774,6.89,0.662,
9836,613,31.64135,22.64832,55.679,5.03,0.121,12Kap Ari
9858,,31.70476,29.26940,77.101,6.75,0.186,
9859,615,31.70514,25.70455,268.82,6.01,-0.03,11 Ari
9862,,31.71687,-19.13887,89.767,6.39,1.143,
9870,,31.74554,-65.94575,140.25,6.71,0.883,
9875,,31.76060,-8.60636,152.21,6.64,0.932,
9884,617,31.79333,23.46242,20.178,2.01,1.151,Hamal
9911,,31.89280,-0.61742,36.955,6.88,0.624,GJ 9073A
9924,,31.94151,18.02944,172.12,6.63,0.22,
9951,,32.02370,-41.88042,93.458,6.50,0.205,
9977,620,32.12181,37.85908,58.685,4.78,0.12,58 And
9981,,32.13249,-6.67799,145.35,6.51,0.879,
9983,619,32.13983,44.45943,125.94,6.38,0.965,
9990,618,32.16909,58.42360,,5.66,0.595,
9999,625,32.19026,-17.77915,283.29,6.07,1.661,
10031,,32.28281,71.55201,27.152,6.57,0.551,
10035,632,32.28876,-43.51660,159.74,5.84,1.197,
10047,,32.34276,5.98620,59.737,6.97,0.408,
10050,624,32.34629,17.22420,37.538,6.40,0.471,
10053,623,32.35554,25.93989,88.496,4.98,0.339,14 Ari
10054,597,32.35593,81.29595,70.572,6.05,0.118,
10064,622,32.38587,34.98730,38.895,3.00,0.14,Alaybasan
10069,630,32.39502,-24.34578,66.711,6.48,0.289,
10091,,32.43834,-51.73087,50.378,6.93,0.907,
10096,,32.45191,-40.86650,71.174,6.49,0.43,
10099,,32.46397,3.76935,79.491,6.79,0.24,
10111,636,32.52000,-43.81557,111.98,6.32,0.899,
10115,621,32.53226,53.84309,176.06,6.31,0.948,
10137,,32.60001,-76.62371,85.69,6.66,0.335,
10138,637,32.60509,-50.82373,10.783,6.12,0.812,Gl 86
10141,,32.60619,59.97982,102.88,6.66,0.334,
10155,631,32.65664,19.50034,171.23,5.68,1.641,15 Ari
10164,,32.67357,-28.21926,57.803,7.06,1.004,
10176,628,32.72013,39.03953,139.66,6.09,-0.054,59 And
10194,,32.76699,-15.07086,128.53,6.74,0.079,
10203,633,32.80023,25.93694,235.29,6.01,1.365,16 Ari
10212,635,32.83783,8.56981,40.717,5.64,0.569,64 Cet
10215,638,32.84260,-10.05216,47.596,6.00,0.418,
10218,,32.84640,21.37735,31.153,7.33,0.677,
10220,634,32.85424,31.52640,108.23,6.24,0.112,5 Tri
10227,627,32.87165,57.64554,,6.38,0.298,5 Per
10232,,32.88461,-18.97676,137.17,6.65,0.957,
10233,,32.88958,-17.74299,223.71,6.51,1.622,
10234,639,32.89931,-1.82543,119.05,5.94,0.967,63 Cet
10242,,32.93091,3.45271,113.51,6.67,0.178,
10273,,33.06570,2.74555,159.24,6.49,1.039,
10279,,33.08746,3.57562,10.415,10.04,1.431,Gl 87
10280,642,33.09287,30.30307,89.127,4.94,0.77,Triminus
10296,644,33.15640,24.16778,228.83,5.96,1.366,
10305,650,33.19809,-2.39364,39.698,5.65,0.546,66 Cet
10306,646,33.20032,21.21099,28.868,5.23,0.457,17Eta Ari
10309,,33.20820,79.69154,140.85,6.46,0.24,
10320,652,33.22695,-30.72383,98.232,5.27,-0.013,Mu For
10321,,33.22914,40.66834,26.846,7.19,0.672,
10322,,33.23304,57.20450,40.984,7.00,0.651,
10324,649,33.24997,8.84672,117.51,4.36,0.878,65Xi 1Cet
10326,651,33.25410,-21.00014,106.38,5.86,1.006,
10328,648,33.26376,15.27986,146.84,5.72,1.551,19 Ari
10339,,33.30552,40.50759,26.185,7.35,0.7,
10340,643,33.30553,44.23165,162.6,4.84,1.476,60 And
10350,626,33.33780,74.02772,145.56,6.25,0.915,
10356,,33.37400,5.01272,63.291,6.51,0.356,
10361,,33.38963,53.05859,,6.50,1.661,
10366,645,33.40092,51.06582,64.977,5.31,0.926,
10379,641,33.42338,58.56059,,6.43,0.554,
10395,,33.47311,-32.04125,12.55,10.31,1.479,Gl 91
10396,,33.47314,-9.06463,314.47,6.43,1.415,
10403,647,33.51033,47.48424,39.588,6.05,0.406,
10416,,33.55654,-3.63520,22.717,8.55,1.055,
10418,667,33.56049,-67.84144,238.1,5.57,1.556,Pi 1Hyi
10422,,33.57888,-76.35754,173.01,6.57,0.895,
10438,640,33.62126,66.52443,218.82,6.05,0.641,55 Cas
10440,659,33.63312,-41.16676,105.71,5.91,0.965,
10446,,33.65820,28.69119,64.226,6.35,0.957,
10462,,33.71881,48.78239,143.06,6.74,1.089,
10505,,33.85161,24.27130,26.983,6.80,0.69,
10512,658,33.86796,-9.46653,189.04,6.55,-0.005,
10513,678,33.86910,-67.74637,149.7,5.67,1.306,Pi 2Hyi
10531,,33.92526,67.67228,18.581,7.13,0.92,Gl 90
10535,657,33.92826,25.04304,51.072,5.57,0.52,21 Ari
10540,656,33.94184,25.78294,42.105,5.79,0.439,20 Ari
10542,,33.94227,-18.23817,23.148,7.94,1.033,Gl 91.2A
10559,655,33.98452,33.35889,86.058,5.25,-0.004,7 Tri
10562,653,33.99050,47.81194,110.86,6.37,1.029,
10584,,34.06609,-9.82125,48.123,6.91,0.623,
10602,674,34.12731,-51.51217,47.125,3.56,-0.12,Phi Eri
10617,,34.17138,-30.98839,14.325,12.02,1.583,GJ 3148A
10623,,34.18876,83.56141,129.2,6.45,0.951,
10633,654,34.21548,57.05525,,6.48,0.281,
10642,666,34.24602,-6.42212,102.04,5.51,0.962,67 Cet
10644,660,34.26286,34.22423,10.784,4.84,0.607,Deltoton
10657,665,34.29351,23.76783,163.4,6.53,1.025,
10670,664,34.32859,33.84719,34.435,4.03,0.019,Apdu
10673,,34.33273,-35.98296,101.42,6.70,0.989,
10679,,34.35307,28.74179,27.337,7.75,0.622,
10680,,34.35536,28.74504,34.519,6.99,0.518,
10718,661,34.49940,57.89982,125.94,5.75,1.175,8 Per
10723,672,34.50600,1.75780,24.355,5.60,0.588,
10729,662,34.51913,57.51632,251.26,5.99,1.039,7 Per
10732,669,34.53141,19.90116,137.17,5.58,0.011,22The Ari
10793,675,34.73747,28.64267,115.47,5.29,0.037,10 Tri
10795,676,34.74146,23.16782,93.458,6.45,0.376,
10798,683,34.74383,-25.94569,12.669,6.33,0.724,Gl 95
10810,,34.78634,19.68771,32.01,6.82,0.566,
10812,,34.79115,-36.77808,14.073,11.59,1.51,GJ 1046
10814,671,34.79512,46.47226,136.61,6.21,0.164,
10819,670,34.82006,47.37997,75.358,5.31,0.006,62 And
10826,681,34.83663,-2.97764,91.659,6.47,0.966,Mira
10830,673,34.84461,48.95546,63.98,6.44,0.427,
10832,686,34.85319,-41.84837,192.68,6.36,1.162,
10848,677,34.90531,39.83495,224.72,6.63,-0.082,
10854,684,34.91991,-4.34557,125.47,6.50,0.082,
10871,688,34.97608,-55.94480,189.04,5.81,1.57,
10884,680,35.01857,30.18809,171.82,6.51,1.223,
10890,,35.03735,50.95810,62.775,6.64,0.521,
10893,668,35.05359,64.33695,146.84,6.59,-0.023,
10907,,35.09532,-56.78410,139.66,6.69,0.948,
10924,679,35.17296,47.31080,243.9,6.17,-0.094,
10944,682,35.24248,50.15147,120.34,5.57,-0.089,63 And
10961,,35.30394,54.51008,61.614,6.86,0.456,
10963,,35.30735,-19.91535,126.1,6.53,0.979,
11001,705,35.43747,-68.65942,42.827,4.08,0.034,Del Hyi
11020,,35.48099,57.24292,,6.40,0.569,
11021,689,35.48595,0.39567,330.03,5.29,1.648,69 Cet
11029,692,35.50638,-10.77753,29.656,5.43,0.364,
11033,693,35.52076,-17.66217,135.69,5.89,1.231,
11035,,35.52759,22.87359,188.32,6.57,0.796,
11043,698,35.54891,-43.19981,136.8,6.30,0.991,
11046,691,35.55165,-0.88485,80.128,5.42,0.335,70 Cet
11048,,35.56076,47.88003,11.94,9.40,1.466,Gl 96
11060,685,35.58931,55.84565,,5.16,0.369,9 Per
11072,695,35.63556,-23.81633,21.963,5.19,0.608,Kap For
11075,,35.63832,16.87028,107.3,6.78,0.152,
11090,687,35.70966,41.39630,47.015,5.81,0.289,
11095,715,35.71845,-73.64579,97.276,5.99,1.088,Kap Hyi
11102,701,35.72778,-51.09213,60.864,5.90,0.213,
11108,697,35.74010,-18.35498,126.1,6.22,0.942,
11121,700,35.77749,-37.57614,271,6.47,1.592,
11131,,35.81061,-29.86932,39.017,6.96,0.566,
11138,,35.83400,52.08310,71.942,6.64,0.216,
11143,,35.84723,-26.99537,101.42,6.80,1.097,
11174,690,35.96561,55.36486,934.58,6.29,0.845,
11192,,36.03987,-16.25430,62.578,6.68,0.311,
11212,703,36.08382,-25.84746,188.68,6.45,1.321,
11220,694,36.10378,50.00655,122.4,5.19,0.979,64 And
11222,,36.10880,-37.36140,71.276,6.93,0.497,
11231,706,36.14100,-40.84046,31.182,6.17,0.653,
11249,702,36.20441,10.61056,267.38,5.48,-0.098,24Xi Ari
11258,714,36.22481,-60.31195,49.383,5.36,0.395,Lam Hor
11261,704,36.24329,-2.78003,273.97,6.34,-0.011,71 Cet
11279,696,36.31679,56.60982,,6.25,0.249,10 Per
11293,722,36.36030,-66.49403,230.95,6.39,1.511,
11313,699,36.40590,50.27863,113.25,4.73,1.532,65 And
11345,708,36.48751,-12.29048,139.86,4.88,-0.027,72Rho Cet
11348,710,36.50147,-15.34125,77.042,5.88,0.116,
11360,,36.56769,6.29255,45.228,6.79,0.399,
11381,713,36.64673,-20.04262,84.104,5.89,1.247,
11390,,36.69020,10.56530,127.71,6.70,0.333,
11407,721,36.74632,-47.70384,155.76,4.24,-0.136,Kap Eri
11415,711,36.78017,27.01240,162.87,6.14,1.461,
11427,,36.84747,10.19833,37.244,6.45,0.45,
11432,712,36.86572,31.80128,85.251,5.55,1.114,11 Tri
11452,,36.94109,4.43215,17.144,8.69,1.397,Gl 98A
11465,709,36.96570,50.56997,56.529,6.16,0.435,66 And
11474,719,36.99970,1.96085,166.67,6.45,0.971,
11477,724,37.00708,-33.81104,46.598,5.13,0.089,Phi For
11479,734,37.01817,-64.29977,119.19,6.35,-0.025,
11484,718,37.03975,8.46005,59.207,4.30,-0.053,73Xi 2Cet
11486,717,37.04158,29.66933,49.826,5.29,0.311,12 Tri
11524,727,37.14765,-31.10244,110.01,6.11,1.106,
11543,,37.19363,-11.34672,65.617,7.05,0.427,
11548,720,37.20208,29.93176,31.407,5.89,0.591,13 Tri
11565,,37.25695,-19.97916,19.547,8.78,1.12,Gl 100A
11569,707,37.26655,67.40247,40.733,4.46,0.153,Huagai
11578,723,37.30700,23.46903,95.238,6.20,0.155,
11586,,37.32926,-21.03799,53.476,7.13,0.447,
11593,716,37.35395,55.53620,162.87,6.52,0.091,
11603,725,37.39732,9.56563,102.67,6.09,1.022,
11622,730,37.48063,-22.68320,90.416,6.76,0.193,
11644,733,37.55716,-25.18644,100.6,6.50,0.294,
11651,726,37.56917,33.83371,119.62,6.26,1.079,
11670,728,37.63479,25.23504,51.76,5.88,0.412,
11671,735,37.63663,-22.54532,160.26,6.17,1.581,
11678,729,37.66006,19.85530,66.05,6.14,0.247,26 Ari
11687,732,37.68834,0.25575,86.281,6.00,0.168,
11696,,37.71091,55.54840,54.705,6.97,0.429,
11698,731,37.72665,17.70386,88.496,6.21,0.908,27 Ari
11733,,37.86261,58.02479,193.05,6.61,1.401,
11738,737,37.87541,2.26718,140.85,5.27,1.271,GJ 9083
11757,776,37.91751,-79.10938,87.032,5.27,0.981,Mu Hyi
11767,424,37.94625,89.26411,132.63,1.97,0.636,Polaris
11783,740,38.02179,-15.24468,26.695,4.74,0.454,76Sig Cet
11784,736,38.02568,36.14727,132.8,5.15,1.472,14 Tri
11791,739,38.03925,-1.03490,81.433,5.36,1.004,75 Cet
11794,,38.04736,-32.60633,234.19,6.59,1.214,
11796,,38.04979,55.45810,52.411,6.76,0.363,
11802,742,38.06148,-36.42731,144.3,6.28,1.027,
11840,738,38.21928,34.54241,83.264,5.84,1.083,
11843,741,38.22558,15.03455,29.94,6.00,0.572,29 Ari
11852,,38.24473,-72.68743,22.727,8.84,1.045,GJ 3167
11867,744,38.27928,-34.64997,111.86,5.91,1.064,Lam1For
11886,,38.31822,-75.89350,81.699,6.86,0.45,
11904,,38.40219,18.88002,81.766,6.82,0.29,
11907,745,38.41760,-20.00192,114.16,6.19,1.1,
11909,,38.43189,-72.34912,60.132,6.84,0.568,
11918,749,38.46128,-28.23234,148.37,4.96,-0.05,Ome For
11919,,38.46382,-60.98270,49.092,6.73,0.441,
11925,755,38.47755,-51.09355,58.106,6.24,0.509,
11927,,38.48073,-12.33713,81.367,6.89,0.333,
11930,,38.49329,71.29426,103.52,6.55,1.245,
11949,,38.54406,42.78526,32.185,7.59,0.677,
11964,,38.59397,-43.79635,11.604,8.89,1.39,Gl 103
12002,752,38.67760,-7.85945,140.65,5.74,1.393,77 Cet
12022,751,38.76723,7.47099,119.05,6.17,1.053,
12048,,38.83303,-3.56060,38.956,6.83,0.67,GJ 9085
12057,746,38.86624,39.66438,198.02,6.36,-0.095,
12072,748,38.91142,37.31226,191.2,5.72,1.389,
12083,,38.93253,68.36775,166.67,6.64,0.422,
12086,750,38.94504,34.68756,193.8,5.38,1.652,15 Tri
12093,754,38.96863,5.59325,104.28,4.87,0.88,78Nu Cet
12097,,38.97208,20.21988,13.594,10.68,1.47,Gl 104
12102,,38.98635,-17.63270,63.251,6.93,0.674,
12107,759,39.00020,-7.83160,142.65,5.53,1.607,80 Cet
12110,,39.00321,-23.52133,21.272,8.34,1.069,GJ 1048
12114,753,39.02036,6.88687,7.1803,5.79,0.918,268 G. Cet
12122,767,39.03861,-30.04498,178.57,5.74,1.017,Iot1For
12148,766,39.14613,7.73003,90.744,5.81,1.04,
12153,763,39.15796,12.44764,34.734,5.64,0.516,31 Ari
12158,,39.17400,-3.15614,24.131,8.10,0.944,GJ 9087
12160,757,39.17931,31.60767,113.77,6.07,1.052,
12181,756,39.23819,38.73358,54.171,5.91,0.502,
12184,764,39.24056,24.64806,40.783,7.10,0.41,30 Ari
12186,772,39.24421,-34.57798,25.78,5.78,0.653,Lam2For
12189,765,39.25215,24.64722,41.754,6.48,0.51,30 Ari
12200,761,39.27734,32.89109,49.875,6.23,0.515,
12218,760,39.33682,39.89610,235.29,6.54,-0.114,
12225,778,39.35138,-52.54309,45.558,5.30,0.289,Eta Hor
12239,747,39.40014,65.74534,283.29,5.80,1.561,
12247,771,39.42417,-3.39617,92.507,5.65,1.021,81 Cet
12261,,39.46977,-58.75308,15.011,12.36,,
12272,770,39.50313,7.69528,73.801,6.40,0.431,
12273,743,39.50863,72.81825,78.431,5.17,0.896,
12287,768,39.57432,37.72671,82.305,6.19,0.49,
12288,777,39.57773,-30.19406,33.944,5.84,0.476,Iot2For
12300,780,39.60340,-37.99054,55.279,6.48,0.521,
12305,769,39.61647,38.08914,207.47,6.29,-0.029,
12306,,39.61629,30.81663,34.282,7.36,0.583,GJ 9089
12318,775,39.65335,3.44320,100.81,6.21,0.999,
12332,773,39.70414,21.96141,103.31,5.45,0.168,32Nu Ari
12346,,39.74298,62.59151,125.31,6.66,-0.015,
12350,,39.75336,-8.92789,51.308,6.98,0.702,
12351,,39.75494,-58.18715,16.843,9.48,1.396,GJ 1049
12354,,39.76438,10.63702,145.56,6.68,1.106,
12361,,39.78139,-52.93481,58.858,6.78,0.387,
12363,,39.78721,-9.83121,131.75,6.65,1.008,
12387,779,39.87066,0.32851,199.2,4.08,-0.212,82Del Cet
12389,798,39.88212,-64.28172,158.48,6.55,-0.073,
12390,781,39.89097,-11.87216,21.482,4.83,0.447,83Eps Cet
12394,806,39.89699,-68.26695,46.555,4.12,-0.061,Eps Hyi
12413,789,39.94989,-42.89167,35.689,4.74,0.061,
12435,786,40.01031,-30.63368,126.42,6.52,1.039,
12444,784,40.05175,-9.45288,21.758,5.79,0.524,GJ 3175
12447,783,40.06539,6.11194,40.323,6.26,0.397,
12484,802,40.16499,-54.54991,49.092,5.21,0.411,Zet Hor
12486,794,40.16671,-39.85538,46.189,4.11,1.006,Iot Eri
12485,,40.16678,-69.23300,128.37,6.58,0.66,
12489,782,40.17113,27.06094,70.972,5.30,0.081,33 Ari
12530,790,40.30833,-0.69565,22.589,5.72,0.511,84 Cet
12555,,40.37607,0.54602,160.77,6.69,1.119,
12562,796,40.39221,-14.54928,47.214,5.98,0.429,
12584,795,40.45135,-3.21381,201.21,6.07,1.175,
12599,,40.50039,10.54481,107.64,6.52,1.264,
12608,805,40.52751,-38.38369,126.42,5.99,0.917,
12611,807,40.53518,-46.52444,41.545,6.09,0.876,
12623,788,40.56216,40.19394,24.19,4.91,0.582,12 Per
12640,793,40.59141,20.01147,116.82,5.74,-0.017,34Mu Ari
12647,797,40.62057,10.74173,127.06,6.32,0.064,
12653,810,40.63897,-50.80029,17.167,5.40,0.561,Iot Hor
12656,,40.64913,61.59353,56.625,7.03,0.39,
12686,787,40.74792,53.52611,141.24,5.85,1.125,
12690,792,40.75773,48.26525,400,6.30,1.14,
12692,785,40.76177,55.10602,132.28,5.76,-0.11,11 Per
12703,,40.81171,-54.11741,9.9671,12.16,,
12706,804,40.82517,3.23582,24.408,3.47,0.093,Kaffaljidhma
12708,814,40.83431,-40.52790,182.48,6.35,-0.022,
12709,,40.83711,19.42924,18.882,8.23,1.074,Gl 106
12715,,40.85241,-69.15989,160.51,6.66,1.0,
12717,823,40.86051,-66.71425,54.348,6.23,0.542,
12719,801,40.86297,27.70715,105.15,4.65,-0.122,35 Ari
12720,,40.87047,-2.53145,120.19,6.48,0.981,
12725,,40.89733,43.53797,86.73,6.77,0.263,
12744,803,40.96351,25.63834,104.28,6.35,0.089,
12754,,40.98152,-7.91249,76.864,6.54,1.16,
12764,,41.00394,-6.00934,41.981,7.07,0.534,
12768,800,41.02149,44.29704,301.2,5.43,0.904,14 Per
12770,811,41.03063,-13.85870,120.48,4.24,-0.122,89Pi Cet
12775,821,41.04410,-52.57060,101.32,6.15,0.088,
12777,799,41.04951,49.22845,11.127,4.10,0.514,13The Per
12780,,41.06085,-25.49539,41.322,6.96,0.634,
12781,,41.06439,25.52336,7.5098,10.55,1.53,Gl 109
12784,808,41.07963,17.76393,103.52,6.40,1.143,36 Ari
12786,817,41.08555,-32.52472,109.41,6.21,0.04,
12803,809,41.13739,15.31186,182.15,5.78,-0.024,37Omi Ari
12804,,41.13788,46.84146,60.423,6.90,0.445,
12821,791,41.20699,67.82463,126.74,5.95,0.136,
12828,813,41.23559,10.11415,25.773,4.27,0.311,87Mu Cet
12832,812,41.23992,12.44576,36.337,5.17,0.234,38 Ari
12837,,41.25458,-22.16653,41.563,7.14,0.517,
12843,818,41.27573,-18.57256,14.221,4.47,0.481,1Tau1Eri
12862,816,41.33711,4.71163,49.092,6.04,0.312,
12871,833,41.36444,-63.70455,55.991,5.73,0.932,Gam Hor
12876,837,41.38572,-67.61662,87.184,4.83,0.058,Zet Hyi
12884,,41.40372,-71.23595,60.06,6.67,0.449,
12926,,41.56330,25.64990,25.913,7.89,0.84,Gl 112
12929,,41.57198,11.77524,16.01,8.59,1.269,Gl 112.1
12964,826,41.68792,-21.63952,48.031,6.48,0.387,
12982,819,41.74298,35.98352,139.66,6.27,0.935,
12990,820,41.76492,35.55468,50.607,6.28,0.385,
13004,,41.79031,60.57076,675.68,6.51,0.528,
13008,827,41.79637,-22.48575,39.62,6.47,0.398,
13027,,41.86424,19.37182,33.557,6.90,0.68,
13036,,41.87981,44.27220,462.96,6.45,0.637,
13040,835,41.89065,-35.55062,152.67,6.51,0.962,Eta1For
13055,774,41.94852,81.44848,133.16,5.80,1.3,
13061,824,41.97720,29.24712,52.604,4.52,1.112,Lilii Borea
13064,832,41.98300,-12.46065,256.41,6.63,1.434,
13081,,42.03801,27.06863,24.637,7.56,0.82,Gl 113A
13108,828,42.13370,18.28379,141.64,5.83,1.216,40 Ari
13112,,42.15846,-37.40100,56.754,6.66,0.422,
13118,,42.18209,31.11519,41.858,6.94,0.956,Gl 113.1
13121,830,42.19125,25.18806,121.8,5.89,-0.033,
13133,815,42.23128,69.63429,64.767,6.26,0.151,
13141,852,42.25593,-62.80652,50.454,5.25,0.101,Nu Hor
13147,841,42.27254,-32.40590,52.938,4.45,0.981,Bet For
13155,,42.29453,47.21795,206.61,6.66,1.116,
13165,836,42.32316,17.46431,239.23,5.26,-0.066,42Pi Ari
13176,831,42.36214,37.32641,96.618,6.45,0.422,
13178,825,42.37808,57.08432,,6.25,0.786,
13197,844,42.46236,-24.56031,133.69,6.14,0.998,Gam1For
13202,845,42.47574,-27.94198,140.65,5.39,0.013,Gam2For
13209,838,42.49594,27.26051,50.787,3.61,-0.1,Bharani
13210,,42.50139,30.52621,62.422,6.72,0.398,
13218,,42.54073,-53.13897,12.955,10.72,1.51,
13225,848,42.56157,-35.84364,137.93,5.92,0.899,Eta2For
13241,,42.60846,31.97289,119.05,6.58,0.032,
13244,872,42.61883,-75.06695,104.06,4.76,1.337,Nu Hyi
13254,840,42.64594,38.31864,37.023,4.22,0.343,16 Per
13257,,42.64706,36.94833,55.71,6.44,0.617,
13265,851,42.66835,-35.67585,140.85,5.48,1.259,Eta3For
13268,834,42.67417,55.89550,269.54,3.77,1.69,Miram
13269,,42.67750,19.16048,58.309,6.63,0.602,
13271,853,42.69916,-39.93222,88.106,6.36,0.04,
13274,,42.71754,-67.52238,140.25,6.57,1.007,
13275,,42.72004,35.39391,225.73,6.51,1.476,
13288,850,42.75968,-21.00402,57.307,4.76,0.906,Angetenar
13327,847,42.87327,15.08207,151.52,5.52,-0.099,43Sig Ari
13328,843,42.87849,35.05974,143.27,4.56,1.554,17 Per
13333,,42.89977,-63.54067,242.13,6.58,1.226,
13339,842,42.92391,46.84194,119.9,5.86,0.903,
13347,839,42.94123,58.31429,90.009,6.46,0.104,
13360,,42.97033,44.89421,235.29,6.56,1.159,
13363,858,42.98432,-30.81452,32.541,6.38,0.484,
13367,829,42.99479,68.88850,395.26,5.94,0.7,
13375,,43.02923,34.38936,14.605,9.60,1.315,Gl 116
13387,866,43.07910,-62.90958,163.67,6.03,1.249,
13388,,43.08183,-33.45064,24.492,8.09,0.827,GJ 3187
13389,,43.08938,-63.67982,11.646,11.36,1.549,Gl 118
13394,,43.09452,63.40979,30.525,6.78,0.574,
13402,857,43.13385,-12.76971,10.352,6.05,0.862,Gl 117
13414,,43.18152,-41.39203,126.26,6.67,0.17,
13421,859,43.21142,-9.44124,97.656,6.31,0.196,
13424,846,43.21677,52.99735,307.69,6.35,0.093,
13429,,43.22769,-65.45529,143.68,6.47,1.008,
13448,856,43.29873,16.48346,107.18,6.30,0.457,
13458,,43.32594,-22.09078,284.09,6.59,0.957,
13462,849,43.33779,48.56996,540.54,6.23,1.18,
13464,,43.35158,31.64469,156.74,6.61,0.529,
13473,863,43.39328,-38.43700,58.514,5.93,0.437,Psi For
13479,862,43.39716,-22.37631,111.61,5.93,1.041,
13482,,43.40926,1.96932,122.85,6.74,0.94,
13490,855,43.42752,38.33749,70.671,5.34,0.423,20 Per
13495,,43.44260,9.33582,173.31,6.54,1.455,
13518,871,43.52696,-50.87140,350.88,6.22,1.571,
13528,,43.55862,42.58878,42.772,6.88,0.537,
13531,854,43.56442,52.76248,77.942,3.93,0.758,18Tau Per
13536,,43.58286,-55.87921,58.962,6.61,0.374,
13537,880,43.58664,-64.43558,196.85,6.56,1.396,
13540,,43.59515,51.16694,130.38,6.55,1.098,
13567,,43.69648,-0.04824,175.75,6.53,1.044,
13569,,43.70648,-33.52486,73.421,6.90,0.261,
13593,,43.78404,3.48688,85.324,6.91,0.309,
13601,,43.82250,16.30919,26.795,7.41,0.749,
13621,,43.86761,73.37113,290.7,6.58,1.199,
13626,,43.87340,-25.30466,130.89,6.59,1.182,
13629,,43.88151,2.01827,137.55,6.60,-0.038,
13642,,43.91266,26.87322,23.491,7.52,0.953,Gl 118.2A
13654,867,43.95207,18.33164,107.76,5.76,1.452,45Rho2Ari
13665,860,43.98678,61.52114,26.709,5.59,0.445,GJ 3188
13679,870,44.05737,8.38156,42.974,5.97,0.478,
13684,,44.06652,29.16407,160.26,6.55,0.937,
13700,861,44.10271,64.33244,699.3,6.17,1.994,
13701,874,44.10687,-8.89814,41.858,3.89,1.088,Azha
13702,869,44.10894,18.02312,35.348,5.58,0.471,46Rho3Ari
13713,865,44.13876,47.16401,319.49,6.05,1.305,
13717,875,44.15593,-3.71232,57.175,5.16,0.084,
13727,,44.20188,-35.37779,156.74,6.58,0.976,
13732,864,44.21107,51.26128,185.87,6.22,1.567,
13756,877,44.26907,4.50103,226.24,6.15,1.623,
13765,,44.29314,0.44780,76.864,6.63,0.32,
13768,884,44.30376,-29.85529,149.93,6.29,0.472,
13769,,44.30495,-24.97512,26.076,7.84,0.96,Gl 120.1C
13772,,44.31129,-24.96951,22.467,7.33,0.863,Gl 120.1A
13775,873,44.32201,31.93422,98.039,5.10,-0.007,21 Per
13782,883,44.34900,-23.86216,47.687,5.44,0.238,4 Eri
13789,893,44.38594,-38.19093,119.9,6.41,-0.018,
13794,,44.40312,-55.01324,94.967,6.74,0.368,
13828,,44.49395,64.41912,185.19,6.63,1.137,
13832,876,44.50971,38.61493,180.18,6.06,1.403,
13834,878,44.52171,20.66873,33.167,5.80,0.415,47 Ari
13835,889,44.52387,-23.60601,203.25,5.82,1.334,6 Eri
13843,,44.55228,-12.00582,145.56,6.51,1.031,
13847,897,44.56535,-40.30467,49.431,2.88,0.128,Acamar
13851,,44.57820,32.46088,114.81,6.61,1.017,
13874,892,44.67533,-2.78288,110.62,5.22,0.014,
13879,879,44.69028,39.66273,94.967,4.68,0.065,22Pi Per
13883,895,44.69709,-9.77651,90.09,6.14,0.221,
13884,909,44.69908,-64.07128,90.334,4.98,0.126,Bet Hor
13887,,44.70569,43.36449,131.75,6.65,0.992,
13892,,44.72114,21.61773,151.52,6.69,0.235,
13902,,44.74608,-43.74833,40.617,7.39,0.59,
13905,882,44.76534,35.18313,112.87,4.94,1.235,24 Per
13907,900,44.77705,-28.90721,142.25,6.14,1.044,
13914,887,44.80302,21.34043,101.94,4.63,0.048,48Eps Ari
13942,901,44.90071,-25.27413,32.616,5.69,0.427,Zet For
13944,,44.90163,-7.17995,180.83,6.62,1.076,
13947,903,44.90960,-32.50720,125.16,6.32,0.002,
13949,886,44.91615,41.03294,198.81,5.89,1.445,
13951,899,44.92150,-2.46495,111.11,5.56,-0.072,5 Eri
13954,896,44.92875,8.90737,176.68,4.71,-0.109,91Lam Cet
13965,885,44.95746,47.22069,156.49,5.47,0.869,
13976,,45.01171,7.74975,24.39,7.97,0.926,
13997,894,45.04954,38.13174,201.61,6.11,-0.057,
14021,,45.13126,18.00497,122.4,6.74,0.046,
14036,902,45.18391,10.87039,161.29,5.93,1.593,
14040,904,45.21200,-2.87862,255.1,6.11,1.751,7 Eri
14043,890,45.21751,52.35174,140.65,5.24,-0.049,
14047,891,45.22296,52.35204,107.64,6.64,0.019,
14060,907,45.29176,-7.66301,99.305,5.75,1.043,8Rho1Eri
14081,,45.37112,32.41273,168.07,6.60,1.102,
14086,914,45.40672,-28.09155,32.196,5.88,0.794,Eps For
14101,,45.46415,-16.59337,9.4197,10.40,,
14104,908,45.46793,5.33615,119.62,6.24,1.041,
14107,,45.47166,38.87823,190.48,6.64,0.237,
14109,905,45.47559,26.46235,64.35,5.91,0.141,49 Ari
14110,912,45.48383,-9.96141,101.11,5.84,1.092,
14124,913,45.53865,-6.49454,33.898,6.20,0.598,
14131,939,45.56423,-71.90246,157.73,5.51,-0.125,The Hyi
14135,911,45.56988,4.08973,76.394,2.54,1.63,Menkar
14143,910,45.59382,4.35288,168.63,5.62,-0.107,93 Cet
14146,919,45.59795,-23.62447,27.174,4.08,0.163,11Tau3Eri
14150,,45.60838,26.60924,20.64,6.62,0.696,Gl 120.2
14168,917,45.67614,-7.68547,81.169,5.32,0.941,9Rho2Eri
14181,,45.71772,47.11055,48.193,6.72,0.596,
14187,929,45.73274,-46.97504,259.74,5.81,1.304,
14228,,45.86736,6.22669,76.511,6.72,0.342,
14230,,45.86937,23.06148,34.025,7.09,0.624,
14232,916,45.87564,28.26991,45.977,6.38,0.306,
14235,,45.88332,-10.97507,50.659,7.10,0.495,
14240,934,45.90358,-59.73777,43.403,5.12,0.349,Mu Hor
14258,,45.96173,6.13330,30.969,6.92,0.552,
14264,,45.98645,47.84848,106.95,6.48,0.301,
14286,,46.03821,61.70583,24.231,6.64,0.634,GJ 3194A
14293,925,46.06881,-7.60086,41.563,5.26,0.193,10Rho3Eri
14315,926,46.15861,1.86360,131.93,6.05,1.045,
14318,924,46.16936,15.85602,161.55,6.37,1.4,
14328,915,46.19913,53.50644,74.571,2.91,0.716,23Gam Per
14354,921,46.29405,38.84027,94.34,3.32,1.528,25Rho Per
14355,,46.29706,-8.27425,140.45,6.30,1.02,
14365,923,46.33756,40.58218,124.53,6.06,1.011,
14376,927,46.36120,25.25517,165.29,5.45,-0.031,52 Ari
14382,918,46.38507,56.70572,64.725,4.77,1.018,
14392,920,46.41733,56.06896,77.28,6.10,1.049,
14417,881,46.53304,79.41854,211.86,5.49,1.569,
14439,931,46.59869,13.18725,96.061,5.64,1.087,
14445,,46.61140,1.96517,14.505,9.07,1.358,Gl 123
14455,,46.63905,-10.25197,172.12,6.69,1.021,
14456,935,46.63955,-6.08856,139.86,5.23,1.575,
14501,,46.82739,-13.76178,30.864,6.97,0.645,GJ 3200
14502,922,46.82921,64.05759,189.75,5.89,-0.02,
14514,938,46.85697,17.88000,255.1,6.13,-0.123,53 Ari
14521,981,46.88312,-78.98924,82.85,5.67,0.298,
14532,,46.91403,36.61762,41.946,7.36,0.672,
14544,933,46.94725,47.30871,82.102,6.38,0.122,
14547,959,46.95406,-69.26492,102.35,6.12,1.011,
14551,943,46.96185,-27.83115,54.645,6.18,0.166,
14566,930,47.01602,52.21351,227.27,6.33,-0.019,
14576,936,47.04222,40.95565,27.571,2.09,-0.003,Algol
14586,940,47.08795,18.79505,234.74,6.24,1.56,54 Ari
14592,,47.10711,57.01292,32.041,6.64,0.637,
14607,942,47.16163,8.47107,112.23,6.28,1.026,
14619,,47.20923,-64.56526,69.109,6.80,0.343,
14623,,47.21847,-24.88765,29.656,7.29,0.678,
14626,,47.22576,62.38460,793.65,6.47,0.231,
14632,937,47.26508,49.61328,10.541,4.05,0.595,Iot Per
14649,,47.33388,20.76112,150.6,6.41,1.241,
14668,941,47.37387,44.85754,34.566,3.79,0.98,Misam
14669,,47.37876,45.73274,15.76,10.11,1.473,Gl 125
14677,944,47.40309,29.07708,323.62,5.74,0.115,55 Ari
14719,945,47.53683,27.81977,165.02,6.42,0.014,
14739,,47.58022,-74.29709,46.041,6.90,0.521,
14748,946,47.61268,26.89623,141.84,6.02,1.278,
14749,960,47.61352,-48.73416,134.41,6.11,1.118,
14754,,47.62908,-68.60094,10.24,11.39,0.025,Gl 127.1A
14757,953,47.64744,-23.73855,90.662,6.37,0.912,
14764,948,47.66165,11.87263,136.43,5.97,-0.061,
14765,,47.66354,-57.80979,167.22,6.63,0.879,
14791,,47.75324,64.89627,80.064,6.50,0.163,
14797,,47.77202,-13.26428,327.87,6.36,0.614,
14814,957,47.81970,-16.02497,165.56,6.25,1.167,
14817,947,47.82244,39.61158,88.339,4.61,1.115,28Ome Per
14819,955,47.82823,-3.81160,264.55,6.08,1.67,
14821,952,47.84133,13.04785,131.23,6.11,1.038,
14838,951,47.90733,19.72668,52.029,4.35,1.033,Botein
14844,906,47.92844,81.47071,62.189,5.92,0.149,
14857,,47.96903,-39.02322,43.879,7.05,0.561,
14862,932,47.98436,74.39366,50.71,4.85,0.035,Shangcheng
14868,,47.99033,-39.36589,73.584,6.98,1.043,
14879,963,48.01873,-28.98762,14.237,3.80,0.543,Dalim
14887,950,48.03981,42.37591,200.4,6.15,-0.099,
14886,,48.03969,37.21778,39.92,7.29,0.606,
14893,954,48.05935,27.25697,154.08,5.78,-0.106,56 Ari
14913,968,48.10719,-44.41966,42.499,5.92,0.44,
14914,949,48.11000,47.72588,190.11,6.32,1.425,
14915,958,48.10986,6.66088,230.95,5.55,1.011,
14930,977,48.13813,-57.32155,321.54,5.71,2.419,
14954,962,48.19349,-1.19610,22.578,5.07,0.575,94 Cet
14964,,48.22668,-47.15523,38.373,7.27,0.584,
14970,,48.25033,-20.02694,103.09,6.74,1.193,
14972,970,48.25620,-35.94369,144.09,6.29,-0.076,
15004,956,48.34945,48.17695,116.55,5.93,0.972,
15024,974,48.40810,-29.80413,125.16,6.17,1.041,
15039,,48.45902,-38.80939,78.927,6.88,0.172,
15048,,48.47868,18.97334,233.64,6.51,1.487,
15095,,48.68588,-26.44625,19.168,9.17,1.235,Gl 131
15099,,48.69676,8.98079,22.65,7.83,0.861,GJ 9112
15110,972,48.72540,21.04444,80.386,4.87,-0.007,58Zet Ari
15118,966,48.73573,42.50364,72.886,6.07,1.093,
15125,980,48.75112,-26.10046,199.6,6.25,0.038,
15131,,48.77676,-45.66482,24.19,6.75,0.586,Gl 132
15135,,48.78148,73.86814,289.02,6.57,1.465,
15140,,48.79606,-64.44388,109.53,6.62,0.485,
15154,971,48.83516,30.55669,159.74,5.61,0.012,
15173,,48.88233,-8.77009,149.03,6.61,1.154,
15191,975,48.94642,32.85671,54.794,6.30,0.366,
15192,964,48.94987,57.14062,877.19,5.79,0.644,
15193,,48.95278,50.95589,134.95,6.46,0.1,
15197,984,48.95844,-8.81973,33.647,4.80,0.232,Zibal
15201,1025,48.98926,-77.38845,29.709,5.51,0.438,Iot Hyi
15203,983,49.00356,-5.91871,201.61,6.17,-0.018,
15204,976,49.00773,34.68851,60.938,6.25,0.29,
15209,973,49.01855,45.34613,326.8,6.15,1.674,
15218,990,49.04711,-30.82747,160.77,6.64,-0.035,
15219,969,49.05085,50.93766,242.13,5.04,1.107,
15220,,49.05663,58.16738,14.386,10.53,1.43,Gl 130.1A
15230,,49.09052,-5.73046,458.72,6.30,1.648,
15241,978,49.14663,32.18402,134.59,5.98,0.988,
15244,988,49.14903,-9.15468,34.176,6.14,0.407,14 Eri
15279,,49.28751,6.79989,65.062,6.96,0.263,
15282,979,49.29772,40.48298,197.63,6.44,-0.027,
15291,,49.32252,-23.52027,229.36,6.61,1.503,
15305,998,49.36083,-47.75166,156.99,5.84,1.228,
15309,967,49.38139,65.65837,168.92,6.41,0.079,
15323,,49.41690,31.12705,26.681,6.40,0.574,
15330,1006,49.43854,-62.57532,12.008,5.53,0.641,Zet1Ret
15334,986,49.44063,39.28337,153.37,5.97,0.056,
15338,982,49.44728,44.02502,224.22,5.49,-0.06,30 Per
15353,1014,49.49592,-66.92685,54.945,6.03,0.133,
15357,993,49.51076,-28.79707,62.305,5.93,0.337,
15366,,49.53087,38.25207,16.529,10.29,1.449,Gl 134
15371,1010,49.54964,-62.50636,12.032,5.24,0.6,Zet2Ret
15382,994,49.59210,-22.51112,78.308,4.86,0.904,15 Eri
15383,992,49.59343,-0.93029,67.159,5.62,1.05,95 Cet
15404,987,49.65723,50.22217,195.31,5.16,-0.073,29 Per
15411,997,49.67144,-18.55979,36.969,5.72,0.381,
15416,991,49.68261,34.22265,361.01,4.85,1.491,
15442,,49.75789,-2.84320,25.221,7.05,0.655,Gl 135
15444,989,49.78180,50.09497,171.82,5.05,-0.067,31 Per
15457,996,49.84040,3.37020,9.1399,4.84,0.681,96Kap1Cet
15474,1003,49.87917,-21.75786,93.371,3.70,1.614,16Tau4Eri
15479,1004,49.89545,-24.12290,299.4,5.63,1.663,
15510,1008,49.97916,-43.06978,6.0434,4.26,0.711,82 G. Eri
15514,995,49.98249,27.07113,67.249,5.91,0.86,59 Ari
15520,985,49.99694,65.65229,233.64,4.74,-0.108,
15523,,50.00764,1.48362,134.05,6.73,0.949,
15527,,50.01478,-28.85407,35.524,7.36,0.63,
15534,,50.02891,69.73131,180.83,6.60,-0.01,
15547,961,50.08174,77.73474,81.169,5.44,0.211,
15549,999,50.08484,29.04846,166.39,4.47,1.555,
15557,1000,50.10656,25.66274,91.408,6.14,1.241,60 Ari
15582,,50.18576,-26.28780,51.467,6.92,0.407,
15585,1013,50.18834,-26.60651,49.95,6.40,0.542,
15619,1007,50.27835,3.67562,98.912,5.70,0.964,97Kap2Cet
15627,1005,50.30676,21.14709,156.01,5.27,-0.067,61Tau1Ari
15638,,50.33602,79.96726,14.043,11.21,1.59,Gl 133
15643,1016,50.35005,-23.63513,112.49,5.50,0.885,
15648,1002,50.36071,43.32965,46.168,4.96,0.051,32 Per
15655,1021,50.38929,-47.77666,145.99,6.40,0.989,
15660,,50.42471,-20.32465,96.993,6.69,0.027,
15669,1001,50.46866,49.07091,43.706,5.94,0.468,
15696,1012,50.54955,27.60755,271,5.55,1.1,62 Ari
15700,1018,50.56785,-25.58780,114.42,6.36,0.01,
15737,1015,50.68851,20.74207,97.371,5.10,1.231,63Tau2Ari
15770,1011,50.80495,49.21327,166.11,5.32,-0.076,
15774,,50.82124,-49.99193,19.249,8.58,1.068,Gl 140.1A
15775,,50.82222,-17.43948,166.39,6.70,1.007,
15776,1024,50.82375,-7.79410,37.147,6.20,0.702,GJ 2030A
15795,,50.88667,58.72202,375.94,6.58,1.271,
15799,,50.89689,-40.07639,17.422,6.90,0.84,GJ 3222A
15800,,50.90127,0.91009,111.48,6.47,1.154,
15807,1023,50.91246,4.88211,373.13,6.37,0.851,
15816,1031,50.93590,-32.70709,257.73,6.51,1.372,
15840,1053,51.00954,-69.62461,196.08,6.14,0.482,
15843,,51.01750,74.17099,52.329,6.93,0.451,
15850,1028,51.04221,12.62959,140.45,6.03,1.227,
15861,1022,51.07698,24.72406,63.776,5.50,1.19,64 Ari
15863,1017,51.08067,49.86118,155.28,1.79,0.481,Mirfak
15870,1027,51.10883,20.80349,95.694,6.07,-0.028,65 Ari
15876,1019,51.12374,33.53596,133.51,5.78,-0.001,
15884,,51.15085,-51.06266,123.76,6.50,0.003,
15886,,51.15402,-76.74629,79.681,6.80,0.2,
15890,1009,51.16900,64.58600,628.93,5.13,2.038,
15900,1030,51.20331,9.02887,89.206,3.61,0.887,1Omi Tau
15919,,51.24888,-5.36376,15.392,7.86,1.153,Gl 141
15925,1026,51.28911,41.25730,180.51,6.52,0.047,
15968,1064,51.40105,-69.33644,39.401,5.96,0.415,
15979,1020,51.44949,53.92152,80.906,6.51,0.298,
15987,1042,51.48265,-35.92088,107.87,6.39,0.082,Chi1For
15988,1029,51.48906,49.12076,159.49,6.09,-0.073,
16012,,51.54624,-30.61781,29.172,7.88,0.716,Gl 141.2
16015,1049,51.54909,-41.63694,140.25,6.33,0.054,
16029,1045,51.59385,-27.31748,138.5,5.93,0.934,
16042,,51.64745,28.71509,51.626,6.47,0.882,
16069,,51.74569,-63.49910,16.807,8.08,1.13,Gl 143
16077,1036,51.76341,18.75655,122.25,6.54,0.188,
16083,1038,51.79230,9.73268,64.103,3.73,-0.082,2Xi Tau
16095,1039,51.82782,12.73529,87.642,6.29,-0.025,
16112,1054,51.88922,-35.68132,139.47,5.71,1.284,Chi2For
16128,,51.93239,-43.85589,66.357,6.73,0.501,
16134,,51.96828,-19.80448,12.494,8.39,1.337,Gl 142
16142,1050,52.00395,-11.28660,97.656,5.74,1.102,
16147,1034,52.01275,49.06287,160.77,4.99,-0.091,
16156,1058,52.04800,-35.85343,114.29,6.49,0.126,Chi3For
16165,,52.07594,44.37724,408.16,6.52,1.645,
16168,1041,52.08624,33.80756,117.23,5.72,0.048,
16177,1033,52.09824,60.25567,178.89,6.49,0.014,
16181,1048,52.11069,22.80401,64.433,6.03,0.951,66 Ari
16193,,52.15142,11.39053,118.2,6.74,0.965,
16210,1037,52.21800,49.84838,160.77,5.58,-0.054,
16226,,52.26585,3.24870,148.59,6.41,0.79,
16228,1035,52.26723,59.94033,595.24,4.21,0.419,
16244,1044,52.34184,49.50895,165.29,4.67,-0.096,34 Per
16245,1083,52.34337,-62.93753,21.683,4.71,0.41,Kap Ret
16252,1047,52.35949,46.93787,195.31,6.21,0.131,
16263,1062,52.40011,-12.67474,128.21,5.57,0.171,
16266,1060,52.41307,-6.80446,118.76,6.01,1.02,
16274,,52.45442,-22.50548,99.502,6.79,1.065,
16281,1040,52.47810,58.87875,769.23,4.55,0.489,
16285,1075,52.47984,-42.63426,65.445,5.76,0.205,
16290,1109,52.49550,-78.35185,98.328,5.68,0.932,
16292,1046,52.50086,55.45181,60.901,5.09,0.022,
16303,1043,52.54558,59.36595,95.147,6.14,0.095,
16308,,52.55529,-11.64631,73.368,6.77,0.732,
16310,1076,52.55659,-41.36994,34.698,6.12,0.489,
16319,1032,52.58080,71.86390,262.47,6.37,1.772,
16322,1061,52.60196,11.33644,110.74,5.14,-0.041,4 Tau
16335,1052,52.64368,47.99522,110.25,4.36,1.367,35Sig Per
16339,1081,52.65390,-47.37512,120.34,5.98,0.116,
16340,1051,52.65393,48.10360,273.97,5.82,-0.033,
16341,1070,52.65441,-5.07515,123.92,4.74,-0.092,17 Eri
16357,,52.68782,42.20244,76.57,6.92,0.387,
16358,1067,52.68926,6.18870,154.08,5.93,0.953,
16368,1092,52.71538,-66.48971,265.96,5.81,-0.055,
16369,1066,52.71823,12.93668,104.93,4.14,1.112,5 Tau
16370,,52.71873,-62.00794,48.996,6.79,0.534,
16389,,52.76661,-0.48120,159.24,6.64,0.119,
16410,,52.83290,27.57181,63.012,6.99,0.052,
16411,1065,52.83647,27.57182,97.466,6.61,0.031,
16424,1056,52.87227,49.20977,149.25,6.29,0.067,
16425,,52.87622,40.75993,115.74,6.50,0.243,
16447,1059,52.95432,49.40109,,6.41,0.075,
16449,1082,52.97352,-25.61415,71.942,6.38,0.12,
16450,,52.97475,48.73515,195.31,6.62,-0.025,
16470,1063,53.03581,48.02348,185.53,5.47,-0.101,
16489,965,53.08230,84.91104,103.09,5.62,0.894,
16499,1069,53.10947,46.05686,36.324,5.30,0.398,36 Per
16509,1090,53.14488,-50.37865,95.785,5.67,1.101,
16511,1079,53.14979,9.37344,107.41,5.76,-0.072,6 Tau
16516,1072,53.16240,44.85576,370.37,6.42,-0.007,
16518,1074,53.16674,35.46173,675.68,5.91,-0.084,
16531,1096,53.21463,-61.01687,143.47,6.42,1.037,
16536,,53.23305,-44.70195,10.74,11.47,1.56,Gl 145
16537,1084,53.23272,-9.45826,3.2161,3.72,0.881,Ran
16538,,53.23972,16.59843,50.454,7.03,0.503,
16570,,53.33724,47.95008,79.872,6.60,0.327,
16582,,53.37430,-2.54295,21.372,8.70,0.997,
16587,1068,53.38416,58.76524,154.56,6.45,0.168,
16591,1078,53.39597,39.89948,56.054,5.79,0.139,
16599,1073,53.41282,54.97486,74.405,5.98,0.114,
16602,1071,53.42182,57.86872,66.934,6.37,0.523,
16607,,53.43843,-15.12790,50.201,7.05,0.455,
16611,1088,53.44698,-21.63288,89.928,4.26,-0.106,19Tau5Eri
16628,1093,53.48664,-31.08011,41.771,6.20,0.482,
16641,1085,53.53489,17.83283,40.388,6.14,0.891,
16661,1104,53.60323,-65.76422,112.11,6.74,0.163,
16664,1086,53.61093,24.46439,131.58,5.95,0.123,7 Tau
16666,,53.62437,-34.83242,66.138,7.04,0.384,
16672,1095,53.63994,-31.87480,353.36,6.39,1.404,
16677,1091,53.65612,-9.86826,137.36,6.25,0.019,
16695,1089,53.70450,6.41769,134.41,6.49,0.642,
16697,,53.71834,-25.58282,138.5,6.48,0.985,
16711,,53.75341,-48.41914,13.607,8.57,1.31,Gl 146
16712,1077,53.75426,60.04143,53.362,6.43,0.433,
16713,,53.75498,32.01677,75.245,6.66,0.429,
16719,,53.77593,38.58567,64.767,7.01,0.337,
16725,1055,53.80125,73.34693,157.48,6.56,0.024,
16757,,53.90780,31.68044,85.984,6.86,0.407,
16779,,53.98853,-5.12495,192.68,6.49,1.091,
16780,1098,53.99028,-11.19378,115.87,5.56,0.915,
16803,1100,54.07255,-17.46706,149.25,5.24,-0.117,20 Eri
16826,1087,54.12239,48.19263,178.89,4.32,-0.058,37Psi Per
16827,1154,54.12573,-78.32307,230.41,6.29,1.15,
16835,,54.16591,29.22403,67.522,6.53,0.271,
16846,1099,54.19704,0.58776,30.684,5.82,0.885,
16851,,54.21423,-33.78067,51.361,6.93,0.477,
16852,1101,54.21827,0.40166,13.963,4.29,0.575,10 Tau
16859,,54.24177,23.21107,130.72,6.72,0.123,
16870,1106,54.27366,-40.27455,70.771,4.57,1.023,
16879,,54.29592,25.99110,37.175,7.28,0.704,
16900,,54.36642,31.12022,59.88,6.96,0.46,
16914,,54.42111,-74.82257,60.205,6.89,0.328,
16924,1102,54.44929,15.43055,74.738,6.40,0.167,
16938,1097,54.50074,42.58284,210.53,6.41,-0.064,
16959,,54.54259,-59.77638,74.129,6.96,0.404,
16974,1094,54.58217,56.93271,157.23,6.29,-0.099,
16989,1108,54.62188,-7.39186,112.36,5.86,0.98,
17000,,54.66966,22.65961,123.15,6.71,-0.001,
17007,1114,54.69862,-27.94305,117.79,6.01,-0.027,Tau For
17022,,54.73844,42.53827,40.355,6.73,0.614,
17026,1103,54.75026,20.91577,142.25,6.50,0.151,
17027,1111,54.75465,-5.62621,33.704,5.97,0.921,21 Eri
17049,,54.82106,13.89150,71.994,6.67,0.92,
17056,1080,54.85455,75.73962,137.74,6.25,0.973,
17057,1117,54.85585,-10.43728,109.41,6.19,1.031,
17058,1110,54.85730,16.53668,130.21,6.18,1.0,
17086,1116,54.90978,-3.39301,133.51,6.22,1.041,
17096,,54.92988,-52.91584,33.887,7.12,0.583,Tupi
17098,,54.93820,56.38303,122.4,6.53,0.078,
17099,,54.93948,-40.35221,132.28,6.55,0.141,
17103,1115,54.96301,3.05686,114.03,5.55,0.931,12 Tau
17108,,54.97268,-28.51149,60.277,6.94,0.552,
17118,,54.99466,63.87041,42.517,6.81,0.478,
17120,1119,54.99820,-1.12123,119.33,6.12,0.994,
17129,,55.02999,34.11648,46.019,6.82,0.543,
17136,1120,55.04766,-15.22653,199.6,6.35,0.881,
17147,,55.09194,-3.21698,25.562,6.68,0.554,Gl 147.1
17167,1121,55.15973,-5.21071,152.21,5.53,-0.145,22 Eri
17181,1118,55.19295,25.32949,146.41,6.11,0.097,11 Tau
17183,,55.19763,-2.33268,48.031,6.96,0.954,GJ 3244
17203,1113,55.28272,37.58020,251.89,5.55,-0.062,
17211,,55.29966,58.84493,88.653,6.84,0.325,
17214,1125,55.30749,-11.80242,92.764,6.49,0.377,
17223,1128,55.34329,-19.58439,127.88,6.58,0.092,
17276,,55.49662,-24.65223,39.185,6.77,0.506,
17296,1105,55.53891,63.21681,159.24,5.06,1.651,
17298,,55.54115,-45.95789,40.323,6.50,0.522,
17304,1134,55.56209,-31.93836,259.74,4.99,-0.159,Del For
17309,1126,55.57894,19.70025,165.29,5.68,-0.016,13 Tau
17313,1123,55.59436,33.96503,323.62,4.97,-0.048,40 Per
17320,,55.61516,32.93923,63.532,6.77,0.486,
17328,1271,55.63626,-85.26196,152.91,6.40,-0.005,
17336,,55.65370,17.29350,24.661,7.07,0.659,
17342,1112,55.67806,59.96939,632.91,5.74,1.736,
17351,1143,55.70862,-37.31352,56.497,4.59,1.191,
17358,1122,55.73124,47.78755,158.23,3.01,-0.125,Sarvvis
17364,,55.76964,-50.64308,37.202,6.97,0.511,
17378,1136,55.81209,-9.76339,9.0408,3.52,0.915,Rana
17395,1139,55.89098,-10.48566,42.427,5.59,0.216,
17405,,55.93852,16.66726,16.689,10.83,1.47,Gl 150.1A
17408,1132,55.94670,19.66503,125.63,6.13,0.994,14 Tau
17414,,55.96899,16.67202,17.712,9.99,1.42,Gl 150.1B
17420,,55.98056,-19.11090,13.949,7.10,0.927,
17436,1157,56.02656,-40.66029,96.899,6.45,1.059,
17437,1127,56.02679,48.52366,312.5,6.06,1.552,
17439,,56.03808,-38.28177,16.028,6.99,0.87,Gl 152
17440,1175,56.04890,-64.80690,29.86,3.84,1.133,Bet Ret
17448,1131,56.07972,32.28825,343.64,3.84,0.022,Atik
17453,1137,56.11751,20.92874,77.7,6.09,0.028,
17457,1146,56.12712,-1.16309,200.8,5.24,-0.088,24 Eri
17460,1133,56.13093,36.46010,90.58,5.60,0.062,
17464,1168,56.14116,-54.27403,76.219,6.29,1.035,
17470,,56.15495,27.89745,56.98,6.75,0.37,
17475,1130,56.17045,46.09981,142.05,6.10,0.291,
17482,,56.18746,27.92107,64.725,6.86,0.642,
17489,1140,56.20089,24.28947,115.61,5.45,-0.034,Celaeno
17491,,56.20317,46.03584,25.887,7.72,0.864,Gl 150.2
17493,1167,56.21033,-48.06130,137.93,6.49,1.011,
17499,1142,56.21890,24.11334,124.07,3.72,-0.105,Electra
17506,1150,56.23541,-0.29672,120.92,5.56,1.411,25 Eri
17519,,56.26131,2.62127,79.936,6.65,0.487,
17527,1144,56.29058,24.83926,125.47,5.66,-0.064,18 Tau
17529,1135,56.29848,42.57855,170.65,3.77,0.425,41Nu Per
17531,1145,56.30205,24.46728,125.47,4.30,-0.11,Taygeta
17534,1169,56.31615,-47.35948,103.52,5.72,0.961,
17543,,56.34879,-71.65813,143.27,6.26,-0.123,
17544,,56.35045,-27.86248,21.566,8.21,1.012,Gl 154.1A
17558,,56.40456,38.67626,135.87,6.45,1.195,
17563,1153,56.41851,6.04999,163.67,5.34,-0.099,29 Tau
17573,1149,56.45669,24.36775,117.51,3.87,-0.063,Maia
17575,,56.46069,55.06381,84.034,6.83,0.21,
17579,1151,56.47698,24.55451,114.03,5.76,-0.036,Asterope
17584,1141,56.49690,45.68190,229.36,5.66,-0.08,
17585,1124,56.50360,67.20161,55.432,5.79,0.347,
17587,1129,56.50971,63.34505,303.95,4.78,0.747,
17588,1152,56.51208,24.52790,116.55,6.43,-0.02,22 Tau
17593,1162,56.53556,-12.10159,147.49,4.43,1.604,26Pi Eri
17595,1159,56.53901,6.80352,102.77,5.91,0.992,
17608,1156,56.58156,23.94836,116.55,4.14,-0.051,Merope
17609,,56.58381,26.21550,14.749,9.61,1.437,Gl 154
17618,1171,56.61429,-29.33816,101.01,5.91,0.11,Sig For
17651,1173,56.71206,-23.24972,17.627,4.22,0.434,27Tau6Eri
17666,,56.75833,41.42726,21.906,7.67,0.796,GJ 1064A
17675,,56.79423,51.70639,57.307,6.90,0.373,
17678,1208,56.80942,-74.23896,65.617,3.26,1.59,Gam Hyi
17684,,56.82144,23.72675,64.433,6.98,0.542,
17688,,56.83218,-50.75402,207.9,6.58,1.325,
17689,1179,56.83317,-29.90173,38.081,6.54,0.509,
17695,,56.84727,-1.97220,16.129,11.59,1.511,
17702,1165,56.87115,24.10514,123.61,2.85,-0.086,Alcyone
17704,,56.87273,24.28834,106.16,6.83,0.066,
17707,1147,56.88390,55.92196,110.25,6.09,-0.02,
17717,1181,56.91521,-23.87468,76.923,5.24,0.075,28Tau7Eri
17732,1164,56.95426,32.19541,48.008,6.26,0.474,
17734,1186,56.95671,-36.10578,149.25,6.21,-0.102,
17735,1163,56.96945,33.59987,325.73,6.57,0.035,
17738,1184,56.98350,-30.16788,82.44,5.52,0.973,Rho For
17743,,56.99209,2.78781,16.846,11.05,1.495,Gl 155.1
17747,,57.00152,40.53063,50.429,7.25,0.634,
17749,,57.00378,68.67287,17.337,9.17,1.314,Gl 153A
17759,,57.02725,24.98842,165.84,6.44,1.701,
17764,,57.04737,-74.69411,54.054,7.13,0.4,
17771,1174,57.06779,11.14329,139.08,5.08,-0.125,30 Tau
17772,1160,57.07532,50.73677,250.63,6.18,0.028,
17776,1172,57.08673,23.42125,118.34,5.44,-0.067,
17792,,57.12819,9.64595,173.91,6.68,1.2,
17798,1187,57.14877,-20.90298,181.82,5.81,1.602,
17797,1189,57.14945,-37.62015,50.736,4.30,-0.038,
17805,1182,57.16231,0.22786,149.25,5.91,1.224,
17832,,57.23724,23.85713,75.643,6.47,0.377,
17838,,57.25102,-26.03259,49.456,6.95,0.403,
17846,1170,57.28383,43.96310,74.184,5.95,0.279,
17847,1178,57.29060,24.05342,117.23,3.62,-0.07,Atlas
17851,1180,57.29673,24.13671,117.1,5.05,-0.082,Pleione
17854,1138,57.30714,70.87105,106.38,5.40,0.096,
17856,,57.32961,-1.45326,100.2,6.55,1.004,
17858,1161,57.33226,57.11827,148.59,6.46,0.061,
17862,,57.34062,24.38096,122.25,6.62,-0.027,
17874,1195,57.36356,-36.20025,64.35,4.17,0.927,
17884,1155,57.38036,65.52597,243.9,4.39,1.87,Custos
17886,1177,57.38622,33.09138,82.305,5.14,0.057,42 Per
17891,1158,57.40254,63.29697,71.633,5.82,0.189,
17895,,57.41103,-2.32857,50.942,7.22,0.587,
17900,1183,57.43137,23.71185,114.68,6.17,-0.046,
17907,,57.44373,9.40750,123.92,6.77,-0.026,
17921,1185,57.47946,22.24415,112.87,6.05,-0.006,
17923,,57.49189,23.84870,146.84,6.73,0.063,
17928,,57.51440,22.59164,40.177,7.29,0.538,
17930,,57.51443,37.87388,76.046,6.61,0.275,
17932,1176,57.51846,44.96786,114.68,5.65,0.779,
17936,,57.53703,6.62069,32.96,7.72,0.684,
17943,,57.55525,34.82010,79.681,6.77,0.321,
17950,,57.56735,-1.52257,43.668,6.47,0.435,
17954,1188,57.57889,25.57936,56.465,5.24,0.231,
17959,1148,57.58953,71.33227,110.01,4.59,0.064,Shaowei
17988,,57.67475,1.56395,68.728,6.60,0.398,
18033,1194,57.81612,13.04608,123.15,6.30,-0.058,
18052,,57.87983,-21.28111,203.67,6.59,1.058,
18059,1193,57.90259,22.03136,130.21,6.71,1.12,
18067,1166,57.92400,68.50749,313.48,6.31,-0.057,
18066,,57.92418,-47.31686,138.7,6.70,0.283,
18081,1191,57.97383,34.35912,258.4,5.78,-0.036,
18089,1199,58.00095,6.53491,238.66,5.66,0.046,31 Tau
18094,1197,58.01853,31.16858,113.9,6.22,0.206,
18097,,58.02329,22.67163,26.976,7.57,0.684,
18106,,58.04753,25.16308,38.745,6.77,0.583,
18122,,58.12857,-5.05413,75.586,6.74,0.399,
18138,,58.16547,32.40855,111.98,6.73,0.896,
18141,1202,58.17357,-5.36126,179.53,5.48,-0.09,30 Eri
18170,1201,58.29185,17.32708,41.322,5.97,0.354,
18173,1206,58.30388,-18.43445,272.48,6.21,0.866,
18187,,58.36338,-41.22271,41.017,7.22,0.53,
18190,,58.37595,2.11913,124.69,6.72,-0.05,
18199,1216,58.38880,-46.89367,107.64,5.93,1.22,
18201,,58.39365,25.68288,161.03,6.35,0.11,
18212,1198,58.41121,48.65049,120.77,5.76,1.04,
18213,1214,58.41226,-34.73230,106.16,5.11,-0.133,
18216,1213,58.42793,-24.61223,115.61,4.64,-0.136,33Tau8Eri
18217,1192,58.43017,57.97514,50.505,5.80,0.182,
18235,,58.49769,-23.13707,64.226,6.68,0.82,
18246,1203,58.53300,31.88364,230.41,2.84,0.271,44Zet Per
18255,1211,58.57293,-2.95473,95.969,4.46,0.672,32 Eri
18262,1219,58.59652,-40.35701,153.14,5.70,0.599,
18267,,58.61678,16.61605,20.429,6.81,0.719,GJ 3255
18275,1227,58.64147,-52.69043,109.17,6.46,0.158,
18280,,58.64778,-6.82601,15.567,9.02,1.366,Gl 156
18324,,58.76487,61.16681,21.013,7.84,0.831,Gl 155.2
18339,1217,58.81721,-12.09910,49.213,5.99,0.323,
18366,,58.90469,52.22682,37.907,6.82,0.518,
18388,,58.95559,-4.52683,49.505,7.06,0.5,
18396,1207,58.99236,47.87142,223.71,5.39,-0.073,
18401,1236,59.01642,-63.46372,103.52,6.14,1.094,
18413,,59.04868,59.64189,21.983,6.53,0.698,GJ 3257
18428,,59.11525,-13.59753,,6.37,1.585,
18432,,59.11943,-25.18134,40.568,6.88,0.748,GJ 3258
18434,1215,59.11955,35.08090,265.96,5.49,-0.058,
18438,1196,59.12627,71.82161,59.207,6.31,0.333,
18440,,59.13167,-10.85314,86.356,6.56,0.498,
18450,,59.15154,-41.34357,17.759,8.85,1.214,GJ 1066
18453,1210,59.15205,50.69538,37.439,5.28,0.425,43 Per
18455,1225,59.15805,-9.75084,125.63,6.18,0.269,
18471,1218,59.21697,22.47797,42.337,5.62,0.345,32 Tau
18481,1224,59.25715,6.03997,70.225,6.09,0.058,
18485,1221,59.26587,23.17555,208.77,6.05,0.031,33 Tau
18488,1205,59.28455,61.10888,448.43,4.99,1.435,
18505,1204,59.35600,63.07226,110.62,4.95,-0.074,
18508,1222,59.35992,24.46194,319.49,6.19,1.372,
18512,,59.36959,-1.15945,15.528,8.07,1.115,Gl 157A
18518,,59.39637,36.49129,56.689,6.98,0.428,
18532,1220,59.46345,40.01022,195.69,2.90,-0.199,Aldu
18543,1231,59.50735,-13.50851,62.344,2.97,1.588,Zaurak
18545,,59.51122,72.72457,240.38,6.63,1.266,
18547,1223,59.51308,34.81397,61.237,6.54,0.228,
18565,1226,59.62149,38.84025,130.21,6.32,1.081,
18592,1245,59.67870,-57.10236,61.387,6.05,0.439,
18597,1247,59.68642,-61.40019,161.29,4.56,1.59,Del Ret
18606,1232,59.71832,-5.46995,46.447,5.85,1.001,
18614,1228,59.74125,35.79103,381.68,3.98,0.016,Menkib
18647,1235,59.87554,-12.57442,225.23,5.61,1.479,
18657,1229,59.91657,38.82038,193.8,6.51,0.113,
18658,1233,59.91872,10.33040,40.032,6.35,0.417,
18673,1240,59.98118,-24.01621,100.4,4.62,-0.121,36Tau9Eri
18691,1250,60.06471,-51.56496,383.14,6.51,1.651,
18717,1237,60.15370,17.29666,196.85,6.31,0.056,
18723,1246,60.16938,-30.49070,107.76,5.93,0.036,
18724,1239,60.17007,12.49035,148.37,3.41,-0.099,Bibing
18729,,60.18188,-71.16680,100.4,6.60,0.08,
18735,1238,60.20317,18.19400,42.9,5.89,0.319,
18744,1264,60.22419,-62.15928,143.88,4.48,1.5,Gam Ret
18748,,60.23674,23.20149,328.95,6.52,0.103,
18769,1234,60.31181,36.98948,121.21,6.39,-0.005,
18772,1266,60.32545,-61.07882,97.847,4.97,1.386,Iot Ret
18774,,60.32921,76.15937,16.25,8.20,1.132,Gl 156.2
18788,1244,60.38354,-1.54966,126.9,5.28,-0.133,35 Eri
18805,1243,60.44223,9.99802,175.13,5.67,0.005,
18824,,60.51417,-34.48216,51.68,6.73,0.628,
18844,,60.61148,-61.35694,25.913,6.74,0.667,
18847,,60.61679,-78.63311,151.98,6.63,1.075,
18859,1249,60.65310,-0.26892,18.832,5.38,0.516,Gl 159
18893,,60.74795,9.20849,45.393,6.91,0.466,
18899,,60.76635,-15.15260,8.5529,10.41,,
18907,1251,60.78909,5.98930,35.855,3.91,0.032,38Nu Tau
18911,,60.79410,8.88264,200.4,6.65,1.064,
18915,,60.81154,35.27328,18.288,8.51,0.863,Gl 158
18926,1258,60.85311,-20.14380,304.88,6.47,-0.178,
18950,,60.91414,-47.86189,123.76,6.62,0.214,
18957,1253,60.93585,5.43562,196.46,5.32,-0.08,40 Tau
18975,1254,60.98585,8.19727,34.855,5.45,0.371,
18986,,61.02945,39.50972,32.362,7.13,0.68,
18990,1263,61.03628,-16.58873,154.56,6.36,1.266,
18993,1257,61.04115,2.82695,35.398,5.36,0.505,
19009,1252,61.09031,24.10599,347.22,5.46,0.813,36 Tau
19011,1265,61.09465,-12.79229,117.92,5.62,1.062,
19018,1242,61.11318,59.15551,625,5.00,0.495,
19030,,61.15411,55.06647,61.387,6.55,0.466,
19036,,61.16496,17.51760,100.91,6.64,1.118,
19037,1267,61.17042,-20.38186,125.16,6.12,1.157,
19038,1256,61.17379,22.08193,57.372,4.36,1.064,37 Tau
19070,,61.30983,-1.01182,57.471,6.97,0.752,
19076,1262,61.33437,22.00890,16.938,5.90,0.62,39 Tau
19089,,61.40020,34.23916,97.276,6.64,0.453,
19091,,61.40273,-31.05096,68.823,6.94,0.548,
19095,1275,61.40592,-27.65181,45.045,5.59,0.324,GJ 9143
19103,,61.42326,10.03713,135.87,6.72,1.034,
19111,1274,61.44463,-20.51256,88.574,6.34,0.918,
19121,1272,61.48545,-8.85610,76.278,6.27,0.063,
19127,,61.50889,46.92557,93.197,6.77,0.153,
19129,1241,61.51323,68.67997,191.57,5.88,1.543,
19167,1261,61.64602,50.35126,129.37,4.25,-0.011,47Lam Per
19171,1268,61.65171,27.59990,128.87,5.18,-0.124,41 Tau
19172,1255,61.65257,54.00866,80.841,6.31,0.983,
19174,,61.65378,-18.05081,211.86,6.60,1.429,
19177,1248,61.66177,65.52080,134.23,6.14,0.145,
19202,,61.74220,-21.99406,158.48,6.65,0.24,
19205,1269,61.75192,29.00130,27.601,5.21,0.359,42Psi Tau
19206,,61.75233,-10.00045,40.833,6.88,0.576,
19222,,61.79473,74.00036,110.5,6.49,0.977,
19233,1294,61.83917,-64.22229,23.63,6.37,0.636,Gl 162.1
19242,1285,61.85517,-42.91678,137.17,6.59,0.899,
19255,,61.89303,38.07454,20.383,7.13,0.865,
19261,1279,61.92492,15.16279,43.63,6.02,0.397,
19284,1280,61.99757,17.33990,123.15,5.89,1.497,
19298,,62.05462,43.19114,130.55,6.57,-0.011,
19301,,62.05971,44.66283,29.542,7.70,0.725,
19302,1277,62.06418,37.72749,44.092,6.07,0.943,49 Per
19331,1291,62.14108,-45.86480,53.135,6.58,0.386,
19335,1278,62.15246,38.03973,20.995,5.52,0.52,50 Per
19337,,62.15556,33.63704,13.446,10.18,1.495,Gl 162
19343,1273,62.16536,47.71251,146.2,3.96,-0.025,48 Per
19376,1284,62.25654,13.39828,124.53,5.94,0.052,
19388,1283,62.29152,19.60922,87.032,5.51,1.077,43Ome1Tau
19394,,62.31356,-53.37370,14.995,11.79,1.48,Gl 163
19398,1288,62.32431,-16.38587,200,5.45,-0.147,
19400,1276,62.34252,54.82886,44.444,6.25,0.448,
19402,,62.34333,73.57041,62.775,6.76,0.548,
19408,,62.35183,58.56012,63.816,7.08,0.345,
19411,,62.36343,6.72505,91.241,6.74,0.098,
19412,1270,62.36488,59.90807,427.35,6.29,1.112,
19422,,62.39566,69.54139,18.751,7.70,0.952,Gl 161
19428,,62.41186,31.65213,40.65,6.88,0.55,
19431,,62.42039,-7.89286,50.813,7.03,0.712,GJ 3264
19434,,62.42919,3.32270,62.383,6.49,0.443,
19454,1107,62.50128,86.62614,42.23,5.84,0.393,
19461,1230,62.51158,80.69868,116.41,5.10,0.589,
19467,,62.53081,-61.59895,40.967,7.16,0.551,
19480,,62.58863,39.22572,60.569,7.02,0.413,
19483,1290,62.59385,-6.92385,107.76,5.44,0.941,37 Eri
19504,,62.67650,18.42325,44.209,6.61,0.427,
19509,1299,62.69113,-35.27379,263.16,6.43,1.07,
19511,1293,62.69903,-8.81981,87.719,5.70,1.057,
19513,1287,62.70775,26.48095,62.933,5.39,0.352,44 Tau
19515,1302,62.71062,-41.99357,54.825,4.93,0.334,Del Hor
19525,1286,62.74592,33.58679,301.2,5.75,1.412,
19554,1292,62.83451,5.52305,36.982,5.71,0.36,45 Tau
19569,,62.88186,-0.42250,127.06,6.59,1.107,
19571,1300,62.90084,-20.35616,80.972,5.80,0.165,
19587,1298,62.96641,-6.83758,37.313,4.04,0.327,Beid
19590,,62.98391,-8.83748,158.48,6.45,0.95,
19601,,63.00114,-17.27473,110.13,6.41,0.968,
19611,,63.03864,0.73559,145.56,6.62,0.916,
19641,1295,63.13063,17.27746,105.04,6.09,1.081,
19666,,63.20016,-23.82118,243.31,6.61,1.644,
19672,1297,63.21353,22.41346,267.38,6.14,0.171,
19673,1282,63.21606,68.50115,115.61,6.33,1.169,
19677,,63.23433,-6.38832,100.2,6.76,1.074,
19690,,63.26371,-23.12834,89.686,6.78,0.351,
19718,1308,63.38021,8.89029,79.114,6.52,0.155,
19719,1309,63.38793,7.71605,36.337,5.29,0.366,46 Tau
19720,1307,63.39404,10.21246,132.28,6.24,0.021,
19721,1323,63.39883,-40.35776,291.55,6.36,1.468,
19725,1312,63.40896,-1.14974,220.26,6.45,-0.125,
19730,1281,63.43671,72.12615,144.93,6.05,1.019,
19736,1310,63.45765,12.75370,99.404,6.25,1.143,
19740,1311,63.48494,9.26382,101.73,4.84,0.799,47 Tau
19746,1301,63.49875,37.96715,151.29,6.47,1.029,
19747,1326,63.50044,-42.29437,35.261,3.85,1.085,Alp Hor
19758,,63.54018,-46.13244,45.126,6.77,0.577,
19767,,63.57620,12.34810,37.383,6.74,0.677,
19777,1318,63.59871,-10.25628,74.294,4.87,1.156,39 Eri
19780,1336,63.60606,-62.47386,49.554,3.33,0.915,Rhombus
19789,,63.62673,22.45187,58.139,7.05,0.424,
19796,,63.64308,10.70139,45.045,7.11,0.514,
19799,1315,63.65097,10.01141,119.9,5.22,-0.085,
19805,1340,63.70229,-62.19181,80.58,5.45,1.106,
19810,,63.71696,37.54267,154.56,6.31,0.958,
19811,1306,63.72214,40.48367,291.55,4.67,1.007,52 Per
19812,1303,63.72442,48.40933,276.24,4.12,0.935,51Mu Per
19820,,63.75121,-16.18073,65.66,6.94,0.78,
19823,1296,63.75748,57.46036,429.18,6.06,0.6,
19841,,63.80682,76.28801,26.247,8.19,0.84,GJ 3267
19849,1325,63.81806,-7.65287,4.9845,4.43,0.82,Keid
19855,1321,63.85745,6.19965,21.057,6.94,0.68,
19859,1322,63.87000,6.18686,21.331,6.32,0.57,
19860,1320,63.88358,8.89236,139.66,4.27,-0.054,49Mu Tau
19877,1319,63.94284,15.40070,45.413,6.31,0.4,48 Tau
19878,,63.94297,-23.23773,110.74,6.73,0.078,
19884,,63.98580,-53.30981,13.045,7.64,1.115,Gl 167
19893,1338,64.00645,-51.48665,20.462,4.26,0.312,Gam Dor
19911,,64.06872,7.15947,30.637,7.50,0.661,
19917,1357,64.08729,-60.94848,126.26,6.34,0.097,
19921,1355,64.12107,-59.30216,18.238,4.44,1.078,Eps Ret
19930,,64.13607,36.50182,26.624,8.25,0.918,
19949,1314,64.17957,53.61180,100.2,5.20,0.052,
19960,,64.20288,16.21439,138.12,6.57,1.101,
19968,1305,64.22313,61.84999,136.8,5.69,-0.116,
19983,1313,64.28370,57.86035,79.808,5.72,1.108,
19990,1329,64.31526,20.57859,28.944,4.93,0.259,50Ome2Tau
19996,1332,64.33010,-6.47218,232.02,5.95,1.078,
20004,,64.33785,57.17825,156.49,6.71,0.036,
20020,1372,64.41779,-63.25541,141.24,5.88,-0.061,The Ret
20039,,64.46600,80.53578,319.49,6.39,0.947,
20042,1347,64.47356,-33.79835,54.555,3.55,-0.108,41Ups4Eri
20049,1426,64.49664,-80.21403,129.87,5.67,0.836,Del Men
20063,1328,64.53378,42.14116,121.36,6.22,-0.072,
20070,1324,64.56084,50.29550,96.154,4.60,0.043,
20075,1345,64.56699,-20.71526,462.96,6.00,1.597,
20087,1331,64.59666,21.57930,54.054,5.64,0.277,51 Tau
20089,1334,64.60266,9.48716,161.81,6.54,0.165,
20106,1353,64.65621,-22.96972,89.847,6.09,0.302,
20109,1365,64.66669,-52.86010,72.046,6.08,0.489,
20138,1359,64.76203,-33.90462,102.04,6.36,0.132,
20156,1330,64.80508,50.04870,74.46,5.46,0.235,
20161,1364,64.81951,-44.26792,77.28,5.33,1.066,
20171,1339,64.85874,21.14231,82.781,5.50,-0.069,53 Tau
20186,1341,64.90293,21.77349,100,5.34,-0.107,56 Tau
20188,1349,64.90590,10.12144,210.97,6.31,1.428,
20205,1346,64.94834,15.62764,49.529,3.65,0.981,Prima Hyadum
20215,,64.97856,16.52259,46.533,6.85,0.509,
20219,1351,64.99043,14.03520,45.704,5.58,0.283,57 Tau
20231,1344,65.04145,31.95317,225.23,6.16,1.679,
20234,1333,65.04797,50.92093,332.23,5.55,-0.031,
20241,1337,65.06012,41.80807,123.15,5.95,0.962,
20250,1348,65.08841,27.35075,98.425,4.97,1.15,52Phi Tau
20252,1343,65.10267,34.56672,66.934,4.93,0.95,54 Per
20255,1354,65.10461,18.74261,48.309,6.11,0.404,
20257,,65.12043,-1.31639,94.877,6.78,0.284,
20261,1356,65.15129,15.09545,46.948,5.26,0.225,58 Tau
20263,1362,65.16101,-6.24599,61.275,6.15,0.901,
20264,1367,65.16255,-20.63962,145.77,5.38,-0.027,
20266,1327,65.16812,65.14044,97.943,5.26,0.82,
20268,1360,65.17185,6.13080,110.62,5.76,0.914,
20271,1363,65.17848,-7.59249,242.13,5.85,-0.124,
20281,1361,65.20449,9.22482,103.84,6.52,0.148,
20284,1358,65.21966,13.86443,47.416,6.15,0.456,
20297,1456,65.24182,-81.57992,52.056,5.78,0.359,Nu Men
20341,1366,65.36266,-0.09817,143.06,5.86,1.32,
20347,1374,65.38047,-25.72858,58.754,6.08,0.371,
20349,,65.38185,21.03988,52.247,6.79,0.434,
20350,,65.38444,18.41758,49.85,6.80,0.441,
20354,1350,65.38817,46.49888,155.52,4.80,-0.022,53 Per
20357,,65.39497,14.40979,52.383,6.60,0.412,
20360,,65.40631,-6.28417,210.53,6.45,0.056,
20372,,65.44027,-37.78184,227.27,6.53,1.388,
20373,,65.44296,2.39010,55.249,6.92,0.571,
20376,1335,65.44841,60.73562,136.8,5.40,1.497,
20380,1342,65.46588,56.50632,96.993,5.91,0.112,
20384,1395,65.47194,-63.38639,117.92,5.24,0.955,Eta Ret
20395,,65.50102,39.93396,54.555,7.02,0.616,
20400,1368,65.51465,14.07720,44.385,5.72,0.315,60 Tau
20417,1370,65.59472,20.82142,714.29,5.91,1.66,
20430,1369,65.64560,25.62931,89.286,5.38,-0.041,59Chi Tau
20440,,65.68404,15.05609,43.63,6.97,0.518,
20446,1485,65.71281,-82.89908,100.7,6.77,0.209,
20455,1373,65.73370,17.54251,47.71,3.77,0.983,Secunda Hyadum
20456,1352,65.74137,59.61618,142.05,6.18,0.108,
20465,1384,65.77364,-24.89216,153.61,5.81,1.507,
20467,1386,65.78232,-35.54481,282.49,6.38,1.242,
20472,,65.82019,11.37792,87.26,6.64,,
20484,1376,65.85441,16.77726,49.9,5.64,0.31,63 Tau
20491,,65.87664,24.40540,50.916,7.18,0.462,
20493,1375,65.88486,20.98204,170.07,6.00,0.029,
20498,1371,65.89921,42.42791,177.31,6.25,0.023,
20507,1383,65.92021,-3.74547,64.103,5.17,0.072,42Xi Eri
20522,1381,65.96594,9.46097,121.36,5.10,0.074,66 Tau
20533,1378,65.99901,24.30099,278.55,6.34,0.173,62 Tau
20535,1393,66.00920,-34.01685,90.826,3.97,1.468,Beemim
20541,,66.02262,53.49527,64.309,7.05,0.375,
20542,1380,66.02398,17.44413,49.48,4.80,0.154,64Del2Tau
20552,1405,66.05107,-57.07134,27.701,6.28,0.659,GJ 9155A
20558,,66.06034,12.15799,190.11,6.42,1.408,
20557,,66.06070,21.73624,44.267,7.13,0.518,
20561,,66.06650,-46.64485,61.843,7.06,0.472,
20567,,66.09279,17.07895,53.505,6.96,0.45,
20579,1377,66.12147,34.13076,137.36,5.73,-0.054,55 Per
20586,,66.13663,50.84517,46.642,6.87,0.456,
20591,1379,66.15606,33.95969,40.617,5.77,0.4,56 Per
20613,1398,66.23521,-34.75748,89.767,6.55,0.445,
20614,1385,66.23802,19.04201,50.531,5.97,0.378,
20619,1416,66.27229,-61.23819,215.05,5.94,1.533,
20630,1404,66.32964,-44.16090,36.887,6.38,0.457,
20635,1387,66.34233,22.29387,47.192,4.21,0.136,65Kap1Tau
20641,1388,66.35421,22.20000,45.393,5.27,0.25,67Kap2Tau
20648,1389,66.37242,17.92791,45.537,4.30,0.049,68Del3Tau
20661,1391,66.40548,15.94101,47.17,6.44,0.509,70 Tau
20673,,66.42436,-2.23244,42.735,7.25,0.2,
20698,,66.50562,4.37345,217.86,6.37,1.078,
20704,1390,66.52626,31.43891,77.64,5.29,0.986,
20711,1392,66.57691,22.81358,47.148,4.28,0.263,69Ups Tau
20713,1394,66.58641,15.61826,49.092,4.48,0.262,71 Tau
20715,1397,66.58792,8.59027,198.02,6.06,-0.01,
20727,,66.62715,-32.81630,54.764,6.81,0.386,
20732,1396,66.65156,14.71378,127.71,4.69,0.979,73Pi Tau
20735,,66.65706,-40.52938,127.23,6.70,0.078,
20761,,66.72172,-18.65615,70.175,7.00,0.551,
20765,1410,66.73721,-24.08132,97.656,6.11,0.143,
20771,1400,66.75291,2.07941,105.37,6.23,1.087,
20772,1382,66.75361,57.58529,228.31,6.28,0.063,
20776,1317,66.76209,80.82416,296.74,5.42,1.179,
20781,1418,66.77481,-46.94750,33.135,6.10,0.47,
20789,1399,66.82270,22.99634,115.87,5.53,-0.098,72 Tau
20800,,66.85284,46.85315,28.185,6.72,0.711,
20804,1402,66.86987,11.21230,180.18,5.87,0.049,
20825,1435,66.94182,-62.52121,109.77,5.74,1.005,
20836,,66.98070,-21.50406,100.7,6.75,0.505,
20842,1403,67.00325,21.61991,47.125,5.72,0.27,
20848,1413,67.01516,1.85861,94.251,6.14,1.018,
20854,,67.02988,-15.18033,67.935,6.69,0.827,
20856,1429,67.03944,-41.95983,364.96,6.41,1.614,
20860,1289,67.05539,83.80779,232.02,5.51,-0.106,
20873,1408,67.09750,14.74097,57.571,5.90,0.325,76 Tau
20877,1407,67.10988,16.35967,57.241,4.96,1.137,Shakata
20884,1415,67.13384,1.38082,117.37,5.53,-0.099,
20885,1411,67.14372,15.96218,47.326,3.84,0.952,77The1Tau
20889,1409,67.15414,19.18043,44.964,3.53,1.014,Ain
20892,1421,67.16265,-19.45887,94.518,5.95,1.215,
20894,1412,67.16558,15.87088,46.104,3.40,0.179,Chamukuy
20901,1414,67.20901,13.04760,48.852,5.02,0.215,79 Tau
20904,1406,67.21662,30.36149,51.6,6.38,0.547,
20916,,67.24903,16.15909,48.426,6.59,0.536,
20917,,67.25053,21.92270,11.392,8.30,1.363,Gl 169
20922,1423,67.27885,-13.04837,465.12,5.61,-0.202,
20933,,67.33264,27.40422,125.16,6.53,-0.016,
20934,1433,67.33363,-46.51527,122.55,6.13,1.062,
20935,,67.33563,17.54493,43.085,7.02,0.526,
20948,,67.37644,17.86316,46.404,6.90,0.451,
20974,,67.46635,69.37831,243.9,6.63,1.666,
20982,1304,67.50239,83.34038,94.251,5.47,0.855,
20985,1425,67.50954,10.26221,119.47,6.47,1.038,
20995,1422,67.53582,15.63784,45.83,5.58,0.324,80 Tau
20997,1431,67.54169,-13.59237,143.68,6.22,1.001,
21000,,67.55242,5.29882,10.676,9.83,0.6,
21008,,67.57487,19.84058,47.103,7.09,0.47,
21010,,67.58352,28.13189,38.565,6.51,0.722,
21029,1427,67.64013,16.19401,43.197,4.78,0.17,Gl 170.1
21036,1430,67.65567,13.72440,45.208,5.40,0.263,83 Tau
21038,1419,67.66003,32.45777,115.07,6.18,-0.026,
21039,1428,67.66203,15.69188,44.924,5.47,0.258,81 Tau
21042,1439,67.66805,-35.65350,120.48,5.95,1.005,
21053,,67.69497,16.14870,41.511,6.50,0.428,
21060,1443,67.70874,-44.95375,215.98,5.07,-0.194,Del Cae
21066,,67.73821,10.75177,44.703,7.03,0.472,
21078,,67.76700,6.79133,84.104,6.78,,
21082,,67.77996,15.10504,167.79,6.28,1.725,
21088,,67.79502,58.97707,5.5782,10.82,1.17,Gl 169.1A
21108,1424,67.85042,40.01019,369,6.25,0.009,
21110,1438,67.85772,-13.64422,112.87,6.25,0.086,
21137,1432,67.96565,15.85156,45.167,6.01,0.338,85 Tau
21139,1437,67.96944,-0.04401,201.21,4.91,1.32,45 Eri
21143,,67.98744,-12.63264,55.586,7.16,0.484,
21144,,67.98728,36.74269,116.01,6.35,1.089,
21148,1417,68.00768,53.91083,,5.78,0.119,1 Cam
21152,1436,68.02004,5.41003,43.497,6.37,0.42,
21158,,68.03295,21.63236,38.7,7.08,0.641,
21167,,68.07186,37.04324,43.554,6.80,0.47,
21172,,68.08946,-5.03901,36.483,7.61,0.683,
21192,1441,68.15648,-3.20954,145.77,5.76,-0.117,
21218,,68.27634,-12.54339,124.69,6.67,1.085,
21238,,68.34002,43.03192,70.771,6.80,0.213,
21239,1447,68.34203,-10.78533,227.79,6.06,1.379,
21242,1434,68.35376,43.06389,59.172,6.09,0.37,57 Per
21247,1401,68.37767,72.52860,101.73,5.94,0.306,
21248,1453,68.37735,-29.76649,38.956,4.49,0.972,50Ups1Eri
21249,,68.38182,-6.98808,185.53,6.60,1.204,
21251,1442,68.38770,18.01672,134.23,6.24,0.077,
21253,1475,68.39180,-62.82368,45.147,5.79,1.028,
21257,,68.40870,16.32334,76.923,6.58,0.188,
21258,,68.41035,-8.25566,186.57,6.63,-0.062,
21264,,68.43502,-5.30967,163.13,6.66,1.061,
21267,,68.44432,13.25188,44.663,6.62,0.429,
21269,1446,68.45073,9.41357,170.94,6.01,1.061,
21272,,68.45999,5.38502,27.086,7.92,0.779,GJ 9158
21273,1444,68.46214,14.84442,48.52,4.65,0.255,86Rho Tau
21276,,68.47637,64.63324,25.4,7.75,0.759,GJ 3295
21278,1449,68.47803,-6.73891,253.81,5.71,-0.128,46 Eri
21281,1465,68.49897,-55.04498,51.706,3.30,-0.079,Alp Dor
21284,,68.50502,-43.52470,22.416,8.81,1.106,GJ 1071
21295,1448,68.53445,5.56862,148.59,5.67,0.055,
21296,1451,68.54846,-8.23135,304.88,5.20,1.708,47 Eri
21297,1452,68.54904,-8.97026,233.1,5.24,1.465,
21298,1450,68.55913,-6.83781,219.78,6.09,1.384,
21323,1445,68.65830,28.96115,148.81,5.88,-0.048,
21324,,68.65892,-24.04050,113.12,6.37,1.137,
21327,,68.66046,-35.65805,28.098,7.61,0.776,GJ 3300
21363,1461,68.75295,-19.92138,108.7,6.12,1.174,
21369,,68.77236,57.42038,58.241,6.65,0.314,
21381,,68.82397,-24.53296,55.188,6.69,0.497,
21386,,68.85040,85.52703,37.509,6.55,0.529,
21393,1464,68.88768,-30.56234,65.574,3.81,0.957,Theemin
21402,1458,68.91358,10.16079,47.893,4.25,0.184,88 Tau
21408,1455,68.92734,19.88179,133.87,6.33,0.754,
21421,1457,68.98016,16.50930,20.433,0.87,1.538,Aldebaran
21426,,69.00228,55.51208,71.891,6.91,0.516,
21428,1462,69.00697,-3.61164,251.26,6.34,-0.1,
21436,,69.05815,21.53655,32.594,7.58,0.685,
21444,1463,69.07976,-3.35246,207.04,3.93,-0.21,48Nu Eri
21452,1440,69.10090,64.26160,135.14,5.91,-0.009,
21459,1459,69.12138,23.34086,47.529,6.01,0.38,
21468,,69.15806,36.95279,133.16,6.62,1.23,
21474,,69.16966,15.86933,45.662,6.64,0.442,
21476,1454,69.17262,41.26481,244.5,4.25,1.171,58 Per
21479,1492,69.19015,-62.07715,54.615,5.59,1.5,
21482,,69.20094,27.13219,17.966,8.10,1.104,Gl 171.2A
21486,1476,69.21222,-30.71678,127.39,6.28,-0.095,
21515,1469,69.30698,0.99831,261.1,5.32,-0.107,
21517,,69.31158,18.54303,416.67,6.49,0.81,
21525,,69.33025,-41.87294,118.76,6.40,0.167,
21547,1474,69.40054,-2.47355,29.429,5.22,0.283,51 Eri
21553,,69.42006,52.89361,10.11,8.62,1.423,Gl 172
21556,,69.42445,-11.03888,11.099,10.34,1.505,Gl 173
21571,,69.46743,60.67620,30.248,7.76,0.71,
21585,,69.53157,-58.20381,171.53,6.61,0.932,
21588,1472,69.53934,16.03329,49.826,5.78,0.312,89 Tau
21589,1473,69.53942,12.51084,47.081,4.27,0.122,90 Tau
21594,1481,69.54510,-14.30402,33.681,3.86,1.082,Sceptrum
21604,1471,69.56596,20.68472,101.11,5.85,-0.019,
21611,1531,69.59058,-77.65600,157.73,6.05,1.08,
21619,1470,69.62296,26.93926,62.578,6.56,0.344,
21644,1483,69.72315,-12.12312,71.327,4.99,0.074,
21666,1498,69.76791,-51.67275,214.13,6.45,1.321,
21670,1480,69.77565,7.87098,49.164,5.38,0.257,
21673,1478,69.78840,15.79985,45.086,5.08,0.141,91Sig1Tau
21683,1479,69.81874,15.91798,47.687,4.67,0.147,92Sig2Tau
21685,1487,69.83213,-14.35919,60.132,5.46,1.054,
21689,1477,69.84645,25.21827,106.27,6.21,0.176,
21718,1488,69.94675,-1.05246,219.78,6.11,0.943,
21727,1467,69.97785,53.07953,129.53,5.07,1.079,3 Cam
21730,1466,69.99189,53.47302,44.464,5.36,0.331,2 Cam
21735,1484,70.01424,12.19761,127.71,5.45,-0.121,93 Tau
21743,1495,70.02836,-24.48237,107.41,5.56,0.926,
21749,,70.04594,40.78901,76.864,6.58,0.425,
21756,1504,70.07391,-58.94391,30.6,6.53,0.677,Gl 175A
21760,,70.09449,29.97223,87.184,6.80,0.393,
21763,1496,70.11047,-19.67149,112.99,4.32,1.599,54 Eri
21770,1502,70.14059,-41.86375,20.165,4.44,0.342,Alp Cae
21818,,70.32861,20.90151,13.189,8.09,1.092,Gl 174
21819,1490,70.33233,28.61499,116.96,5.73,0.018,
21823,1482,70.35048,48.30088,90.909,5.66,0.002,
21832,,70.40086,42.11847,27.571,7.29,0.633,
21837,,70.42513,-12.47579,172.12,6.64,0.127,
21843,,70.44240,-47.25979,75.472,6.77,0.745,
21847,1489,70.45924,38.28018,31.867,5.97,0.593,
21861,1503,70.51448,-37.14430,28.67,5.04,0.391,Bet Cae
21881,1497,70.56126,22.95693,122.1,4.27,-0.112,Gaja
21882,,70.56255,9.63382,83.893,6.76,0.354,
21914,1516,70.69349,-50.48133,114.81,5.30,0.977,Lam Pic
21915,,70.69838,38.42663,72.78,6.66,0.291,
21923,,70.71543,18.72043,43.497,7.12,0.677,
21928,1494,70.72633,43.36514,73.965,5.30,0.028,59 Per
21932,,70.73231,18.95817,9.2739,9.95,1.523,Gl 176
21942,,70.74711,14.81457,144.72,6.69,0.904,
21949,1541,70.76646,-70.93103,150.6,5.53,-0.114,Mu Men
21958,1509,70.78873,-30.76556,196.85,5.66,1.391,
21960,,70.80693,-54.59343,27.345,7.61,0.746,
21961,1499,70.80732,24.08892,48.263,6.18,0.544,95 Tau
21966,1486,70.82403,59.52113,150.83,6.51,0.239,
21972,1493,70.83997,49.97379,209.64,5.86,0.013,
21986,1505,70.89477,-8.79432,653.59,5.98,0.645,55 Eri
21988,,70.89764,27.68740,21.925,8.00,0.907,Gl 176.2
21998,1518,70.93446,-41.06479,226.76,6.24,1.468,
21999,,70.93493,-52.26329,139.28,6.62,0.374,
22003,1501,70.95102,32.86546,60.205,6.49,0.311,
22006,,70.95660,-48.32697,42.105,6.90,0.498,
22024,1508,71.02217,-8.50357,,5.78,-0.076,56 Eri
22028,1513,71.03325,-18.66659,93.809,5.53,0.025,
22034,1500,71.05424,40.78645,187.62,6.09,0.04,
22040,1530,71.08808,-59.73273,67.024,5.28,0.206,Kap Dor
22041,,71.08926,48.17576,122.55,6.78,1.269,
22044,1507,71.10762,11.14614,45.83,5.39,0.251,
22055,,71.14754,38.25499,61.387,6.74,0.778,
22081,1540,71.24128,-63.22971,148.81,6.46,1.077,
22086,1521,71.26734,-21.28338,218.34,5.72,1.476,
22093,,71.31067,79.65693,157.48,6.67,0.016,
22109,1520,71.37562,-3.25466,160,4.01,-0.148,57Mu Eri
22122,,71.41136,-50.07423,20.864,7.58,0.875,Gl 176.3
22128,1512,71.42694,23.62800,210.53,6.34,0.058,
22144,1526,71.48109,-39.35662,97.276,6.04,1.065,
22152,1468,71.50179,76.61104,32.321,6.46,0.512,
22157,1519,71.50725,11.70559,72.15,5.35,0.197,
22175,,71.56874,3.26878,32.755,7.81,0.679,
22176,1517,71.57011,18.73469,80.192,5.99,1.221,
22189,1522,71.60068,-2.95453,99.108,6.33,0.041,
22192,1525,71.60728,-28.08744,56.18,6.18,0.189,
22196,,71.61217,42.34856,67.069,6.53,0.704,GJ 3312
22220,1514,71.68532,40.31259,132.8,5.99,0.934,
22221,,71.68991,9.01742,39.793,7.24,0.56,
22263,1532,71.90120,-16.93446,13.277,5.49,0.632,58 Eri
22279,,71.95638,53.30109,126.58,6.77,0.452,
22280,1539,71.95656,-30.02037,131.75,6.35,1.071,Zet Cae
22287,1511,72.00104,56.75718,52.77,5.29,0.246,4 Cam
22300,1515,72.02913,55.60261,52.356,6.32,0.32,
22309,,72.07947,29.23573,80.257,6.89,0.461,
22312,,72.08115,67.76330,68.681,7.00,0.32,
22319,,72.11523,2.71534,49.237,6.51,0.846,
22325,1538,72.13555,-16.32948,41.719,5.76,0.537,59 Eri
22336,1536,72.15161,-5.67404,26.42,5.77,0.631,
22349,,72.17556,18.70943,29.78,6.95,0.618,
22354,1534,72.18594,3.58853,210.53,6.04,1.2,
22361,1491,72.20952,75.94122,47.059,5.96,0.283,
22393,1529,72.30353,31.43737,65.833,5.57,1.132,
22407,1528,72.32947,32.58819,83.752,5.84,0.25,
22431,,72.40418,-53.88152,29.869,7.64,0.846,
22439,1545,72.42603,-13.76967,33.807,6.27,0.456,
22441,1537,72.43368,15.90422,333.33,6.09,1.551,96 Tau
22449,1543,72.46004,6.96128,8.0684,3.19,0.484,Tabit
22451,,72.46806,-35.10763,17.746,7.49,0.901,GJ 3317
22453,1533,72.47769,37.48828,154.32,4.89,1.447,
22479,1549,72.54840,-16.21716,72.307,5.03,0.992,60 Eri
22488,1557,72.56742,-41.32085,52.549,6.06,0.408,
22496,,72.59970,17.20266,49.875,7.10,0.563,
22500,,72.61813,-38.55995,54.466,7.18,0.526,
22508,1510,72.65162,70.94153,207.04,6.36,-0.069,
22509,1544,72.65301,8.90018,68.823,4.35,0.01,2Pi 2Ori
22520,,72.68912,1.14776,113.77,6.66,0.073,
22531,1563,72.73059,-53.46151,41.563,5.58,0.341,Iot Pic
22534,1564,72.73554,-53.45970,38.536,6.42,0.483,Iot Pic
22545,1535,72.78891,48.74068,97.182,5.64,1.013,
22549,1552,72.80151,5.60510,322.58,3.68,-0.157,3Pi 4Ori
22550,,72.80222,11.06803,46.882,6.79,0.543,
22563,,72.83679,-68.06965,55.402,6.81,0.615,
22565,1547,72.84359,18.83986,51.256,5.08,0.214,Lembu
22570,,72.86261,-51.72556,515.46,6.55,0.73,
22573,1559,72.86755,-34.90629,82.169,5.82,0.105,
22576,,72.87267,35.81514,31.646,6.78,0.717,
22596,,72.93109,45.83416,30.184,6.94,0.586,GJ 9168
22597,1553,72.93077,9.97508,186.92,6.11,0.06,
22607,,72.95828,13.65516,40.717,6.30,0.502,
22611,,72.97598,-34.23866,59.347,6.68,0.533,
22616,,72.98826,9.87270,49.801,6.82,0.423,
22626,1527,73.02163,63.50542,152.91,5.47,1.559,
22627,,73.02385,6.47654,12.288,11.94,1.59,Gl 179
22633,,73.04395,31.16417,64.683,6.71,0.875,
22650,,73.08958,45.93991,69.3,6.69,0.558,
22667,1556,73.13317,14.25064,199.6,4.71,1.773,4Omi1Ori
22678,1551,73.15827,36.70319,184.5,4.79,1.414,2 Aur
22697,1554,73.19631,27.89748,106.38,5.97,0.368,
22699,1550,73.19900,42.58663,138.89,5.68,0.115,
22701,1560,73.22362,-5.45270,72.046,4.36,0.257,61Ome Eri
22703,,73.23267,75.71010,59.488,7.10,0.74,
22717,1606,73.27379,-72.40768,32.447,6.28,0.521,
22720,1546,73.29078,52.84116,137.36,6.40,0.068,
22730,1562,73.34489,2.50822,181.16,5.33,1.632,5 Ori
22737,1598,73.37705,-66.67541,366.3,6.43,1.64,
22738,,73.37977,-55.86031,11.109,10.73,1.58,GJ 2036A
22743,,73.39209,23.31566,125.47,6.55,1.036,
22744,,73.39484,36.80582,155.28,6.69,1.039,
22754,,73.41552,61.48172,187.27,6.64,0.203,
22762,,73.45820,-17.77342,12.118,10.90,1.547,Gl 180
22774,1565,73.48252,1.56937,201.61,6.61,0.042,
22776,,73.48421,36.75743,28.217,7.77,0.747,
22783,1542,73.51254,66.34268,,4.26,-0.008,9Alp Cam
22787,,73.51747,-35.40452,25.164,7.60,0.792,GJ 3319
22797,1567,73.56289,2.44067,411.52,3.71,-0.179,8Pi 5Ori
22812,,73.61657,-3.22592,124.53,6.52,0.458,
22826,,73.68189,12.35220,50.302,7.13,0.583,
22833,1569,73.69540,11.42601,69.979,5.18,0.121,6 Ori
22834,1571,73.69909,7.77910,147.71,5.33,1.214,
22840,1574,73.71129,0.46717,222.22,5.98,-0.116,
22842,1558,73.71350,44.06086,95.602,6.06,-0.032,
22844,1597,73.72075,-58.54765,30.404,6.11,0.442,
22845,1570,73.72386,10.15083,35.663,4.64,0.085,7Pi 1Ori
22847,1584,73.72839,-39.62861,377.36,6.11,1.423,
22850,1566,73.74316,19.48539,64.35,6.36,0.292,
22854,1555,73.76306,55.25911,190.11,5.52,0.015,5 Cam
22860,1579,73.77843,-16.74067,145.14,5.71,0.953,
22871,1629,73.79648,-74.93685,204.92,5.47,1.518,Eta Men
22881,1581,73.82770,-16.41777,85.324,5.71,0.874,
22897,1583,73.87575,-25.72776,91.912,6.71,0.271,
22905,,73.90994,-23.24188,38.565,7.49,0.606,
22907,,73.92456,-28.56391,17.886,8.13,1.072,GJ 2037
22913,1576,73.95897,15.04028,111.48,5.79,-0.085,
22919,,73.98284,4.67043,34.916,7.02,0.561,GJ 9169A
22923,1578,73.99313,5.39902,131.06,6.50,0.025,
22926,,74.00429,1.62519,82.576,6.88,0.246,
22936,1561,74.02948,52.86976,129.7,5.75,0.105,
22938,,74.03738,7.90470,59.916,6.42,0.415,
22949,1575,74.06491,24.59222,42.699,6.33,0.351,
22955,1573,74.08370,36.16854,,6.10,0.352,
22957,1580,74.09282,13.51447,57.013,4.06,1.158,9Omi2Ori
22958,1582,74.10078,-5.17136,227.27,5.50,-0.123,62 Eri
23015,1577,74.24841,33.16609,151.29,2.69,1.49,Hassaleh
23020,,74.26038,49.92207,60.606,6.95,0.395,
23029,,74.28114,-58.06964,102.25,6.81,0.425,
23033,,74.28983,59.12031,292.4,6.55,1.663,
23041,1591,74.32162,-1.06726,84.388,6.25,0.423,
23040,1568,74.32170,53.75210,114.03,4.43,-0.017,7 Cam
23043,1585,74.34309,17.15368,146.2,5.51,1.304,
23060,1595,74.43618,-14.23192,416.67,6.15,-0.202,
23068,1586,74.45269,23.94856,139.66,5.79,1.109,99 Tau
23088,1590,74.53912,25.05041,87.184,5.79,0.018,98 Tau
23090,,74.54350,-16.78018,128.7,6.67,0.102,
23092,1596,74.54547,-2.21274,133.33,6.34,0.11,
23100,,74.55409,40.05687,48.781,7.21,0.496,
23105,,74.57077,0.45396,34.435,7.20,0.705,
23116,,74.60916,-3.73289,50.839,6.97,0.516,
23117,,74.61862,37.32904,58.789,6.74,0.335,
23123,1601,74.63709,1.71402,289.86,4.47,1.369,10Pi 6Ori
23147,,74.71058,49.84929,16.311,9.80,1.413,Gl 181
23148,1716,74.71243,-82.47051,113.12,5.84,0.932,Xi Men
23161,1600,74.74755,14.54324,349.65,6.14,0.156,
23166,1604,74.75570,-16.37603,40.469,5.65,0.447,
23179,1592,74.81418,37.89025,52.274,4.93,0.037,4Ome Aur
23183,,74.83003,-32.23918,124.69,6.70,1.295,
23204,,74.90266,25.93585,48.828,7.29,0.803,
23213,,74.92821,41.87320,91.827,6.66,0.952,
23214,,74.93467,15.91673,40.816,6.75,0.45,
23216,1588,74.94306,53.15545,176.37,6.09,1.462,8 Cam
23221,1608,74.96022,-10.26333,53.967,5.39,0.797,63 Eri
23231,1611,74.98224,-12.53742,88.968,4.78,0.267,64 Eri
23251,1682,75.05532,-78.30001,273.97,6.29,1.517,
23261,1599,75.07643,39.39470,59.737,5.95,0.415,5 Aur
23265,1523,75.08633,81.19409,117.79,5.09,1.304,
23268,1602,75.09673,39.65465,336.7,6.46,1.677,6 Aur
23286,,75.14081,14.38381,37.764,6.75,0.673,
23287,1610,75.14139,3.61575,34.153,6.65,-0.053,
23296,1613,75.16587,-2.06603,49.603,6.31,0.293,
23310,,75.19689,4.56764,111.11,6.69,1.032,
23311,1614,75.20417,-5.75368,8.7078,6.22,1.049,Gl 183
23362,1621,75.35658,-20.05192,60.68,4.91,-0.047,
23364,1617,75.35977,-7.17396,226.76,4.80,-0.164,65Psi Eri
23377,1631,75.39386,-39.71805,111.86,6.02,0.893,
23380,1593,75.40014,61.07800,35.6,6.03,0.448,
23395,,75.43449,26.67117,40.601,6.79,0.506,
23408,1618,75.45981,0.72211,145.14,5.91,1.267,
23416,1605,75.49223,43.82331,653.59,3.03,0.537,Almaaz
23419,1619,75.50010,1.60886,187.27,6.45,-0.05,
23422,,75.50408,-5.50105,88.417,6.64,0.365,
23425,,75.52299,69.16027,60.06,7.12,0.446,
23430,1628,75.54090,-26.27503,71.48,5.01,1.056,
23437,,75.57117,-56.08054,22.482,7.02,0.636,Gl 186.1A
23442,1572,75.58248,74.26937,208.77,6.05,1.562,
23443,,75.58461,13.91024,39.355,7.51,0.615,
23446,1635,75.59502,-31.77133,95.511,5.92,1.17,
23452,,75.61845,-21.25664,8.5771,8.31,1.43,Gl 185A
23453,1612,75.61951,41.07584,240.96,3.69,1.154,Saclateni
23467,1677,75.67919,-71.31430,243.31,5.30,0.996,Bet Men
23474,1634,75.68742,-22.79505,143.47,5.74,1.188,1 Lep
23475,1625,75.68915,-4.21012,91.912,5.86,1.212,
23482,1649,75.70291,-49.15141,26.076,5.37,0.421,Eta1Pic
23484,1594,75.70991,66.82297,27.762,6.20,0.509,
23497,1620,75.77394,21.58996,52.966,4.62,0.155,102Iot Tau
23511,1615,75.82765,41.44165,609.76,6.11,0.188,
23512,,75.83371,-17.37354,9.2073,11.71,1.661,GJ 3325
23518,,75.84747,53.12847,13.622,9.96,1.389,Gl 184
23522,1603,75.85455,60.44224,267.38,4.03,0.921,10Bet Cam
23530,,75.87795,63.07817,32.31,7.63,0.66,
23551,1640,75.96719,-14.37023,568.18,6.42,-0.187,
23554,1645,75.97196,-24.38815,58.173,5.61,0.094,
23555,1651,75.97479,-41.74495,31.746,6.30,0.528,
23582,1587,76.05324,73.76389,473.93,6.21,1.609,
23583,1626,76.06068,30.49459,180.83,6.14,1.208,
23585,,76.06743,45.77935,61.275,6.51,0.223,
23589,1633,76.08995,21.27793,148.59,6.20,1.324,
23595,1652,76.10160,-35.48298,55.586,4.55,1.177,Gam1Cae
23596,1653,76.10896,-35.70511,98.328,6.32,0.311,Gam2Cae
23607,1638,76.14229,15.40410,111.98,4.65,-0.064,11 Ori
23611,1627,76.15381,32.32027,97.276,6.59,0.277,
23614,1632,76.15818,27.69602,101.83,6.62,0.238,
23617,1589,76.16524,74.06695,171.23,6.10,0.018,
23621,,76.17419,14.85903,90.58,6.78,0.139,
23627,,76.19818,-11.69903,41.477,7.20,0.618,
23643,1646,76.22720,-3.03967,357.14,6.04,-0.117,
23649,1663,76.24164,-49.57784,136.05,5.05,1.484,Eta2Pic
23653,1667,76.25253,-54.40740,253.16,6.26,1.554,
23668,1655,76.31748,-26.15239,76.219,5.71,1.166,
23680,1648,76.34882,1.17763,377.36,6.10,3.332,
23684,,76.36369,46.91638,271.74,6.60,0.888,
23685,1654,76.36527,-22.37103,65.402,3.19,1.46,Ping
23693,1674,76.37780,-57.47270,11.646,4.71,0.526,Zet Dor
23695,1642,76.38375,19.80672,137.74,6.48,0.219,
23708,,76.44746,-57.55383,11.659,8.98,1.386,GJ 1075
23712,,76.47255,26.42993,230.41,6.60,0.113,
23724,1639,76.50384,35.93639,105.6,6.49,0.184,
23730,,76.52526,68.97257,83.893,6.68,0.391,
23734,1622,76.53524,58.97237,210.08,5.22,-0.08,11 Cam
23737,1700,76.53862,-73.03767,134.95,6.26,0.01,
23743,1623,76.55058,59.02134,218.82,6.08,1.112,12 Cam
23766,1624,76.62368,61.16976,143.88,6.00,1.38,
23767,1641,76.62870,41.23447,74.627,3.18,-0.148,Haedus
23776,,76.64745,-77.56747,37.566,7.32,0.652,
23777,1661,76.65309,-13.12262,113.64,6.04,-0.03,
23783,1637,76.66934,51.59772,26.288,4.98,0.343,9 Aur
23786,,76.67589,14.44623,23.674,7.74,0.804,GJ 3330
23794,1657,76.69022,-4.65516,94.697,5.12,-0.059,66 Eri
23799,1644,76.70649,43.17471,238.1,6.20,0.444,
23816,,76.78612,-17.29992,50.607,7.04,0.506,
23818,,76.79064,-19.39187,38.432,6.47,0.648,
23824,,76.82644,-83.85990,48.054,6.80,0.573,
23831,1665,76.85400,-12.49127,36.697,5.97,0.606,
23835,1656,76.86246,18.64505,15.434,4.91,0.657,104 Tau
23840,1695,76.89174,-63.39968,173.31,5.19,1.646,
23852,1662,76.90964,9.47178,27.67,6.15,0.625,13 Ori
23871,1658,76.95167,20.41838,58.106,5.28,0.118,106 Tau
23874,,76.95753,-12.59266,257.07,6.33,1.617,
23875,1666,76.96243,-5.08645,27.397,2.78,0.161,Cursa
23879,1664,76.97038,8.49843,64.641,5.33,0.338,14 Ori
23883,1660,76.98099,21.70482,331.13,5.84,0.168,105 Tau
23884,,76.98237,26.32796,36.39,7.60,0.664,
23896,,77.02077,7.89840,113.77,6.66,0.98,
23900,1659,77.02760,24.26517,458.72,5.50,0.03,103 Tau
23908,,77.05524,-15.09535,208.77,6.38,0.889,
23910,1680,77.06140,-35.71828,149.03,6.51,1.087,
23916,1671,77.08413,-8.66532,208.77,5.80,-0.059,
23926,,77.12467,-41.21368,53.505,6.75,0.662,
23932,,77.14596,-18.17205,9.2721,10.28,1.52,Gl 190
23941,1673,77.18208,-4.45621,25.458,5.11,0.455,68 Eri
23949,,77.21013,19.85986,137.93,6.51,0.903,
23957,,77.23396,3.21872,183.49,6.51,0.141,
23964,,77.26830,49.12190,114.29,6.64,0.19,
23972,1679,77.28660,-8.75408,248.76,4.25,-0.187,69Lam Eri
23983,1672,77.33184,9.82958,54.705,5.43,0.249,16 Ori
23995,,77.37396,-2.13502,130.38,6.59,1.018,
24003,1636,77.40272,69.63940,120.63,6.43,1.101,Mago
24009,,77.41755,62.47971,82.988,6.63,0.251,
24010,1676,77.42481,15.59723,165.02,4.81,0.313,15 Ori
24016,,77.43202,29.79863,52.966,6.67,0.526,
24017,1647,77.43550,64.91949,39.825,6.37,0.448,
24019,1670,77.43786,28.03046,52.604,5.93,0.311,
24041,1681,77.51359,-0.56532,99.701,6.11,1.098,
24046,,77.51607,27.55651,40.032,6.97,0.505,
24059,,77.54337,13.54837,64.641,6.69,0.381,
24072,1669,77.57836,37.30185,485.44,6.02,0.72,
24108,,77.67780,63.59721,86.133,6.74,0.301,
24109,1668,77.67878,46.96207,48.685,5.67,0.452,
24114,1694,77.68579,-25.91046,232.02,6.40,1.246,
24130,1685,77.74178,-2.25411,46.795,6.24,0.984,
24162,1687,77.82990,-2.49078,37.622,5.89,0.462,
24169,1693,77.84529,-11.84909,149.03,5.60,1.35,
24172,,77.86479,30.80533,189.04,6.62,1.165,
24186,,77.91253,-45.01842,3.9114,8.86,1.543,Kapteyn's Star
24189,1699,77.89932,-37.39528,409.84,6.57,1.653,
24193,,77.90964,29.90358,321.54,6.42,1.752,
24197,1684,77.92319,16.04567,105.26,5.18,1.525,
24203,1691,77.93896,1.03703,195.31,5.88,0.662,
24205,,77.94354,4.40354,28.369,7.00,0.588,
24210,,77.97603,-9.11316,28.265,8.04,0.799,
24221,,78.01263,-65.17571,61.463,7.03,0.431,
24244,1696,78.07460,-11.86922,71.073,4.45,-0.099,3Iot Lep
24254,1643,78.09355,73.94667,115.87,5.44,-0.108,
24256,1815,78.10710,-81.54173,216.45,6.51,1.107,
24284,,78.17589,19.66565,12.293,10.82,1.55,Gl 192
24294,1697,78.20054,-6.05719,143.88,5.90,0.96,
24305,1702,78.23292,-16.20547,57.013,3.29,-0.11,Bade
24313,1675,78.26176,61.85004,131.75,6.17,0.032,
24327,1705,78.30783,-12.94129,223.21,4.36,-0.094,4Kap Lep
24331,1698,78.32285,2.86126,107.3,4.46,1.166,17Rho Ori
24332,,78.32278,37.33731,26.116,6.48,0.542,
24340,1689,78.35717,38.48450,46.904,4.82,0.189,11Mu Aur
24344,,78.36616,-55.56890,52.111,7.11,0.636,
24348,1678,78.38030,62.69113,79.302,6.49,0.204,14 Cam
24349,1701,78.38148,1.96768,212.31,6.08,0.421,
24372,1744,78.43932,-67.18525,150.6,4.81,1.274,The Dor
24377,1703,78.44689,0.56042,307.69,6.33,1.463,
24384,1727,78.47223,-52.03075,189.04,6.03,1.392,
24394,1710,78.49979,-14.60687,76.746,6.22,0.377,
24419,,78.58355,-15.82663,29.061,7.43,0.719,Gl 193
24426,1721,78.62019,-35.97700,152.44,5.75,1.009,
24436,1713,78.63447,-8.20164,264.55,0.18,-0.03,Rigel
24440,1650,78.64807,76.47276,132.63,6.36,-0.011,
24447,,78.66432,31.40193,152.21,6.63,1.007,
24450,1709,78.68353,5.15615,149.03,5.50,1.369,
24451,1692,78.68447,53.21395,,6.16,0.084,
24479,1688,78.79746,59.40569,109.05,6.15,1.179,
24493,1717,78.82708,-1.40904,46.904,6.15,0.401,
24505,1723,78.85155,-26.94351,85.251,5.06,-0.067,
24504,1706,78.85165,32.68760,87.566,5.01,0.222,14 Aur
24507,,78.85362,-73.58848,111.48,6.49,0.15,
24512,1711,78.86523,22.28486,214.59,6.26,0.075,108 Tau
24520,1742,78.91170,-52.18218,232.56,6.48,1.213,
24528,,78.93292,-22.89436,74.571,6.76,0.14,
24532,1730,78.94605,-34.92668,112.11,6.66,0.153,
24555,1718,79.01722,11.34135,135.87,5.52,-0.012,18 Ori
24560,,79.04400,-11.35255,228.31,6.45,0.67,
24575,1712,79.07562,34.31232,574.71,5.99,0.199,
24607,1724,79.17101,1.94733,166.67,6.42,-0.015,
24608,1708,79.17225,45.99799,13.123,0.08,0.795,Capella
24618,1731,79.20109,-17.14234,371.75,6.55,-0.15,
24658,,79.36485,60.18168,53.107,6.96,0.458,
24659,1743,79.37117,-34.89521,32.447,4.81,0.987,Omi Col
24663,,79.37980,20.13184,81.103,6.69,0.523,
24665,,79.38240,24.00968,77.34,6.85,1.061,
24674,1735,79.40163,-6.84441,151.52,3.59,-0.115,20Tau Ori
24679,1737,79.41768,-13.51983,49.02,5.48,0.932,
24681,,79.42074,7.35334,46.468,7.31,0.661,
24727,1726,79.54402,33.37161,71.225,4.54,1.252,16 Aur
24732,1683,79.55520,73.26807,111.23,5.81,-0.023,
24738,1722,79.56538,42.79211,172.71,5.55,1.492,
24740,1728,79.57873,33.76735,122.1,6.15,-0.043,17 Aur
24771,1725,79.66801,40.46512,223.71,6.22,1.386,
24783,,79.69665,-21.39376,19.889,9.35,1.298,Gl 199A
24786,1747,79.71025,-18.13005,25.025,5.96,0.572,Gl 198
24799,1732,79.75011,33.74839,126.74,5.38,-0.167,
24813,1729,79.78493,40.09905,12.631,4.69,0.63,15Lam Aur
24817,1746,79.79675,2.59581,61.958,5.34,0.412,21 Ori
24819,,79.80275,-3.07381,15.449,7.77,1.051,Gl 200A
24820,1741,79.81122,20.13460,120.34,6.12,1.02,
24822,1739,79.81917,22.09649,75.815,4.96,0.937,109 Tau
24825,1753,79.82265,-18.51992,263.16,6.37,-0.134,
24827,1754,79.82630,-18.50956,244.5,6.53,-0.1,
24829,1767,79.84220,-50.60597,35.714,5.44,0.517,Zet Pic
24831,1758,79.84869,-27.36888,134.05,5.98,-0.022,
24832,1734,79.84891,33.98542,68.587,6.49,0.256,18 Aur
24836,1719,79.86606,58.11736,240.96,6.13,-0.031,15 Cam
24845,1756,79.89386,-13.17679,261.1,4.29,-0.235,6Lam Lep
24847,1748,79.89702,-1.41189,219.3,6.33,-0.105,
24864,,79.95434,2.51361,38.11,7.00,0.531,
24873,1757,79.99593,-12.31559,102.25,5.29,-0.104,7Nu Lep
24877,,80.00298,32.78560,58.072,7.00,0.579,
24879,1740,80.00383,33.95805,636.94,5.05,0.287,19 Aur
24881,1733,80.00965,44.42538,247.52,6.49,1.331,
24902,1738,80.06114,41.08621,84.962,5.46,0.122,
24906,,80.07623,19.57823,185.87,6.65,-0.026,
24909,1766,80.08629,-34.69886,160.51,6.34,0.318,
24914,1720,80.09423,62.65371,628.93,5.64,1.728,
24925,1759,80.11003,-5.36753,281.69,6.40,-0.047,
24927,1762,80.11217,-21.23976,127.55,4.70,-0.048,
24948,,80.15967,71.71468,150.15,6.57,0.926,
24951,1736,80.16318,46.96378,273.22,6.54,0.582,
24955,,80.16953,66.74688,118.2,6.39,0.921,
24960,,80.18233,2.54478,144.09,6.43,1.041,
24967,,80.21769,2.92887,125,6.77,0.256,
24971,,80.22177,9.72465,70.175,6.62,0.155,
24977,1755,80.23590,19.81435,168.63,6.20,1.229,
24984,1750,80.24723,27.95726,166.11,6.35,0.039,
25001,1752,80.30286,29.56988,88.574,5.66,0.06,
25007,1772,80.32026,-34.34505,440.53,6.05,-0.176,
25008,,80.32225,54.25254,145.99,6.63,1.16,
25011,1761,80.33044,4.01195,280.9,6.49,-0.089,
25028,1764,80.38267,-0.41649,307.69,5.68,-0.125,
25041,1763,80.43150,8.42856,436.68,5.78,-0.114,
25044,1765,80.44062,-0.38246,284.9,4.72,-0.168,22 Ori
25045,1771,80.44273,-24.77298,107.87,5.06,0.662,
25048,1749,80.45172,41.80457,162.34,5.22,-0.129,20Rho Aur
25053,1769,80.46246,-13.75568,233.1,6.62,-0.082,
25059,,80.48046,-17.60363,136.43,6.47,1.206,
25082,,80.54670,5.39530,56.657,7.01,0.516,
25094,,80.58183,59.27791,30.441,7.09,0.75,
25098,1801,80.59229,-56.13440,194.55,6.10,-0.091,Kap Pic
25110,1686,80.64054,79.23115,20.886,5.08,0.506,Gl 196
25119,,80.65622,2.60319,20.227,7.76,0.98,
25142,1770,80.70834,3.54445,476.19,4.99,-0.096,23 Ori
25143,1760,80.70966,41.02926,89.686,5.54,0.127,
25180,1785,80.79998,-26.70543,49.975,6.49,0.505,
25187,1778,80.82712,-8.41559,122.7,5.99,-0.037,
25192,1768,80.84529,28.93676,162.6,6.45,-0.04,22 Aur
25194,1793,80.85009,-39.67842,199.2,5.73,1.626,
25197,1751,80.86598,57.54440,103.09,5.24,-0.011,16 Cam
25202,1783,80.87565,-13.92735,505.05,5.25,-0.219,8 Lep
25205,1777,80.87944,5.32309,84.746,6.34,0.123,
25216,1774,80.90711,16.69930,124.84,6.09,0.141,110 Tau
25220,,80.90990,17.32412,14.085,7.93,1.104,Gl 201
25223,1781,80.92629,-0.15982,268.82,5.69,-0.208,
25240,1782,80.96388,-0.86662,55.71,6.13,0.483,
25247,1784,80.98678,-7.80807,48.239,4.13,0.943,29 Ori
25278,1780,81.10607,17.38353,14.386,5.00,0.544,111 Tau
25280,1792,81.11871,-16.97578,68.259,5.64,-0.001,
25281,1788,81.11924,-2.39715,299.4,3.35,-0.24,28Eta Ori
25282,1787,81.12045,-0.89133,57.208,5.07,0.961,27 Ori
25283,,81.12569,-38.96966,18.002,9.08,1.248,
25288,1786,81.15042,2.35317,462.96,6.33,-0.145,
25290,1775,81.16011,31.22391,191.94,6.30,1.251,
25291,1776,81.16050,31.14315,211.42,5.94,0.034,
25292,1773,81.16309,37.38535,143.27,5.02,1.445,21Sig Aur
25300,,81.18477,63.38646,47.148,7.32,0.714,
25301,,81.18667,36.19994,250.63,6.49,1.645,
25302,1789,81.18678,1.84644,318.47,4.89,-0.2,25Psi1Ori
25303,1818,81.19287,-52.31625,157.23,6.26,0.067,The Pic
25317,1813,81.23157,-44.22568,144.93,6.09,1.195,
25322,,81.24762,73.70720,492.61,6.48,1.738,
25329,1799,81.25726,-10.32889,133.87,5.60,1.543,
25336,1790,81.28276,6.34970,77.399,1.64,-0.224,Bellatrix
25343,1779,81.30390,34.85504,125.47,6.55,1.101,
25351,,81.33008,-75.69240,35.868,7.17,0.538,GJ 9181
25353,,81.33394,-12.55409,146.63,6.55,1.086,
25365,1800,81.37950,-0.54395,215.05,6.55,-0.038,
25368,,81.40207,-1.49129,225.23,6.44,-0.162,
25378,1803,81.44590,0.52024,380.23,6.18,-0.178,
25397,1812,81.49927,-19.69540,45.025,5.78,0.441,
25401,1806,81.50985,-5.51850,204.08,6.24,-0.047,
25410,1798,81.52385,16.70016,179.53,6.23,-0.084,113 Tau
25416,,81.54492,78.41456,142.45,6.68,1.043,
25421,,81.56130,-32.50476,17.771,7.70,0.946,GJ 1079
25428,1791,81.57297,28.60745,41.051,1.65,-0.13,Elnath
25429,1836,81.58030,-58.91252,140.45,5.14,0.986,Lam Dor
25443,,81.63008,2.93591,145.77,6.52,-0.001,
25453,1807,81.66178,6.86866,92.166,6.41,-0.023,
25471,1795,81.70335,34.39181,645.16,5.92,0.138,
25473,1811,81.70929,3.09567,348.43,4.59,-0.199,30Psi2Ori
25475,1796,81.71367,33.26226,100.81,6.18,1.152,
25476,1794,81.72633,35.45727,180.18,6.17,1.453,
25480,,81.74652,-2.36065,238.66,6.62,-0.163,
25482,1859,81.74922,-68.62254,77.882,6.02,0.346,
25486,1817,81.76985,-11.90096,27.042,6.30,0.553,
25488,1827,81.77217,-40.94351,91.912,5.86,0.239,
25492,1804,81.78447,30.20860,440.53,5.69,0.175,
25499,1808,81.79206,17.96222,168.35,5.40,-0.09,115 Tau
25502,1809,81.80790,15.25763,130.38,6.18,0.083,
25505,,81.81417,2.34120,124.53,6.36,0.965,
25532,1823,81.90208,-21.37571,119.9,6.08,1.032,
25539,1810,81.90869,21.93697,191.57,4.88,-0.14,114 Tau
25541,1805,81.91203,34.47589,138.89,5.08,1.4,24Phi Aur
25544,,81.91434,-60.41600,19.201,6.99,0.755,Gl 204.1
25555,1814,81.94003,15.87405,130.04,5.52,0.015,116 Tau
25569,,81.97792,48.22664,179.21,6.51,1.489,
25578,,82.00064,9.64393,8.8106,12.48,1.653,Gl 203
25580,,82.00389,33.76370,33.852,6.41,0.51,
25582,1820,82.00613,1.29825,395.26,6.41,-0.173,
25583,1816,82.00671,17.23913,187.97,5.77,1.634,117 Tau
25589,,82.03853,16.43902,57.837,6.85,0.666,
25606,1829,82.06134,-20.75944,49.164,2.81,0.807,Nihal
25608,1835,82.06389,-37.23077,87.796,5.56,0.026,
25616,,82.08765,-22.43393,35.74,6.78,0.59,
25622,,82.10730,0.02034,184.5,6.66,-0.061,
25623,,82.10874,-3.49955,13.021,7.65,1.113,Gl 204
25624,,82.11002,34.69745,148.37,6.56,0.983,
25638,1819,82.14489,13.67898,93.545,6.35,0.168,
25647,,82.18668,-65.44857,15.168,6.88,0.83,
25653,,82.19978,78.30038,117.65,6.72,0.377,
25662,,82.21512,12.55082,28.169,6.71,0.582,GJ 3347A
25667,1826,82.23713,-3.30743,244.5,6.39,-0.007,
25674,,82.25459,42.27052,144.09,6.58,0.937,
25685,1838,82.27785,-30.11673,135.32,6.75,1.061,
25695,1821,82.31874,25.15021,130.38,5.47,-0.042,118 Tau
25700,1867,82.32216,-62.31426,245.1,6.60,1.526,
25708,1830,82.34869,-3.44639,151.06,5.80,1.149,
25714,1745,82.35692,77.97751,226.24,6.53,0.181,
25716,,82.36259,15.57729,17.256,10.55,1.5,GJ 2043A
25730,1822,82.41939,29.18646,88.731,6.20,0.476,
25732,,82.42342,-0.80251,110.99,6.49,0.251,
25737,1834,82.43325,-1.09224,155.76,4.71,1.592,31 Ori
25746,,82.45887,-47.07629,51.975,6.64,0.348,
25749,,82.47160,53.43280,55.617,7.14,0.397,
25751,1833,82.47822,1.78926,438.6,5.77,-0.192,
25768,1856,82.53948,-47.07766,44.131,5.46,0.615,
25769,1802,82.54252,63.06722,288.18,5.43,1.704,17 Cam
25776,2059,82.55804,-84.78510,112.23,6.18,-0.003,
25775,,82.55832,-42.69733,18.779,9.72,1.343,
25781,1882,82.56612,-63.92769,113.9,6.19,0.225,
25785,1837,82.58301,4.20479,166.11,6.21,1.28,
25786,1840,82.58648,-7.43481,729.93,6.33,-0.194,
25790,1832,82.60902,15.36045,77.579,5.93,0.103,
25806,1831,82.68060,22.46225,109.53,6.29,1.18,
25810,1825,82.68783,39.82592,175.44,6.38,0.986,
25813,1839,82.69605,5.94814,92.85,4.20,-0.143,32 Ori
25816,1824,82.70271,41.46199,128.87,5.99,1.112,
25840,,82.74975,-10.08109,44.543,6.95,0.561,
25853,1849,82.78178,-20.86366,83.264,5.53,0.012,10 Lep
25856,,82.79352,-42.29980,100.6,6.70,0.355,
25859,1862,82.80314,-35.47052,80.71,3.86,1.13,Eps Col
25861,1842,82.81055,3.29213,348.43,5.46,-0.176,33 Ori
25869,1848,82.83705,-6.70838,714.29,6.23,-0.178,
25878,,82.86415,-3.67723,5.6571,7.97,1.474,Gl 205
25880,,82.87086,54.65468,39.308,7.54,0.62,
25887,1870,82.89999,-45.92532,168.07,5.86,1.349,
25911,1616,82.95003,85.93853,101.52,6.50,0.36,
25918,1953,82.96977,-76.34096,31.358,5.18,1.13,Gam Men
25923,1855,82.98274,-7.30154,877.19,4.62,-0.261,36Ups Ori
25930,1852,83.00168,-0.29909,212.31,2.25,-0.175,Mintaka
25945,1845,83.05313,18.59423,549.45,4.32,2.06,119 Tau
25950,1847,83.05893,17.05813,917.43,5.50,-0.004,
25953,,83.06107,9.82081,12.794,11.55,1.637,Gl 206
25964,,83.08581,49.39341,82.576,6.72,0.47,
25973,1828,83.14060,57.22107,42.699,6.44,0.587,18 Cam
25976,,83.15825,0.01193,337.84,6.15,1.553,
25980,1861,83.17230,-1.59183,478.47,5.34,-0.188,
25984,1843,83.18197,32.19202,,4.71,0.281,25Chi Aur
25985,1865,83.18256,-17.82229,680.27,2.58,0.211,Arneb
25993,1877,83.21420,-38.51337,52.826,5.45,1.224,
26001,1917,83.24809,-64.22752,71.023,5.34,1.039,
26008,,83.26212,68.01297,61.312,6.82,0.37,
26016,,83.27330,-1.72099,23.855,8.60,-0.1,
26019,1881,83.28074,-35.13938,78.927,5.75,1.085,
26020,1863,83.28061,-1.71736,315.46,6.53,-0.099,
26034,,83.31472,32.28935,245.7,6.62,-0.031,
26054,1850,83.36418,32.80118,106.27,6.50,0.094,
26057,1846,83.36968,42.10896,549.45,6.55,-0.015,
26063,1868,83.38103,-1.15607,450.45,5.36,-0.175,
26064,1858,83.38179,18.54023,476.19,5.67,-0.022,120 Tau
26066,,83.39367,-57.08313,113.51,6.76,0.382,
26069,1922,83.40631,-62.48983,308.64,3.76,0.64,Bet Dor
26071,1854,83.40924,34.72557,137.36,6.27,0.17,
26072,1860,83.41182,20.47422,350.88,6.19,-0.034,
26077,,83.42961,32.74893,251.26,6.54,1.58,
26079,1912,83.43473,-54.90229,55.71,6.42,0.55,
26081,,83.43664,1.94540,15.936,11.53,1.576,Gl 207.1
26091,1888,83.46662,-29.84922,216.45,6.52,-0.016,
26093,1864,83.47619,14.30558,136.8,5.60,-0.118,35 Ori
26098,1871,83.48994,1.40765,342.47,6.58,-0.174,
26104,,83.51029,-7.02375,160.77,6.45,1.116,
26106,1873,83.51620,-1.03573,310.56,6.24,-0.16,
26108,1874,83.51686,-1.47025,209.64,5.92,1.535,
26126,1872,83.56989,3.76689,84.602,5.32,0.051,38 Ori
26149,,83.62203,-0.01235,294.12,6.25,0.997,
26169,1964,83.68659,-73.74128,333.33,5.79,1.717,
26176,1876,83.70516,9.48958,333.33,4.39,-0.157,37Phi1Ori
26190,1936,83.73931,-61.17605,95.329,6.32,0.845,
26197,1886,83.75419,-6.00927,826.45,5.67,-0.228,
26199,1887,83.76117,-6.00203,495.05,4.78,-0.248,
26207,1879,83.78449,9.93416,336.7,3.39,-0.16,Meissa
26215,1883,83.80517,10.24009,343.64,5.60,0.149,
26219,1909,83.81446,-33.07972,92.421,5.76,1.12,
26220,1893,83.81592,-5.38732,,4.98,,41The1Ori
26221,1895,83.81861,-5.38970,,5.13,0.02,41The1Ori
26233,1890,83.84110,-4.49417,380.23,6.57,-0.142,
26234,1891,83.84298,-4.42432,408.16,6.24,-0.148,
26235,1897,83.84542,-5.41606,473.93,4.98,-0.097,43The2Ori
26237,1892,83.84652,-4.83836,271,4.58,-0.183,42 Ori
26241,1899,83.85826,-5.90990,714.29,2.75,-0.21,Hatysa
26245,,83.86149,-33.26923,48.852,6.74,0.502,
26248,1875,83.86303,24.03959,169.49,5.37,-0.092,121 Tau
26257,1898,83.87949,-4.36405,361.01,6.56,-0.16,
26263,1900,83.89961,-3.25284,476.19,6.40,-0.122,
26264,1991,83.90058,-78.82084,261.78,6.04,-0.018,Iot Men
26268,1901,83.91451,-4.85607,110.25,5.24,0.269,45 Ori
26269,,83.91466,-81.61187,48.804,7.12,0.496,
26291,1878,83.98125,27.66235,236.97,6.27,1.529,
26300,1927,84.01187,-47.31375,155.04,6.10,1.159,
26309,1915,84.04288,-28.70801,52.798,6.26,0.151,
26311,1903,84.05338,-1.20192,606.06,1.69,-0.184,Alnilam
26314,1906,84.06261,-5.64792,390.62,6.56,-0.18,
26315,1869,84.06648,47.71529,104.28,6.10,0.295,
26328,,84.10994,21.99311,67.431,6.88,0.501,
26332,1889,84.12573,25.94017,85.763,6.52,0.452,
26335,,84.12912,11.32787,11.24,8.78,1.415,Gl 208
26344,1866,84.14676,54.42866,228.83,5.74,1.671,
26345,1911,84.14872,-6.06475,471.7,5.71,-0.212,
26363,1884,84.21840,40.18238,,6.08,1.032,
26366,1907,84.22662,9.29067,36.023,4.09,0.951,40Phi2Ori
26368,1960,84.22910,-66.56029,234.19,6.28,-0.052,
26372,,84.23169,74.31925,63.654,7.01,0.353,
26373,,84.23686,-47.96469,25.113,7.95,0.845,
26380,,84.25753,-73.69934,38.314,6.69,0.584,Bubup
26381,,84.26037,20.73079,33.67,7.68,0.667,Gl 209
26382,1905,84.26556,17.04032,48.591,5.53,0.237,122 Tau
26386,1908,84.26826,11.03500,251.89,5.97,1.592,
26392,,84.27998,41.82826,44.189,7.09,0.569,
26395,1919,84.28655,-11.77552,62.893,6.10,0.051,
26394,2022,84.28740,-80.46912,18.315,5.65,0.6,Pi Men
26396,1902,84.28684,26.92447,154.8,5.83,-0.075,
26408,1857,84.31278,64.15469,111.23,6.15,0.006,19 Cam
26410,1853,84.31683,66.69669,77.76,6.26,0.231,
26412,1926,84.31876,-27.87136,39.37,6.15,0.322,Nu 1Col
26414,1913,84.33047,8.95187,344.83,6.11,-0.17,
26427,1918,84.36399,-5.93839,408.16,6.03,-0.21,
26451,1910,84.41119,21.14255,136.43,2.97,-0.148,Tianguan
26460,1935,84.43591,-28.68969,40.8,5.28,0.486,Nu 2Col
26463,1904,84.44085,33.55917,154.08,6.36,1.306,
26466,,84.45036,-34.68969,343.64,6.57,1.269,
26474,,84.46724,71.65437,269.54,6.62,0.872,
26477,1923,84.47244,-4.81403,495.05,6.16,-0.029,
26487,1920,84.50466,7.54142,239.23,5.87,-0.061,
26495,,84.52877,-27.21075,552.49,6.53,1.574,
26501,,84.53927,-46.10604,25.497,7.33,0.769,GJ 3360A
26505,,84.55023,51.44574,20.161,7.74,0.834,GJ 3358
26515,,84.57258,-50.64099,154.08,6.43,-0.047,
26535,1933,84.65822,-6.57396,411.52,5.96,-0.216,
26536,1914,84.65870,30.49241,173.61,5.40,0.45,26 Aur
26545,1947,84.68136,-40.70731,134.77,5.81,-0.078,
26546,,84.68276,41.83922,176.99,6.59,1.442,
26549,1931,84.68653,-2.60007,328.95,3.77,-0.19,48Sig Ori
26563,1937,84.72119,-7.21283,44.603,4.77,0.139,49 Ori
26571,1921,84.73905,26.61807,105.6,6.45,0.98,
26587,,84.77250,56.36004,60.06,7.03,0.411,
26592,,84.78625,41.35856,78.003,6.44,1.0,
26594,1934,84.79644,4.12147,423.73,4.50,-0.098,47Ome Ori
26602,1944,84.81761,-17.84941,473.93,6.40,-0.095,
26606,1924,84.82631,29.21521,324.68,5.98,0.144,
26616,1929,84.86295,21.76293,175.75,6.42,0.066,
26623,1942,84.87850,-9.70663,166.94,6.49,-0.107,
26624,1940,84.87980,-3.56470,42.571,5.99,0.294,
26634,1956,84.91226,-34.07411,80.128,2.65,-0.12,Phact
26638,1844,84.93216,75.04387,215.52,6.19,1.606,
26640,1928,84.93415,25.89709,131.06,5.18,-0.15,125 Tau
26649,1958,84.95768,-32.62922,129.37,5.44,0.913,
26651,,84.96456,24.22546,53.735,7.12,0.398,
26653,,84.96813,52.89749,27.949,7.85,0.764,
26690,,85.07567,15.35033,23.25,8.33,0.448,
26712,1938,85.14961,31.35820,190.48,6.04,0.037,
26713,1950,85.15541,-2.82524,418.41,6.22,-0.194,
26718,1939,85.17520,31.92061,595.24,6.23,2.088,
26727,1948,85.18970,-1.94257,225.73,1.74,-0.199,Alnitak
26728,1957,85.19247,-10.40866,243.31,6.46,-0.127,
26736,1952,85.21131,-1.12879,275.48,4.95,-0.197,
26744,,85.24094,32.89599,67.522,6.74,0.491,
26762,1955,85.27332,0.33775,47.939,5.93,0.311,
26777,1946,85.32382,16.53415,194.93,4.84,-0.125,126 Tau
26779,1925,85.33473,53.48106,12.277,6.21,0.84,Gl 211
26781,1945,85.33740,29.48742,186.22,6.40,-0.081,
26796,1966,85.36218,-33.40074,153.61,6.35,-0.04,
26801,,85.37803,53.48980,12.438,9.78,1.473,Gl 212
26820,1959,85.41807,-2.89646,80.71,6.41,0.32,
26821,1962,85.42296,-16.72583,564.97,6.22,-0.136,
26834,,85.47368,-15.63054,29.044,7.36,0.801,
26836,1951,85.47818,23.32623,242.72,6.57,-0.051,
26853,1954,85.51660,22.66033,99.701,6.35,1.194,
26857,,85.53849,12.48934,5.8292,11.56,1.675,Gl 213
26862,1972,85.54826,-30.53544,226.76,6.18,0.023,
26865,1968,85.55815,-22.37372,304.88,5.88,0.08,12 Lep
26866,1965,85.56032,-17.53038,245.7,6.15,1.376,
26868,1973,85.56332,-34.66781,131.41,5.29,-0.032,
26882,1916,85.61021,65.69765,83.612,5.62,1.249,
26885,1963,85.61929,1.47463,90.009,4.90,1.144,51 Ori
26925,,85.72363,18.98036,110.38,6.66,-0.015,
26926,1967,85.72464,-6.79617,49.95,5.97,0.447,
26930,,85.74200,14.17850,102.99,6.72,1.095,
26942,1941,85.75695,56.58152,59.172,6.05,0.951,24 Cam
26953,1970,85.78883,-1.61325,161.29,6.31,1.467,
26957,,85.80744,41.69630,88.731,6.81,0.71,
26964,1961,85.83126,23.20437,253.81,6.23,-0.071,
26966,1975,85.84029,-18.55748,75.075,5.73,-0.014,
26969,,85.84507,29.20022,128.87,6.62,1.075,
26974,,85.86149,52.48878,31.153,7.14,0.624,
26981,1981,85.87574,-39.40691,52.77,6.25,0.377,
27001,1984,85.92138,-45.83286,85.034,6.38,0.295,
27015,1714,85.95399,85.66836,159.24,6.69,0.02,
27021,,85.96995,-21.27974,42.735,7.10,0.531,
27046,1943,86.03523,61.47654,110.99,6.17,0.902,23 Cam
27058,,86.07332,-10.01673,40.95,7.11,0.637,
27072,1983,86.11585,-22.44838,8.927,3.59,0.481,13Gam Lep
27075,1980,86.11832,-20.12657,25.543,6.34,0.58,
27080,,86.13446,-70.14357,25.9,8.09,0.76,Gl 217.2
27083,,86.13834,-6.86426,110.25,6.76,0.199,
27100,2015,86.19334,-65.73553,45.872,4.34,0.217,Del Dor
27111,,86.23662,9.24208,16.337,11.35,0.699,
27116,,86.25537,12.88833,108.58,6.47,0.234,
27118,1978,86.25747,4.00811,58.858,6.09,0.32,
27123,,86.27800,33.62627,54.377,6.78,0.436,
27133,,86.30452,-31.66932,74.019,6.83,0.374,
27164,,86.37331,31.32483,230.95,6.50,1.1,
27165,,86.37434,52.16107,47.015,6.85,0.637,
27188,,86.45032,62.23678,13.729,9.02,1.379,Gl 215
27192,1974,86.45630,40.50724,60.533,6.57,0.256,
27196,1971,86.47518,49.82626,126.74,5.46,0.03,27Omi Aur
27204,1996,86.49956,-32.30644,408.16,5.18,-0.274,Mu Col
27207,,86.50755,37.28465,21.853,7.34,0.833,Gl 217
27212,1986,86.51194,-4.26848,111.48,6.24,1.05,
27229,,86.55821,-23.64436,189.39,6.54,1.422,
27243,2008,86.61405,-46.59718,143.88,5.31,1.04,
27244,,86.61657,-53.21932,28.177,6.63,0.594,
27246,,86.62319,74.61012,35.587,7.33,0.702,
27249,1969,86.62659,56.11557,60.79,5.93,0.164,26 Cam
27253,1988,86.64546,1.16819,39.277,5.95,0.773,
27259,,86.67539,-36.23136,95.147,6.84,0.086,
27265,1985,86.68958,15.82250,225.23,6.00,-0.061,129 Tau
27280,1987,86.71724,9.52234,91.324,5.78,0.888,
27288,1998,86.73892,-14.82195,21.608,3.55,0.104,Darlugal
27293,,86.75019,51.52087,155.76,6.47,0.898,
27303,2005,86.76908,-28.63891,230.41,6.22,-0.132,
27308,2000,86.78252,-16.23808,223.71,6.18,0.892,
27314,,86.79290,58.78553,176.99,6.56,1.313,
27316,1989,86.80481,14.48832,104.17,5.72,0.077,131 Tau
27317,2023,86.80554,-54.36073,381.68,6.19,1.406,
27319,1979,86.81118,42.52675,180.18,6.30,1.354,
27321,2020,86.82118,-51.06651,19.44,3.85,0.171,Bet Pic
27325,2009,86.82786,-35.67408,162.6,6.29,1.191,
27330,,86.84128,-27.13449,54.645,7.16,0.513,
27338,1990,86.85915,17.72914,546.45,5.47,0.301,130 Tau
27341,2001,86.86205,-10.53296,204.92,6.04,0.135,
27346,,86.88436,63.59885,145.77,6.49,1.01,
27353,,86.89445,25.56862,250,6.48,1.193,
27355,,86.90474,54.49466,170.07,6.58,0.924,
27359,,86.91863,-36.32856,15.029,10.72,1.476,Gl 218
27364,1993,86.92878,13.89960,194.17,5.28,-0.156,133 Tau
27366,2004,86.93912,-9.66961,198.41,2.07,-0.168,Saiph
27369,2062,86.95059,-72.70225,138.7,6.54,1.073,Lam Men
27380,,86.98466,35.15928,420.17,6.55,0.742,
27383,2017,86.99199,-40.65297,255.1,6.62,1.12,
27386,1999,87.00097,6.45416,165.02,5.26,0.234,52 Ori
27421,1997,87.09319,20.86948,167.5,6.03,-0.051,
27435,2007,87.14559,-4.09465,15.177,5.97,0.639,GJ 1085
27468,2002,87.25402,24.56753,111.48,4.88,1.021,132 Tau
27472,1976,87.26944,62.80819,122.7,6.18,0.128,
27483,1995,87.29350,39.18107,63.411,4.51,0.949,29Tau Aur
27511,2010,87.38721,12.65132,76.278,4.89,-0.068,134 Tau
27512,2032,87.39219,-44.87539,,6.38,1.262,
27517,2021,87.40225,-14.48367,82.034,5.49,0.87,
27530,2042,87.45677,-56.16666,54.2,4.50,1.075,Gam Pic
27533,2026,87.47292,-22.97187,170.36,5.87,0.055,
27534,2064,87.47308,-66.90119,176.06,5.10,-0.128,Eps Dor
27537,,87.47586,-30.62115,160.51,6.63,0.951,
27549,2014,87.51118,9.87122,109.89,5.79,0.876,
27560,2019,87.55443,4.42341,178.25,5.96,1.361,
27566,2125,87.56999,-79.36136,87.413,5.46,-0.076,Kap Men
27583,2044,87.62010,-52.76788,214.59,6.32,0.746,
27581,2016,87.62045,14.30561,97.087,5.54,1.006,135 Tau
27588,2024,87.62511,2.02470,316.46,5.97,0.953,
27592,1992,87.64118,56.91894,146.41,6.53,0.129,29 Cam
27604,,87.66464,-1.42939,9.402,9.38,0.24,
27618,,87.71415,14.04806,130.72,6.59,1.054,
27621,2049,87.72176,-52.10887,78.616,5.16,0.96,
27625,2003,87.73464,51.51458,87.719,6.29,1.047,
27628,2040,87.73994,-35.76831,26.731,3.12,1.146,Wazn
27629,2013,87.74213,27.96786,107.07,5.60,0.978,
27639,2011,87.76013,37.30557,160.26,4.72,1.621,31Ups Aur
27641,,87.76359,11.49889,57.604,6.94,0.828,
27654,2035,87.83035,-20.87909,34.867,3.76,0.984,15Del Lep
27658,2031,87.84161,-7.51800,321.54,5.36,-0.195,55 Ori
27660,2073,87.84624,-64.03357,346.02,6.35,0.866,
27661,2018,87.85730,32.12469,183.82,6.28,1.752,
27670,2036,87.86922,-22.92695,126.1,6.16,1.02,
27673,2012,87.87249,39.14848,70.621,3.97,1.132,32Nu Aur
27705,2043,87.99828,-29.44943,215.52,6.47,1.473,
27713,2039,88.03221,-9.04190,98.912,5.95,0.1,
27731,2006,88.07190,58.96409,148.37,6.14,-0.036,30 Cam
27737,2072,88.08414,-57.15619,132.63,5.93,0.656,
27743,2033,88.09288,14.17179,130.04,5.60,-0.053,137 Tau
27747,2030,88.09752,19.86785,343.64,5.96,0.549,
27750,2037,88.11017,1.85513,386.1,4.76,1.382,56 Ori
27758,,88.12254,-2.28533,49.628,7.26,0.558,
27766,2053,88.13824,-37.63106,98.717,5.62,1.046,
27777,2025,88.16527,39.57471,188.68,6.40,0.098,
27778,2028,88.16705,33.91746,236.41,6.04,1.579,
27788,,88.20495,-34.56056,184.84,6.64,0.916,
27795,1994,88.23120,68.47154,141.64,6.22,0.955,
27810,2056,88.27868,-33.80136,102.56,4.88,-0.154,Lam Col
27830,2034,88.33185,27.61226,129.7,4.56,-0.008,136 Tau
27835,2069,88.34522,-42.92133,208.77,6.55,1.37,
27844,,88.36934,37.33905,68.54,6.70,0.2,
27887,,88.51779,-60.02347,12.995,7.17,0.935,
27890,2102,88.52487,-63.08963,26.247,4.65,1.022,Gl 224.1
27892,,88.52801,-35.90299,119.33,6.78,0.438,
27896,2083,88.54492,-50.36255,35.753,6.53,0.891,
27897,2104,88.54974,-64.48224,116.82,6.62,0.383,
27900,2048,88.55562,10.58640,431.03,6.13,1.404,
27901,2068,88.55844,-29.14721,53.908,6.34,0.37,
27902,2051,88.56566,3.22564,140.45,6.30,1.283,
27913,2047,88.59579,20.27617,8.6633,4.39,0.594,54Chi1Ori
27920,,88.62348,-8.41265,182.82,6.61,1.326,
27922,,88.62564,-19.70435,23.568,7.51,0.7,
27924,2050,88.63444,11.76320,96.899,6.59,0.029,
27929,2058,88.64457,-4.06471,384.62,6.57,-0.175,
27937,2089,88.67133,-49.62701,343.64,6.11,-0.148,
27938,2065,88.68178,-11.77419,203.25,5.62,1.523,
27939,2057,88.68348,0.96862,268.1,5.99,1.328,
27947,2094,88.70874,-52.63548,34.698,5.29,0.295,
27949,2029,88.71160,55.70695,73.046,4.96,0.052,30Xi Aur
27955,2082,88.71870,-39.95786,155.28,5.55,1.515,
27961,,88.72995,14.21983,218.82,6.63,1.025,
27965,2052,88.73619,19.74961,558.66,5.92,-0.145,57 Ori
27971,2027,88.74095,59.88837,143.68,5.20,0.01,31 Cam
27973,2046,88.74581,31.70150,84.962,5.90,0.144,
27989,2061,88.79293,7.40706,152.67,0.45,1.5,Betelgeuse
28010,2087,88.87462,-37.12067,102.04,4.97,1.102,Xi Col
28011,2070,88.87572,-4.61655,96.993,5.87,1.173,
28019,2071,88.89737,-4.78859,102.04,6.28,0.056,
28035,,88.92996,-26.85651,14.584,10.70,1.054,
28047,,88.97029,-21.68943,97.847,6.77,0.734,
28054,,88.98585,41.32332,117.92,6.64,0.297,
28066,2067,89.01427,13.92491,26.603,6.60,0.65,Gl 224
28085,2086,89.05944,-22.83997,88.653,5.95,1.107,
28086,2045,89.06024,51.80399,219.78,6.62,0.159,
28098,2092,89.08727,-31.38244,510.2,5.52,0.382,Sig Col
28103,2085,89.10123,-14.16770,14.879,3.71,0.337,16Eta Lep
28110,2075,89.11682,9.50940,120.05,5.97,-0.038,
28117,2066,89.14070,28.94227,,6.35,0.275,
28118,2090,89.14348,-23.21531,137.17,6.37,1.068,
28138,2098,89.20419,-31.97625,240.96,6.44,1.07,
28139,2076,89.20603,11.52106,94.607,5.89,1.111,
28150,,89.22894,-44.00897,54.23,6.65,0.521,
28154,2074,89.23383,24.24969,,6.03,0.346,
28162,2054,89.26931,49.02969,161.81,6.55,0.993,
28180,2114,89.30988,-53.42569,207.04,6.48,1.48,
28199,2106,89.38421,-35.28328,266.67,4.36,-0.165,Gam Col
28201,,89.38871,-18.05519,88.81,6.67,0.525,
28205,2041,89.39574,66.09610,149.7,6.24,1.369,
28208,,89.40559,45.90134,174.22,6.59,0.97,
28232,2093,89.47706,1.22431,148.81,6.22,1.461,
28237,2084,89.49856,25.95391,476.19,4.81,-0.088,139 Tau
28252,2097,89.54880,-0.99402,103.52,6.21,1.14,
28267,,89.58973,-4.65067,23.552,6.99,0.72,GJ 3376A
28271,2100,89.60184,1.83711,111.73,5.89,0.223,59 Ori
28287,2117,89.65645,-44.03456,362.32,5.81,1.061,
28293,,89.69276,60.37988,87.642,6.86,0.437,
28296,2103,89.70656,0.55298,136.61,5.21,0.009,60 Ori
28301,,89.72042,25.77700,125.16,6.63,0.967,
28302,2099,89.72183,12.80826,243.31,5.70,0.874,
28321,2107,89.75450,-9.38222,90.334,6.15,0.333,1 Mon
28325,2108,89.76796,-9.55825,87.796,5.04,0.189,2 Mon
28328,2120,89.78667,-42.81513,144.72,3.96,1.146,Eta Col
28343,2081,89.84076,49.92454,328.95,5.90,1.194,
28358,2077,89.88167,54.28466,38.64,3.72,1.01,Bagu
28360,2088,89.88224,44.94743,24.869,1.90,0.077,Menkalinan
28368,,89.90729,58.59302,13.534,10.25,1.48,GJ 3371A
28380,2095,89.93027,37.21258,50.761,2.65,-0.083,Mahasim
28385,2079,89.94094,55.32086,101.32,6.42,0.318,
28390,2080,89.94978,54.54701,94.162,6.14,1.197,
28404,2091,89.98375,45.93674,230.41,4.30,1.701,35Pi Aur
28413,2113,90.01395,-3.07425,129.03,4.53,1.202,
28417,,90.02517,27.27219,144.93,6.61,1.022,
28434,2118,90.07358,-12.90003,62.854,6.21,0.358,
28438,2096,90.07878,44.59201,107.99,6.21,1.128,
28442,,90.08160,-31.02871,16.393,7.85,1.137,Gl 225.2A
28447,,90.10117,16.29896,421.94,6.54,1.54,
28484,2138,90.20491,-51.21632,65.189,5.65,0.207,
28489,,90.21263,-42.87046,235.29,6.58,-0.159,
28499,2101,90.24401,47.90192,354.61,5.71,-0.007,36 Aur
28500,2111,90.25189,27.57236,704.23,6.04,0.218,
28517,2110,90.29185,31.03452,71.942,6.18,0.095,
28520,2129,90.30457,-25.41776,109.89,6.04,0.027,
28523,,90.31293,65.52541,142.25,6.61,0.224,
28524,2131,90.31791,-33.91184,188.32,5.54,1.58,
28532,1885,90.33408,85.18211,416.67,6.17,1.564,
28561,2116,90.42345,22.40100,240.96,6.36,-0.071,
28562,2105,90.42941,48.95945,242.13,5.98,1.437,
28574,2128,90.46009,-10.59793,240.38,4.92,-0.128,3 Mon
28595,,90.53699,-5.13696,198.81,6.56,1.572,
28596,2151,90.53886,-60.09683,294.12,6.41,1.508,
28609,2127,90.57127,1.69405,202.02,6.58,-0.042,
28614,2124,90.59583,9.64728,47.506,4.12,0.17,61Mu Ori
28622,2136,90.64089,-14.49716,125.31,6.20,0.947,
28626,,90.65679,32.59142,48.638,6.79,0.432,
28634,,90.68805,47.80953,28.612,6.49,0.567,
28637,2112,90.70249,49.90568,130.21,6.04,-0.033,
28642,2115,90.72290,43.37833,106.95,6.38,1.205,
28644,2122,90.72986,32.63570,47.551,6.23,0.456,
28654,,90.76324,-37.54707,82.034,6.88,0.201,
28656,,90.76797,57.01831,204.08,6.50,0.953,
28675,2140,90.81499,-26.28454,124.69,5.03,1.335,
28677,2119,90.82473,42.91156,65.232,6.08,0.979,38 Aur
28686,2133,90.85320,11.68107,158.98,6.09,-0.035,
28691,2130,90.86403,19.69056,220.26,5.14,-0.097,64 Ori
28716,2135,90.97993,20.13845,552.49,4.64,0.236,62Chi2Ori
28734,2134,91.03007,23.26334,47.551,4.16,0.835,1 Gem
28744,2142,91.05625,-6.70894,403.23,5.19,-0.066,
28756,2149,91.08444,-32.17243,308.64,5.65,-0.186,
28764,2157,91.11858,-45.03660,26.567,6.35,0.517,GJ 9200
28765,2123,91.12128,51.57339,134.95,6.39,0.196,
28767,,91.12467,44.26044,33.113,6.74,0.573,
28790,2158,91.16716,-45.07893,26.896,5.93,0.493,
28796,2162,91.19463,-48.45830,30.003,6.60,0.712,
28813,,91.24265,14.38843,41.102,6.72,0.508,
28812,2144,91.24244,5.41997,401.61,5.67,1.047,63 Ori
28814,2145,91.24317,4.15867,,5.63,1.041,66 Ori
28816,2148,91.24636,-16.48444,278.55,4.92,0.196,17 Lep
28820,2137,91.26076,37.96427,182.82,6.32,0.825,
28823,2132,91.26414,42.98163,49.727,5.90,0.358,39 Aur
28829,2121,91.28429,59.39321,132.45,6.32,1.116,
28831,2078,91.28886,75.58592,240.96,6.28,1.512,
28854,2150,91.36263,-10.24260,54.915,5.88,0.374,
28855,2160,91.36323,-35.51365,83.126,5.80,0.027,
28861,2139,91.39125,33.59905,214.59,6.23,-0.079,
28899,2164,91.52307,-29.75862,85.251,5.79,0.041,
28900,,91.52334,-33.21919,122.7,6.70,0.5,
28908,2141,91.53563,35.38774,25.621,6.12,0.6,Gl 226.3
28910,2155,91.53885,-14.93525,52.966,4.67,0.046,18The Lep
28909,2194,91.53905,-66.03962,98.619,5.72,-0.024,Eta1Dor
28930,2146,91.59352,29.51241,225.23,6.01,1.73,
28936,,91.61129,10.74843,14.607,9.73,0.377,
28943,2163,91.63374,-23.11085,141.04,5.46,0.064,
28946,2143,91.64624,38.48264,104.49,5.35,0.251,40 Aur
28948,,91.65984,-16.51839,147.49,6.60,0.945,
28949,2154,91.66140,-4.19384,324.68,5.37,-0.122,
28951,2126,91.66325,63.45384,118.48,6.42,1.011,
28954,,91.66866,15.54211,15.272,6.76,0.814,Gl 227
28957,2171,91.67103,-42.29880,83.403,6.15,0.246,Pi 1Col
28978,,91.73265,16.36671,364.96,6.57,1.129,
28984,2166,91.73964,-21.81230,384.62,5.74,1.584,
28985,,91.74398,-6.20272,69.784,6.58,0.228,
28987,,91.74915,-46.20564,46.642,6.83,0.463,
28988,2178,91.75781,-45.09151,112.74,6.48,1.162,
28991,2196,91.76406,-62.15458,110.86,5.04,1.256,
28992,2170,91.76529,-34.31202,312.5,5.82,-0.137,
29001,,91.78843,16.55608,35.323,7.34,0.543,
29025,2147,91.86149,41.85428,217.86,6.15,1.202,
29034,2177,91.88180,-37.25292,221.24,5.00,-0.095,Elkurud
29038,2159,91.89302,14.76847,158.23,4.42,-0.164,67Nu Ori
29048,2168,91.92350,-19.16587,257.07,5.28,1.661,19 Lep
29052,,91.93229,-25.74486,11.346,11.87,1.6,
29057,,91.94579,-44.72932,110.25,6.76,0.317,
29064,2181,91.97025,-42.15404,74.46,5.50,0.007,Pi 2Col
29083,,92.02674,-15.90124,48.333,6.95,0.467,
29114,2153,92.09640,41.05573,127.88,6.34,1.044,
29118,,92.10580,-11.14629,104.93,6.79,0.0,
29129,2187,92.14429,-44.35621,227.27,6.26,-0.135,
29134,2221,92.18464,-68.84341,91.912,5.06,-0.072,Nu Dor
29135,,92.19039,-7.93636,122.85,6.69,0.069,
29138,2167,92.19597,8.66943,552.49,6.55,-0.065,
29140,,92.19876,-6.82137,104.6,6.46,0.876,
29150,2180,92.24111,-22.42741,75.529,5.49,-0.01,
29151,2174,92.24127,2.49969,200.8,5.70,0.067,
29163,,92.27831,-8.30157,187.62,6.64,1.363,
29166,,92.28020,7.51353,257.07,6.63,0.907,
29178,2182,92.33415,-18.12638,152.67,6.36,-0.04,
29185,2204,92.34762,-49.56283,59.172,6.48,0.502,
29196,2169,92.38515,22.19026,632.91,5.93,1.626,
29205,2183,92.39385,-14.58462,63.816,5.56,1.15,
29210,2179,92.40105,-5.71143,62.5,6.16,0.352,
29225,2173,92.43327,23.11347,,5.75,0.192,3 Gem
29233,2192,92.44644,-26.70109,145.99,6.27,1.01,
29234,2186,92.44983,-22.77434,49.044,5.71,0.454,
29236,,92.45476,2.86947,156.74,6.57,1.02,
29246,2152,92.49585,58.93569,116.82,5.35,1.096,37 Cam
29263,2203,92.54337,-40.35379,261.1,5.54,1.665,
29271,2261,92.55948,-74.75305,10.198,5.08,0.714,Hoerikwaggo
29276,2212,92.57463,-54.96865,398.41,4.72,-0.229,Del Pic
29277,,92.58194,82.10675,9.3729,10.48,1.514,Gl 226
29292,,92.63298,-34.81683,184.84,6.65,0.775,
29294,2200,92.64450,-27.15434,101.11,5.72,1.072,
29295,,92.64426,-21.86464,5.7534,8.15,1.487,Gl 229
29304,2211,92.66637,-45.28199,232.02,6.28,-0.012,
29316,,92.72834,10.31807,10.911,10.41,1.45,Gl 228A
29323,2195,92.75507,-6.75422,170.36,6.15,0.01,
29326,2184,92.75737,18.13047,338.98,6.37,1.35,
29348,,92.80675,60.45349,362.32,6.48,1.698,
29347,2206,92.80691,-26.48210,207.04,6.08,-0.021,
29353,2245,92.81250,-65.58942,196.46,5.01,1.599,Eta2Dor
29357,,92.81592,47.90677,91.491,6.85,0.176,
29371,2191,92.86629,13.63856,132.1,6.04,0.021,
29379,2185,92.88460,24.42025,174.22,5.83,1.11,5 Gem
29388,2175,92.90244,48.71099,102.46,5.78,0.1,41 Aur
29399,,92.92959,-18.18608,213.68,6.60,0.99,
29401,2202,92.93216,-4.66544,176.06,6.18,-0.079,
29404,2172,92.94130,52.64719,102.99,6.28,0.141,
29417,2205,92.96589,-6.55029,366.3,5.06,-0.201,
29426,2199,92.98498,14.20876,186.22,4.45,-0.18,70Xi Ori
29432,,93.00235,6.78308,23.502,6.85,0.642,GJ 3387
29433,2193,93.00558,19.79054,255.1,5.76,-0.071,68 Ori
29434,2198,93.01366,16.13041,162.07,4.95,-0.149,69 Ori
29439,,93.04674,-65.53115,70.175,6.85,0.481,
29451,2189,93.08385,32.69338,285.71,5.78,1.646,
29468,,93.13416,-61.47405,227.79,6.59,-0.066,
29487,2210,93.18580,-2.50482,117.79,6.62,0.051,
29488,2213,93.19304,-17.76323,278.55,6.52,-0.166,
29490,2165,93.21273,65.71842,219.3,5.36,1.344,36 Cam
29508,,93.24748,10.28741,273.97,6.60,-0.071,
29509,,93.24822,6.01626,182.48,6.45,1.621,
29525,2208,93.30208,10.62714,17.95,6.43,0.663,Gl 230
29545,2207,93.38856,18.68035,181.82,6.58,-0.085,
29546,2226,93.38950,-29.39574,286.53,6.52,-0.105,
29568,2225,93.43875,-23.86194,16.722,6.37,0.713,GJ 3389
29569,2188,93.43893,51.17247,127.88,6.07,1.051,
29575,2218,93.47598,-3.74137,94.251,5.83,0.91,
29581,,93.50209,33.24428,363.64,6.59,1.661,
29616,2214,93.61909,17.90635,162.07,5.86,0.253,
29629,2224,93.65293,-4.56846,196.08,5.83,-0.155,
29635,,93.67476,-73.62651,292.4,6.61,-0.038,
29637,,93.68039,16.03711,175.44,6.66,0.942,
29650,2220,93.71201,19.15645,20.816,5.20,0.43,71 Ori
29651,2227,93.71388,-6.27478,152.67,3.99,1.319,5Gam Mon
29655,2216,93.71941,22.50680,117.92,3.31,1.6,Propus
29673,2283,93.77517,-71.70277,31.427,6.62,0.562,
29679,2242,93.78501,-20.27219,226.24,5.88,1.322,
29678,2222,93.78530,13.85110,366.3,5.91,-0.231,
29692,2243,93.82384,-18.47716,62.539,5.99,1.058,
29696,2219,93.84456,29.49808,54.259,4.32,1.021,44Kap Aur
29699,,93.84857,-11.90444,130.89,6.60,0.119,
29704,2223,93.85470,16.14317,160.26,5.34,-0.101,72 Ori
29705,2237,93.85895,-9.03576,214.13,6.09,-0.081,
29711,2234,93.87365,-4.91472,65.062,5.99,0.097,
29716,2233,93.89277,-0.51219,37.188,5.62,0.506,
29720,,93.90075,66.14849,38.506,7.05,0.508,
29725,2217,93.91258,36.14869,53.763,6.86,0.44,
29728,2231,93.91740,6.06617,200.4,6.07,-0.124,
29730,2201,93.91885,59.99898,150.83,5.37,1.339,40 Cam
29735,2244,93.93702,-13.71841,125,5.00,-0.078,
29736,2229,93.93735,12.55107,357.14,5.44,0.015,73 Ori
29746,2236,93.97488,1.16908,96.246,6.37,0.443,
29752,,93.98535,10.28173,88.028,6.84,1.22,
29761,,94.01122,70.78158,25.727,7.43,0.776,GJ 9205
29763,,94.01663,59.21504,183.15,6.59,1.004,
29771,2249,94.03204,-16.61801,238.66,5.97,-0.167,
29788,2274,94.07838,-59.21350,37.425,6.44,0.593,GJ 9209A
29789,2230,94.07935,23.97003,136.99,6.09,0.897,8 Gem
29798,2235,94.09914,17.18161,294.12,6.39,1.565,
29800,2241,94.11091,12.27216,19.249,5.04,0.431,74 Ori
29807,2256,94.13807,-35.14052,55.96,4.37,0.978,Kap Col
29808,2262,94.14829,-39.26439,123.3,6.00,0.163,
29839,2248,94.24352,7.05258,284.9,6.56,-0.116,
29840,2240,94.24461,23.74091,,6.24,0.446,9 Gem
29842,2263,94.25512,-37.73745,91.575,5.54,1.129,
29843,2254,94.26497,-22.71523,40.258,6.05,0.576,
29850,2247,94.27758,9.94239,69.109,5.39,0.106,75 Ori
29852,2265,94.28987,-37.25350,61.919,5.88,0.139,
29860,2251,94.31724,5.10011,19.249,5.70,0.61,Gl 231.1A
29873,,94.34736,57.41467,55.371,7.15,0.523,
29881,2250,94.38881,14.05868,295.86,6.59,-0.036,
29882,,94.39056,35.14920,45.579,6.68,0.451,
29884,2228,94.39440,46.42395,71.174,6.53,0.263,42 Aur
29895,2260,94.42385,-16.81591,189.75,5.15,1.293,
29913,2278,94.46559,-52.73303,366.3,6.40,1.456,
29917,,94.47222,-4.38268,157.73,6.65,1.191,
29919,2215,94.47844,61.51529,195.69,5.01,1.843,1 Lyn
29931,2253,94.52337,14.38286,220.26,6.12,0.035,
29941,2266,94.55719,-19.96697,243.9,5.51,-0.163,
29949,2239,94.57026,46.36044,121.21,6.33,1.113,43 Aur
29955,,94.58662,27.21015,124.53,6.66,1.122,
29982,2259,94.66813,9.04718,98.814,6.24,0.87,
29993,2268,94.70329,-15.02495,175.13,6.04,1.663,
29996,2267,94.71076,-9.39002,144.09,5.36,1.239,
29997,2209,94.71157,69.31979,53.648,4.76,0.025,Shangwei
30002,,94.72443,35.20795,149.93,6.62,0.97,
30003,,94.72677,23.60328,271,6.58,0.906,
30011,2271,94.74573,-20.92561,537.63,5.79,-0.155,
30019,2258,94.75767,17.32526,260.42,6.27,-0.094,
30023,,94.77002,47.39403,32.123,6.83,0.561,
30028,2270,94.78305,-8.58601,127.06,6.22,-0.043,
30038,,94.81329,-69.78455,59.88,6.91,0.513,
30051,,94.85586,13.43394,80.71,6.90,0.47,
30058,,94.89924,69.56908,114.55,6.77,0.264,
30060,2238,94.90578,59.01096,48.008,4.44,0.032,2 Lyn
30062,,94.90905,-22.10312,282.49,6.29,1.473,
30067,,94.91739,16.01325,27.541,6.61,0.562,
30069,2279,94.92065,-34.39659,125,5.76,-0.08,
30073,2273,94.92833,-7.82291,267.38,5.27,-0.177,7 Mon
30079,,94.94979,-39.48649,253.16,6.61,1.254,
30088,,94.98903,-13.99301,99.108,6.67,-0.026,
30093,2275,94.99833,-2.94449,142.45,4.91,1.613,
30099,2269,95.01761,14.65113,181.82,5.67,1.578,
30104,2290,95.02527,-48.74109,25.132,6.61,0.657,
30122,2282,95.07829,-30.06337,111.11,3.02,-0.16,Furud
30141,,95.14650,-23.63796,166.94,6.49,1.132,
30143,2288,95.15100,-34.14414,595.24,5.55,-0.182,
30153,,95.17527,72.14596,233.1,6.57,1.297,
30167,,95.21031,-4.59547,63.092,6.75,0.281,
30188,,95.26699,29.37175,54.734,7.02,0.375,
30190,,95.27264,-11.81732,232.56,6.32,1.676,
30200,2272,95.29965,29.54082,106.72,6.41,0.048,
30214,2284,95.35298,-11.77324,337.84,5.48,0.002,
30217,2280,95.35737,2.26852,92.336,6.30,0.251,
30218,2277,95.35801,17.76350,131.41,6.32,1.1,
30245,,95.43735,12.86194,168.92,6.68,0.947,
30247,2264,95.44217,53.45218,59.207,5.34,0.448,45 Aur
30252,,95.45856,-51.23771,71.48,6.74,0.227,
30272,2257,95.51481,59.37210,152.21,6.05,0.153,4 Lyn
30276,,95.52546,-15.66343,160.77,6.51,1.15,
30277,2296,95.52846,-33.43640,71.736,3.85,0.858,Del Col
30314,,95.62895,-60.21865,23.781,6.53,0.614,
30318,2287,95.65164,12.57024,69.832,6.00,0.319,
30321,2352,95.65935,-69.98404,189.75,5.56,1.51,Pi 1Dor
30324,2294,95.67494,-17.95592,151.06,1.98,-0.24,Mirzam
30342,2320,95.73269,-56.36997,48.263,5.60,0.242,Nu Pic
30343,2286,95.74009,22.51359,71.023,2.87,1.621,Tejat
30344,,95.74029,-24.55604,29.326,7.37,0.663,
30351,,95.75613,-3.27698,303.95,6.56,-0.148,
30352,2337,95.75611,-63.68314,337.84,6.30,1.612,
30357,,95.77654,56.97635,152.67,6.47,1.075,
30372,,95.80434,-34.99684,146.41,6.53,-0.073,
30376,2307,95.81033,-31.79031,105.37,6.31,0.893,
30382,2292,95.82705,3.76449,325.73,6.41,-0.149,
30387,2295,95.84498,-4.68751,109.29,6.66,0.063,
30407,2301,95.89966,-9.87473,446.43,6.11,1.841,
30414,,95.92818,-16.46719,196.08,6.57,0.307,
30419,2298,95.94203,4.59286,37.495,4.39,0.215,8Eps Mon
30420,2303,95.94226,-15.07126,448.43,6.27,1.534,
30422,2299,95.94375,4.59581,37.106,6.72,0.45,
30423,2336,95.94550,-58.54387,103.84,6.47,0.12,
30436,2311,95.98299,-25.57763,310.56,5.61,1.561,
30438,2326,95.98792,-52.69566,94.787,-0.62,0.164,Canopus
30444,2316,96.00421,-36.70776,101.52,5.62,1.027,
30448,2300,96.00951,8.88501,348.43,6.24,-0.06,
30457,2305,96.04300,-11.53009,106.84,5.21,1.23,
30463,2345,96.05775,-60.28133,93.023,5.78,-0.001,
30468,2309,96.08574,-12.96194,289.02,6.12,-0.076,
30476,,96.10152,-42.84752,27.925,6.67,0.673,
30480,2354,96.11076,-63.42893,31.756,6.45,0.66,
30497,,96.16236,35.25503,176.06,6.56,1.19,
30501,,96.18228,25.04871,245.1,6.35,1.21,
30503,2318,96.18290,-28.78011,21.882,6.37,0.626,GJ 3394
30505,2323,96.18540,-40.28398,165.84,6.30,-0.049,
30513,,96.20909,4.87199,47.214,7.03,0.508,
30517,2302,96.21987,16.05713,141.04,6.35,1.063,
30520,2289,96.22459,49.28789,,4.92,1.905,46Psi1Aur
30524,2360,96.23251,-63.82814,224.22,6.26,-0.119,
30541,2310,96.30417,7.08571,826.45,6.26,0.85,
30545,2313,96.31894,-0.94588,33.568,5.88,0.564,
30552,,96.33437,11.23325,32.041,7.01,0.593,
30564,2308,96.36740,14.72199,,6.30,2.349,
30565,2377,96.36935,-69.69030,82.781,5.37,0.971,Pi 2Dor
30566,2329,96.37502,-35.06415,168.35,6.24,1.353,
30570,2304,96.38724,23.32717,150.6,6.05,0.02,
30575,,96.39480,-2.99145,263.16,6.54,0.11,
30588,,96.42804,21.64502,116.96,6.53,0.93,
30591,2348,96.43189,-48.17690,180.18,5.76,-0.061,
30594,2315,96.44387,2.27168,147.28,6.51,-0.027,
30595,2317,96.44640,-3.88903,287.36,6.33,1.018,
30601,,96.46411,0.81274,170.36,6.60,0.963,
30602,,96.46803,11.12588,123.15,6.39,0.077,
30605,,96.49221,58.60328,57.67,6.87,0.371,
30608,2321,96.49512,-7.89498,173.61,6.40,0.145,
30627,,96.53979,-3.51569,173.01,6.42,1.039,
30630,,96.54272,18.75690,14.73,6.78,0.938,Gl 233A
30651,2291,96.60771,56.28510,74.963,5.53,0.238,
30660,2325,96.64351,-4.59740,396.83,6.16,-0.151,
30665,,96.66336,13.10117,69.979,6.60,0.556,
30666,2324,96.66493,-1.50734,72.464,5.87,0.07,
30669,,96.67775,-14.60343,169.78,6.32,1.242,
30675,2328,96.68688,-7.51194,75.415,6.35,-0.061,
30679,2293,96.70365,58.41741,191.94,5.21,1.538,5 Lyn
30700,,96.75365,-4.35566,287.36,6.50,-0.155,
30703,2369,96.76720,-58.00212,172.71,5.82,1.279,
30706,2353,96.78160,-37.89551,50.403,6.48,0.394,
30711,2349,96.79740,-25.85650,29.869,6.05,0.545,GJ 9212A
30717,2334,96.80734,0.29925,260.42,5.19,1.186,
30720,2335,96.81497,-0.27600,212.31,5.55,1.376,
30728,2333,96.83522,2.90829,94.429,5.55,1.035,
30741,2319,96.89800,32.56295,184.84,6.43,1.264,
30757,,96.94402,20.78951,172.12,6.54,1.246,
30760,,96.95256,-62.14993,83.893,6.61,0.088,
30762,2314,96.96232,47.40493,94.877,6.55,-0.036,
30769,2330,96.98613,20.49632,142.45,6.22,0.041,16 Gem
30772,2344,96.98988,-4.76215,333.33,5.06,-0.175,10 Mon
30788,2361,97.04254,-32.58007,129.87,4.47,-0.169,Lam CMa
30794,2285,97.06035,70.53532,177.94,6.03,0.103,
30798,2347,97.06986,1.91268,161.55,6.48,-0.064,
30804,2342,97.07840,10.30389,81.833,6.16,1.15,
30815,2340,97.11690,16.23839,68.918,6.24,0.894,
30827,2332,97.14204,30.49303,,5.75,0.779,48 Aur
30836,2359,97.15591,-17.46601,139.86,5.76,1.118,
30838,,97.15933,-0.72110,75.586,6.80,0.495,
30840,2364,97.16352,-32.37128,264.55,5.74,-0.16,
30849,2368,97.17675,-41.07488,74.571,6.32,0.39,
30862,,97.19197,36.47998,24.576,7.15,0.613,
30863,,97.19610,-0.57241,763.36,6.52,0.784,
30867,2356,97.20445,-7.03306,207.47,3.76,-0.113,11Bet Mon
30874,,97.21816,0.12796,420.17,6.56,-0.039,
30880,2339,97.23490,26.96746,46.232,6.57,0.554,
30883,2343,97.24079,20.21213,166.94,4.13,-0.115,18Nu Gem
30886,2351,97.25070,11.01921,59.488,6.59,0.293,
30906,2355,97.31172,2.64619,300.3,6.17,1.539,
30920,,97.34749,-2.81398,4.1268,11.12,1.69,Ross 614
30932,2389,97.36883,-56.85277,93.284,5.20,1.087,
30953,2384,97.45453,-50.23909,51.44,5.28,0.371,
30972,2338,97.51241,46.68555,187.27,5.88,1.448,47 Aur
30973,2408,97.51254,-65.56824,96.805,6.28,0.329,
30986,2367,97.54698,-10.08151,319.49,5.92,1.373,
30988,,97.54924,-19.21489,322.58,6.44,1.683,
31020,,97.63837,-12.08105,172.71,6.58,1.081,
31024,2373,97.64535,-13.14817,500,6.16,-0.137,
31037,2380,97.69287,-27.76957,377.36,5.92,-0.156,
31039,2331,97.69635,58.16263,55.804,5.86,0.934,6 Lyn
31056,2390,97.74957,-40.91625,173.31,6.19,1.398,
31058,,97.76292,39.75462,206.19,6.66,0.004,
31061,,97.76889,-43.71706,134.41,6.68,0.977,
31066,2370,97.78984,11.25137,303.03,6.17,-0.116,
31068,2410,97.79436,-61.87955,380.23,6.15,-0.147,
31072,2388,97.80456,-35.25884,188.68,5.82,0.813,
31079,2400,97.82616,-51.82595,36.914,5.58,0.534,
31083,,97.83954,2.91130,27.778,7.14,0.71,
31084,2379,97.84602,-12.39195,112.36,5.16,1.262,
31086,,97.85000,-32.86855,314.47,6.31,1.665,
31092,,97.87290,-21.40555,82.713,6.58,0.256,
31099,2393,97.89561,-36.94003,220.75,6.26,1.599,
31105,2371,97.90598,15.90350,134.95,6.38,0.275,19 Gem
31119,2375,97.95125,11.54441,63.654,5.22,0.185,
31121,2381,97.95860,-8.15823,214.13,5.43,1.373,
31125,2387,97.96403,-23.41842,423.73,4.34,-0.245,4Xi 1CMa
31137,2412,97.99296,-58.75384,232.02,5.69,-0.057,Mu Pic
31156,,98.07428,17.77962,17.905,6.91,0.401,
31158,,98.07728,17.78435,80.257,6.26,0.541,
31159,2382,98.08002,4.85600,172.41,5.88,0.997,12 Mon
31165,2399,98.08907,-37.69670,83.752,5.25,0.982,
31167,2386,98.09637,-5.86882,41.841,5.60,0.256,
31168,2378,98.09697,11.67352,210.53,6.08,1.069,
31173,2372,98.11328,32.45490,80.58,5.82,0.188,
31190,2397,98.16240,-32.03045,537.63,5.73,-0.18,
31201,,98.19234,-27.40436,61.576,6.89,0.547,
31205,2392,98.19531,-11.16638,123.3,6.30,1.096,
31216,2385,98.22594,7.33296,,4.47,0.023,13 Mon
31223,,98.24043,-48.54452,65.92,6.96,0.469,
31231,,98.26671,78.97953,255.1,6.61,1.266,
31241,2407,98.29266,-38.62519,150.6,6.44,0.999,
31265,2416,98.35956,-52.32923,183.82,6.18,1.088,
31266,2403,98.36113,-20.92396,98.814,6.39,0.817,
31277,2391,98.40069,14.15516,77.042,5.57,1.105,
31278,2395,98.40801,-1.22015,169.78,5.09,-0.132,
31290,2383,98.42773,33.02404,118.06,6.53,0.057,
31293,,98.43255,-75.62999,9.0188,10.35,,
31292,,98.44734,-75.62499,8.6813,11.41,,
31299,2411,98.45618,-36.23203,120.05,5.42,1.419,
31300,,98.45911,-58.52846,16.456,11.62,1.5,Gl 238
31314,,98.51054,-77.68770,53.967,6.66,0.489,
31326,,98.53505,2.89866,59.63,6.90,0.398,
31359,2376,98.63666,55.35304,295.86,6.45,1.554,7 Lyn
31362,2415,98.64722,-32.71625,161.29,5.62,-0.085,
31385,2404,98.69299,7.57248,115.47,6.44,-0.01,14 Mon
31396,,98.72367,16.20578,249.38,6.61,0.895,
31407,2435,98.74410,-52.97561,418.41,4.35,-0.021,
31416,2414,98.76411,-22.96479,135.32,4.54,-0.035,5Xi 2CMa
31434,2398,98.80026,28.02231,113.38,5.26,-0.008,49 Aur
31446,2409,98.81595,0.89022,467.29,5.78,0.004,
31448,2406,98.82331,9.98833,469.48,5.93,1.508,
31457,2424,98.85092,-36.77988,156.25,5.59,-0.13,
31469,,98.87841,-22.10905,134.41,6.32,1.03,
31509,2431,98.97516,-36.08863,39.604,6.36,0.486,
31523,2413,99.00043,4.49803,454.55,6.55,-0.053,
31525,,99.00887,16.79702,78.616,6.73,0.444,
31526,,99.00934,56.38607,83.612,6.56,0.398,
31547,,99.05241,-36.13845,39.37,7.23,0.62,
31552,,99.06279,58.10678,35.298,6.61,0.496,
31564,2423,99.09521,-18.65990,107.53,5.71,0.848,6Nu 1CMa
31568,,99.10943,27.27839,33.113,6.89,0.646,
31572,,99.11646,-31.88685,59.277,6.87,0.366,
31579,2405,99.13681,38.44550,,5.40,2.773,
31583,2418,99.14721,-5.21114,230.95,5.52,-0.082,
31592,2429,99.17098,-19.25588,19.751,3.95,1.037,7Nu 2CMa
31593,2433,99.17110,-22.61473,322.58,6.35,-0.117,
31599,2428,99.19416,-13.32104,210.97,5.95,1.562,
31603,2445,99.21364,-41.55714,483.09,6.36,1.147,
31617,2444,99.25786,-38.14651,110.38,6.03,1.03,
31623,,99.26643,-32.22520,35.311,7.65,0.703,
31634,,99.29655,-50.03826,15.356,9.61,1.456,Gl 240
31635,,99.29507,17.56480,9.7466,9.63,1.48,Gl 239
31637,2446,99.30765,-36.99065,350.88,5.72,-0.112,
31646,2422,99.35017,6.13538,,6.05,0.018,
31650,2417,99.36371,24.59085,121.95,6.44,0.101,
31655,,99.38248,9.14428,37.051,7.61,0.735,
31660,,99.39126,12.18056,26.918,6.84,0.725,
31662,2426,99.40373,10.85329,152.44,6.39,1.351,
31665,2402,99.40998,56.85753,101.73,5.87,0.006,11 Lyn
31672,2430,99.41802,2.70416,135.69,6.17,1.08,
31674,2437,99.41997,-12.98512,80,6.11,0.994,
31676,2394,99.42300,61.48123,52.056,5.94,0.899,8 Lyn
31681,2421,99.42792,16.39925,33.512,1.93,0.001,Alhena
31685,2451,99.44030,-43.19593,113.9,3.17,-0.103,Pipit
31688,2447,99.44836,-32.33973,123.3,5.25,1.177,
31697,2432,99.46961,4.95667,,6.14,0.091,
31700,2443,99.47259,-18.23748,129.2,4.42,1.137,8Nu 3CMa
31703,2365,99.47976,73.69564,35.958,6.26,0.396,
31711,2468,99.50164,-61.53339,21.295,6.15,0.624,GJ 3400A
31730,,99.57876,24.45042,73.746,6.75,0.276,
31731,,99.58328,57.19171,143.47,6.73,0.931,
31733,2440,99.58524,-2.54390,232.56,6.14,1.47,
31736,,99.59546,-23.58032,234.19,6.48,0.664,
31737,2425,99.59588,28.98435,106.27,5.76,-0.001,53 Aur
31758,2448,99.64761,-16.87355,149.48,6.01,0.042,
31765,2462,99.65680,-48.22018,146.2,5.05,0.997,
31766,2442,99.65911,1.61352,666.67,6.23,0.086,
31771,2419,99.66475,39.39085,149.7,5.70,1.367,51 Aur
31789,2420,99.70493,39.90256,420.17,5.34,-0.075,52Psi3Aur
31790,2441,99.70585,4.70061,358.42,6.56,-0.069,
31813,2436,99.77208,22.03088,129.2,6.09,1.027,
31827,2450,99.81966,-14.14576,303.03,4.82,1.459,
31832,2427,99.83261,42.48888,127.55,4.80,1.236,50Psi2Aur
31850,2439,99.88117,24.60016,32.776,6.43,0.523,
31852,2438,99.88800,28.26313,258.4,6.02,-0.087,54 Aur
31859,2455,99.90093,-23.69566,208.33,6.05,-0.031,
31862,,99.90757,-55.60967,13.3,9.80,1.377,GJ 3403
31870,2460,99.92775,-30.47049,73.368,5.70,1.134,
31876,2449,99.94882,12.98277,78.864,5.99,0.063,
31886,2465,99.98712,-38.15900,123.46,6.59,1.175,
31889,2434,99.99117,44.01411,212.31,6.35,1.222,
31897,2559,100.01211,-80.81359,126.9,5.61,0.214,Zet Men
31922,2346,100.06919,79.59951,126.58,6.74,0.066,
31940,2363,100.12019,77.99578,214.13,5.75,1.488,Kamelos
31944,,100.13075,61.92253,102.14,6.58,0.156,
31945,2454,100.13312,6.37125,286.53,6.51,-0.139,
31946,2396,100.13436,71.74879,237.53,5.88,1.223,
31977,2505,100.23990,-71.77519,132.45,6.50,1.11,
31978,2456,100.24441,9.89575,281.69,4.66,-0.233,15 Mon
31992,2461,100.27268,0.49532,384.62,5.79,-0.094,
31996,,100.28924,8.98472,497.51,6.53,0.645,
32007,2475,100.30905,-40.34985,355.87,6.16,-0.146,
32010,,100.31541,23.95772,17.446,8.08,1.021,Gl 241
32012,2458,100.32175,11.00320,,6.19,1.675,
32019,2453,100.33707,28.19664,632.91,6.45,1.09,25 Gem
32020,2457,100.34142,16.39765,276.24,6.28,-0.016,
32040,2452,100.40733,35.93193,83.822,6.48,0.509,
32064,2469,100.48494,-9.16754,105.6,5.21,1.525,
32067,2467,100.49679,6.34542,854.7,6.36,-0.084,
32076,,100.52169,-15.21525,30.057,6.97,0.563,
32091,2482,100.56827,-38.39879,82.919,6.28,0.346,
32104,2466,100.60135,17.64530,43.63,5.20,0.063,26 Gem
32106,,100.60652,-67.84310,134.41,6.72,-0.039,
32125,,100.64329,38.89203,61.958,7.04,0.359,
32144,2481,100.69187,-22.44859,54.318,6.26,0.321,
32146,,100.69776,-4.14088,66.05,6.57,0.501,
32173,2459,100.77076,44.52445,99.206,5.04,1.479,55Psi4Aur
32177,2474,100.77756,3.03380,194.55,6.18,1.366,
32190,2464,100.80724,37.14737,158.73,6.21,1.026,
32208,2488,100.84731,-39.19312,135.5,6.30,0.258,
32222,2531,100.90308,-73.11821,136.8,6.36,0.96,
32226,2479,100.91103,3.93253,877.19,5.88,-0.046,
32243,,100.97306,-25.53495,145.14,6.70,0.933,
32246,2473,100.98303,25.13112,259.07,3.06,1.377,Mebsuta
32249,2478,100.99706,13.22802,88.574,4.49,1.167,30 Gem
32252,,101.02173,62.96299,264.55,6.61,1.4,
32261,2463,101.04791,53.29594,78.308,6.28,1.089,
32268,2471,101.05218,36.10926,281.69,6.37,0.065,
32269,,101.05332,-54.69551,220.26,6.47,-0.119,
32292,2492,101.11861,-31.07052,,5.23,-0.127,10 CMa
32296,2350,101.12628,82.11533,71.378,6.61,0.182,
32311,2480,101.18942,28.97093,145.99,5.42,1.445,28 Gem
32322,2493,101.21648,-27.34167,27.137,6.43,0.55,Gl 243
32329,,101.22882,20.86065,49.261,7.20,0.562,
32332,2536,101.23194,-70.43376,195.31,6.10,1.335,
32333,,101.23479,22.83738,107.99,6.76,0.197,
32339,2497,101.26065,-30.58640,359.71,6.53,-0.111,
32349,2491,101.28722,-16.71612,2.6371,-1.44,0.009,Sirius
32350,,101.29053,39.36814,55.648,6.93,0.351,
32362,2484,101.32236,12.89559,17.999,3.35,0.443,Alzirr
32366,2500,101.34567,-31.79366,24.378,5.92,0.491,Gl 245.1
32368,2495,101.34735,-23.46243,145.99,6.04,1.205,
32376,,101.36056,9.76573,90.171,6.65,0.333,
32385,2501,101.37996,-30.94898,581.4,5.62,-0.138,
32402,2515,101.47383,-52.40969,395.26,5.81,1.551,
32404,2489,101.47583,12.69356,877.19,6.47,0.344,32 Gem
32411,2498,101.49748,-14.79613,130.04,5.30,0.075,
32431,,101.54321,23.37122,261.78,6.51,0.839,
32434,2510,101.55063,-37.77533,406.5,6.19,-0.123,
32438,2470,101.55893,59.44167,65.833,4.86,0.084,12 Lyn
32439,2401,101.56005,79.56481,17.873,5.44,0.525,Gl 240.1
32455,,101.60761,-19.87791,137.93,6.75,0.965,
32463,2494,101.63506,8.58715,263.16,5.92,-0.173,16 Mon
32466,,101.63752,-14.52371,132.28,6.69,0.077,
32474,2502,101.66257,-10.10736,165.56,5.66,-0.048,
32477,2524,101.67363,-54.69503,127.23,6.45,0.858,
32480,2483,101.68475,43.57743,16.717,5.24,0.575,56Psi5Aur
32488,,101.70556,16.77246,96.246,6.83,0.408,
32489,2477,101.70625,57.16918,64.683,5.34,0.964,13 Lyn
32492,2504,101.71288,-14.42597,243.9,5.28,-0.024,11 CMa
32494,2523,101.71950,-51.26567,252.53,5.39,1.33,
32500,2848,101.74385,-87.02496,39.355,6.46,0.429,
32504,2509,101.75617,-21.01540,241.55,6.07,-0.159,12 CMa
32531,2526,101.82795,-55.53999,184.5,5.60,1.549,
32533,2503,101.83263,8.03725,151.06,4.77,1.396,17 Mon
32537,2518,101.83917,-37.92970,99.404,5.27,-0.078,
32539,2499,101.84774,18.19345,176.68,6.35,0.066,
32558,2508,101.90510,-8.99850,432.9,5.08,1.795,
32560,,101.90844,37.51586,15.741,12.06,-0.098,Gl 246
32562,2487,101.91491,48.78948,110.5,5.22,1.131,57Psi6Aur
32578,2506,101.96520,2.41216,112.87,4.48,1.099,18 Mon
32607,2550,102.04791,-61.94139,29.603,3.24,0.225,Alp Pic
32609,2486,102.05111,55.70419,44.267,5.54,,
32617,2514,102.07944,-1.31892,39.984,5.75,0.292,
32644,,102.14898,-4.07591,47.259,7.02,0.553,
32677,2522,102.24057,-15.14473,162.07,5.39,-0.096,
32682,2517,102.26523,1.00206,,6.16,-0.134,
32689,,102.29247,27.19037,121.21,6.66,0.139,
32698,2521,102.31838,-2.27204,176.06,5.75,-0.098,
32702,,102.33894,43.75911,44.904,7.30,0.546,
32718,,102.38996,-41.42902,64.641,7.01,0.537,
32740,2512,102.42215,32.60676,127.55,5.72,1.298,
32744,2528,102.43333,-24.07607,245.7,6.31,0.054,
32746,,102.43452,37.51275,224.72,6.49,1.553,
32753,2519,102.45765,16.20289,263.16,5.87,-0.136,33 Gem
32759,2538,102.46025,-32.50848,202.02,3.50,-0.116,13Kap CMa
32761,2554,102.46381,-53.62245,166.94,4.41,0.899,
32765,2548,102.47757,-46.61456,25.259,5.14,0.46,Gl 249.1
32768,2553,102.48399,-50.61456,55.804,2.94,1.207,Tau Pup
32769,,102.48698,60.33554,16.628,8.59,1.209,Gl 247
32771,2546,102.49043,-45.45041,196.08,6.54,1.501,
32775,2562,102.50421,-60.24915,33.625,6.11,0.457,
32793,,102.55137,5.67350,91.241,6.77,0.321,
32801,,102.56949,-17.29198,104.93,6.62,0.03,
32809,2535,102.59070,-17.08456,363.64,5.77,1.435,
32810,2545,102.59728,-31.70606,199.2,5.74,0.094,
32814,2525,102.60624,13.41318,540.54,5.68,1.329,35 Gem
32827,2544,102.65400,-25.77839,483.09,6.32,-0.183,
32838,2534,102.67626,-8.04100,99.9,6.31,0.011,
32844,2516,102.69146,41.78123,116.14,4.99,1.256,58Psi7Aur
32851,2530,102.70764,-0.54088,29.682,5.78,0.396,
32855,2549,102.71814,-34.36732,250,4.99,1.379,
32864,2490,102.73786,67.57193,283.29,5.14,-0.152,42 Cam
32874,,102.75178,25.76036,34.2,6.98,0.6,
32912,2602,102.86243,-70.96341,172.71,5.41,-0.11,Iot Vol
32918,2563,102.88572,-48.29275,207.47,6.42,1.207,
32919,,102.88526,47.36782,18.556,8.95,1.232,Gl 249
32921,2529,102.88769,21.76115,150.6,5.28,-0.02,36 Gem
32923,,102.88915,-6.96651,392.16,6.58,0.03,
32931,2543,102.91407,3.04199,105.04,6.37,0.052,
32938,2558,102.92678,-36.23027,55.218,5.94,0.183,
32948,,102.94700,86.68434,124.38,6.59,1.177,
32964,,102.99249,25.66300,108.34,6.75,0.162,
32968,2533,102.99996,23.60172,141.84,5.68,1.467,
32970,,103.00847,-33.91556,46.126,7.21,0.614,
32971,,103.00993,-11.20450,29.762,7.41,0.721,
32984,,103.07522,-5.17371,8.71,6.58,1.071,Gl 250A
32990,2552,103.09525,-5.31628,141.04,6.30,0.977,
33006,2575,103.16511,-42.50442,114.42,6.52,0.416,
33012,2592,103.18930,-59.34119,145.35,6.41,0.181,
33016,2587,103.19594,-54.09034,444.44,6.56,1.082,
33015,2579,103.19642,-43.97559,145.56,6.47,-0.101,
33018,2540,103.19724,33.96125,57.971,3.60,0.102,34The Gem
33024,2551,103.20612,8.38037,62.305,5.75,0.27,
33040,2567,103.25126,-26.95763,279.33,6.33,1.408,
33041,2539,103.25588,38.86916,150.6,6.10,0.406,59 Aur
33044,2542,103.26474,35.78800,293.26,6.03,1.455,
33048,2520,103.27107,59.44854,149.25,5.34,0.675,14 Lyn
33056,2532,103.28157,44.83994,92.678,6.24,0.239,
33064,2541,103.30581,38.43801,69.541,6.32,0.516,60 Aur
33077,2565,103.32840,-19.03276,95.511,5.65,0.279,
33079,2566,103.34100,-18.93284,127.06,6.13,0.156,
33081,,103.34202,-24.68441,94.877,6.52,0.091,
33082,2555,103.34334,10.99665,117.92,6.30,0.962,
33092,2571,103.38711,-20.22425,373.13,4.82,-0.212,15 CMa
33094,2576,103.39134,-28.53979,25.893,6.05,0.708,GJ 9219
33104,2511,103.42602,68.88831,300.3,5.11,-0.114,43 Cam
33109,,103.43681,-9.51547,39.2,7.05,0.566,
33126,2578,103.48105,-24.53876,163.13,6.23,0.016,
33133,2547,103.48781,38.50502,229.36,6.46,-0.044,61Psi8Aur
33139,2594,103.50950,-50.61160,54.113,6.24,0.988,
33142,,103.51638,60.87176,10.479,11.01,1.552,GJ 3412A
33152,2580,103.53314,-24.18421,,3.89,1.74,16Omi1CMa
33154,2570,103.53579,-5.85219,163.67,6.39,0.174,
33160,2574,103.54751,-12.03863,79.936,4.08,1.418,14The CMa
33179,,103.58883,21.16133,118.48,6.51,1.4,
33184,2572,103.60276,-1.12700,169.2,5.44,0.167,
33189,2591,103.61118,-42.36557,502.51,6.32,2.287,
33202,2564,103.66098,13.17783,25.628,4.73,0.321,38 Gem
33205,,103.66573,15.83794,200.8,6.57,0.921,
33210,2577,103.67518,-1.75649,,6.20,0.487,
33212,,103.67844,24.24556,29.913,6.84,0.582,
33226,,103.70433,33.26817,5.5863,9.89,1.58,Gl 251
33243,2582,103.74549,-2.80359,334.45,6.03,1.102,
33248,2588,103.76140,-20.40488,154.56,5.80,0.048,17 CMa
33269,2557,103.81107,43.91003,310.56,6.16,0.314,
33271,2556,103.81332,45.82641,137.74,6.31,0.945,
33277,2569,103.82779,25.37570,17.241,5.74,0.573,37 Gem
33297,2584,103.89423,8.32428,85.47,6.28,0.037,
33302,2590,103.90596,-20.13650,29.586,4.66,0.374,19Pi CMa
33316,2595,103.94553,-22.94144,,5.29,-0.163,
33324,,103.97175,-56.94241,37.965,7.39,0.585,
33330,2598,103.97821,-31.79018,294.99,6.36,-0.155,
33345,2593,104.02768,-14.04343,381.68,5.00,1.182,18Mu CMa
33347,2596,104.03427,-17.05424,769.23,4.36,-0.063,20Iot CMa
33357,2608,104.06663,-48.72114,263.85,4.94,1.668,
33372,2589,104.10763,9.95658,139.28,5.90,-0.085,
33377,2568,104.13357,46.27400,386.1,5.85,-0.079,Psi9Aur
33382,,104.14243,1.16208,31.26,7.41,0.69,
33384,2689,104.14366,-79.42019,107.99,5.45,0.041,The Men
33394,2604,104.19042,-35.34133,193.8,6.27,1.278,
33415,2573,104.23365,46.70535,107.18,5.88,1.093,
33420,2599,104.25039,-8.17929,434.78,6.31,0.641,
33421,2586,104.25217,33.68104,129.53,5.91,0.878,
33423,,104.25723,-19.43900,86.281,6.64,0.473,
33428,,104.26950,30.75649,18.359,9.68,1.359,Gl 254
33444,2561,104.30472,57.56329,247.52,6.03,1.495,
33449,2560,104.31918,58.42276,54.675,4.35,0.85,15 Lyn
33451,2612,104.32329,-35.50715,43.103,6.23,0.465,Gl 255A
33453,,104.32710,37.39472,526.32,6.48,1.673,
33465,2597,104.35662,11.90755,943.4,6.26,0.349,
33478,2607,104.39130,-24.63084,37.936,5.45,0.39,
33485,2585,104.40463,45.09409,73.855,4.90,0.027,16 Lyn
33492,2611,104.42763,-27.53750,312.5,6.22,-0.147,
33495,,104.43936,-52.64847,37.216,6.91,0.477,
33499,,104.44524,-44.29120,8.0096,10.81,1.636,Gl 257A
33532,2614,104.53148,-27.16438,854.7,6.36,-0.186,
33534,,104.53554,-10.31571,204.08,6.58,1.386,
33537,,104.54895,22.47589,24.631,6.94,0.62,
33558,2619,104.60457,-34.11171,180.83,5.07,-0.154,
33574,,104.64900,-23.88084,133.51,6.73,0.031,
33575,2616,104.64958,-25.41416,264.55,5.59,-0.162,
33577,2638,104.65158,-56.39485,94.34,6.46,0.389,
33579,2618,104.65645,-28.97208,124.22,1.50,-0.211,Adhara
33584,2606,104.66214,7.62230,68.306,6.25,0.105,
33588,2634,104.66572,-55.72912,88.339,6.26,1.16,
33590,2626,104.67389,-45.76759,120.19,6.23,-0.006,
33591,2621,104.68208,-30.99804,232.56,6.41,-0.137,
33595,2601,104.69759,26.08108,47.664,6.20,0.52,39 Gem
33603,2610,104.73761,3.60236,257.07,5.96,1.056,
33614,2600,104.76189,38.05232,256.41,6.02,1.218,62 Aur
33644,2613,104.83406,7.31697,293.26,6.34,-0.106,
33650,2605,104.86638,25.91417,366.3,6.40,-0.111,40 Gem
33666,2623,104.91356,-21.60288,393.7,6.26,-0.164,
33669,,104.92305,-33.47572,190.84,6.62,0.203,
33682,2662,104.96067,-67.91644,89.606,5.18,1.396,GJ 3422
33690,,104.99900,-61.33618,18.325,6.81,0.786,Gl 260
33694,2527,105.01622,76.97741,56.338,4.55,1.365,Tonglingxing
33703,2625,105.03451,-20.15843,436.68,6.32,-0.134,
33705,,105.04071,-31.14169,37.355,6.62,0.438,
33715,2615,105.06594,16.07900,,5.73,1.641,41 Gem
33719,2622,105.07515,-5.36716,28.96,6.29,0.572,Citalá
33721,2628,105.08068,-22.11906,645.16,6.53,-0.173,
33722,,105.08716,67.33061,174.22,6.53,0.909,
33728,,105.09841,-49.13506,187.97,6.56,0.882,
33729,2624,105.09898,-8.40682,330.03,5.95,-0.075,
33754,2627,105.16390,-9.20297,471.7,6.49,0.142,
33760,2637,105.17714,-28.48957,68.681,6.28,0.449,
33774,2641,105.20727,-33.46553,118.06,6.39,1.052,
33779,2652,105.21455,-51.40259,198.02,5.14,1.652,
33800,2661,105.27144,-58.93994,54.142,6.01,0.297,
33804,2640,105.27477,-25.21563,312.5,5.64,-0.165,
33817,,105.30720,-25.94872,14.648,6.71,0.882,Gl 259
33823,2620,105.32089,32.41456,141.64,6.55,0.27,
33827,2581,105.33918,70.80830,156.01,5.69,1.337,
33852,,105.41011,48.37867,20.084,7.98,0.986,Gl 257.1
33856,2646,105.42978,-27.93483,343.64,3.49,1.729,Nganurganity
33858,,105.43836,69.64642,174.52,6.64,0.969,
33864,,105.44671,-35.54792,229.89,6.58,-0.154,
33868,,105.45630,-11.30092,444.44,6.54,0.016,
33869,,105.45799,-10.88236,118.34,6.64,0.733,
33873,2636,105.47049,-1.34588,176.99,6.20,1.286,
33878,2639,105.48493,-5.72206,175.13,5.22,1.687,
33909,2658,105.56449,-43.40387,134.95,6.44,-0.039,
33914,2632,105.57289,15.33601,183.15,5.78,1.14,
33927,2630,105.60326,24.21545,456.62,5.20,0.953,42Ome Gem
33929,2631,105.60639,17.75552,246.91,5.96,1.518,
33937,2635,105.63870,16.67445,769.23,5.86,1.659,
33955,,105.67883,-6.79923,18.443,8.38,1.078,GJ 1094
33971,2648,105.72824,-4.23923,373.13,4.99,-0.195,19 Mon
33977,2653,105.75614,-23.83329,847.46,3.02,-0.077,24Omi2CMa
34000,2674,105.81293,-59.17811,151.29,5.50,-0.125,
34002,2647,105.82466,9.13836,101.94,5.96,0.126,
34006,,105.85251,-52.42534,480.77,6.53,-0.109,
34017,2643,105.87685,29.33708,19.131,5.93,0.595,Gl 262
34024,,105.88971,71.75813,37.369,7.15,0.521,
34033,2649,105.90864,10.95182,182.15,5.14,1.391,
34045,2657,105.93955,-15.63329,135.5,4.11,-0.112,Muliphein
34052,,105.95938,-43.56132,17.416,8.67,1.18,Gl 264
34055,2651,105.96500,12.59424,581.4,6.01,1.584,
34059,2672,105.97344,-49.58392,60.569,4.92,0.14,
34065,2667,105.98892,-43.60804,16.515,5.56,0.624,Gl 264.1A
34066,2656,105.98940,-10.12377,413.22,6.44,-0.067,
34069,2668,105.99559,-43.61132,20.838,6.83,0.779,Gl 264.1B
34081,2666,106.01166,-42.33728,106.84,5.20,0.198,
34083,,106.01475,36.31351,161.55,6.70,0.84,
34085,,106.01702,75.22754,35.714,7.15,0.594,
34086,2655,106.02186,-5.32398,380.23,5.63,1.29,
34088,2650,106.02721,20.57030,421.94,4.01,0.899,Mekbuda
34104,,106.07379,-10.50881,16.023,10.95,1.535,Gl 263
34105,2683,106.07635,-56.74972,92.251,5.14,-0.032,
34107,2654,106.08406,1.48849,233.64,6.57,0.01,
34115,,106.10665,68.28880,14.93,11.95,1.527,Gl 258
34142,2664,106.19604,-22.03169,105.93,6.09,1.225,
34166,,106.27539,-21.45018,134.41,6.68,1.013,
34168,2645,106.28745,47.77504,413.22,6.37,-0.048,
34177,2687,106.31824,-50.36004,317.46,6.47,1.424,
34182,2659,106.32654,22.63746,123,6.00,-0.027,44 Gem
34200,2677,106.38343,-34.77770,53.447,6.15,0.353,
34201,,106.38638,-40.64040,116.69,6.73,0.909,
34215,2663,106.41261,9.18580,303.95,5.78,1.513,
34217,2644,106.41586,52.75856,99.701,6.17,0.102,
34229,,106.44687,31.39328,190.48,6.64,1.638,
34234,2670,106.45683,-10.66008,,6.50,-0.062,
34238,2617,106.46514,70.73192,350.88,6.49,1.568,
34248,2680,106.50203,-30.65571,257.73,6.34,-0.131,
34250,2642,106.50510,59.80185,118.91,6.40,1.19,
34253,2685,106.50943,-38.38285,205.34,6.09,0.702,
34267,2660,106.54833,34.47397,92.678,5.55,0.909,
34270,2712,106.55961,-68.83758,161.81,6.47,1.039,
34276,,106.58721,-43.61075,102.35,6.52,-0.008,
34297,2679,106.64985,-12.39395,,6.48,-0.124,
34301,2678,106.66986,-11.29401,934.58,5.41,0.033,
34318,2686,106.71865,-24.96057,280.9,6.09,1.341,
34338,2676,106.77696,4.91058,203.67,6.10,-0.129,
34339,2691,106.77949,-40.89327,238.1,5.80,-0.158,
34349,2698,106.80539,-51.96828,166.94,5.96,0.996,
34350,,106.81784,-59.71642,374.53,6.46,-0.113,
34358,2665,106.84333,34.00929,201.21,5.94,1.507,
34360,2690,106.84412,-23.84072,,5.75,-0.117,
34367,2669,106.85366,28.17669,289.02,6.47,-0.081,
34370,,106.86591,-52.20455,241.55,6.60,1.389,
34387,2682,106.95621,7.47121,182.48,5.74,1.176,
34414,,107.01773,29.83449,22.257,8.32,0.907,GJ 3428
34417,,107.02767,-57.33112,58.617,6.87,0.358,
34428,2673,107.05530,33.83239,191.2,6.31,1.356,
34440,2684,107.09183,15.93068,98.912,5.47,1.02,45 Gem
34444,2693,107.09785,-26.39320,492.61,1.83,0.671,Wezen
34462,2675,107.15102,37.44510,294.99,6.19,1.212,
34473,2735,107.17647,-70.49709,49.652,5.68,0.436,Gam1Vol
34481,2736,107.18682,-70.49893,42.863,3.78,1.006,Gam2Vol
34495,2702,107.21278,-39.65566,223.21,4.83,-0.179,
34497,,107.21844,33.93391,265.96,6.54,1.487,
34536,2694,107.33437,-10.34657,632.91,6.23,-0.018,
34561,2699,107.38902,-16.23451,684.93,6.00,0.04,
34567,,107.39749,25.72865,25.17,7.09,0.7,
34572,,107.40741,60.79209,141.24,6.64,1.087,
34579,2704,107.42927,-25.23103,564.97,5.69,-0.158,
34589,,107.46737,-16.23473,59.63,6.62,0.312,
34603,,107.50794,38.52946,6.2945,11.65,1.7,Gl 268
34608,2692,107.52786,21.24698,45.83,6.43,0.88,
34617,2705,107.53902,-18.68564,42.087,6.23,0.419,
34622,2701,107.55701,-4.23711,62.189,4.91,1.02,20 Mon
34624,2708,107.58051,-27.49152,216.45,5.46,0.998,
34670,2719,107.69787,-48.93210,96.899,5.12,1.251,GJ 3434
34688,,107.76272,-3.89802,210.97,6.51,1.158,
34693,2697,107.78489,30.24516,98.425,4.41,1.261,46Tau Gem
34714,,107.83123,33.11186,48.193,7.16,0.431,
34722,2700,107.84611,26.85659,119.19,5.75,0.13,47 Gem
34724,2707,107.84839,-0.30193,87.184,5.44,0.31,21 Mon
34739,,107.88196,-49.42420,27.655,7.50,0.705,
34752,2696,107.91383,39.32055,148.81,4.91,1.451,63 Aur
34758,2716,107.92335,-20.88306,143.27,5.84,-0.038,
34763,,107.94521,16.97634,362.32,6.50,1.423,
34768,2710,107.96409,5.65470,168.35,6.07,-0.016,
34769,2714,107.96609,-0.49276,117.79,4.15,-0.005,22Del Mon
34776,,107.98108,-56.15550,116.82,6.67,0.966,
34780,2754,108.00825,-63.19006,147.71,6.03,-0.011,
34782,2720,108.01705,-30.82137,47.551,6.10,0.273,
34789,2713,108.03122,5.47435,196.08,6.15,1.142,
34798,2718,108.05089,-25.94259,257.07,5.91,-0.17,26 CMa
34802,2727,108.06588,-40.49881,126.1,5.30,0.072,
34814,2724,108.10074,-27.47476,246.91,6.59,0.19,
34817,2726,108.10760,-36.54438,278.55,5.94,-0.145,
34819,2706,108.10990,24.12859,109.77,5.85,0.397,48 Gem
34834,2740,108.14025,-46.75930,21.427,4.49,0.324,Gl 268.1
34855,,108.19308,-57.49073,207.04,6.64,0.023,
34860,2711,108.20453,27.22482,42.481,6.46,0.502,
34879,,108.26117,-24.22557,36.456,7.17,0.66,
34888,2723,108.27997,-11.25134,202.43,5.77,1.508,
34890,,108.28034,-63.34495,19.482,9.08,1.255,Gl 268.2
34897,,108.30379,47.60683,66.845,6.75,0.296,
34899,2746,108.30566,-45.18274,56.529,4.87,-0.003,
34909,2717,108.34281,16.15897,165.84,5.07,1.653,51 Gem
34912,2703,108.34749,51.42874,221.73,5.46,1.64,
34913,,108.34897,13.76297,266.67,6.60,1.19,
34914,2730,108.35010,-22.67424,245.1,5.99,1.481,
34922,2748,108.38455,-44.63974,64.061,4.42,1.331,
34924,2734,108.40188,-27.35636,,6.12,-0.234,
34926,,108.40536,47.26675,60.06,7.04,0.44,
34929,,108.41616,-53.66782,151.29,6.70,-0.088,
34937,2741,108.44680,-31.08363,429.18,6.57,-0.172,
34940,2733,108.45161,-22.90578,436.68,6.34,-0.184,
34950,,108.47139,25.01138,24.655,8.40,0.827,
34954,2743,108.48891,-30.33979,529.1,6.32,-0.183,
34956,2681,108.49169,71.81658,129.87,6.36,1.119,
34975,2731,108.54521,-3.90178,396.83,5.80,1.585,
34981,2745,108.56338,-26.35251,531.91,4.42,-0.17,27 CMa
34982,2732,108.56466,-9.94753,574.71,5.90,1.528,
34987,2729,108.58359,3.11141,227.27,5.36,1.193,
34999,2739,108.61772,-10.31625,869.57,6.02,-0.173,
35005,2728,108.63593,12.11582,90.253,5.71,1.007,
35020,2762,108.65892,-48.27193,115.47,4.75,-0.091,
35025,2725,108.67490,24.88498,92.081,5.84,1.554,52 Gem
35029,2761,108.69176,-46.84967,142.45,5.72,-0.109,
35037,2749,108.70274,-26.77267,279.33,4.01,-0.15,28Ome CMa
35044,2750,108.71319,-27.03800,83.333,5.58,1.22,
35054,2759,108.73813,-41.42639,167.79,5.95,-0.146,
35080,2744,108.83087,-0.16128,138.5,6.42,0.901,24 Mon
35083,2756,108.83781,-30.68645,192.68,5.36,-0.155,
35084,2767,108.83852,-52.49923,128.04,5.96,1.099,
35113,,108.90735,45.40949,328.95,6.51,1.152,
35120,2747,108.91429,7.97774,166.39,5.78,1.537,
35127,2752,108.93017,-10.58361,121.21,5.95,1.173,
35132,2755,108.94707,-23.74028,253.81,6.34,-0.018,
35136,2721,108.95888,47.23996,16.892,5.54,0.576,GJ 1095
35139,,108.96168,-13.04948,32.31,7.74,0.607,GJ 3436
35146,2715,108.97901,59.63747,61.013,5.20,1.081,18 Lyn
35152,2738,108.98820,27.89742,235.85,5.75,1.605,53 Gem
35180,2758,109.06065,-15.58569,82.508,5.46,0.079,GJ 9228
35181,2771,109.06448,-46.77453,230.41,5.64,1.441,
35191,,109.08241,27.14250,12.035,10.83,1.52,Gl 268.3
35202,2769,109.13273,-38.31893,187.27,5.81,-0.133,
35205,2766,109.14580,-27.88118,124.22,4.66,1.589,
35209,,109.15179,1.87877,41.339,7.34,0.609,
35210,2764,109.15347,-23.31559,434.78,4.83,1.601,
35213,,109.15983,-23.31094,92.937,6.02,0.317,
35219,,109.18559,16.14712,54.975,6.75,0.417,
35226,2770,109.20588,-36.59263,230.95,5.03,-0.161,
35228,2803,109.20762,-67.95715,226.24,3.97,0.76,Del Vol
35241,2768,109.23840,-30.89701,132.28,6.30,0.2,
35253,,109.26416,26.68949,77.22,6.38,0.883,
35261,,109.27907,-12.03392,46.296,6.72,0.436,
35264,2773,109.28566,-37.09747,247.52,2.71,1.616,Pi Pup
35265,,109.28974,33.09205,27.086,6.93,0.631,
35296,,109.37319,-46.97924,14.594,6.70,0.975,Gl 269A
35301,2765,109.38193,-6.68000,302.11,6.29,1.624,
35304,2737,109.39050,52.13107,183.49,5.93,1.259,
35310,,109.41049,9.29209,41.615,6.72,0.565,
35317,,109.42770,38.87626,147.28,6.48,0.995,
35326,2774,109.45005,-26.79756,296.74,6.45,-0.153,
35341,2753,109.50924,40.88339,85.251,5.87,0.181,64 Aur
35345,2757,109.51704,30.95587,181.16,6.19,-0.024,
35347,2789,109.51771,-43.98679,181.49,5.86,-0.117,
35350,2763,109.52325,16.54038,30.931,3.58,0.106,54Lam Gem
35353,,109.53424,39.27481,14.491,10.30,1.508,GJ 3438
35363,2787,109.57665,-36.73396,246.31,4.65,-0.099,
35384,2751,109.63325,49.46476,106.95,5.00,0.087,
35393,2791,109.63963,-39.21028,141.84,5.24,0.026,
35406,2790,109.65910,-36.74274,232.02,5.11,-0.17,
35412,2781,109.66824,-24.55870,584.8,4.88,-0.16,29 CMa
35415,2782,109.67703,-24.95437,917.43,4.37,-0.132,30Tau CMa
35427,2786,109.71364,-26.58585,384.62,5.29,0.956,
35436,,109.73131,0.07932,127.88,6.66,1.111,
35437,,109.73481,-45.29726,45.249,7.17,0.519,
35442,2785,109.75800,-19.28030,,6.06,0.612,
35463,2794,109.80703,-33.72717,225.23,6.31,1.302,
35467,,109.82547,-58.05221,87.951,6.73,0.299,
35476,2778,109.84322,2.74069,195.31,5.90,1.069,
35487,2788,109.86741,-16.39524,42.772,5.70,0.346,
35509,2779,109.94852,7.14295,53.305,5.91,0.537,
35548,2780,110.02851,15.14293,208.77,6.45,0.009,
35550,2777,110.03074,21.98232,18.539,3.50,0.374,Wasat
35564,2813,110.08932,-52.31152,31.716,5.50,0.483,
35567,,110.09569,-56.29465,71.023,6.57,0.111,
35578,,110.13558,-26.70024,92.336,6.74,0.248,
35589,2815,110.16171,-52.08592,147.28,5.38,-0.069,
35611,2800,110.22882,-26.96384,763.36,6.00,-0.172,
35615,2796,110.24286,-14.36049,184.84,5.59,0.971,
35623,2775,110.26293,42.65591,215.05,6.33,1.404,
35626,2802,110.26806,-25.89164,196.08,5.87,1.604,
35628,,110.27832,67.66183,25.025,8.38,0.888,
35642,2798,110.32002,-8.87790,36.324,6.56,0.532,
35643,2776,110.32296,45.22820,35.486,5.74,0.342,
35699,2795,110.48692,20.44366,135.87,5.09,1.528,56 Gem
35707,2806,110.50856,-8.97938,,6.42,-0.189,
35710,2793,110.51096,36.76058,72.359,5.12,1.082,65 Aur
35712,2801,110.51449,0.17712,500,5.99,-0.069,
35725,2792,110.55588,38.99594,191.57,6.40,1.217,
35727,2812,110.55638,-19.01660,147.49,4.94,-0.039,
35733,,110.56825,-35.91624,60.459,6.68,0.559,
35735,2772,110.57160,59.90200,73.801,6.36,0.282,47 Cam
35737,2807,110.57747,-2.97918,161.29,6.23,0.686,
35749,2811,110.60579,-5.98283,229.36,5.83,0.352,
35751,,110.61799,0.70083,71.378,6.43,0.995,
35785,2784,110.71690,55.28139,,5.80,-0.078,19 Lyn
35790,,110.73744,-55.57717,85.251,6.89,1.043,
35795,2819,110.75290,-31.92378,406.5,5.40,-0.161,
35803,,110.76919,18.27341,41.374,6.78,0.455,
35821,,110.81220,46.08741,16.41,10.56,1.442,Gl 272
35842,2810,110.86725,22.94535,87.642,6.17,0.006,58 Gem
35846,2808,110.86881,25.05053,48.733,5.04,0.902,57 Gem
35848,2822,110.87079,-27.83429,189.04,5.37,1.539,
35855,2823,110.88289,-32.20207,340.14,5.41,-0.169,
35872,,110.94611,12.96472,23.969,8.19,0.959,GJ 2057
35884,,110.97424,-17.41343,36.101,6.84,0.489,
35893,2829,110.99307,-35.83782,198.81,6.32,-0.136,
35904,2827,111.02376,-29.30310,609.76,2.45,-0.083,Aludra
35907,2805,111.03528,40.67239,370.37,5.23,1.249,66 Aur
35910,,111.03930,-58.49195,50.839,6.58,0.71,
35920,2826,111.07180,-22.91276,176.68,6.20,-0.088,
35933,2817,111.11520,15.51719,970.87,6.47,-0.19,
35941,2816,111.13938,27.63786,57.405,5.77,0.368,59 Gem
35946,,111.15466,-71.47066,82.372,6.49,0.12,
35951,2825,111.16745,-16.20147,287.36,5.18,-0.035,
35957,2834,111.18273,-31.80890,202.43,5.35,1.071,
35960,2842,111.19732,-37.29119,206.19,6.14,0.261,
35975,2831,111.21201,-19.01228,714.29,6.24,0.291,
35984,2804,111.23785,51.88726,317.46,5.80,1.61,
35987,2820,111.24241,11.66952,96.993,5.37,0.105,1 CMi
35998,2832,111.28466,-13.75198,35.638,5.79,0.432,
36017,2839,111.33322,-21.98259,,6.04,0.227,
36019,2709,111.34153,81.25746,263.85,6.30,-0.031,
36024,2841,111.35529,-25.21777,432.9,5.79,-0.103,
36039,2919,111.40905,-79.09419,143.06,5.54,1.281,Eps Men
36041,2828,111.41206,9.27610,319.49,4.99,0.991,2Eps CMi
36045,2847,111.42909,-31.73872,341.3,6.32,-0.176,
36046,2821,111.43168,27.79808,36.9,3.78,1.024,60Iot Gem
36055,2833,111.46334,-5.77496,371.75,5.98,0.901,
36071,,111.48840,-2.24847,35.575,6.99,0.568,
36081,,111.51506,-15.66592,44.189,6.88,0.62,
36114,2862,111.59105,-51.01848,185.53,5.09,1.038,
36123,2836,111.61578,10.60807,79.681,6.38,0.078,
36140,2850,111.66951,-23.71261,234.19,6.62,-0.002,
36141,2840,111.67173,11.00883,409.84,6.39,-0.126,
36143,2856,111.67695,-34.14069,316.46,5.90,-0.153,
36145,2818,111.67855,49.21153,83.893,4.61,-0.001,21 Lyn
36152,2835,111.70944,21.53564,30.46,6.54,0.464,
36156,2837,111.73471,20.25756,136.99,5.94,0.336,61 Gem
36165,,111.74466,-34.31217,32,7.03,0.487,
36168,2855,111.74784,-23.08602,383.14,5.65,-0.134,
36186,2853,111.78329,-17.86486,92.336,5.60,0.314,
36188,2845,111.78768,8.28932,49.579,2.89,-0.097,Gomeisa
36189,,111.78798,11.95500,342.47,6.58,0.903,
36207,,111.84978,39.31506,74.074,6.99,1.026,
36208,,111.85207,5.22579,3.8026,9.84,1.573,Luyten's Star
36210,,111.85653,-51.40260,22.676,6.72,0.694,Gl 275
36211,2809,111.85767,66.33157,257.73,6.47,-0.064,
36236,2860,111.92891,-22.85920,295.86,5.98,-0.088,
36238,2846,111.93486,21.44525,32.02,5.20,0.455,63 Gem
36249,,111.96157,19.04480,28.273,7.24,0.734,
36251,2859,111.96525,-11.55687,485.44,5.79,0.583,
36258,2863,111.99651,-29.15590,282.49,5.55,-0.048,
36264,,112.00803,-26.83897,350.88,6.26,1.513,
36265,2851,112.00865,6.94197,97.561,5.22,0.221,5Eta CMi
36284,2854,112.04081,8.92553,97.561,4.33,1.425,4Gam CMi
36285,,112.04406,40.65659,28.353,7.39,0.702,
36287,,112.04757,-58.07287,190.84,6.52,0.936,
36304,2869,112.09577,-37.81017,100.3,6.54,0.061,
36325,,112.16625,27.55294,114.55,6.36,1.223,
36328,,112.17114,-29.11868,148.59,6.67,1.125,
36338,,112.18932,-3.29816,12.288,11.47,1.486,GJ 1097
36340,2858,112.19689,15.10982,224.72,6.23,-0.04,
36345,2870,112.21314,-31.84840,228.31,5.95,-0.156,
36346,2888,112.21419,-64.50980,221.73,6.38,1.554,
36349,,112.21410,-30.24682,15.694,9.96,1.442,
36348,2844,112.21452,48.18393,153.14,5.70,-0.092,
36351,,112.21932,46.31462,112.61,6.42,1.202,
36357,,112.25730,31.99384,17.659,7.73,0.923,
36362,2873,112.27048,-31.45622,327.87,5.78,-0.185,
36363,2875,112.27374,-38.81206,165.02,5.41,-0.148,
36366,2852,112.27792,31.78455,18.047,4.16,0.32,62Rho Gem
36371,,112.29720,12.76002,97.847,6.58,0.227,
36377,2878,112.30769,-43.30143,59.382,3.25,1.509,Sig Pup
36388,2865,112.32779,-1.90533,684.93,5.60,1.493,
36389,,112.32845,6.58211,112.74,6.58,1.003,
36393,2857,112.33518,28.11828,54.025,5.07,0.12,64 Gem
36395,2868,112.34110,-14.99866,35.088,6.05,0.479,
36396,2867,112.34211,-10.32666,396.83,5.75,1.616,
36399,2866,112.35683,-7.55117,27.241,5.86,0.487,GJ 3443
36425,2864,112.44909,12.00656,175.44,4.55,1.276,6 CMi
36429,2861,112.45320,27.91615,148.37,5.01,1.117,65 Gem
36431,2874,112.46422,-23.02429,952.38,4.85,0.243,
36439,2849,112.48300,49.67246,20.239,5.35,0.47,22 Lyn
36444,2884,112.49887,-52.65116,110.38,5.87,1.01,
36463,,112.54306,38.16947,63.251,6.99,0.498,
36474,,112.57735,-40.98922,146.84,6.55,0.96,
36481,,112.59746,19.81392,40.967,7.07,0.604,
36485,,112.60928,13.86496,45.413,7.16,0.505,
36489,,112.61916,-50.60897,109.77,6.55,-0.021,
36496,2892,112.62880,-54.39937,145.56,5.95,1.585,
36509,,112.66491,27.90874,52.383,7.11,0.465,
36515,2882,112.67718,-37.33936,21.815,6.66,0.641,GJ 3446
36514,2881,112.67751,-30.96228,460.83,4.65,0.904,
36526,2876,112.71306,-5.22649,584.8,6.24,1.185,
36528,2830,112.71957,68.46562,137.55,5.63,1.1,
36536,,112.73664,51.99872,104.28,6.79,0.21,
36547,2742,112.76866,82.41147,153.14,4.92,1.633,
36551,,112.78212,14.61414,20.807,8.94,1.107,Gl 276
36553,,112.78660,11.20298,227.79,6.38,1.278,
36565,,112.82233,-1.12588,129.2,6.57,1.072,
36608,2889,112.92793,-35.88781,232.56,6.61,-0.076,
36616,2877,112.95165,17.08605,96.899,5.45,1.126,
36624,2872,112.98185,38.89607,80.645,6.56,0.077,
36627,,112.98901,36.22984,11.982,11.82,1.567,Gl 277B
36626,,112.99063,36.21940,11.868,10.52,1.439,Gl 277A
36631,,112.99688,12.66130,156.01,6.51,1.0,
36634,,113.00928,61.75778,148.59,6.68,0.989,
36640,2883,113.02401,-8.88133,27.917,5.90,0.54,GJ 3449A
36641,2880,113.02479,1.91448,233.1,5.24,0.23,7Del1CMi
36657,2895,113.09280,-35.96119,196.46,6.35,-0.096,
36690,2879,113.21095,22.88761,136.61,6.54,0.998,
36704,,113.25245,37.02984,19.763,7.68,0.863,
36721,2900,113.29074,-24.71073,84.531,5.84,0.156,
36723,2887,113.29861,3.29038,41.754,5.59,0.321,8Del2CMi
36728,2907,113.30484,-40.05852,235.29,6.27,-0.129,
36729,2908,113.30551,-43.08620,140.06,6.53,0.918,
36732,2899,113.33151,-19.41252,83.612,5.64,1.121,
36735,,113.34087,-68.76853,172.41,6.60,0.03,
36736,2897,113.34244,-14.33831,617.28,6.21,-0.061,
36739,,113.35262,15.63913,202.84,6.64,1.071,
36740,,113.35345,37.18790,147.28,6.40,1.231,
36760,2886,113.40201,15.82666,129.87,5.27,0.055,68 Gem
36773,2902,113.44984,-14.52389,471.7,4.82,1.362,
36778,2911,113.46269,-36.33839,363.64,5.42,-0.078,
36779,,113.46466,51.31415,327.87,6.44,1.348,
36795,2906,113.51327,-22.29607,25.297,4.44,0.521,Gl 279
36796,2893,113.52069,10.56808,135.5,6.28,0.022,
36807,2913,113.55346,-33.46343,82.305,6.11,0.297,
36809,,113.55483,-16.18777,58.824,6.72,0.61,
36812,2901,113.56621,3.37173,176.37,5.83,-0.018,9Del3CMi
36817,2909,113.57758,-23.47366,31.686,5.06,0.468,
36827,,113.60902,-6.89668,24.552,8.16,0.9,
36832,,113.61686,-52.96816,28.927,7.59,0.724,
36834,,113.61575,62.94150,11.475,10.40,0.942,Gl 277.1
36837,2912,113.62018,-26.11685,115.34,6.64,-0.007,
36836,,113.62041,-13.87018,44.444,6.71,0.488,
36848,2916,113.64499,-27.01227,99.206,5.78,1.045,
36850,2891,113.64951,31.88828,15.596,1.58,0.034,Castor
36856,2925,113.66493,-51.47452,456.62,6.29,0.073,
36858,2797,113.66593,80.89670,251.89,6.54,0.965,
36869,2904,113.69254,2.72550,133.51,6.55,0.233,
36874,,113.71000,24.95447,39.093,7.37,0.642,
36882,,113.73921,3.27660,146.63,6.56,1.05,
36893,,113.78088,48.68087,52.521,6.97,0.354,
36896,2896,113.78667,30.96092,114.16,5.34,1.01,
36914,2979,113.84025,-74.27496,358.42,6.33,0.016,
36915,,113.84135,54.84972,12.797,11.36,1.591,GJ 3452
36917,2922,113.84541,-28.36932,67.935,4.65,-0.111,
36922,,113.85511,7.57995,100.91,6.66,0.046,
36934,,113.88990,-26.62865,153.14,6.62,0.098,
36942,2934,113.91548,-52.53384,120.34,4.93,1.373,
36962,2905,113.98062,26.89574,83.056,4.06,1.54,69Ups Gem
36965,2898,113.98326,43.03096,140.65,6.37,0.364,
36976,,114.00596,-3.15177,36.114,7.16,0.564,GJ 9237
36977,2941,114.00670,-55.88771,177.31,6.39,1.182,
36980,,114.01452,-57.29588,144.72,6.64,1.204,
36981,2921,114.01623,-14.49277,389.11,5.66,-0.067,
36985,,114.02949,-3.11078,14.174,9.87,1.455,
36986,2923,114.03088,-22.16051,187.27,6.40,0.968,
37000,2920,114.06957,-8.31130,226.76,6.27,1.541,
37023,2903,114.13183,46.18029,168.63,5.66,1.56,
37031,2918,114.14462,5.86217,39.308,5.89,0.602,
37036,2928,114.17097,-19.70234,518.13,5.69,-0.165,
37043,2940,114.18300,-48.83017,142.05,5.69,-0.037,
37046,2894,114.19600,55.75506,81.699,5.93,1.123,
37061,,114.24232,57.54965,28.066,7.97,0.797,
37065,,114.25043,-21.39394,133.16,6.69,0.976,
37088,2927,114.31955,-4.11098,67.522,5.14,0.442,25 Mon
37089,2933,114.32053,-23.77540,775.19,6.34,0.54,
37091,2915,114.32415,40.02538,266.67,6.34,1.6,
37096,2937,114.34213,-34.96853,110.5,4.53,-0.081,
37107,,114.37704,18.91781,59.137,6.85,0.339,
37119,2932,114.41168,-14.44076,432.9,6.53,-0.018,
37127,2942,114.43667,-35.27716,232.56,6.59,1.134,
37128,2945,114.43760,-38.01042,174.22,6.38,1.472,
37140,2914,114.47442,48.77384,77.882,5.93,0.221,
37145,,114.48989,-32.13126,110.99,6.70,0.392,
37165,2926,114.55987,24.36044,42.608,6.37,0.337,
37173,2944,114.57519,-25.36480,189.75,4.69,-0.1,
37174,2957,114.57587,-48.60144,961.54,5.68,0.683,
37184,2952,114.60008,-39.99195,217.86,6.61,-0.047,
37202,2955,114.63556,-38.78149,124.53,6.20,1.015,
37204,2924,114.63690,35.04855,114.03,5.58,0.921,70 Gem
37217,,114.67057,-21.22458,10.603,11.68,1.588,GJ 3459
37223,2954,114.68292,-36.49683,305.81,5.78,-0.148,
37229,2948,114.70779,-26.80384,106.27,3.80,-0.159,
37248,2971,114.75135,-53.27336,191.94,6.06,-0.118,
37265,2930,114.79140,34.58435,50.994,4.89,0.413,Jishui
37269,2931,114.80003,24.22253,135.32,6.18,0.028,
37271,,114.80193,53.90060,98.135,6.66,0.087,
37279,2943,114.82550,5.22499,3.5142,0.40,0.432,Procyon
37283,,114.84015,50.52854,45.496,6.89,0.473,
37288,,114.84600,2.18366,14.582,9.66,1.379,Gl 281
37289,,114.85081,-16.84729,279.33,6.40,1.47,
37293,2956,114.86243,-26.86310,234.19,6.50,-0.094,
37297,2961,114.86392,-38.30802,170.36,4.84,-0.189,
37300,2938,114.86913,17.67452,161.03,5.04,1.616,74 Gem
37322,2963,114.93256,-38.13929,175.44,5.73,-0.125,
37329,2964,114.94949,-38.26065,352.11,5.76,-0.071,
37339,2936,114.97537,32.00973,101.63,6.16,0.374,
37345,2968,114.99163,-37.57942,429.18,5.99,-0.04,
37349,,114.99720,-3.59751,14.211,7.18,0.891,Gl 282A
37364,2960,115.05638,-19.66086,190.84,5.92,1.158,
37369,2935,115.06125,38.34454,359.71,5.77,1.654,
37372,,115.08117,-78.38738,94.967,6.64,0.186,
37373,,115.08315,-39.42105,152.91,6.66,1.03,
37375,,115.08756,-11.75255,191.94,6.43,1.245,
37379,2959,115.09671,-15.26392,213.22,4.98,1.543,
37391,2609,115.12942,87.02009,139.66,5.05,1.604,
37394,2958,115.14801,-8.18543,95.329,6.01,0.153,
37404,2953,115.19660,13.77125,337.84,6.23,1.393,
37405,,115.20423,4.07182,166.11,6.51,1.457,
37406,2929,115.20643,57.08286,214.13,6.09,1.44,23 Lyn
37414,,115.21791,-54.70699,97.752,6.69,0.365,
37428,2951,115.24383,23.01853,467.29,5.93,1.561,
37441,2939,115.30173,48.13153,96.339,5.58,1.011,
37447,2970,115.31181,-9.55113,45.31,3.94,1.022,26Alp Mon
37450,2981,115.31591,-38.53353,181.82,5.41,-0.13,
37461,2984,115.34052,-44.63217,350.88,6.41,-0.003,
37465,2976,115.34803,-22.33672,270.27,6.16,1.644,
37478,2966,115.39648,3.62478,139.47,5.95,-0.032,
37495,,115.44031,-22.40408,81.169,6.90,0.277,
37504,3024,115.45506,-72.60610,43.234,3.93,1.033,Zet Vol
37508,2965,115.46603,13.48045,238.66,5.79,1.669,
37514,2986,115.49181,-38.52835,180.51,6.54,-0.087,
37519,,115.50494,-32.07966,68.823,7.00,0.306,
37521,2967,115.51341,14.20850,396.83,5.55,1.642,
37530,3006,115.54259,-58.63092,384.62,6.40,-0.094,
37563,,115.65039,-59.29743,32.808,7.17,0.637,
37580,2962,115.68150,34.00022,59.809,6.05,0.469,
37590,2988,115.70064,-26.35133,96.805,5.64,0.99,
37599,3012,115.72227,-58.23006,198.02,6.20,1.049,
37606,2998,115.73798,-45.17312,24.673,5.04,0.765,Gl 284
37608,,115.74559,-17.06160,109.17,6.53,0.813,
37609,2946,115.75182,58.71036,81.833,4.93,0.104,24 Lyn
37614,2982,115.77258,0.18933,172.12,6.17,1.047,
37617,3005,115.77906,-49.99300,237.53,6.56,0.077,
37623,2994,115.79994,-36.05009,191.94,5.60,-0.13,
37629,2973,115.82800,28.88351,38.344,4.23,1.118,75Sig Gem
37634,,115.83829,4.94576,198.02,6.50,1.356,
37635,,115.83962,-52.16410,30.157,6.69,0.55,
37636,2978,115.84242,22.39947,98.232,6.25,0.93,
37645,,115.87960,3.48587,50.942,6.97,0.581,
37648,2993,115.88495,-28.41089,236.97,4.63,1.632,1 Pup
37664,3002,115.92460,-40.93375,66.534,5.12,1.104,
37666,3001,115.92884,-38.20188,199.6,6.42,-0.119,
37675,,115.94964,-40.30933,408.16,6.58,-0.131,
37677,2996,115.95195,-28.95483,,3.94,0.16,3 Pup
37701,2969,116.01743,50.43379,226.76,5.31,-0.001,
37704,2983,116.02881,25.78416,194.55,5.30,1.535,76 Gem
37705,2989,116.03181,2.40542,123.3,6.46,0.211,
37710,3007,116.04040,-36.06251,42.955,5.80,0.32,
37718,,116.05228,-50.45673,30.845,6.64,0.527,
37720,3038,116.05446,-69.82159,125,6.16,-0.032,
37723,2987,116.05857,12.86007,208.33,6.40,1.392,
37727,,116.06880,-50.46661,29.949,7.55,0.7,
37740,2985,116.11190,24.39799,43.346,3.57,0.932,77Kap Gem
37751,3004,116.14238,-24.67408,793.65,5.62,-0.191,
37752,3011,116.14245,-37.94292,206.19,5.89,-0.115,
37766,,116.16739,3.55245,5.9566,11.19,1.6,Gl 285
37773,3036,116.18278,-66.07193,194.17,6.37,0.949,
37789,,116.23412,39.55637,34.602,6.74,0.545,
37803,3016,116.26989,-37.88787,357.14,6.53,-0.099,
37811,2991,116.28889,20.31604,158.48,6.53,0.007,79 Gem
37819,3017,116.31373,-37.96858,347.22,3.62,1.706,
37823,3020,116.32519,-43.75257,251.89,6.02,-0.069,
37826,2990,116.32916,28.02620,10.358,1.16,0.991,Pollux
37843,3010,116.37138,-14.69054,77.821,6.06,0.11,2 Pup
37853,3018,116.39604,-34.17236,15.209,5.36,0.589,Gl 288A
37854,3031,116.39799,-56.72257,273.22,6.10,0.397,
37891,3015,116.48695,-14.56381,72.098,5.03,0.342,4 Pup
37901,3014,116.50912,-6.77251,82.102,5.49,1.378,
37906,,116.51480,-23.14165,64.35,6.95,0.509,
37908,3003,116.53104,18.51004,104.06,4.89,1.425,81 Gem
37915,3022,116.54394,-37.93367,181.16,5.87,-0.111,
37921,3008,116.56750,10.76825,92.421,5.25,0.018,11 CMi
37934,2977,116.61433,62.83052,96.712,6.50,0.262,49 Cam
37939,,116.63925,-37.77257,176.06,6.31,1.348,
37946,2999,116.66366,37.51739,132.8,5.15,1.588,
37949,2975,116.66689,65.45568,100.7,5.93,1.183,51 Cam
37951,3019,116.68630,-12.67531,227.79,6.39,-0.004,
37982,3032,116.77401,-39.33100,200.4,6.33,-0.142,
37995,3023,116.80231,-22.51951,502.51,5.90,-0.18,
37996,,116.81083,-36.07360,136.99,6.46,1.083,
38010,3035,116.85414,-38.51114,323.62,5.07,-0.112,
38016,3013,116.87635,33.41570,202.84,5.14,1.635,80Pi Gem
38017,,116.87718,-81.59643,82.645,6.79,0.16,
38018,,116.87787,70.20667,26.702,7.06,0.712,Gl 285.1
38020,3037,116.88128,-46.60849,480.77,5.22,-0.151,
38021,,116.88563,9.63256,44.072,7.08,0.576,
38022,,116.88774,8.97227,61.501,7.08,0.428,
38031,3026,116.91053,-15.99069,578.03,6.31,1.791,
38037,3027,116.93837,-16.01448,432.9,6.38,1.697,
38048,3029,116.98634,-12.19271,28.596,5.48,0.478,5 Pup
38052,,116.98842,60.29606,38.956,7.01,0.587,
38062,,117.01425,5.40981,254.45,6.61,1.58,
38070,3034,117.02154,-25.93717,434.78,4.40,-0.07,Omi Pup
38074,3041,117.03561,-40.65238,197.63,6.14,1.591,
38081,,117.06278,-54.71428,243.9,6.62,1.111,
38082,,117.06804,20.36813,14.773,11.46,1.51,Gl 289
38087,3056,117.08125,-56.47107,,6.30,1.01,
38089,3046,117.08412,-47.07772,71.225,4.69,1.039,
38106,3021,117.14016,23.14098,241.55,6.18,0.571,82 Gem
38129,,117.20550,-38.20407,40.933,7.14,0.489,
38140,3033,117.24574,4.33370,140.85,6.55,0.786,
38146,3043,117.25698,-24.91221,86.281,5.32,0.751,
38147,3030,117.25765,13.37187,233.64,6.07,1.367,
38150,,117.27553,-11.18111,78.555,6.73,0.286,
38152,3062,117.27800,-56.41036,334.45,5.57,1.116,
38159,3058,117.30360,-46.85772,591.72,5.82,-0.142,
38160,3070,117.30385,-60.28369,34.59,5.78,0.428,
38164,3055,117.30957,-46.37320,505.05,4.10,-0.16,
38165,,117.30960,-40.70106,326.8,6.53,-0.151,
38167,3049,117.31104,-35.24329,158.23,5.94,-0.051,
38170,3045,117.32356,-24.85979,367.65,3.34,1.218,Azmidi
38172,,117.32858,24.48872,43.085,7.09,0.488,
38179,,117.36033,-59.38084,33.322,7.49,0.675,GJ 9242
38183,3057,117.36788,-44.75116,106.61,6.32,0.962,
38184,3042,117.37004,-13.35295,348.43,6.23,-0.078,
38196,,117.38465,12.81425,180.18,6.42,0.984,
38200,3052,117.39753,-33.28895,232.56,5.61,1.617,
38206,,117.41657,-14.08536,282.49,6.34,1.66,
38209,,117.41985,-19.50552,111.86,6.49,1.234,
38210,3081,117.42081,-66.19597,150.83,5.78,-0.04,
38211,3044,117.42166,-17.22841,78.064,5.17,1.282,6 Pup
38216,3048,117.43860,-20.20763,50.607,6.54,0.579,
38228,,117.47943,27.36318,22.002,6.90,0.682,
38235,,117.49620,-23.79825,61.162,6.73,0.31,
38246,3051,117.52362,-19.52355,334.45,6.11,1.265,
38253,3047,117.54407,-9.18344,367.65,5.60,1.446,
38267,3071,117.59936,-50.50947,75.472,5.89,1.088,
38292,3069,117.67713,-44.57995,167.22,6.45,0.899,
38300,3050,117.69749,3.27725,150.15,6.17,1.106,
38303,,117.71291,4.45951,152.44,6.49,0.944,
38306,,117.72263,0.07956,162.87,6.38,1.237,
38307,3054,117.73016,-11.12860,123.3,6.16,1.128,
38316,3060,117.75033,-24.52856,140.45,6.43,-0.003,
38319,3040,117.75982,33.23365,70.472,6.06,0.15,
38325,3028,117.77387,54.12924,29.603,6.03,0.496,
38331,,117.77623,-18.24729,162.87,6.59,0.958,
38345,,117.80823,-47.21641,497.51,6.53,-0.118,
38349,,117.81393,37.08208,186.22,6.49,1.51,
38355,3074,117.83475,-43.09523,602.41,6.34,-0.173,
38370,3078,117.91817,-42.88820,641.03,6.05,-0.181,
38372,3063,117.92037,-12.81940,75.472,6.37,0.384,8 Pup
38373,3059,117.92495,1.76687,191.2,5.12,-0.116,13Zet CMi
38375,3068,117.92928,-21.17366,93.721,5.62,0.956,
38382,3064,117.94293,-13.89803,16.504,5.16,0.6,9 Pup
38388,,117.95498,-20.72064,68.166,6.78,0.42,
38392,,117.98286,-11.03298,31.143,7.71,0.721,
38394,3053,117.98656,19.32509,138.89,6.03,1.125,
38403,,118.01614,45.93299,103.73,6.50,0.213,
38406,3061,118.02996,3.27734,155.04,6.30,1.464,
38414,3080,118.05432,-40.57579,108.11,3.71,1.012,
38422,,118.06485,36.26993,39.154,7.05,0.589,
38423,3079,118.06536,-34.70544,17.944,5.01,0.47,Gl 292A
38427,3073,118.07867,-14.84618,334.45,5.69,0.368,10 Pup
38436,,118.11823,-13.86279,125.63,6.61,1.084,
38438,3088,118.12394,-54.36716,409.84,5.70,-0.151,
38449,3039,118.15183,55.20944,113.51,6.36,-0.003,
38455,3084,118.16103,-38.86281,198.81,4.49,-0.188,
38474,3072,118.19942,-5.42826,39.714,5.76,0.412,
38497,3085,118.26462,-36.36377,227.79,5.44,1.161,
38500,3089,118.26516,-49.61304,232.56,4.63,-0.228,
38518,3090,118.32567,-48.10293,507.61,4.22,-0.13,
38538,3067,118.37424,26.76578,68.213,4.97,0.098,83Phi Gem
38593,3091,118.54587,-35.87729,207.9,5.48,-0.175,
38615,,118.60634,-28.10534,275.48,6.60,0.081,
38623,3065,118.62195,47.38598,246.91,6.25,1.133,25 Lyn
38625,,118.64241,-1.41226,20.088,7.43,0.739,Gl 292.2
38635,3092,118.66632,-34.84671,198.81,6.14,1.54,
38639,3066,118.67796,47.56460,257.73,5.47,1.462,26 Lyn
38656,3105,118.72230,-57.30281,103.41,5.62,1.298,
38657,,118.72527,19.23634,20.691,7.76,0.95,Gl 292.1
38667,3100,118.75179,-52.58333,361.01,6.36,-0.007,
38686,3096,118.80771,-30.91764,270.27,6.45,1.474,
38712,3087,118.88097,8.86284,39.017,5.86,0.369,
38718,,118.89905,-15.57880,52.356,7.00,0.895,
38722,3086,118.91624,19.88397,114.81,5.38,-0.035,85 Gem
38723,3083,118.92015,35.41268,58.997,6.23,0.277,
38732,3101,118.94412,-43.84505,621.12,6.02,-0.111,
38748,,118.99416,-12.60819,94.073,6.57,0.964,
38783,3120,119.07771,-60.52644,401.61,5.74,1.554,
38784,2997,119.07747,80.26554,17.191,6.55,0.719,Gl 290
38792,3099,119.09467,-30.28457,341.3,6.28,1.476,
38794,3093,119.09961,4.48557,359.71,6.16,0.957,
38827,3117,119.19469,-52.98236,139.47,3.46,-0.177,Chi Car
38835,3102,119.21475,-22.88012,160,4.20,0.718,11 Pup
38846,3114,119.24085,-43.50041,480.77,5.36,-0.166,
38845,3111,119.24094,-42.40648,235.29,6.09,1.361,
38848,3095,119.24772,15.79028,142.86,5.80,1.285,1 Cnc
38863,3139,119.30316,-63.29684,142.65,6.14,-0.103,
38868,3097,119.31617,8.64122,103.2,6.03,1.0,
38870,3098,119.31789,1.12703,61.958,6.35,0.507,
38872,3116,119.32677,-44.10986,335.57,5.08,-0.166,
38879,3118,119.33362,-47.89070,317.46,6.21,-0.099,
38901,3113,119.41711,-30.33457,371.75,4.76,0.151,
38908,3138,119.44419,-60.30307,16.205,5.59,0.573,Gl 294A
38910,,119.45199,-33.95219,18.501,8.83,1.136,GJ 1106
38917,3121,119.46552,-45.57767,89.206,5.14,1.263,
38925,,119.47835,-40.78435,150.15,6.46,0.979,
38931,,119.49078,-0.81442,17.813,8.05,1.065,Gl 293.1A
38939,,119.51811,-25.62663,18.512,8.42,1.043,Gl 293.2
38945,3103,119.52456,7.21353,231.48,6.42,-0.031,
38956,,119.55274,41.30371,8.6162,12.02,1.618,GJ 1105
38957,3129,119.56017,-49.24491,294.12,4.47,-0.18,
38959,3094,119.56897,43.97737,129.2,6.36,1.043,
38962,3110,119.58606,2.22477,74.074,5.30,0.933,14 CMi
38963,3133,119.58936,-51.44847,144.72,6.44,0.26,
38975,3104,119.63114,16.51868,367.65,6.05,1.468,
38980,,119.65396,-34.94478,30.003,7.95,0.739,GJ 9247
38994,3147,119.71065,-60.82446,322.58,5.77,-0.082,
39014,3137,119.75753,-45.21584,301.2,5.98,-0.143,
39017,,119.76644,-4.33242,67.114,6.98,0.297,
39023,3123,119.77381,-23.31040,263.85,5.09,1.111,12 Pup
39035,3142,119.80128,-49.97685,,6.35,-0.151,
39038,3143,119.80650,-49.97377,,6.37,-0.089,
39041,3171,119.81573,-73.24417,130.04,6.33,0.128,
39061,3140,119.86825,-39.29694,55.556,5.22,0.4,
39064,,119.89136,20.84389,23.725,7.68,0.833,GJ 3471
39067,3115,119.89606,13.24217,99.8,6.05,1.325,
39070,3153,119.90643,-60.58706,301.2,5.19,1.758,
39073,3152,119.91703,-60.20735,325.73,6.30,-0.05,
39079,3122,119.93397,-3.67958,84.246,4.93,1.205,27 Mon
39094,,119.96408,36.08208,257.73,6.50,1.561,
39095,3131,119.96688,-18.39923,73.965,4.61,0.087,
39117,3075,120.04896,73.91792,269.54,5.37,1.424,
39122,3148,120.06124,-48.98151,101.32,6.01,0.042,
39138,3159,120.08320,-63.56746,153.14,4.81,-0.173,
39153,3151,120.12067,-48.87177,296.74,6.13,-0.085,
39157,,120.13394,29.21236,16.767,6.97,0.716,Gl 295
39164,,120.15180,12.64180,126.42,6.59,1.071,
39172,3135,120.18390,-2.88192,709.22,6.41,-0.087,
39177,3128,120.19711,17.30870,243.31,5.60,1.317,3 Cnc
39180,3125,120.20043,19.81622,120.48,6.30,1.109,
39184,3156,120.20813,-54.15127,235.29,5.87,-0.134,
39191,3124,120.23280,25.39284,203.25,5.87,1.021,2Ome1Cnc
39194,3127,120.25326,23.58309,87.951,6.34,1.16,
39198,,120.26418,-6.41920,69.252,6.45,0.838,
39211,3141,120.30557,-1.39261,137.93,4.69,1.475,28 Mon
39213,3136,120.30787,4.87982,94.429,5.65,0.013,
39221,3106,120.33651,59.04740,46.126,5.78,0.421,
39225,3157,120.34602,-54.51553,413.22,6.12,-0.044,
39236,3134,120.37620,16.45531,165.56,5.99,-0.024,5 Cnc
39238,3161,120.38157,-55.45466,201.61,6.28,-0.146,
39251,3154,120.40637,-37.28372,175.75,5.90,0.147,
39261,3109,120.42698,60.32435,98.717,6.02,0.158,53 Cam
39263,3132,120.43233,25.08947,145.99,6.32,0.023,4Ome2Cnc
39271,3144,120.46137,8.91399,63.776,6.22,0.57,
39279,3130,120.47994,35.41307,250.63,6.34,1.564,
39286,,120.49914,-54.66235,93.809,6.67,0.34,
39299,3155,120.52556,-37.05004,246.31,6.31,1.599,
39311,3145,120.56640,2.33457,77.882,4.39,1.252,
39313,,120.56911,60.99348,57.837,6.87,0.384,
39326,3150,120.60820,-6.33713,114.81,6.34,0.615,
39330,,120.61258,-46.33630,37.133,7.52,0.655,
39329,,120.61288,-44.66696,213.22,6.54,-0.049,
39340,3112,120.62839,63.09031,116.14,6.09,0.58,
39342,,120.63051,-66.02094,17.313,7.18,0.872,GJ 3476
39348,3119,120.64917,57.27363,104.93,6.48,0.649,
39353,,120.65630,-36.40123,150.15,6.59,0.257,
39355,,120.67059,-49.95046,104.6,6.61,0.374,
39360,3162,120.68661,-41.30983,147.06,5.52,-0.152,
39380,3160,120.76734,-32.46355,144.72,5.83,1.225,
39418,,120.86973,12.18130,44.033,6.74,0.571,
39420,3166,120.87338,-42.94833,248.14,6.28,1.008,
39421,,120.87377,-49.49856,142.05,6.63,1.032,
39424,3149,120.87951,27.79433,78.555,4.94,1.13,Chi Gem
39429,3165,120.89606,-40.00315,332.23,2.21,-0.269,Naos
39477,,121.02484,13.68752,109.89,6.72,0.963,
39487,3170,121.06746,-32.67483,641.03,5.25,1.882,
39506,,121.12434,9.26793,29.403,7.26,0.632,
39513,,121.13547,-17.66554,393.7,6.54,1.576,
39514,,121.13599,-25.69974,259.07,6.35,1.461,
39524,3168,121.17258,-19.72815,406.5,6.12,-0.154,14 Pup
39527,3178,121.17668,-50.59040,363.64,5.96,1.213,
39530,3186,121.17889,-62.83635,367.65,6.25,-0.093,
39535,3158,121.18876,18.84202,107.07,6.21,-0.042,
39538,3082,121.19652,79.47961,99.01,5.39,-0.04,
39565,,121.26377,-33.59132,81.433,6.62,0.448,
39566,3180,121.26544,-53.10792,117.65,5.52,1.347,
39567,3163,121.26870,13.11821,65.79,5.14,0.018,8 Cnc
39584,3179,121.33461,-46.97841,,6.18,-0.138,
39607,3164,121.40440,27.52974,294.12,6.21,0.01,
39617,3177,121.43702,-33.56943,862.07,6.15,1.098,
39625,3172,121.45680,-0.57332,149.48,6.40,1.058,
39659,3169,121.57665,22.63549,228.31,5.96,1.652,9Mu 1Cnc
39675,3174,121.61422,-9.24446,307.69,6.25,-0.006,
39684,,121.65072,-63.51591,157.73,6.66,0.978,
39690,3187,121.66809,-45.26602,427.35,5.04,1.488,
39691,,121.67337,-48.49739,384.62,6.34,-0.172,
39710,,121.75206,-29.40294,25.006,6.80,0.6,Gl 296.1
39720,,121.78650,-36.38141,47.081,7.30,0.548,
39722,3167,121.79144,43.26037,193.42,6.35,-0.02,28 Lyn
39730,,121.81669,-17.36874,226.24,6.50,1.246,
39734,3183,121.82517,-20.55434,473.93,5.33,0.1,
39738,,121.83072,-48.38612,69.348,6.69,0.954,
39757,3185,121.88606,-24.30432,19.482,2.83,0.458,Tureis
39780,3176,121.94106,21.58182,23.288,5.30,0.642,10Mu 2Cnc
39794,3223,121.98260,-68.61706,172.41,4.35,-0.113,Eps Vol
39804,,122.00834,-13.50810,46.468,7.27,0.541,
39825,,122.05380,-61.07725,179.53,6.66,0.86,
39826,,122.05498,21.10507,16.642,9.41,1.34,GJ 3481A
39827,,122.05989,-61.07705,51.125,6.77,0.649,
39834,,122.08067,-23.61779,346.02,6.56,-0.077,
39843,3217,122.10268,-63.80082,250.63,6.32,-0.058,
39847,3173,122.11444,51.50667,76.687,4.78,0.048,27 Lyn
39863,3188,122.14854,-2.98379,324.68,4.36,0.97,29Zet Mon
39866,3195,122.15685,-37.68122,840.34,6.36,-0.054,
39874,3184,122.17686,13.64092,80,6.25,0.48,12 Cnc
39876,3190,122.18158,-20.36317,581.4,6.37,0.141,
39898,3189,122.23686,-11.33965,291.55,6.31,0.011,
39903,3220,122.25320,-61.30243,19.98,4.74,0.437,Gl 297.1
39906,3192,122.25682,-19.24501,142.65,4.40,-0.16,16 Pup
39919,3203,122.28961,-48.68441,280.9,5.66,-0.101,
39920,3199,122.29245,-35.45502,117.92,6.21,0.892,
39938,3181,122.34606,42.43061,204.5,6.26,1.263,
39943,3194,122.36889,-16.24892,518.13,5.66,-0.153,
39947,,122.37543,-51.84275,57.274,6.53,0.598,
39948,,122.37651,32.22114,64.683,6.68,0.486,
39953,3207,122.38314,-47.33659,342.47,1.75,-0.145,Gam2Vel
39957,3218,122.39013,-56.08538,120.77,5.66,0.204,
39958,,122.39659,29.09308,434.78,6.47,0.804,
39961,3204,122.39965,-44.12277,383.14,5.20,-0.173,
39970,3213,122.42982,-47.93719,338.98,5.23,-0.199,
39974,3205,122.44873,-42.64080,294.12,6.27,-0.036,
39995,3175,122.51578,58.24824,263.16,5.91,1.365,
40001,,122.54772,35.45499,46.795,6.65,0.538,
40007,,122.55462,25.84448,259.07,6.44,1.42,
40010,,122.56497,-22.53330,87.108,6.80,0.315,
40015,,122.58454,69.72508,28.345,6.54,0.567,Gl 296.2
40016,,122.58570,-49.23735,537.63,6.46,-0.14,
40023,3191,122.61327,25.50733,41.356,5.73,0.825,14Psi Cnc
40035,3202,122.66596,-13.79921,22.381,5.53,0.488,18 Pup
40057,,122.74347,-6.74788,159.24,6.71,1.081,
40058,3198,122.74536,14.62947,194.93,6.22,0.01,
40063,3219,122.75702,-37.29237,980.39,6.42,-0.045,
40071,,122.79039,53.24509,86.281,6.79,0.549,
40077,3227,122.79498,-48.46199,258.4,5.83,-0.146,
40084,3211,122.81795,-12.92700,54.171,4.72,0.939,19 Pup
40085,3201,122.81916,9.82123,268.82,6.08,-0.104,
40086,,122.82525,54.54024,166.11,6.48,0.94,
40091,3225,122.83956,-39.61854,520.83,4.44,1.59,
40093,3193,122.84028,38.73131,48.008,6.61,0.593,
40096,3226,122.85789,-42.98728,,4.73,0.164,
40107,3212,122.88752,-7.77254,89.127,5.36,0.892,
40118,,122.91123,32.45713,21.787,6.78,0.679,GJ 9256
40133,,122.95495,16.52386,32.884,7.34,0.667,
40155,3232,122.99987,-46.64435,751.88,5.77,0.626,
40160,,123.02524,-43.40044,,6.48,1.704,
40167,3210,123.05303,17.64777,25.081,4.67,0.531,Tegmine
40177,3214,123.09242,14.00412,223.21,6.53,0.155,
40181,,123.11405,-36.98923,613.5,6.54,-0.095,
40183,3234,123.12831,-46.26429,320.51,6.00,-0.113,
40211,3230,123.19127,-29.91077,129.7,6.53,0.057,
40215,3182,123.20328,68.47407,230.41,5.34,1.037,
40220,3233,123.21482,-37.92447,181.82,6.40,0.108,
40231,3222,123.24888,16.51432,147.49,6.03,0.89,
40240,3215,123.28695,29.65654,209.64,5.62,-0.073,15 Cnc
40259,3229,123.33320,-15.78822,266.67,4.99,1.066,20 Pup
40263,,123.34073,-1.16589,152.91,6.48,0.918,
40274,3237,123.37299,-35.89952,284.9,4.78,-0.11,
40282,3247,123.39267,-50.19607,221.24,5.52,1.651,
40283,,123.39389,-31.73538,27.495,6.70,0.618,
40285,3244,123.40065,-46.99163,416.67,5.14,-0.139,
40291,3238,123.42113,-33.56953,120.34,6.38,1.141,
40293,3224,123.42372,23.13773,93.633,6.56,0.116,
40299,,123.44022,-46.57868,392.16,6.49,-0.159,
40305,3200,123.45910,56.45225,176.06,5.88,1.016,
40321,3240,123.49298,-36.32228,311.53,5.09,-0.184,
40324,3241,123.49458,-36.34078,352.11,6.11,-0.185,
40326,3243,123.51214,-40.34789,91.491,4.42,1.17,
40330,,123.52142,-44.57579,97.943,6.56,0.18,
40341,3239,123.54599,-32.14071,694.44,6.07,-0.159,
40342,3228,123.54642,17.67595,94.967,6.47,0.331,
40344,3242,123.55526,-35.49002,68.871,5.77,1.024,
40354,3231,123.58747,13.04830,364.96,6.39,1.034,
40357,3250,123.59947,-45.83452,362.32,5.86,-0.176,
40366,,123.62355,-40.82587,273.22,6.62,-0.148,
40375,,123.64966,13.02282,18.836,8.79,1.186,GJ 3488
40386,,123.67786,-73.80718,106.16,6.64,0.212,
40397,,123.71350,-46.48589,617.28,6.45,-0.149,
40429,3260,123.81641,-62.91564,77.519,5.16,0.086,
40433,3256,123.84691,-50.44922,248.76,6.44,1.52,
40438,,123.85507,-52.06030,26.674,6.63,0.579,
40474,3221,123.96046,60.38060,151.29,6.43,0.21,
40476,3251,123.96894,-30.92594,97.847,6.22,0.777,
40478,,123.97021,-46.31228,132.1,6.65,0.176,
40485,3253,123.99510,-35.90319,507.61,6.15,1.549,
40497,,124.02698,57.09414,32.248,7.49,0.75,
40501,,124.03326,1.30257,9.1224,10.08,1.51,GJ 2066
40514,,124.07265,-86.55729,102.56,6.76,0.064,
40526,3249,124.12884,9.18554,93.023,3.53,1.481,Tarf
40556,,124.22058,-64.18706,184.5,6.67,-0.07,
40559,3108,124.22481,84.05764,147.28,6.45,0.052,
40561,3255,124.22595,-21.32065,201.21,6.60,0.018,
40570,,124.24200,59.18936,173.91,6.58,1.318,
40581,,124.29002,-3.36372,150.15,6.72,-0.061,
40597,,124.32693,4.21917,310.56,6.53,0.631,
40604,3257,124.34638,-16.28511,273.97,6.32,0.057,21 Pup
40617,3252,124.38188,8.86631,269.54,6.28,0.98,
40639,,124.44230,-36.06759,961.54,6.42,1.446,
40646,3235,124.46007,59.57113,91.827,5.63,0.182,29 Lyn
40655,3274,124.48235,-59.16683,74.184,6.47,0.397,
40656,3261,124.49283,-30.00370,138.5,6.43,1.04,
40671,,124.54503,30.60082,22.691,8.82,1.137,Gl 301.1
40675,,124.56009,15.67792,143.88,6.42,1.018,
40677,3246,124.56582,54.14370,258.4,6.26,1.558,
40678,3266,124.57248,-35.45170,126.26,5.59,1.246,
40680,3280,124.57828,-65.61319,91.075,5.06,1.129,
40693,3259,124.59977,-12.63217,12.494,5.95,0.754,Gl 302
40699,,124.62027,54.56384,92.081,6.61,0.272,
40702,3318,124.63054,-76.91972,19.562,4.05,0.413,Alp Cha
40706,3270,124.63887,-36.65929,28.629,4.44,0.222,GJ 1109
40749,,124.77328,-48.19785,288.18,6.45,-0.131,
40765,,124.81290,-5.61951,35.461,7.43,0.598,
40766,3265,124.81284,-10.16575,105.93,6.31,0.329,
40772,3245,124.82155,62.50716,141.64,5.73,0.891,
40774,,124.82939,1.33886,22.93,8.35,0.901,
40787,3273,124.87298,-34.59014,235.29,6.44,-0.079,
40793,3216,124.88430,75.75691,85.984,5.55,0.902,
40817,3301,124.95411,-71.51491,133.33,5.33,-0.063,Kap1Vol
40818,3269,124.95777,3.94803,168.63,6.04,0.964,
40824,,124.99076,-51.94185,70.922,6.75,0.263,
40834,3302,125.00229,-71.50538,128.37,5.63,-0.099,Kap2Vol
40843,3262,125.01609,27.21771,18.271,5.13,0.487,18Chi Cnc
40858,3271,125.05416,-0.90931,39.495,6.18,0.607,
40859,3272,125.07091,-5.32993,211.42,6.12,1.329,
40866,3264,125.08737,20.74772,172.71,5.80,1.137,
40875,3254,125.10846,57.74328,32.352,5.89,0.421,30 Lyn
40876,3276,125.11395,-22.92468,220.26,6.12,1.039,
40878,3258,125.12135,53.57409,59.382,6.50,0.3,
40881,3268,125.13390,24.02231,140.25,5.92,-0.039,Piautos
40888,3340,125.16173,-77.48448,47.619,4.34,1.161,The Cha
40889,3236,125.16800,72.40723,248.76,6.00,1.537,
40916,,125.25195,-52.22797,67.204,6.63,0.147,
40926,3298,125.28185,-64.10600,143.27,6.11,0.93,
40932,3293,125.30041,-57.97322,543.48,5.96,-0.092,
40941,3278,125.33451,-1.60203,156.49,6.52,0.023,
40943,3283,125.33769,-36.48418,456.62,5.18,-0.187,
40944,3279,125.33843,-20.07906,173.91,5.58,0.771,
40945,3282,125.34595,-33.05437,308.64,4.83,1.419,
40947,3286,125.35077,-39.62071,65.92,6.15,0.172,
40952,,125.36737,-39.70541,28.066,7.17,0.692,Gl 304
40990,3281,125.47754,-17.58633,95.238,5.71,1.05,
40993,,125.48750,-10.74812,90.909,6.78,0.393,
41003,3334,125.51877,-73.39999,116.82,5.28,0.014,Eta Vol
41011,,125.53971,74.82036,143.47,6.40,1.022,
41036,3285,125.62569,-6.17916,72.886,6.14,0.227,
41037,3307,125.62854,-59.50948,185.53,1.86,1.196,Avior
41039,3294,125.63206,-48.49038,526.32,4.79,-0.146,
41060,3263,125.68361,60.63124,119.9,6.42,0.969,
41067,3289,125.69520,-13.05479,126.1,6.13,0.997,22 Pup
41074,3291,125.70807,-26.34822,,5.88,0.379,
41075,3275,125.70882,43.18813,117.23,4.25,1.55,Alsciaukat
41080,3288,125.72540,-7.54312,395.26,5.92,1.635,
41081,3300,125.72986,-52.12373,70.028,5.89,0.018,
41107,3296,125.82056,-38.28608,334.45,6.28,1.613,
41117,3284,125.84100,18.33220,117.79,5.94,0.175,20 Cnc
41134,,125.88258,-27.82235,33.157,7.09,0.6,
41152,3277,125.95213,53.21971,50.429,5.52,0.125,
41154,,125.95575,-28.97028,214.13,6.64,0.016,
41163,3290,125.98005,10.63206,272.48,6.11,1.507,21 Cnc
41191,3393,126.08456,-80.91420,75.873,5.67,1.018,
41208,3197,126.13790,82.43076,186.22,6.28,0.035,
41209,,126.13858,-1.14841,42.265,7.07,0.589,
41211,3297,126.14589,-3.75124,26.617,5.61,0.478,1 Hya
41214,3295,126.15181,-4.71700,63.371,6.03,0.46,
41224,3287,126.17821,42.00524,294.99,6.02,1.591,
41226,,126.18917,17.18175,46.296,7.06,0.539,
41242,3308,126.22992,-23.15375,173.01,5.67,0.066,
41250,3322,126.23837,-42.76983,549.45,5.97,-0.159,
41252,,126.24314,-15.29414,120.05,6.76,0.193,
41260,3315,126.26559,-24.04621,143.47,5.32,1.476,
41261,,126.26742,-49.15999,33.378,7.66,0.777,
41262,3292,126.27036,35.01141,267.38,6.08,1.261,
41282,3316,126.32917,-21.04596,35.162,6.01,0.402,
41296,3330,126.38055,-51.72742,213.22,5.18,-0.164,
41299,3305,126.39807,2.10221,273.97,5.74,1.528,
41303,,126.40574,-8.95606,200.4,6.51,0.956,
41306,3317,126.41401,-17.43941,215.52,6.44,1.234,
41307,3314,126.41514,-3.90642,37.509,3.91,-0.012,
41312,3347,126.43426,-66.13689,32.971,3.77,1.132,Bet Vol
41315,,126.45153,1.57432,176.99,6.56,1.16,
41319,3299,126.45785,17.04627,44.944,6.11,0.448,25 Cnc
41321,3346,126.46503,-64.60062,112.36,5.95,0.971,
41323,3326,126.46630,-42.15307,220.26,5.45,-0.142,
41325,3306,126.47820,7.56451,121.07,5.13,0.934,
41328,3320,126.48162,-14.92966,110.99,5.96,0.167,
41336,,126.50442,-10.51658,104.71,6.58,0.176,
41360,,126.57319,-27.14499,53.22,6.99,0.459,
41361,3327,126.57389,-39.05896,171.82,6.07,-0.009,
41373,3341,126.60509,-52.80750,69.444,6.05,0.062,
41375,3321,126.61337,-3.98748,50.025,5.60,0.218,2 Hya
41377,3304,126.61545,27.89358,114.42,5.58,1.421,22Phi1Cnc
41389,3312,126.66581,24.53417,79.745,6.51,0.349,24 Cnc
41395,3324,126.67480,-12.53460,84.317,5.52,1.167,
41400,3319,126.68309,12.65461,276.24,5.56,1.608,27 Cnc
41404,3310,126.69612,26.93549,84.531,6.30,0.187,23Phi2Cnc
41426,,126.74074,-52.70495,54.054,6.49,0.419,
41449,3336,126.81842,-31.67273,184.5,6.33,0.897,
41451,3370,126.81990,-70.09348,85.69,5.51,-0.024,
41452,3325,126.82195,-6.40972,106.5,6.61,0.523,
41464,3349,126.86481,-55.01121,158.73,6.52,-0.01,
41475,3335,126.88865,-20.84396,178.57,6.57,0.043,
41478,,126.89109,-75.35868,111.36,6.81,0.118,
41479,,126.89635,-5.14863,40.064,7.17,0.646,
41483,3350,126.90255,-53.08848,61.05,5.08,0.256,
41484,3309,126.90329,45.65299,22.252,6.32,0.624,Gl 307.1
41504,3339,126.97368,-26.13296,96.993,6.60,0.11,
41515,3343,126.99759,-35.11376,284.9,5.75,-0.151,
41547,3338,127.08245,-8.81628,253.16,6.43,1.197,
41564,3337,127.12147,-2.51713,74.571,6.42,0.332,
41572,3344,127.15017,-23.07098,162.87,6.50,0.06,
41574,3329,127.15326,24.14493,136.61,6.05,0.246,28 Cnc
41578,3333,127.15558,14.21082,105.26,5.94,0.201,29 Cnc
41597,3342,127.21251,-9.74858,448.43,6.01,0.427,
41598,,127.21568,53.86221,41.511,7.12,0.565,
41616,3358,127.26981,-47.92892,653.59,5.33,-0.14,
41621,3356,127.28154,-44.16041,438.6,5.82,-0.16,
41639,3359,127.36452,-44.72481,800,5.03,-0.168,
41644,,127.37419,-54.21176,223.71,6.44,-0.108,
41653,3368,127.40163,-55.19094,193.42,6.36,0.799,
41674,3363,127.44016,-46.33169,176.68,5.98,-0.127,
41676,3303,127.44273,67.29744,98.039,5.89,0.972,
41704,3323,127.56647,60.71817,54.915,3.35,0.856,Muscida
41723,3362,127.61922,-32.15928,323.62,5.61,1.509,
41729,,127.64256,54.11915,128.21,6.76,-0.021,
41737,3371,127.66347,-44.73732,606.06,6.30,-0.007,
41746,,127.69341,-41.51501,183.82,6.62,0.9,
41781,3375,127.79430,-47.86662,364.96,6.39,-0.147,
41782,,127.79436,40.22489,133.16,6.71,0.113,
41798,3348,127.83320,37.26494,253.16,6.18,-0.039,
41806,3373,127.85290,-39.06411,460.83,6.31,-0.133,
41813,3382,127.87325,-54.39401,157.48,6.34,1.298,
41816,3355,127.87718,24.08111,76.628,5.71,0.327,30Ups1Cnc
41817,3367,127.87886,-19.57746,105.82,5.42,-0.061,
41820,,127.89594,34.96622,28.225,7.26,0.73,
41822,3357,127.89888,18.09442,127.23,5.33,1.567,31The Cnc
41824,,127.90661,19.39430,11.066,11.90,1.85,GJ 2069A
41833,,127.92207,18.98773,242.72,6.50,1.496,
41844,,127.97943,50.61669,41.288,7.44,0.63,
41861,3386,128.02068,-53.21192,229.89,5.68,0.582,
41871,,128.06638,-76.92880,37.636,7.58,0.607,
41893,3374,128.13900,-15.03014,83.682,6.38,0.275,
41894,3351,128.13935,53.11485,58.072,6.23,1.008,
41899,,128.15670,-14.41797,262.47,6.62,1.339,
41904,3372,128.16613,10.06601,165.29,6.48,-0.007,34 Cnc
41905,,128.16877,-47.04211,231.48,6.49,1.293,
41907,3417,128.17435,-73.35679,121.21,6.11,0.946,
41909,3366,128.17709,20.44116,91.491,5.33,1.252,33Eta Cnc
41926,3384,128.21504,-31.50085,12.209,6.38,0.78,Gl 309
41927,3332,128.22203,69.31990,167.22,6.31,1.36,
41935,3360,128.22915,38.01637,74.794,5.88,1.106,
41939,3385,128.24376,-34.63404,127.06,6.36,0.951,
41940,3369,128.25045,24.08479,170.36,6.35,1.032,32Ups2Cnc
41941,,128.25775,-45.75291,581.4,6.36,-0.119,
41949,3381,128.27019,-24.60696,72.622,6.19,0.27,
41970,3388,128.33275,-38.37068,469.48,6.48,-0.153,
41975,3365,128.34063,36.43643,37.092,6.20,0.402,32 Lyn
41984,,128.36668,-41.61669,46.707,7.05,0.735,
41986,3390,128.37615,-46.97066,684.93,6.25,1.56,
41992,,128.38965,-16.10962,150.15,6.56,1.036,
42001,3389,128.41014,-38.84882,255.75,5.92,-0.114,
42008,3378,128.43116,4.75700,505.05,5.89,1.066,
42010,3376,128.43769,13.25731,105.04,6.26,1.179,
42011,,128.44052,-23.35555,31.736,7.22,0.745,GJ 9269
42028,3383,128.50674,-2.15156,90.334,5.80,0.007,
42042,,128.54745,-36.90620,45.147,6.69,0.428,
42049,3380,128.55562,8.45234,57.737,6.04,0.332,
42069,,128.62079,-51.09313,353.36,6.58,-0.156,
42070,3399,128.62189,-37.61117,408.16,6.28,1.562,
42071,,128.62377,-27.09816,251.89,6.40,1.429,
42072,,128.62404,47.13963,140.06,6.68,0.003,
42074,,128.63187,-0.72607,21.137,7.32,0.791,GJ 3507
42075,3397,128.63310,-32.59874,67.295,6.41,0.752,
42080,3354,128.65067,65.14517,46.751,5.47,0.207,2 UMa
42088,3407,128.68167,-49.94420,260.42,5.01,1.304,
42090,3377,128.68287,36.41962,108.81,5.76,0.051,33 Lyn
42101,,128.72287,48.53372,115.87,6.75,0.202,
42123,3404,128.80218,-39.97045,36.443,6.44,0.578,
42129,3415,128.81487,-58.22474,274.73,5.27,-0.133,
42133,3387,128.83103,19.59006,202.84,6.55,0.681,35 Cnc
42134,3414,128.83200,-58.00923,68.073,4.84,0.981,
42142,3392,128.85399,2.74345,160.51,6.35,1.023,
42146,3398,128.86749,-7.98229,92.85,5.72,-0.004,3 Hya
42147,3402,128.86961,-26.84349,179.53,5.95,0.393,
42172,3395,128.96240,6.62022,25.126,5.91,0.53,Gl 310.1A
42173,3396,128.96364,6.62278,26.24,7.25,0.71,Gl 310.1B
42177,3413,128.96680,-50.96965,136.8,5.79,-0.132,
42178,,128.96833,-56.37280,55.096,7.06,0.427,
42187,3394,129.03213,15.31363,77.76,6.33,0.338,
42207,,129.09033,-32.26185,167.79,6.69,1.086,
42215,,129.09655,-38.45536,46.318,7.22,0.509,
42220,,129.11017,67.29511,13.776,9.28,1.417,Gl 310
42249,3352,129.20320,74.72368,75.7,6.31,0.308,
42265,3406,129.27405,9.65558,149.7,5.92,0.083,36 Cnc
42279,,129.31002,77.04679,44.228,7.29,0.54,
42286,3432,129.32850,-62.85346,103.63,5.45,1.013,
42291,3421,129.33354,-40.14767,27.405,6.53,0.598,Gl 312
42294,,129.34212,28.29440,162.07,6.63,0.833,
42299,3411,129.36322,-4.93400,127.55,6.18,1.054,
42302,3419,129.37350,-33.74568,60.606,6.51,0.32,
42309,,129.39063,-12.58571,97.847,6.70,0.284,
42312,3426,129.41099,-42.98908,558.66,4.11,0.109,
42313,3410,129.41403,5.70378,49.164,4.14,0.003,4Del Hya
42333,,129.45955,-6.80689,23.975,6.74,0.655,GJ 9273
42334,3420,129.46731,-26.25500,71.073,5.24,-0.03,Eta Pyx
42342,,129.48365,-74.57394,132.1,6.62,0.265,
42343,,129.48982,-8.88159,45.086,7.02,0.516,
42348,,129.50683,-11.74373,124.84,6.58,-0.044,
42353,3412,129.52155,9.57461,111.98,6.54,-0.01,37 Cnc
42365,3409,129.57910,32.80202,124.69,5.96,1.111,
42368,3416,129.58449,-6.66232,288.18,6.52,0.447,
42372,3400,129.59256,53.40154,81.699,5.66,0.964,
42394,3425,129.66789,-19.73690,361.01,6.32,1.592,
42400,3435,129.68673,-53.09038,160.51,6.45,-0.1,
42402,3418,129.68932,3.34144,114.29,4.45,1.216,Minchir
42403,,129.68968,23.68591,34.602,6.89,0.547,
42415,3405,129.74958,52.92508,226.24,6.34,1.319,
42418,,129.75105,6.95546,24.832,7.90,0.897,
42425,3460,129.77142,-70.38675,73.638,5.19,0.013,The Vol
42430,3430,129.78297,-22.66187,19.399,5.05,0.72,Gl 314A
42434,3401,129.79203,59.93913,127.55,6.47,0.035,
42438,3391,129.79886,65.02091,14.355,5.63,0.618,3Pi 1UMa
42440,3443,129.80508,-60.31729,136.99,6.35,-0.002,
42452,3408,129.82347,52.71162,160,5.91,1.167,
42455,3434,129.84216,-36.60668,37.85,6.12,0.426,
42459,3440,129.84939,-53.43977,136.43,5.45,-0.132,
42462,3424,129.85232,8.01760,101.94,6.46,1.08,
42483,3433,129.92699,-29.56108,74.906,4.86,0.9,Zet Pyx
42484,3379,129.92762,73.62968,113.38,6.16,1.017,
42485,,129.92774,19.77846,176.99,6.65,0.248,
42488,,129.93252,5.76429,36.311,7.26,0.61,
42497,,129.96132,19.54082,276.24,6.59,0.956,
42499,,129.96164,11.52267,18.139,7.61,0.832,Gl 315
42502,,129.97310,-17.30298,156.25,6.59,1.334,
42503,,129.98483,32.72727,162.07,6.70,1.122,
42504,3442,129.99003,-53.05473,135.69,5.18,-0.147,
42509,3431,130.00614,-12.47537,119.05,4.98,1.415,6 Hya
42515,3438,130.02560,-35.30835,127.55,3.97,0.936,Bet Pyx
42516,3427,130.02675,20.00779,186.57,6.39,0.98,39 Cnc
42523,,130.04772,19.97113,180.18,6.61,0.006,
42525,,130.04979,41.28540,14.59,9.95,0.47,
42527,3403,130.05360,64.32794,78.493,4.59,1.179,4Pi 2UMa
42528,,130.05557,6.56564,78.989,6.60,0.899,
42535,3448,130.07281,-53.01540,147.28,5.56,-0.125,
42536,3447,130.07331,-52.92189,151.29,3.60,-0.168,
42538,3423,130.07622,31.94190,123.92,6.21,0.401,
42540,3439,130.07994,-40.26387,85.616,5.20,-0.027,
42549,3428,130.09203,19.66994,218.34,6.42,1.02,
42556,3429,130.11255,19.54481,179.86,6.29,0.17,Meleph
42562,,130.14027,33.27725,136.99,6.74,1.071,
42564,3444,130.14692,-45.19110,295.86,5.67,1.664,
42568,3457,130.15429,-59.76100,442.48,4.31,-0.117,
42570,3445,130.15655,-46.64874,,3.77,0.67,
42579,3455,130.18141,-57.54549,67.159,6.34,0.208,
42604,3422,130.25444,45.83401,55.279,5.35,0.993,34 Lyn
42606,3437,130.25676,-9.05200,121.36,6.64,0.017,
42614,3453,130.27218,-48.92268,606.06,5.90,-0.186,
42624,3452,130.30473,-47.31712,781.25,4.74,0.137,
42634,,130.32734,-4.80893,33.818,7.59,0.76,
42637,3502,130.33159,-78.96336,94.967,5.46,-0.101,Eta Cha
42644,,130.34696,-72.58873,60.35,7.07,0.428,
42662,3441,130.43057,-15.94338,64.935,4.87,1.063,9 Hya
42679,3456,130.48713,-45.41071,,5.20,0.171,
42697,,130.53156,-42.92944,22.868,8.11,0.904,Gl 319.1A
42701,3446,130.54089,-11.96601,94.967,6.46,0.16,
42712,3462,130.56747,-48.09909,,5.48,-0.172,
42715,3466,130.57917,-53.10006,153.14,5.49,-0.127,
42717,3471,130.58689,-55.77456,99.701,6.26,1.178,
42726,3467,130.60581,-53.11398,148.59,4.83,-0.173,
42728,,130.61794,-47.52132,113.9,6.73,0.232,
42748,,130.68554,9.55670,15.432,9.62,1.4,Gl 319A
42753,,130.69255,31.86260,50.251,7.18,0.598,
42754,,130.69747,-46.80727,80.128,6.92,0.274,
42762,,130.71760,9.55310,14.934,11.83,1.55,Gl 319B
42775,3463,130.73749,-35.94330,132.1,6.42,0.019,
42777,3436,130.75070,46.90084,126.74,6.21,0.981,
42794,3524,130.80122,-79.07008,92.85,6.05,0.229,
42795,3450,130.80137,12.68088,284.09,5.62,0.435,45 Cnc
42799,3454,130.80615,3.39866,179.86,4.30,-0.192,7Eta Hya
42806,3449,130.82147,21.46850,55.556,4.66,0.01,Asellus Borealis
42808,,130.82533,-38.88238,11.141,6.58,0.917,Gl 320
42828,3468,130.89809,-33.18639,269.54,3.68,-0.18,Alp Pyx
42834,3476,130.91781,-49.82280,568.18,5.15,-0.197,
42835,3459,130.91823,-7.23373,235.85,4.63,0.84,
42850,3491,130.97637,-68.21158,285.71,6.33,1.501,
42854,3458,130.99908,4.33456,303.95,6.37,-0.04,
42871,3451,131.04223,36.91834,64.893,6.54,0.469,
42884,3477,131.09981,-42.64928,70.175,4.05,0.874,Gl 321.1
42895,3495,131.12505,-65.82543,58.617,6.03,0.217,
42911,3461,131.17125,18.15431,40.032,3.94,1.083,Asellus Australis
42912,,131.17281,-23.78841,150.38,6.72,1.263,
42913,3485,131.17588,-54.70882,24.698,1.93,0.043,Alsephina
42915,,131.17816,-74.78803,119.05,6.66,1.22,
42916,,131.18738,-42.63456,25.272,7.20,0.743,Gl 321.2
42917,3465,131.18766,10.08167,129.7,5.63,-0.069,49 Cnc
42922,,131.21170,-44.54260,36.483,6.56,0.567,
42923,3479,131.21637,-37.14725,485.44,5.74,-0.139,
42928,3473,131.22979,-21.16783,84.388,6.10,0.195,
42931,3469,131.25534,5.68059,64.558,6.13,0.2,10 Hya
42936,3489,131.27311,-58.72432,262.47,6.20,-0.083,
42937,,131.28684,-32.24926,68.966,6.89,0.325,
42951,3472,131.33654,-2.60106,61.767,6.41,0.521,
42954,3464,131.33926,30.69775,181.16,6.12,0.935,46 Cnc
42957,,131.34717,0.19776,126.74,6.55,1.008,
42970,,131.37330,18.81749,62.035,6.77,0.39,
42981,,131.39527,4.66438,163.4,6.45,1.228,
42989,,131.43295,-55.85474,85.179,6.77,0.299,
43002,3483,131.45535,-25.38809,103.84,6.07,0.084,
43012,3543,131.48009,-79.50437,152.91,5.79,1.595,
43023,3487,131.50686,-46.04153,568.18,3.87,0.015,
43026,3478,131.51031,-2.04866,92.593,5.70,1.097,
43035,3480,131.52864,-11.00677,306.75,6.22,1.608,
43067,3484,131.59390,-13.54772,75.132,4.32,0.9,12 Hya
43073,3488,131.59901,-41.12539,219.78,6.21,-0.05,
43082,3494,131.62728,-45.91250,,5.43,0.238,
43100,3474,131.66660,28.76506,85.543,6.58,0.051,48Iot Cnc
43103,3475,131.67426,28.75990,101.52,4.03,1.007,Yuyu
43105,3498,131.67730,-56.76978,185.53,4.50,-0.169,
43108,,131.68979,-18.75784,153.14,6.60,1.032,
43109,3482,131.69380,6.41881,39.635,3.38,0.685,Ashlesha
43114,3490,131.70517,-34.62295,384.62,6.33,-0.127,
43121,3481,131.73341,12.10995,53.967,5.89,0.12,50 Cnc
43129,,131.78037,28.16180,51.23,6.60,0.676,
43142,3486,131.81244,-1.89703,123.15,5.28,0.058,
43148,3496,131.82852,-46.15541,,5.71,0.554,
43152,,131.83945,-17.05288,189.04,6.48,0.679,
43156,,131.84943,-34.60033,180.83,6.66,1.429,
43177,3497,131.91831,-41.73679,29.146,6.35,0.578,
43195,3503,132.00096,-52.85015,141.84,6.29,-0.097,
43197,,132.00340,-49.57484,42.992,6.71,0.424,
43204,3493,132.02032,-6.55884,215.98,6.09,1.282,
43209,3501,132.03657,-42.46345,483.09,6.43,-0.178,
43215,,132.06095,-28.63880,213.68,6.42,1.364,
43234,3492,132.10821,5.83781,108.58,4.35,-0.044,13Rho Hya
43246,,132.15605,-1.04484,170.94,6.42,1.142,
43266,3470,132.20529,66.70808,153.14,6.20,-0.106,
43297,,132.30221,3.48475,30.998,7.45,0.689,
43299,,132.31393,-15.56474,40.016,7.27,0.536,
43305,3500,132.34053,-3.44302,138.12,5.30,-0.08,14 Hya
43325,3514,132.41318,-40.32016,387.6,5.47,0.066,
43330,,132.41878,-8.63812,80.71,6.82,0.244,
43338,3507,132.43726,-21.04844,78.493,6.48,0.256,
43347,3520,132.44850,-45.30788,340.14,4.94,0.043,
43350,,132.45317,7.01477,94.607,6.67,1.065,
43351,3544,132.45890,-72.55124,625,6.10,0.185,
43352,3512,132.46458,-32.78052,68.634,5.19,0.876,
43354,3517,132.46818,-39.14160,76.046,6.38,0.249,
43358,,132.48182,-36.61612,42.68,7.15,0.503,
43370,3513,132.50929,-29.46300,230.41,5.86,0.948,
43392,3525,132.58758,-42.08979,769.23,6.00,-0.114,
43394,3516,132.59016,-28.61762,115.21,6.17,-0.055,
43409,3518,132.63306,-27.70984,63.573,4.02,1.272,Gam Pyx
43410,3499,132.63429,33.28505,28.353,6.22,0.549,
43413,3527,132.63942,-46.52919,,5.09,-0.205,
43414,3537,132.64473,-66.79298,51.921,5.34,0.423,
43426,,132.68448,35.07097,51.6,6.86,0.592,
43427,3504,132.68802,18.83218,289.02,6.41,0.009,
43454,3510,132.75611,15.35065,38.314,6.36,0.669,54 Cnc
43486,3530,132.86590,-42.50450,107.76,6.54,0.043,
43487,,132.86612,-61.36297,55.463,7.16,0.545,
43496,3523,132.89339,-7.17723,136.8,5.55,0.15,15 Hya
43499,3536,132.90217,-57.63358,226.24,5.59,-0.102,
43520,,132.95848,-44.15093,515.46,6.38,-0.15,
43528,,132.98165,-40.98658,323.62,6.49,-0.106,
43531,3508,132.98680,43.72660,81.235,5.15,0.971,35 Lyn
43534,,133.00110,66.13149,16.54,9.26,1.319,Gl 322
43550,3511,133.04180,42.00274,161.55,5.98,1.251,
43553,3509,133.04904,45.31282,164.74,5.96,1.233,
43557,,133.06829,8.06292,24.015,6.57,0.64,
43565,,133.08506,-12.80869,54.025,6.83,0.553,
43570,3526,133.10076,5.34031,309.6,6.34,0.122,
43573,3533,133.10890,-32.50932,235.29,6.49,1.451,
43575,3521,133.11912,28.25916,271.74,6.25,1.552,53 Cnc
43580,3529,133.12818,-13.23294,103.95,6.12,1.142,
43584,3519,133.14426,32.47416,64.475,5.67,0.224,51Sig1Cnc
43587,3522,133.14938,28.33082,12.341,5.96,0.869,Copernicus
43589,3539,133.16087,-48.35910,318.47,5.92,-0.148,
43590,3534,133.16124,-36.54534,352.11,6.41,0.549,
43593,3542,133.17007,-52.12891,124.07,6.39,0.003,
43603,3535,133.20007,-38.72409,214.13,5.79,1.508,
43620,3549,133.26579,-56.64948,92.421,6.02,-0.023,
43623,,133.27215,-16.95247,139.08,6.43,1.082,
43624,3506,133.27474,59.05614,60.569,6.35,0.414,
43625,,133.27545,52.39023,35.423,6.92,0.498,
43644,3505,133.34402,61.96227,88.81,5.72,0.305,5 UMa
43669,3560,133.45276,-60.35391,440.53,5.78,-0.088,
43671,3551,133.46082,-47.52078,77.28,5.31,0.275,
43673,3548,133.46149,-40.44754,373.13,6.42,0.96,
43683,,133.48056,19.96713,164.74,6.68,0.701,
43685,3528,133.48202,35.53829,241.55,6.14,0.059,
43721,3532,133.56136,30.57912,141.44,5.40,1.05,57 Cnc
43726,3538,133.57479,-5.43446,17.385,6.01,0.661,Gl 327
43763,3568,133.72517,-58.23966,218.34,6.36,-0.086,
43766,,133.73327,26.19829,49.02,6.73,0.665,
43783,3571,133.76185,-60.64461,98.039,3.84,-0.104,
43797,3570,133.79904,-54.96577,24.155,5.70,0.481,GJ 3519
43798,3554,133.80178,-18.24119,136.8,5.75,1.327,
43807,3562,133.83003,-45.04167,370.37,6.26,-0.152,
43811,3541,133.84533,17.23128,342.47,6.28,2.975,
43813,3547,133.84845,5.94556,51.256,3.11,0.978,16Zet Hya
43822,3552,133.87337,-7.97115,88.496,6.07,0.22,17 Hya
43825,3556,133.88151,-27.68187,75.815,4.87,0.142,Del Pyx
43834,3540,133.91534,27.92748,149.25,5.23,1.0,58Rho2Cnc
43850,,133.97703,-15.43954,250.63,6.47,1.393,
43851,3550,133.98146,11.62602,213.22,5.44,1.462,60 Cnc
43852,,133.98203,36.19619,26.021,7.69,0.771,
43853,3559,133.98294,-23.81830,71.633,6.39,0.157,
43871,,134.05631,24.44776,76.923,6.74,0.403,
43878,3574,134.08029,-52.72348,108.34,4.68,-0.115,
43880,,134.08276,-37.12247,40.8,6.85,0.616,
43894,3546,134.12721,40.20147,72.202,5.90,0.378,
43898,,134.14094,45.76411,77.64,6.84,0.344,
43899,3564,134.14219,-16.70875,221.73,5.95,1.544,
43902,3557,134.15433,4.23658,434.78,6.13,1.001,
43903,3531,134.15611,64.60383,94.073,5.57,0.877,6 UMa
43904,,134.16429,33.25776,45.106,7.32,0.511,
43908,3678,134.17423,-85.66315,49.751,5.43,0.306,Zet Oct
43920,,134.20704,-17.43340,62.305,6.56,0.413,
43923,3545,134.20827,45.63165,70.721,5.72,1.125,
43932,3555,134.23584,32.91043,59.559,5.44,0.181,59Sig2Cnc
43937,3582,134.24343,-59.22934,206.61,4.93,-0.182,
43948,,134.26953,11.64698,17.01,10.60,1.511,Gl 330
43957,3558,134.28450,17.14375,107.07,6.17,1.001,
43970,3561,134.31228,15.32276,45.725,5.22,0.149,62Omi1Cnc
44001,3565,134.39666,15.58128,46.126,5.68,0.209,63Omi2Cnc
44010,3567,134.42509,9.38776,264.55,6.19,0.984,
44014,,134.44410,38.25892,46.468,7.10,0.476,
44024,3583,134.48151,-48.57291,317.46,5.88,1.06,
44030,,134.49375,-4.85930,53.476,6.68,0.386,
44031,3563,134.49443,30.23383,55.525,6.25,0.474,61 Cnc
44042,3573,134.53419,1.54159,110.99,6.59,0.064,
44056,,134.57621,18.30828,132.28,6.56,0.021,
44066,3572,134.62176,11.85770,57.737,4.26,0.141,Acubens
44072,,134.65897,20.54674,20.899,9.22,1.116,Gl 330.1
44075,3578,134.68303,-16.13273,21.035,5.80,0.521,GJ 3523
44089,,134.70780,25.40497,38.536,7.47,0.68,
44093,3588,134.71824,-47.23469,68.918,5.17,0.268,
44097,,134.73222,21.16628,35.663,7.63,0.693,
44126,3577,134.79471,18.13487,187.97,6.30,1.511,
44127,3569,134.80242,48.04183,14.51,3.12,0.223,Talitha
44130,3585,134.81593,-28.80602,167.22,6.24,0.997,
44142,,134.85133,45.73843,208.33,6.64,0.011,
44143,3598,134.85117,-59.08371,26.42,5.17,0.417,Gl 333.1
44148,,134.86201,13.07439,421.94,6.49,1.462,
44154,3575,134.88608,32.41856,90.662,5.23,0.913,64Sig3Cnc
44162,3584,134.91632,-19.20804,39.262,6.19,0.461,
44164,,134.92801,-27.81630,56.402,6.88,0.695,GJ 3525
44175,,134.97348,-22.69152,74.85,6.96,0.43,
44191,3591,135.02257,-41.25361,64.516,4.45,0.646,
44213,3593,135.09275,-43.17399,320.51,6.04,-0.154,
44231,3580,135.12834,37.60435,371.75,6.21,1.572,
44248,3579,135.16028,41.78291,16.069,3.96,0.463,Gl 332A
44256,3604,135.19061,-60.96383,401.61,5.80,1.211,
44283,3610,135.28540,-68.68392,216.92,5.89,1.634,
44290,3597,135.29757,-26.66372,108.11,6.20,1.137,
44295,,135.32283,15.26577,15.974,8.67,1.285,GJ 1120A
44299,3600,135.33693,-41.86425,131.58,5.56,-0.135,
44307,3587,135.35054,32.25230,143.06,5.89,0.088,66 Cnc
44315,3590,135.38077,5.64099,318.47,6.08,1.111,
44331,3586,135.41987,39.71352,76.162,6.39,0.314,
44337,3605,135.43569,-52.18868,112.99,5.23,-0.12,
44342,3589,135.45351,27.90259,58.005,6.07,0.243,67 Cnc
44356,3596,135.49161,-0.48267,150.38,5.64,1.163,
44367,3602,135.52665,-39.40216,122.55,6.25,1.0,
44382,3615,135.61166,-66.39608,38.3,4.00,0.145,Alp Vol
44390,3576,135.63630,67.62962,96.432,4.74,1.542,8Rho UMa
44405,3595,135.68444,24.45292,120.34,5.45,-0.041,69Nu Cnc
44406,3599,135.68675,7.29827,194.17,5.85,1.1,
44423,3611,135.77224,-53.55037,260.42,6.39,-0.074,
44437,,135.81087,6.81598,82.305,6.53,1.04,
44441,,135.81579,32.88143,50.251,7.03,0.497,
44458,,135.86289,37.84098,30.525,7.04,0.609,
44471,3594,135.90641,47.15653,109.89,3.57,0.007,Alkaphrah
44478,,135.93750,-17.49660,212.77,6.58,1.452,
44504,3592,136.00167,54.28389,119.62,5.74,0.034,
44509,,136.02409,-47.44145,358.42,6.46,-0.155,
44511,3614,136.03872,-47.09774,91.827,3.75,1.174,
44512,3601,136.04112,27.89830,195.31,6.67,0.022,70 Cnc
44542,,136.13218,-56.34361,88.496,6.81,0.4,
44565,3622,136.19993,-57.85257,307.69,6.43,0.288,
44574,3606,136.22952,32.37683,72.833,6.46,0.241,
44596,,136.27748,-29.01818,174.52,6.63,1.412,
44599,3643,136.28678,-72.60271,122.85,4.47,0.607,
44607,,136.32829,50.82379,53.85,6.77,0.411,
44613,3603,136.35042,48.53031,97.087,5.48,0.475,
44626,3642,136.40991,-70.53850,296.74,4.66,-0.149,
44659,3613,136.49319,5.09232,274.73,4.99,1.189,18Ome Hya
44665,3632,136.53176,-64.49985,165.84,6.37,1.361,
44700,3612,136.63237,38.45222,250.63,4.56,1.037,
44708,3629,136.64181,-55.80241,334.45,6.10,-0.132,
44713,,136.66174,-43.49198,37.272,7.31,0.664,
44717,3608,136.67979,59.34452,421.94,6.44,0.045,
44722,,136.68895,-8.80683,14.558,9.50,1.418,Gl 334
44728,,136.71324,38.27844,43.253,6.61,0.446,
44733,,136.72824,-18.20159,144.51,6.65,1.036,
44738,3618,136.74975,1.46269,249.38,6.16,1.648,
44755,,136.81960,2.58164,65.317,6.66,0.425,
44757,,136.82787,-57.46373,267.38,6.61,0.974,
44768,3617,136.86214,22.98087,58.173,6.39,0.453,
44798,3623,136.93672,10.66819,162.87,5.23,-0.092,76Kap Cnc
44816,3634,136.99902,-43.43259,166.94,2.23,1.665,Suhail
44818,3621,137.00022,29.65423,83.893,5.42,0.888,72Tau Cnc
44824,3628,137.01200,-25.85854,171.82,4.62,1.594,Kap Pyx
44825,3620,137.01735,32.54040,106.72,6.47,0.375,
44857,3609,137.09801,66.87323,159.74,5.15,1.514,11Sig1UMa
44860,,137.10521,-15.14479,37.175,7.29,0.617,
44874,,137.15264,-25.83940,46.685,6.77,0.573,GJ 9287A
44883,3630,137.17575,-8.58952,188.32,5.60,-0.057,19 Hya
44887,3637,137.18139,-26.76760,122.1,6.15,0.17,
44888,,137.18552,-16.27732,128.37,6.48,1.1,
44892,3626,137.19725,26.62911,31.008,5.95,0.654,75 Cnc
44896,,137.20746,-10.75750,42.141,7.15,0.61,GJ 3535
44897,3625,137.21289,33.88222,19.19,5.95,0.585,Gl 334.2
44901,3619,137.21794,51.60465,28.818,4.46,0.288,15 UMa
44923,3638,137.26755,-18.32855,83.682,5.73,0.0,
44936,3636,137.29797,-12.35771,138.89,5.76,0.937,
44946,3627,137.33973,22.04545,114.42,5.16,0.97,Nahn
44960,,137.39337,-29.81691,146.63,6.67,0.924,
44961,3641,137.39820,-8.78765,147.71,5.47,1.002,20 Hya
44979,3647,137.43749,-49.42438,161.55,6.48,0.17,
44984,3635,137.44344,11.56438,38.926,6.48,0.355,
45001,3644,137.48505,-30.36540,64.977,5.59,0.179,Eps Pyx
45002,,137.48791,-52.08286,91.912,6.19,1.023,
45033,3640,137.58692,21.99641,112.87,6.04,0.89,79 Cnc
45037,3646,137.59584,-23.17670,128.87,6.53,0.001,
45038,3616,137.59806,67.13402,20.379,4.80,0.489,13Sig2UMa
45058,3639,137.66166,30.96314,143.47,6.04,1.373,
45075,3624,137.72912,63.51363,38.73,4.67,0.381,14Tau UMa
45080,3659,137.74206,-58.96690,136.99,3.43,-0.19,
45085,3654,137.76834,-44.86790,,4.99,0.222,
45097,,137.80297,80.82891,75.529,6.37,0.385,
45101,3663,137.81977,-62.31698,166.39,3.96,-0.18,
45121,,137.88631,-57.96840,303.03,6.59,-0.134,
45122,3658,137.88911,-46.58391,304.88,5.78,-0.218,
45127,3656,137.92056,-39.25885,334.45,6.05,-0.108,
45150,3649,137.98180,5.46863,50.736,6.34,0.328,
45152,,137.98440,50.43991,119.05,6.69,0.033,
45158,3653,137.99475,-19.74763,93.197,5.72,0.977,
45166,3695,138.05121,-76.66303,119.19,6.13,1.09,
45167,3651,138.05367,3.86698,99.305,6.14,-0.01,
45168,,138.05767,-45.84842,83.822,6.66,0.442,
45170,3650,138.07317,14.99604,20.363,6.49,0.731,81Pi 1Cnc
45184,3655,138.10851,-7.10983,86.73,6.10,0.232,21 Hya
45187,,138.11768,49.20648,35.765,7.65,0.794,GJ 3539
45189,3661,138.12720,-43.61326,212.31,5.56,-0.107,
45214,,138.21091,-60.91677,173.31,6.36,-0.044,
45219,3673,138.23178,-59.41393,145.14,5.54,0.846,
45238,3685,138.30061,-69.71721,34.698,1.67,0.07,Miaplacidus
45242,3668,138.32778,-42.27329,164.74,6.27,1.25,
45249,,138.33978,-29.66437,286.53,6.38,1.6,
45259,3667,138.35759,-38.61647,212.77,6.31,0.018,
45264,,138.37989,-49.09454,263.85,6.61,1.52,
45270,3670,138.39359,-47.33841,156.25,5.92,-0.051,
45272,3657,138.40526,21.28321,155.76,6.48,0.046,
45290,3652,138.45088,43.21782,178.25,5.30,-0.13,36 Lyn
45305,,138.51288,-14.69484,166.11,6.46,0.958,
45306,3633,138.51346,71.65584,147.28,6.52,0.962,
45314,3672,138.53422,-44.14582,161.29,5.85,-0.113,
45328,3679,138.57502,-55.56963,196.08,5.26,0.98,
45333,3648,138.58562,61.42332,19.57,5.18,0.605,16 UMa
45335,,138.58939,-32.55694,150.83,6.61,1.4,
45336,3665,138.59107,2.31428,34.795,3.89,-0.06,22The Hya
45343,,138.59739,52.68662,5.8113,7.64,1.41,Gl 338A
45344,3674,138.60204,-43.22749,187.62,5.24,-0.137,
120005,,138.60536,52.68638,6.3918,7.70,1.42,Gl 338B
45383,,138.72358,4.44290,17.96,7.91,1.035,Gl 339A
45386,3677,138.73819,-37.60240,196.85,5.85,0.827,
45389,,138.74115,38.60933,50.942,6.75,0.367,
45410,3669,138.80772,14.94151,186.22,5.36,1.319,82Pi 2Cnc
45412,3664,138.80945,34.63352,130.04,5.98,0.839,
45413,3680,138.81099,-45.55550,561.8,6.25,-0.07,
45418,3691,138.82353,-58.38838,181.82,6.02,-0.101,
45421,3581,138.83857,84.18101,94.607,6.30,0.339,
45424,3675,138.85395,-15.02491,111.61,6.32,0.013,
45437,3693,138.89468,-57.57774,337.84,6.32,1.037,
45439,3682,138.90300,-38.56994,68.871,4.92,1.084,
45448,3684,138.93783,-37.41314,50.48,4.63,0.473,Gl 339.3
45455,3660,138.95748,56.74141,220.75,5.28,1.568,17 UMa
45461,3645,138.96959,72.94633,88.106,5.93,0.179,
45481,3688,139.01679,-44.89872,,6.02,0.269,
45493,3662,139.04712,54.02186,35.842,4.80,0.199,18 UMa
45496,3696,139.05036,-57.54147,149.7,4.34,1.602,
45505,3692,139.09599,-44.26573,,5.12,1.636,
45511,,139.11477,-13.83411,92.251,6.82,0.191,
45521,,139.16658,0.72904,68.259,6.73,0.443,GJ 3544
45526,3683,139.17237,-8.74476,207.47,5.49,-0.081,24 Hya
45527,3681,139.17390,-6.35314,75.245,5.24,1.172,23 Hya
45543,,139.23771,-11.10311,112.11,6.45,1.172,
45544,3694,139.23784,-39.40154,105.82,5.31,1.166,
45556,3699,139.27257,-59.27523,234.74,2.21,0.189,Aspidiske
45559,3687,139.28217,-14.57407,110.62,5.83,1.049,
45571,3712,139.32224,-68.68964,32.637,5.38,0.415,Gl 340.1A
45581,3720,139.35501,-74.89431,107.53,5.28,0.021,
45585,3721,139.36507,-74.73459,81.967,5.86,-0.024,
45590,3676,139.37990,46.81723,130.38,5.96,0.063,
45595,,139.39957,27.42218,55.525,6.77,0.409,
45603,3700,139.42623,-54.49483,268.1,6.33,1.403,
45614,3689,139.46399,11.50115,197.63,6.40,0.095,
45615,3713,139.46526,-67.05087,393.7,6.14,1.254,
45617,,139.47271,28.56052,17.265,7.20,0.992,Gl 340A
45631,3703,139.52450,-51.05086,134.23,5.26,-0.062,
45661,3686,139.60799,35.36408,86.957,5.94,0.177,
45675,3708,139.67649,-51.56065,,5.83,0.474,
45688,3690,139.71104,36.80260,38.27,3.82,0.066,38 Lyn
45699,,139.74513,17.70535,40.65,6.61,0.487,
45703,,139.75125,-47.96778,68.166,7.02,0.992,
45714,,139.78908,-56.36554,103.41,6.84,0.161,
45723,,139.81401,26.25184,198.41,6.61,1.426,
45726,,139.83315,-58.92935,54.054,7.04,0.538,
45737,,139.86796,0.89706,28.145,8.15,0.86,Gl 340.2
45742,3717,139.88533,-55.18647,,6.28,-0.099,
45743,3704,139.88805,-15.83466,138.5,5.79,1.285,
45744,3702,139.89123,-11.31496,150.15,6.62,0.086,
45751,3706,139.94326,-11.97485,103.31,4.77,0.927,26 Hya
45754,3710,139.94973,-34.10334,183.82,6.40,-0.087,
45758,,139.96325,5.21605,101.52,6.62,0.259,
45764,3666,139.98234,74.01660,128.21,6.42,1.05,
45796,,140.06349,-45.17322,136.24,6.70,1.227,
45802,,140.08754,-9.61018,62.775,6.99,0.39,
45811,3709,140.12091,-9.55570,68.213,4.80,0.913,27 Hya
45813,,140.12271,52.45098,123.3,6.54,0.085,
45814,3716,140.12364,-37.58169,156.74,6.04,1.396,
45836,3697,140.18239,51.26607,27.45,6.14,0.436,
45854,3714,140.23123,-15.61783,49.801,6.30,0.468,
45856,3728,140.23675,-62.40463,71.633,4.79,0.926,
45858,3701,140.24742,38.18826,42.662,6.12,0.38,
45859,,140.26259,51.30601,28.313,7.82,0.72,
45860,3705,140.26388,34.39256,62.267,3.14,1.55,40Alp Lyn
45869,,140.29416,25.16322,48.216,7.26,0.627,
45874,3711,140.31394,15.37135,212.77,6.57,-0.003,
45875,,140.31452,39.66648,155.76,6.66,0.93,
45879,,140.32716,13.11145,44.326,6.67,0.507,
45888,,140.34835,45.37010,203.25,6.40,1.305,
45896,3707,140.36325,32.90215,89.928,6.16,1.097,
45902,3718,140.37330,-25.96544,154.08,4.71,1.633,The Pyx
45908,,140.40876,-60.28195,10.462,9.49,1.472,Gl 341
45910,,140.41422,32.26424,90.744,6.79,0.138,
45915,3698,140.43039,56.69922,230.41,5.79,1.511,
45920,3732,140.45863,-55.51469,81.169,5.61,0.19,
45924,3726,140.46240,-42.19486,176.06,5.56,1.637,
45941,3734,140.52843,-55.01067,175.44,2.47,-0.141,Markeb
45962,3730,140.59996,-46.04745,162.87,5.74,0.903,
45963,,140.60836,40.20106,24.938,7.69,0.987,GJ 1124
45980,3729,140.65244,-39.77529,118.91,6.53,1.125,
45995,,140.70675,-35.52320,37.622,7.21,0.557,
45999,3724,140.71189,-9.83880,144.51,6.51,0.246,
46026,3733,140.80109,-28.83387,58.893,4.71,0.892,Lam Pyx
46045,,140.85572,-48.28694,775.19,6.27,-0.144,
46046,,140.85567,-77.89052,50.865,7.08,0.629,
46049,3740,140.86386,-60.30231,662.25,6.30,1.477,
46058,3723,140.88243,25.18284,142.25,6.41,0.856,
46065,,140.91473,-33.20047,95.694,6.73,0.114,
46067,,140.91567,-46.90875,235.85,6.21,-0.093,
46075,3735,140.93698,-37.75690,99.108,6.47,0.193,
46076,,140.94622,20.36445,33.113,7.72,0.68,
46081,,140.95739,-35.24753,92.081,6.57,0.052,
46093,3739,140.99724,-51.73708,,6.05,0.528,
46101,3742,141.02289,-61.64890,110.99,5.99,1.06,
46107,3795,141.04020,-80.78688,58.139,5.34,0.454,Iot Cha
46114,3737,141.06784,-39.42550,149.03,6.05,0.193,
46125,3727,141.09374,36.58709,119.19,6.68,0.215,
46134,,141.11906,6.35011,71.174,6.73,0.513,
46143,,141.15473,-70.07578,214.13,6.45,1.275,
46146,3731,141.16359,26.18232,61.728,4.47,1.222,1Kap Leo
46155,,141.18891,19.78663,116.01,6.53,0.933,
46165,,141.22179,-4.28293,68.446,6.92,0.436,
46168,3725,141.23195,51.57390,129.2,6.30,0.774,
46194,,141.28278,-43.97660,224.22,6.31,1.526,
46221,3738,141.35014,-5.11739,275.48,5.60,1.523,28 Hya
46223,,141.36264,-6.40452,64.809,7.01,0.28,
46225,3752,141.36380,-61.95048,77.399,5.77,0.137,
46232,3736,141.38542,16.58559,85.251,6.31,0.968,
46236,,141.40139,-53.25182,46.685,6.98,0.507,
46247,3722,141.43408,63.94094,363.64,6.24,1.465,
46273,,141.51588,-1.23494,263.16,6.58,1.417,
46283,3753,141.57486,-53.37891,131.58,5.09,-0.102,
46288,3741,141.59295,-1.46408,211.86,6.01,1.313,
46297,3746,141.61857,-40.50171,95.877,6.19,0.251,
46328,3761,141.68394,-64.92970,69.784,6.05,0.147,
46329,3745,141.68709,-28.78770,628.93,6.12,-0.089,
46333,,141.69606,-59.57878,165.84,6.52,-0.08,
46343,,141.72399,75.93426,20.547,9.02,1.203,Gl 342
46358,3777,141.77682,-71.60189,61.881,5.46,1.079,
46365,3744,141.81100,-9.22371,234.74,6.53,0.053,29 Hya
46367,,141.81961,6.23282,54.318,6.90,0.519,
46371,3749,141.82665,-22.34378,48.008,4.72,1.154,
46388,,141.88214,-58.09455,50.075,7.20,0.605,
46390,3748,141.89685,-8.65860,55.279,1.99,1.44,Alphard
46396,3756,141.91003,-35.00741,128.21,6.63,0.207,
46404,3750,141.94492,-6.07119,30.414,5.38,0.642,Gl 344A
46407,,141.95477,-71.78110,56.915,6.33,0.413,
46410,3719,141.96507,75.09834,156.99,6.20,0.115,
46421,,141.98912,-53.51730,56.593,6.74,0.443,
46454,3754,142.11417,9.05678,33.167,5.40,0.605,2Ome Leo
46457,3755,142.12157,8.18830,124.22,5.72,1.045,3 Leo
46460,3783,142.12740,-66.70188,77.64,5.90,0.012,
46471,3743,142.16662,45.60148,85.837,5.40,0.993,Intercrus
46482,3776,142.19645,-62.27313,154.08,5.91,1.102,
46504,3758,142.25958,-1.25691,79.114,6.27,0.274,
46509,3759,142.28707,-2.76896,17.334,4.59,0.411,31Tau1Hya
46511,3763,142.30268,-20.74913,364.96,5.66,1.587,
46515,3765,142.31134,-35.95134,217.86,4.51,1.408,Eps Ant
46517,3766,142.31746,-38.40354,60.606,6.15,0.216,
46523,,142.32792,-44.53895,42.176,7.01,0.54,
46524,,142.33977,56.24092,64.893,6.89,0.388,
46526,,142.34377,-43.19025,101.94,6.60,0.479,
46529,3760,142.35184,-2.20517,128.87,6.14,0.222,
46535,,142.36914,-44.53235,41.118,6.98,0.502,
46543,3762,142.38507,-4.24664,55.648,6.25,0.838,
46546,,142.38810,-62.36091,101.01,6.54,0.109,
46558,,142.41853,-26.59424,154.32,6.52,0.923,
46566,3747,142.44913,55.74523,42.035,6.50,0.394,
46569,3767,142.45781,-23.34534,411.52,6.26,1.559,
46578,3770,142.47711,-26.58962,242.13,5.49,1.345,
46580,,142.47845,5.65513,12.907,7.20,1.002,Gl 349
46594,3784,142.52132,-51.51716,132.63,5.45,-0.078,
46609,,142.55875,-24.27407,222.72,6.57,1.422,
46618,3772,142.59369,-15.57735,73.099,5.86,1.193,
46620,3793,142.59765,-58.36184,296.74,5.88,1.676,
46626,,142.61706,-32.10340,19.309,8.31,0.985,GJ 1126A
46630,,142.63803,-45.57056,154.08,6.62,1.174,
46637,,142.64931,10.60174,18.872,8.66,0.905,
46646,,142.66773,-28.76648,211.86,6.57,1.226,
46651,3786,142.67511,-40.46677,18.815,3.60,0.371,Psi Vel
46652,3764,142.68009,33.65571,153.85,5.87,1.032,7 LMi
46655,,142.68578,0.32266,9.6656,11.71,1.588,GJ 1125
46657,3780,142.69206,-31.88922,124.38,5.75,0.066,Zet1Ant
46690,,142.77579,3.07980,46.147,7.27,0.511,
46701,3803,142.80557,-57.03438,73.26,3.16,1.538,
46704,,142.82245,27.38724,136.05,6.64,0.08,
46709,,142.82904,-47.95251,59.242,6.53,0.267,
46706,,142.83092,-13.48870,10.012,10.06,1.545,Gl 352A
46732,,142.88025,1.46526,95.694,6.81,0.552,
46733,3757,142.88180,63.06186,23.815,3.65,0.36,23 UMa
46734,3789,142.88402,-31.87183,117.65,5.91,0.258,Zet2Ant
46735,3769,142.88507,35.10327,147.06,5.39,1.543,8 LMi
46736,3790,142.88760,-35.71475,85.543,5.86,1.287,
46737,3813,142.88766,-66.71903,189.04,6.27,1.348,
46741,3821,142.90128,-73.08091,242.13,5.46,1.556,
46744,3785,142.91245,-10.55201,51.414,6.13,0.261,
46750,3773,142.93013,22.96797,100.91,4.32,1.541,Alterf
46768,3788,142.98213,-10.37034,109.53,6.12,1.183,
46769,,142.98485,36.32023,13.906,10.19,1.475,Gl 353
46771,3782,142.98642,11.29983,66.094,4.99,1.046,5Xi Leo
46774,3779,142.98990,9.71577,153.14,5.07,1.364,6 Leo
46776,3787,142.99554,-1.18466,158.73,4.54,0.109,32Tau2Hya
46810,3798,143.07664,-28.62777,84.46,6.43,0.358,
46811,3807,143.08032,-40.64934,129.87,5.35,0.897,
46813,3796,143.08504,-19.40030,115.61,5.74,0.135,
46816,,143.10654,-11.18464,18.622,7.82,0.933,Gl 355
46840,3794,143.17248,1.86415,116.69,6.11,0.614,
46843,,143.18238,26.98853,17.794,7.05,0.779,Gl 354.1A
46853,3775,143.21572,51.67730,13.479,3.17,0.475,25The UMa
46859,3802,143.23239,-13.51680,226.76,5.95,1.501,
46869,3801,143.25822,-8.50537,125.16,6.12,0.974,
46873,3778,143.28077,49.43867,91.996,6.76,0.12,
46874,3812,143.28203,-39.12907,74.963,6.43,0.337,
46879,,143.29689,45.51376,195.69,6.49,1.141,
46880,3808,143.30192,-21.11572,111.11,5.02,1.023,Gl 355.2
46890,,143.32365,-21.39204,135.32,6.68,0.012,
46892,,143.32524,-86.01007,48.567,7.08,0.431,
46891,3792,143.32623,28.36794,83.542,6.50,0.128,
46893,3805,143.33293,-7.19020,124.84,6.25,1.17,
46897,3810,143.35856,-22.86388,80.257,5.92,0.023,
46904,3791,143.37650,36.48695,149.03,6.19,1.264,9 LMi
46914,3817,143.43561,-49.00507,254.45,5.12,-0.114,
46928,3860,143.47286,-80.94126,175.44,5.07,-0.139,Zet Cha
46938,3804,143.49643,23.45392,154.56,6.26,1.453,
46950,3819,143.53665,-51.25527,277.01,5.01,-0.18,
46952,3800,143.55576,36.39756,56.721,4.54,0.914,10 LMi
46963,3797,143.58159,46.90208,99.502,6.54,0.234,
46974,3825,143.61106,-59.22975,406.5,4.08,-0.013,
46977,3771,143.62054,69.83034,31.928,4.54,0.781,24 UMa
46982,3814,143.63604,-5.91495,173.61,5.56,1.159,33 Hya
47006,3799,143.70607,52.05148,80.386,4.47,0.027,26 UMa
47007,,143.71140,-12.12955,27.473,6.54,0.623,
47013,3768,143.72262,72.20568,49.092,5.77,0.53,22 UMa
47029,3809,143.76599,39.62149,66.05,4.81,0.992,
47039,3823,143.79930,-35.82375,68.353,6.48,0.417,
47053,3811,143.84374,39.96327,85.179,6.76,0.346,
47070,3822,143.89084,-19.58339,87.642,6.33,0.069,
47080,3815,143.91501,35.81013,11.369,5.40,0.77,11 LMi
47096,3818,143.97036,14.37959,209.64,6.32,0.027,7 Leo
47103,,144.00680,-21.66080,9.0236,10.91,1.572,Gl 357
47115,3841,144.02172,-64.95024,79.872,6.55,0.092,
47119,3774,144.02826,74.31880,128.7,6.46,-0.083,
47145,3831,144.10587,-48.75118,70.621,6.18,0.277,
47159,3828,144.14028,-24.70282,71.582,6.54,0.389,
47168,3820,144.17854,31.16173,175.44,5.57,1.594,
47172,3837,144.19308,-52.94367,113.9,6.18,1.051,
47175,3836,144.20658,-49.35503,32.321,4.34,0.173,
47187,3830,144.25088,-25.29676,95.511,5.68,1.116,
47189,3826,144.26076,16.43795,355.87,5.73,1.223,8 Leo
47193,3751,144.27226,81.32638,304.88,4.28,1.488,
47199,3833,144.29119,-32.17865,85.763,5.62,1.023,
47204,3840,144.30276,-53.66851,71.531,5.44,0.137,
47205,3827,144.30277,6.83580,75.301,5.00,1.051,10 Leo
47224,3835,144.36835,-36.09599,110.13,5.96,1.118,
47225,,144.36945,-49.99094,34.294,6.97,0.584,
47231,,144.40632,60.21368,97.656,6.41,0.921,
47237,,144.41899,1.69603,97.847,6.85,0.939,
47242,,144.44141,-3.17064,140.45,6.45,0.986,
47247,,144.45791,24.67028,71.736,6.61,0.567,
47249,3832,144.46461,-9.42445,130.04,6.40,-0.04,34 Hya
47260,3806,144.48442,73.08039,71.023,6.39,0.352,
47266,,144.50530,14.34727,98.232,6.63,0.438,
47267,3842,144.50604,-43.19094,145.56,5.51,0.985,
47300,3829,144.59074,40.23979,37.58,5.28,0.223,42 Lyn
47310,3834,144.61369,4.64929,90.58,4.68,1.31,
47328,3844,144.66966,-39.61414,40.933,6.69,0.491,
47330,,144.67476,75.20542,213.68,6.64,1.057,
47336,,144.69039,10.77772,94.34,6.66,0.184,
47363,,144.75041,-17.62417,78.125,6.74,0.255,
47380,,144.79480,43.14417,145.99,6.59,0.947,
47388,,144.82178,13.31257,57.013,7.02,0.475,
47391,3856,144.83758,-61.32806,69.204,4.51,-0.07,
47401,3824,144.86625,67.27223,154.08,5.96,1.528,
47403,,144.86689,35.24310,49.044,7.12,0.544,
47422,,144.93807,-62.94292,215.05,6.40,-0.084,
47425,,144.94362,-41.06756,9.467,10.72,1.521,Gl 358
47427,3846,144.94755,-10.57027,307.69,6.31,-0.029,37 Hya
47431,3845,144.96401,-1.14281,80.71,3.90,1.313,Ukdah
47436,,144.99089,35.33596,48.972,6.90,0.504,
47440,,145.01163,-12.99731,45.62,7.05,0.478,
47452,3849,145.07652,-14.33229,133.69,5.07,-0.149,38Kap Hya
47454,3848,145.08362,-10.76919,225.73,6.37,0.083,
47468,,145.14685,13.05378,40.519,6.96,0.477,
47479,3863,145.17741,-57.98355,72.569,5.30,0.195,
47498,3864,145.25895,-57.25954,112.87,5.80,1.083,
47508,3852,145.28764,9.89231,39.952,3.52,0.516,Subra
47513,,145.29319,13.20957,11.26,10.38,1.49,Gl 361
47518,,145.31097,8.99542,92.678,6.83,0.271,
47521,,145.31977,55.86649,118.2,6.50,1.15,
47522,3858,145.32087,-23.59151,155.28,4.76,-0.117,
47527,,145.34134,38.95021,51.282,6.91,0.73,
47544,3850,145.39631,31.27782,236.97,5.90,1.579,
47550,3853,145.41036,25.91288,169.2,6.26,1.251,13 Leo
47559,3868,145.44972,-55.21376,574.71,5.99,-0.119,
47564,,145.46790,-30.30338,268.1,6.59,1.3,
47570,3851,145.50147,39.75785,106.5,5.61,0.951,43 Lyn
47591,,145.55407,-66.91482,160,6.33,0.075,
47592,3862,145.56016,-23.91557,15.013,4.93,0.534,Gl 364
47594,3838,145.56205,69.23754,151.29,5.72,1.131,
47604,,145.59732,-0.27942,178.57,6.64,0.863,
47605,,145.60440,48.77607,47.461,7.16,0.828,
47619,,145.64871,-19.23475,15.755,11.94,1.525,GJ 3563
47620,,145.64832,70.03389,12.29,10.56,1.463,Gl 360
47623,,145.66387,-72.19080,257.73,6.54,0.01,
47625,,145.67045,-55.83201,43.011,7.16,0.621,
47627,3867,145.67230,-35.50171,337.84,6.39,-0.053,
47631,3857,145.67810,35.09337,53.276,6.12,0.386,13 LMi
47633,3854,145.67960,48.43100,139.28,6.36,0.01,
47636,,145.68569,30.11145,121.95,6.73,0.3,
47650,,145.71868,70.03942,11.355,11.19,1.488,Gl 362
47654,3839,145.73843,72.25262,146.63,5.15,1.029,27 UMa
47664,3855,145.77908,54.36370,91.743,6.50,0.121,
47690,,145.85688,42.69156,18.218,8.13,1.133,Gl 365
47694,3872,145.86496,-51.22814,411.52,6.15,-0.098,
47698,,145.87755,-20.36584,133.33,6.58,0.91,
47701,3861,145.88859,29.97447,49.02,5.64,0.111,15 Leo
47704,,145.89703,10.51887,70.175,7.01,0.572,
47717,3875,145.92609,-53.89128,105.15,5.56,-0.042,
47723,3866,145.93293,14.02169,187.27,5.36,1.61,16Psi Leo
47741,,145.98189,26.96901,14.027,12.08,1.542,GJ 3564
47758,3871,146.05041,-27.76947,104.06,4.78,0.516,The Ant
47762,3874,146.06508,-39.57118,59.844,6.81,0.332,
47777,,146.11125,74.58759,73.368,6.78,0.31,
47779,3869,146.12502,18.86349,120.19,6.49,1.158,
47780,,146.12480,-45.77651,9.8707,10.22,1.53,Añañuca
47790,,146.15166,-22.75186,132.1,6.76,0.967,
47791,3859,146.15247,64.98411,95.42,6.18,0.419,
47836,,146.25774,-49.48714,29.498,8.04,0.517,
47839,,146.26529,-49.48535,24.9,7.92,0.53,
47853,,146.31137,23.47456,118.48,6.55,1.092,
47854,3884,146.31176,-62.50790,478.47,3.69,1.01,
47862,,146.31972,8.88278,63.492,7.08,0.486,
47868,3878,146.34169,-30.20275,,6.45,-0.137,
47873,,146.35111,-32.68270,61.312,6.90,0.468,
47884,3843,146.37902,78.13471,317.46,6.25,1.353,
47893,3883,146.41929,-57.18604,284.9,6.47,-0.108,
47908,3873,146.46282,23.77426,75.643,2.97,0.808,Ras Elased Australis
47911,3865,146.48073,63.65331,77.459,6.51,0.367,28 UMa
47913,3887,146.48235,-58.79383,80.841,6.22,0.461,
47919,,146.49903,-35.86379,52.521,6.88,0.403,
47940,,146.53746,-45.91796,307.69,6.60,0.94,
47943,3876,146.54185,6.70856,602.41,5.80,1.639,
47956,3902,146.58528,-76.77612,56.529,5.43,0.901,Nu Cha
47957,,146.59027,-27.27612,51.68,7.01,0.419,
47959,3877,146.59721,11.81004,156.99,5.67,1.489,18 Leo
47960,3879,146.59838,1.78559,80.58,5.65,0.342,
47963,3886,146.62656,-44.75506,305.81,5.58,-0.176,
47965,3870,146.63193,57.12807,169.49,5.09,1.594,
47973,,146.67696,45.11440,80.972,6.81,0.949,
47981,,146.70137,76.04392,16.213,10.64,1.382,Gl 366
48002,3890,146.77554,-65.07201,440.53,2.92,0.273,Ups Car
48017,3847,146.82549,79.13668,131.23,6.09,0.303,
48023,,146.84248,23.64769,170.65,6.49,1.093,
48029,3880,146.85819,11.56817,84.674,6.44,0.255,19 Leo
48034,,146.87768,63.24781,74.129,6.94,0.945,
48042,,146.90210,-33.24369,235.85,6.63,1.004,
48054,,146.93313,-49.94330,116.96,6.52,0.127,
48072,,147.00083,-38.36425,37.879,7.39,0.59,
48095,,147.08934,-75.77787,46.296,6.80,0.483,
48113,3881,147.14715,46.02101,18.369,5.08,0.619,Gl 368
48119,3895,147.16677,-56.41189,101.63,6.05,0.937,
48125,,147.17854,-26.41444,40.274,6.63,0.7,
48132,,147.19494,64.89432,58.411,7.11,0.465,
48133,,147.19515,-52.61571,26.008,7.91,0.894,Gl 368.1A
48172,,147.28721,-43.48283,199.2,6.53,1.293,
48191,3892,147.36707,-37.18677,124.07,5.95,1.245,
48212,,147.44445,31.07701,75.815,6.82,0.223,
48218,3889,147.45873,21.17942,191.57,6.10,0.257,20 Leo
48219,3897,147.46397,-36.26846,152.91,6.36,1.008,
48223,,147.47887,-68.41943,93.023,6.70,0.905,
48224,3898,147.48812,-45.73274,258.4,5.09,-0.098,
48248,,147.54310,24.56205,54.113,6.89,0.495,
48266,3885,147.59847,65.59323,84.962,6.27,0.29,
48273,3893,147.62534,4.34365,44.663,6.24,0.479,4 Sex
48287,3904,147.67477,-46.93392,176.99,5.72,1.085,
48310,3914,147.73163,-62.74512,334.45,5.56,1.316,
48319,3888,147.74801,59.03874,35.638,3.78,0.291,29Ups UMa
48320,,147.75333,-80.06106,256.41,6.47,0.074,
48324,3896,147.75826,13.06624,369,6.45,1.624,23 Leo
48331,,147.77895,-43.50279,11.158,7.67,1.156,Gl 370
48336,,147.79009,-12.32986,13.714,10.04,1.446,
48339,3913,147.80021,-59.42577,236.41,5.79,1.354,
48341,3899,147.80847,-4.24335,63.573,6.01,0.171,6 Sex
48348,3910,147.83221,-46.19387,99.108,5.62,1.166,
48351,3901,147.84007,-6.18193,41.771,6.42,0.577,
48356,3903,147.86955,-14.84660,80.906,4.11,0.918,Zhang
48374,3912,147.91947,-46.54762,323.62,4.58,1.172,
48375,,147.92174,-11.34051,350.88,6.48,1.61,
48376,,147.92221,-54.65963,46.296,7.34,0.546,
48390,3900,147.97098,24.39537,41.459,5.29,0.229,22 Leo
48396,3908,147.99805,-16.53477,119.76,6.08,1.035,
48402,3894,148.02649,54.06433,156.01,4.55,0.038,30Phi UMa
48411,,148.04735,3.22184,20.471,8.86,1.23,Gl 371
48413,3907,148.04994,0.07561,139.08,6.34,0.934,
48414,3906,148.05067,2.45413,202.84,6.02,-0.04,7 Sex
48423,,148.07014,49.19079,32.798,7.74,0.718,
48428,,148.09015,37.91447,128.87,6.71,0.258,
48437,3909,148.12681,-8.10503,85.106,5.07,0.038,8Gam Sex
48455,3905,148.19097,26.00695,38.052,3.88,1.222,Rasalas
48468,3916,148.24186,-27.33217,53.85,6.28,0.622,
48469,3920,148.25040,-55.37321,813.01,6.50,-0.145,
48477,,148.29909,-3.69011,16.044,10.53,1.503,Gl 372
48519,3915,148.42885,5.95857,284.9,5.90,1.662,
48527,3924,148.45876,-51.14671,704.23,5.95,-0.152,
48559,3919,148.55138,-25.93235,104.82,4.87,1.199,
48561,3925,148.57358,-45.28352,305.81,5.72,-0.114,
48571,,148.59604,-46.63685,189.39,6.65,0.985,
48584,3921,148.63257,-22.48746,152.67,6.23,0.052,
48592,,148.64430,-12.95152,48.733,6.87,0.551,
48613,3927,148.71351,-50.24396,92.85,5.71,0.006,
48615,3923,148.71755,-19.00936,188.32,4.94,1.559,Felis
48630,,148.75048,-16.19387,202.84,6.51,0.807,
48638,3911,148.76397,61.11612,119.76,6.29,1.036,
48642,,148.77474,24.63717,64.516,7.07,0.586,
48659,,148.84946,-27.26131,11.322,12.04,1.635,
48682,3917,148.92918,49.81984,63.776,5.27,0.086,31 UMa
48687,,148.93749,-8.83650,127.23,6.68,0.33,
48703,,148.99590,-39.55327,49.554,6.99,0.978,
48706,3930,149.02224,-40.82455,224.22,6.39,1.612,
48710,,149.02512,52.26898,189.04,6.63,0.984,
48714,,149.03700,62.78846,10.562,8.99,1.438,Gl 373
48715,3944,149.04063,-71.38930,617.28,6.30,-0.056,
48730,3935,149.09124,-51.33616,,6.39,-0.162,
48734,3926,149.10824,8.93316,177.62,5.85,1.129,
48742,,149.13062,32.38466,49.529,6.55,0.429,
48748,3932,149.14788,-33.41850,157.48,5.83,1.202,
48763,3931,149.19520,-26.54967,67.522,6.27,0.219,
48768,,149.20253,4.24207,47.015,6.70,0.476,
48774,3940,149.21562,-54.56779,487.8,3.52,-0.067,Phi Vel
48776,3933,149.22540,-27.47515,158.98,6.32,0.173,
48782,3949,149.24928,-69.10180,370.37,6.18,-0.1,
48799,3941,149.29560,-52.63878,819.67,6.13,-0.115,
48802,3922,149.30664,57.41820,145.56,5.97,0.895,
48806,3948,149.31379,-64.48935,145.77,6.59,1.122,
48830,,149.41532,-16.52213,78.431,6.62,0.314,
48833,3928,149.42115,41.05563,28.145,5.11,0.481,19 LMi
48835,3943,149.42749,-48.41407,549.45,6.06,-0.127,
48839,,149.43292,-1.94175,106.72,6.43,0.7,
48861,3929,149.48685,45.41430,121.21,6.34,1.096,
48876,3938,149.53179,8.31398,137.93,6.05,1.357,
48883,3937,149.55573,12.44480,153.14,5.26,-0.035,27Nu Leo
48893,3918,149.59529,72.87951,110.5,5.86,1.155,
48895,3936,149.60853,27.75900,74.294,6.48,0.362,
48904,,149.64249,-46.42512,15.456,11.27,1.555,Gl 375
48926,3947,149.71787,-35.89097,33.311,5.23,0.3,Eta Ant
48942,,149.77346,-63.34531,169.2,6.68,0.908,
48943,3946,149.77627,-23.95077,244.5,6.11,-0.101,
48977,,149.86720,21.32150,101.11,6.74,0.205,
48982,3942,149.90093,29.64523,105.15,5.75,1.059,
48990,3945,149.92951,3.38479,59.844,6.69,0.288,12 Sex
49005,3939,149.96543,56.81181,153.37,5.50,1.487,
49018,,150.00716,24.55274,31.686,7.86,0.868,GJ 3580
49029,3950,150.05336,8.04422,124.53,4.68,1.589,29Pi Leo
49052,3953,150.14396,-56.94611,145.14,6.50,0.979,
49065,3983,150.18286,-82.21467,115.07,5.53,0.035,Mu 1Cha
49081,3951,150.25296,31.92367,15.047,5.37,0.676,20 LMi
49091,,150.29519,-30.39014,16.289,11.43,1.485,Gl 377
49092,,150.30000,-56.09656,222.72,6.42,-0.013,
49137,3955,150.41966,-53.36411,377.36,6.20,-0.137,
49160,3957,150.49196,-57.34979,221.24,6.20,1.108,
49164,3960,150.50041,-60.42089,,5.93,0.263,
49189,,150.59139,48.08881,15.097,10.03,1.359,Gl 378
49202,,150.63826,-13.29651,67.889,6.98,0.529,
49220,3952,150.70397,21.94926,289.02,5.68,-0.178,
49221,,150.70516,-1.06784,110.38,6.70,1.064,
49222,3956,150.70542,-30.57752,187.97,6.54,1.189,
49223,3967,150.70590,-62.15667,,6.41,1.688,
49233,3966,150.74977,-60.17867,,6.18,0.175,
49259,3964,150.83578,-46.63619,90.009,6.11,0.041,
49281,3971,150.89220,-61.88404,502.51,6.14,-0.032,
49293,3959,150.92077,-9.57379,354.61,6.09,1.671,
49308,,150.97296,38.02044,41.894,6.75,0.533,
49321,3963,151.01172,-18.10141,156.01,6.30,-0.06,
49326,3997,151.03059,-81.56549,159.74,6.60,0.919,Mu 2Cha
49329,3961,151.03513,3.20106,56.022,6.43,0.398,13 Sex
49339,3965,151.08729,-24.28553,70.175,5.70,0.303,
49343,3968,151.09737,-39.97586,165.84,6.42,1.311,
49350,,151.11160,-7.21838,32.196,7.49,0.689,
49363,3954,151.15138,53.89172,50.736,5.71,0.507,
49366,,151.15692,-11.72970,24.033,8.15,0.891,
49394,,151.25769,-51.31362,175.13,6.23,-0.054,
49402,3970,151.28112,-13.06463,96.154,4.60,-0.087,40Ups2Hya
49408,3958,151.29328,52.37130,118.62,6.31,0.135,
49413,,151.30310,-42.17230,124.38,6.53,1.055,
49418,3972,151.31367,-36.38438,140.25,6.27,1.112,
49445,3969,151.42050,15.75751,100,6.36,0.387,
49450,,151.43865,-30.89167,158.48,6.62,1.0,
49477,3978,151.53014,-52.18794,131.41,6.50,0.997,
49485,3976,151.54673,-47.37000,73.692,5.06,0.88,
49530,3973,151.69761,5.61149,109.17,6.20,0.939,14 Sex
49546,,151.74954,-71.47803,59.88,6.58,0.48,
49561,,151.78169,-21.25574,71.736,6.66,0.417,
49569,3977,151.78958,-17.14173,117.23,5.59,1.49,
49583,3975,151.83313,16.76266,389.11,3.48,-0.031,30Eta Leo
49593,3974,151.85731,35.24469,28.241,4.49,0.19,21 LMi
49619,,151.89883,-48.26082,354.61,6.40,-0.15,
49633,,151.94013,-7.63077,257.07,6.63,1.61,
49637,3980,151.97613,9.99751,90.58,4.39,1.448,Yunü
49641,3981,151.98450,-0.37164,86.881,4.48,-0.032,15Alp Sex
49642,,151.98597,-62.22142,210.53,6.45,-0.095,
49645,3984,152.00690,-37.33344,135.32,6.34,0.98,
49658,3979,152.06624,31.60405,61.237,6.23,0.469,
49662,,152.07552,-58.19858,71.736,6.63,0.616,
49668,,152.08911,-19.75522,37.566,7.26,0.622,
49669,3982,152.09298,11.96721,24.313,1.36,-0.087,Regulus
49688,3934,152.14332,83.91837,404.86,6.31,1.549,
49689,3986,152.14761,-15.61194,173.61,6.25,-0.007,
49694,,152.17193,1.16076,53.362,6.68,0.366,
49698,3995,152.17835,-65.81544,113.25,5.26,0.973,
49699,,152.17979,34.24226,18.205,7.56,0.965,
49701,3985,152.19022,-10.88480,139.47,6.54,0.02,
49712,3990,152.23435,-51.81126,408.16,4.85,-0.12,
49720,,152.27378,-48.30652,95.511,6.76,0.314,
49724,,152.28192,63.95243,232.56,6.53,1.64,
49728,,152.28437,-15.49450,34.471,7.52,0.649,
49739,,152.31196,6.17090,175.44,6.60,1.352,
49756,,152.34762,2.37108,34.941,7.55,0.647,
49764,4002,152.37579,-68.68278,209.21,5.80,0.015,
49769,3992,152.38262,-35.85677,31.636,6.14,0.615,Gl 379.1A
49802,3988,152.48537,-12.09530,84.818,6.24,0.184,
49809,3991,152.52453,-12.81592,27.739,5.30,0.368,
49812,3989,152.53142,-8.40817,182.82,5.91,0.026,17 Sex
49841,3994,152.64701,-12.35408,34.507,3.61,1.007,41Lam Hya
49844,4001,152.65713,-41.71525,69.444,5.98,1.239,
49865,3996,152.73276,-8.41846,145.14,5.64,1.304,18 Sex
49870,3987,152.74571,40.66161,192.68,6.34,1.277,
49882,,152.78566,20.69615,55.402,6.64,0.364,
49893,3993,152.80326,37.40190,195.69,5.86,1.282,
49900,4000,152.82402,-7.31663,151.06,6.23,0.026,
49908,,152.84403,49.45424,4.8731,6.60,1.326,Gl 380
49926,4007,152.89781,-58.82776,245.7,6.07,1.647,
49929,3998,152.90920,13.35511,64.6,6.43,0.468,34 Leo
49934,4009,152.94360,-58.06054,390.62,5.70,-0.118,
49943,,152.95377,-34.33403,64.641,6.66,0.44,
49967,4003,153.01190,-28.60596,152.67,6.28,0.019,
49969,,153.01954,-2.68473,12.334,10.64,1.566,Gl 381
49973,,153.03410,-18.61780,17.182,9.93,1.413,Gl 383
49986,,153.07362,-3.74566,7.8691,9.26,1.487,Gl 382
49994,4010,153.09560,-52.16324,110.01,6.16,1.168,
50013,4005,153.15821,-19.15304,41.322,6.45,0.494,
50027,4004,153.20153,4.61468,127.55,5.77,1.178,19 Sex
50044,4018,153.25482,-59.91809,746.27,6.07,-0.072,
50066,4011,153.33103,-27.02889,144.72,6.23,0.316,
50067,4022,153.33829,-61.65883,293.26,6.42,-0.111,
50069,,153.34292,-56.58670,200.8,6.48,1.45,
50070,4017,153.34524,-51.23297,51.894,5.27,0.257,
50075,4013,153.35322,-33.03172,22.847,6.38,0.592,Gl 385.1
50078,4020,153.36672,-51.75579,104.71,5.78,0.136,
50083,4025,153.37776,-66.37281,94.34,5.15,0.217,
50097,,153.43266,50.49652,99.502,6.63,0.257,
50099,4037,153.43442,-70.03790,104.82,3.29,-0.074,Ome Car
50100,,153.43492,-7.38405,51.84,7.21,0.496,GJ 9321
50103,4015,153.44141,-40.34606,147.28,5.91,1.204,
50109,4006,153.45711,27.13582,157.23,6.05,0.844,
50122,4019,153.48568,-40.31077,139.86,6.33,0.94,
50142,,153.53734,-23.81395,363.64,6.36,1.639,
50149,,153.55711,-39.10372,196.08,6.53,0.961,
50174,4012,153.62397,21.16806,56.818,6.02,0.573,GJ 3589
50191,4023,153.68410,-42.12194,31.075,3.85,0.051,
50196,,153.70929,-41.72607,75.815,6.54,0.176,
50218,4014,153.77643,31.46807,203.25,6.47,0.858,22 LMi
50221,,153.78117,-55.54927,139.86,6.64,1.108,
50222,4008,153.78190,59.98554,653.59,6.18,1.621,
50232,4038,153.81936,-54.97421,471.7,6.16,-0.155,
50234,4029,153.83698,-36.51772,107.41,6.17,1.058,
50241,4036,153.88151,-43.11237,155.52,5.59,1.52,
50287,4043,154.01347,-59.90341,81.699,6.22,0.194,
50292,4034,154.03749,-11.20342,197.24,6.08,1.096,
50303,4024,154.06015,29.31050,79.936,5.49,0.02,23 LMi
50305,4028,154.06686,17.74034,114.55,6.60,0.3,
50316,4027,154.11703,28.68248,33.19,6.46,0.635,24 LMi
50319,4030,154.13458,23.50309,31.172,5.95,0.655,35 Leo
50320,,154.13667,-19.30816,91.659,6.70,0.14,
50332,4045,154.16728,-51.20464,219.3,6.20,1.435,
50333,4035,154.16975,13.72833,179.53,5.42,1.65,37 Leo
50335,4031,154.17257,23.41731,84.034,3.43,0.307,Adhafera
50336,4032,154.17402,25.37071,108.93,5.84,1.206,
50340,4040,154.19116,-20.66968,98.425,6.57,0.477,
50341,,154.19148,-11.96178,13.643,10.99,1.506,Gl 386
50371,4050,154.27080,-61.33230,201.61,3.39,1.541,
50372,4033,154.27428,42.91436,42.158,3.45,0.029,Tania Borealis
50384,4039,154.31067,23.10622,22.805,5.81,0.5,39 Leo
50389,,154.32351,41.46743,340.14,6.55,1.565,
50391,,154.33411,-46.83494,64.683,6.48,0.329,
50414,4042,154.40751,-8.06891,59.312,5.25,0.336,22Eps Sex
50447,4016,154.50482,73.07351,65.617,6.53,0.336,
50448,4026,154.50875,65.10835,79.555,5.74,0.163,32 UMa
50456,4049,154.53163,-28.99200,813.01,5.52,0.277,
50459,4041,154.54381,27.41548,143.27,6.53,-0.024,
50461,,154.54554,-82.91078,74.85,6.68,0.996,
50473,,154.58871,12.62111,32.362,7.02,0.594,
50480,4056,154.61771,-41.66849,163.13,5.97,-0.063,
50485,,154.63684,43.04845,37.106,6.48,0.925,
50492,4053,154.65774,-36.80457,163.93,6.31,1.282,
50493,4061,154.65841,-56.11039,36.062,5.80,0.481,
50505,,154.71639,44.04832,20.239,6.66,0.653,GJ 3593
50509,4044,154.74475,46.76078,216.92,6.42,1.19,
50513,,154.74910,51.40549,54.794,6.81,0.644,
50516,4048,154.75296,24.71214,366.3,6.42,1.388,
50520,4065,154.77124,-64.67626,80.321,5.66,0.042,
50536,4055,154.82030,-12.52813,65.66,6.01,0.258,
50546,4046,154.86175,48.39676,44.405,6.00,1.022,
50552,4059,154.88477,-5.10615,91.659,6.38,0.894,
50555,4063,154.90315,-55.02931,568.18,4.59,1.6,
50562,,154.92516,-65.13724,436.68,6.35,1.556,
50564,4054,154.93407,19.47091,21.367,4.78,0.452,40 Leo
50574,,154.96573,-47.96127,118.91,6.70,0.122,
50583,4057,154.99309,19.84149,39.888,2.01,1.128,Algieba
50584,4060,154.99784,-9.05900,53.879,6.31,0.338,
50606,4051,155.06178,53.77939,31.143,6.45,0.58,
50609,4066,155.06966,-47.69909,515.46,5.66,1.667,
50635,4052,155.12985,54.21684,162.6,6.01,1.128,
50636,,155.13527,-23.64452,12.002,10.65,0.678,
50641,,155.14221,-31.81367,62.539,6.57,0.506,
50671,,155.20827,-15.47991,32.733,7.17,0.553,Gl 388.2
50676,4074,155.22835,-56.04322,352.11,4.50,-0.102,
50685,4047,155.26414,68.74765,123.3,5.88,0.241,
50693,4068,155.28316,-17.98496,62.461,6.50,0.402,
50705,,155.31060,-13.78653,123.92,6.56,0.099,
50728,4071,155.36944,-23.71083,106.04,6.47,0.193,
50739,4073,155.39942,-22.52851,165.29,6.52,0.068,
50755,4070,155.45960,14.97577,142.65,6.16,0.018,42 Leo
50782,,155.53953,11.31024,26.337,7.78,0.75,
50785,,155.54353,-58.26557,110.99,6.34,0.884,
50786,4067,155.54411,41.22953,39.432,5.73,0.531,GJ 9326
50790,4076,155.55391,-19.86657,184.16,6.12,0.035,
50799,4080,155.58162,-41.64996,62.5,4.82,1.095,
50801,4069,155.58232,41.49952,70.621,3.06,1.603,Tania Australis
50829,,155.68254,15.34440,28.769,7.26,0.6,GJ 3596
50847,4089,155.74236,-66.90150,123.15,4.97,-0.128,
50851,4077,155.75187,6.54264,71.124,6.06,1.119,43 Leo
50860,4075,155.77636,33.90814,74.294,5.89,0.147,27 LMi
50868,4083,155.80475,-30.16226,55.432,6.25,0.304,
50870,4079,155.81088,5.69426,55.066,6.54,0.448,
50874,,155.82314,-13.37715,53.447,6.61,0.511,
50885,4082,155.86032,-4.07404,104.17,5.93,-0.048,25 Sex
50887,,155.86821,-0.90224,77.459,6.45,0.918,
50888,4086,155.87217,-38.00984,41.459,5.34,0.251,
50893,,155.88608,-3.64285,425.53,6.39,1.601,
50903,4087,155.91936,-41.95319,72.886,6.24,0.884,
50904,4078,155.92399,29.61586,114.94,6.36,1.09,
50916,4091,155.96102,-57.95393,268.82,6.34,1.517,
50921,,155.98032,-29.64553,22.351,6.92,0.659,GJ 3597
50933,4072,156.03273,65.56642,104.06,4.94,-0.052,GJ 9327
50935,4081,156.03585,33.71853,130.04,5.52,1.186,28 LMi
50939,4085,156.05490,2.36802,94.073,6.33,0.991,
50954,4102,156.09888,-74.03161,16.223,3.99,0.369,Gl 391
50958,,156.10529,2.39325,142.65,6.61,1.004,
50976,4105,156.18563,-73.97173,143.27,6.18,0.071,
50993,4095,156.24774,-58.57630,95.969,5.93,0.315,
51001,,156.27744,-50.10678,61.919,6.78,0.436,
51007,,156.29519,-10.22869,12.346,10.15,1.459,Gl 390
51008,4088,156.31331,8.78485,314.47,5.61,1.63,44 Leo
51014,4093,156.32174,-42.46740,180.51,6.18,1.006,
51021,,156.34885,-29.19384,270.27,6.62,1.491,
51029,,156.37739,36.20455,184.84,6.64,0.982,
51046,4092,156.43446,-7.05983,121.65,5.60,1.528,
51047,,156.43724,35.42543,126.1,6.49,1.089,
51056,4090,156.47843,33.79612,71.531,4.72,0.26,30 LMi
51069,4094,156.52263,-16.83629,71.787,3.83,1.456,42Mu Hya
51075,,156.53833,3.93253,126.26,6.67,0.136,
51077,4099,156.54105,-42.73849,98.039,6.13,1.129,
51117,,156.65381,-0.98806,250.63,6.33,1.443,
51130,,156.68313,-47.65982,101.52,6.56,0.295,
51135,,156.69531,-4.38834,187.97,6.55,0.92,
51140,4107,156.70386,-54.87730,621.12,5.58,1.556,
51161,4097,156.75203,19.36454,104.82,6.15,1.141,
51172,4104,156.78795,-31.06778,112.23,4.28,1.429,Alp Ant
51179,,156.80097,11.31709,124.22,6.64,0.855,
51192,4110,156.85197,-57.63880,,4.65,0.474,
51194,4115,156.85563,-65.70466,68.446,6.00,0.091,
51200,4096,156.86688,41.60104,66.094,6.00,0.166,
51213,4101,156.91246,9.76240,129.2,6.01,-0.043,45 Leo
51228,,156.94914,-34.39948,39.432,7.52,0.585,
51232,4114,156.96973,-58.73940,411.52,3.81,0.317,
51233,4100,156.97090,36.70721,47.192,4.20,0.908,31Bet LMi
51245,4111,157.00871,-49.40580,224.22,6.10,1.506,
51247,,157.01365,48.96397,118.48,6.75,0.919,
51248,4098,157.01607,48.78490,22.91,6.42,0.61,Gl 392A
51265,,157.07613,-63.16457,357.14,6.42,-0.039,
51266,,157.07733,-52.56166,33.715,7.73,0.824,
51290,4103,157.15218,45.21221,369,6.37,1.33,
51291,,157.15363,-19.52481,131.75,6.70,1.01,
51294,,157.17673,-43.83834,187.97,6.68,0.068,
51302,4109,157.18317,-3.74239,79.239,6.05,0.059,
51307,,157.20009,-57.23300,156.25,6.69,1.058,
51313,4120,157.21911,-64.17228,813.01,5.27,1.856,
51317,,157.23147,0.84100,7.0671,9.65,1.507,Gl 393
51325,,157.25664,29.72752,196.08,6.61,1.18,
51327,,157.26543,-65.17624,204.08,6.42,1.675,
51362,4116,157.36959,-2.73908,98.717,5.19,-0.05,29Del Sex
51364,4117,157.37074,-29.66383,110.13,5.58,1.42,
51376,4118,157.39742,-30.60706,133.16,5.57,-0.041,Del Ant
51384,4062,157.42556,84.25201,40.634,5.52,0.244,
51386,,157.42596,1.49112,31.526,6.88,0.562,
51401,4106,157.47679,65.62623,101.21,6.32,1.141,35 UMa
51420,4113,157.52688,38.92513,231.48,5.79,0.087,32 LMi
51425,4129,157.53668,-66.98465,268.82,6.19,-0.004,
51434,,157.56360,50.56912,116.01,6.74,0.386,
51437,4119,157.57282,-0.63703,124.07,5.08,-0.138,30Bet Sex
51438,4138,157.58371,-71.99279,79.872,4.72,0.042,
51448,4108,157.61094,64.25769,94.251,6.07,0.178,
51457,,157.65022,36.27348,85.616,6.85,0.324,
51459,4112,157.65691,55.98054,12.78,4.82,0.541,36 UMa
51461,4128,157.66352,-61.35647,225.73,6.41,1.65,
51472,,157.70532,-86.09068,118.48,6.64,0.119,
51475,4125,157.71416,-26.48377,85.763,6.51,0.534,
51490,4122,157.74484,-7.63755,348.43,6.20,1.377,
51491,4123,157.74933,-13.58847,160.26,5.59,-0.028,
51495,4142,157.75863,-73.22149,316.46,4.94,1.677,
51502,4084,157.77072,82.55859,21.501,5.25,0.399,Gl 392.1
51523,4134,157.84162,-53.71548,21.81,4.89,0.5,Gl 397.2
51525,,157.85149,45.52605,15.736,8.85,1.33,Gl 397
51538,,157.90107,2.84477,133.87,6.57,1.12,
51547,,157.93024,57.11586,17.912,9.63,1.361,Gl 397.1A
51551,4130,157.95285,-28.23710,42.699,6.04,0.501,
51556,4124,157.96406,32.37955,78.003,5.90,0.114,33 LMi
51560,4136,157.98602,-45.06966,194.55,6.04,-0.096,
51561,4135,157.98933,-45.06671,166.94,5.76,-0.194,
51576,4140,158.00615,-61.68533,148.15,3.30,-0.089,
51585,4127,158.04906,14.13727,212.77,5.43,1.696,46 Leo
51610,4139,158.14005,-44.61851,121.8,5.91,0.92,
51623,4144,158.19922,-58.66674,,5.98,0.29,
51624,4133,158.20280,9.30659,,3.84,-0.148,Shaomin
51635,4143,158.23695,-47.00335,401.61,5.02,1.045,
51656,,158.30236,-13.40424,275.48,6.52,1.416,
51658,4132,158.30797,40.42556,34.626,4.72,0.222,
51676,4147,158.35581,-58.19015,,6.09,0.325,
51685,4137,158.37880,34.98869,209.64,5.57,0.029,34 LMi
51686,,158.37967,-40.23844,143.06,6.68,0.918,
51697,4131,158.43245,53.49739,206.61,6.52,-0.007,
51700,,158.46030,49.18617,37.065,7.50,0.562,
51718,4145,158.50368,-23.74517,244.5,5.08,1.596,44 Hya
51732,4151,158.55299,-60.98763,259.07,6.25,1.399,
51775,4146,158.70006,6.95375,81.566,5.07,0.921,48 Leo
51781,,158.70838,27.96158,62.735,6.82,1.063,
51784,,158.70924,-3.89969,34.855,6.67,0.506,
51795,4149,158.74044,-23.17625,65.92,6.10,0.496,
51802,4148,158.75899,8.65043,131.41,5.67,0.059,49 Leo
51808,4126,158.77317,75.71295,75.815,4.86,0.957,
51814,4141,158.79026,57.08264,26.525,5.16,0.349,37 UMa
51816,4154,158.79343,-43.66459,348.43,6.09,0.94,
51819,,158.79651,84.39932,20.73,7.29,0.819,Gl 396
51821,4153,158.80357,-39.56259,268.1,5.50,3.015,
51832,,158.84260,-12.85945,67.751,6.79,0.365,
51835,4170,158.85330,-76.30899,142.05,6.29,1.205,
51839,4174,158.86749,-78.60779,128.04,4.11,1.58,Gam Cha
51849,4159,158.89710,-57.55764,361.01,4.45,1.604,
51852,4152,158.91193,-18.56898,79.428,6.49,0.199,
51883,4121,159.00837,80.49463,160.26,6.48,0.963,
51885,4157,159.01878,-26.67548,41.254,6.29,0.475,
51905,4156,159.06942,-16.34433,232.02,6.01,1.638,Phi2Hya
51907,4155,159.07245,-10.58340,61.538,6.58,0.296,
51912,4164,159.08559,-59.56439,80.515,5.08,1.172,
51914,4150,159.08924,36.32693,47.962,6.29,0.436,35 LMi
51933,4158,159.13491,-12.23012,25.075,5.71,0.528,Gl 398.1
51966,,159.25005,-8.83994,39.856,7.05,0.625,
51974,4160,159.29793,-11.74862,74.405,6.52,0.291,
51979,4162,159.30721,-27.41263,149.48,4.87,1.626,
51984,,159.31716,-53.85526,438.6,6.43,-0.15,
51986,4167,159.32576,-48.22562,26.838,3.84,0.3,
51992,,159.33572,56.43134,155.28,6.55,1.186,
52004,4169,159.36280,-58.73334,,5.47,0.5,
52009,4163,159.38863,-13.38454,208.33,4.89,2.8,
52032,,159.46778,34.07862,442.48,6.42,1.364,
52043,4173,159.51105,-57.25631,308.64,5.89,-0.128,
52064,,159.58284,60.12454,75.415,6.77,0.465,
52085,4171,159.64565,-16.87657,64.558,4.91,0.922,Phi3Hya
52098,4166,159.68005,31.97624,177.31,4.68,0.823,37 LMi
52102,4177,159.68751,-59.18300,719.42,4.69,1.562,
52103,,159.68912,-59.26242,452.49,6.50,-0.098,
52112,4175,159.70965,-42.75344,198.02,6.10,0.661,
52113,4172,159.71006,-12.44362,111.36,6.04,-0.007,
52120,,159.72723,16.12742,52.329,6.61,0.407,
52127,4179,159.74859,-58.81685,209.21,5.96,1.692,
52131,,159.75754,-75.15749,102.04,6.75,0.169,
52136,4165,159.77372,53.66830,139.08,5.55,1.27,
52139,4168,159.78195,37.91000,52.329,5.84,0.595,38 LMi
52145,,159.79020,-25.85146,50.05,7.19,0.456,
52150,4186,159.81636,-74.49338,436.68,6.08,1.683,
52151,,159.81783,-36.67715,177.31,6.69,0.908,
52154,4180,159.82668,-55.60327,257.73,4.29,1.025,
52160,,159.84519,-64.11179,146.2,6.33,-0.072,
52186,,159.91904,-6.92376,16.447,11.28,1.503,Gl 399
52190,,159.93467,-37.92043,13.984,11.02,1.529,
52221,4185,160.04772,-65.10021,160.51,5.51,-0.158,
52273,4183,160.21476,-35.74172,277.01,6.36,0.917,
52293,,160.27679,-64.47438,144.09,6.73,-0.049,
52296,,160.28876,-36.89544,16.337,9.97,1.464,GJ 1135
52308,4188,160.32300,-59.67692,,6.35,0.088,
52316,4182,160.35078,-1.74149,36.819,6.25,0.88,33 Sex
52338,4176,160.45121,68.44350,157.48,5.74,1.315,
52340,4206,160.46486,-79.78329,284.09,5.97,-0.071,
52341,,160.46604,-36.63337,16.184,10.19,1.46,GJ 1136A
52353,4178,160.48620,65.71628,69.541,5.12,1.207,38 UMa
52366,4184,160.54695,31.69700,248.76,6.02,1.617,
52369,,160.55549,-13.78771,23.826,6.79,0.622,
52370,4196,160.55889,-64.46643,139.08,4.76,-0.139,
52391,4190,160.63072,-13.97451,254.45,6.24,1.54,
52401,,160.65618,3.58311,71.378,6.57,0.507,
52405,4198,160.66904,-59.21576,,5.36,0.213,
52407,4194,160.67996,-32.71567,187.27,5.63,0.006,
52409,,160.70220,-2.18376,35.461,7.31,0.694,
52419,4199,160.73924,-64.39445,139.66,2.74,-0.22,The Car
52422,4189,160.75786,26.32558,48.379,5.51,0.16,40 LMi
52425,4181,160.76683,69.07621,128.04,5.01,1.406,
52447,,160.82469,-31.75972,149.93,6.55,1.073,
52452,4193,160.83717,4.74767,169.49,5.77,1.168,35 Sex
52457,4192,160.85400,23.18840,70.274,5.08,0.042,41 LMi
52462,,160.86787,-29.06428,21.399,7.72,0.873,GJ 3615
52468,4200,160.88458,-60.56662,349.65,4.58,1.7,
52469,4191,160.88733,46.20388,37.092,5.18,0.324,
52470,,160.89133,48.21413,26.631,8.02,0.749,
52472,,160.90110,-39.05843,43.422,7.03,0.641,
52478,4187,160.93053,57.19920,113.38,5.79,-0.038,39 UMa
52484,,160.95454,18.31299,333.33,6.51,1.31,
52487,4204,160.96335,-64.24904,359.71,5.74,0.012,
52488,,160.96776,-60.11778,,6.45,-0.017,
52498,,161.00286,46.20665,37.258,7.28,0.565,
52502,4205,161.02887,-63.96107,150.83,4.80,-0.134,
52513,4197,161.06063,19.75883,66.934,6.27,0.196,
52520,4211,161.08365,-70.85972,103.41,6.25,0.208,
52526,,161.09548,-59.99332,598.8,6.32,-0.31,
52535,4213,161.11320,-72.44350,32.123,6.26,0.51,
52537,4212,161.13496,-70.85525,100.6,6.43,0.227,
52550,,161.16414,-36.93063,101.42,6.69,0.519,
52574,,161.25948,3.30668,48.379,7.09,0.49,
52577,4195,161.26677,67.41138,380.23,5.95,2.382,
52584,4201,161.28941,2.48797,147.06,6.27,1.212,36 Sex
52595,4231,161.31819,-80.46960,106.84,5.46,0.957,Del1Cha
52596,,161.31957,-30.80749,14.004,11.22,1.503,
52600,,161.33957,38.51176,13.916,9.16,1.416,Gl 400A
52633,4234,161.44630,-80.54019,107.53,4.45,-0.188,Del2Cha
52638,4203,161.46624,30.68231,117.23,5.36,-0.05,42 LMi
52660,4207,161.52367,6.37318,99.602,6.38,1.121,
52678,4219,161.56904,-64.51456,145.99,5.33,-0.096,
52679,4217,161.57121,-60.60287,120.34,6.26,0.038,
52685,4202,161.59378,57.36591,214.59,6.34,1.568,41 UMa
52686,4208,161.60226,18.89152,57.208,5.50,1.134,51 Leo
52689,4209,161.60533,14.19464,88.106,5.49,0.908,52 Leo
52694,,161.61366,-42.64343,62.696,7.00,0.382,
52701,4220,161.62333,-64.26324,145.99,5.23,-0.077,
52709,,161.65476,-43.19267,72.411,6.29,0.202,
52721,,161.67806,-26.04815,118.76,6.70,1.038,
52727,4216,161.69232,-49.42025,35.919,2.69,0.901,Mu Vel
52730,,161.70036,-69.20979,763.36,6.34,0.18,
52736,4222,161.71347,-64.38347,147.28,4.87,-0.149,
52737,4214,161.71690,-17.29687,63.131,5.44,0.112,
52742,4221,161.73951,-56.75719,161.29,5.14,-0.08,
52785,,161.87754,-69.43773,427.35,6.35,-0.085,
52797,4226,161.91001,-57.46741,769.23,6.29,1.673,
52799,,161.91635,-64.54718,431.03,6.54,-0.002,
52806,,161.93469,-59.87526,357.14,6.47,-0.121,
52815,,161.97309,-64.26284,145.35,6.46,0.008,
52827,4228,162.02255,-59.91916,,5.98,0.274,
52841,4225,162.05882,-31.68785,143.06,5.87,0.028,
52863,4224,162.16899,-1.95890,167.5,5.92,1.608,
52865,,162.17288,-47.74990,151.52,6.51,0.946,
52877,4215,162.20778,65.13249,120.77,6.40,-0.022,
52882,4223,162.23848,29.41606,181.16,6.15,1.144,43 LMi
52911,4227,162.31429,10.54520,116.69,5.32,0.035,53 Leo
52913,4229,162.32198,-4.02393,85.984,6.61,0.211,40 Sex
52922,4239,162.35186,-59.32379,225.73,5.85,0.008,
52924,,162.35704,-42.36743,123.92,6.77,1.195,
52929,,162.37004,63.81003,276.24,6.42,1.287,
52943,4232,162.40618,-16.19365,44.072,3.11,1.232,Nu Hya
52948,4233,162.43121,-9.85270,104.49,5.85,1.074,
52959,4230,162.47386,27.97395,86.655,6.05,0.399,44 LMi
52965,4238,162.48759,-34.05818,132.45,5.61,0.038,
52980,4237,162.57523,-8.89776,95.238,5.80,0.156,41 Sex
53005,,162.65237,23.40629,69.686,6.59,0.333,
53008,,162.66826,51.79973,25.92,8.31,0.937,GJ 3627A
53020,,162.71695,6.80815,6.7604,11.64,1.679,Gl 402
53035,4240,162.77253,-3.09267,155.04,5.95,1.475,
53037,,162.77498,-18.33221,144.51,6.56,0.092,
53043,4235,162.79600,56.58225,109.53,5.66,1.132,43 UMa
53064,4236,162.84891,59.32012,83.542,5.57,1.16,42 UMa
53100,,162.94542,-57.27231,170.36,6.29,0.226,
53106,,162.97223,-49.15756,49.801,6.56,0.513,
53113,,162.99421,-55.13833,215.98,6.53,1.482,
53141,4244,163.05705,1.02497,273.97,6.37,0.087,
53151,4268,163.11942,-79.55944,621.12,6.36,1.46,
53154,4250,163.12854,-57.24041,,5.26,0.13,
53157,4242,163.13367,52.50361,96.993,6.44,1.114,
53167,4245,163.15038,-0.20166,274.73,6.31,1.503,
53196,,163.20394,-6.82199,42.123,7.18,0.56,
53206,,163.23588,-17.27713,39.293,7.13,0.679,
53217,,163.26898,-20.62816,51.072,7.02,0.645,GJ 9336
53229,4247,163.32789,34.21487,29.087,3.79,1.04,Praecipua
53231,,163.33822,-58.89345,349.65,6.26,-0.104,
53240,4249,163.35401,-2.25521,79.302,6.12,0.913,
53252,4251,163.37304,-20.13873,30.807,5.23,0.48,Gl 403.1
53253,4257,163.37339,-58.85317,29.129,3.78,0.945,Gl 404.1
53257,4243,163.37979,69.85388,44.287,5.91,1.01,
53259,4252,163.38710,-15.44582,73.801,6.34,1.176,
53260,,163.38922,-56.42050,,6.45,1.392,
53261,4246,163.39366,54.58513,200.4,5.12,1.355,44 UMa
53272,4262,163.42547,-70.72034,233.1,5.99,-0.02,
53273,4253,163.43214,-2.12920,95.877,5.45,0.966,
53289,,163.48487,-36.45688,45.025,6.73,0.466,
53295,4248,163.49472,43.18996,75.529,4.66,-0.039,45Ome UMa
53316,4255,163.57407,-13.75804,151.06,5.65,0.832,
53334,4266,163.62333,-61.82662,442.48,5.95,1.736,
53345,,163.64736,29.63008,65.019,6.53,0.556,
53355,4254,163.67571,25.49072,118.91,6.19,0.291,48 LMi
53377,4256,163.74244,34.03480,88.889,5.73,1.032,
53379,4263,163.75422,-42.25110,149.93,6.08,-0.061,
53387,4261,163.79821,-20.66496,179.21,6.45,1.098,
53394,4271,163.82184,-60.51700,93.458,5.93,1.065,
53411,,163.86342,-43.02053,100.1,6.40,0.068,
53417,4259,163.90335,24.74972,87.951,4.30,0.016,54 Leo
53423,4265,163.92666,0.73692,44.863,5.91,0.425,55 Leo
53426,4258,163.93498,33.50693,72.622,5.02,1.101,46 UMa
53449,4267,164.00613,6.18537,119.19,5.91,1.256,56 Leo
53465,4264,164.06047,42.00816,95.511,6.03,1.123,
53472,4269,164.07022,22.35168,230.95,6.17,1.549,
53486,,164.12833,7.38847,17.304,7.37,0.92,GJ 3633
53492,4270,164.14346,25.50024,78.493,6.36,1.036,50 LMi
53502,4273,164.17934,-37.13777,58.275,4.60,1.006,Iot Ant
53530,4274,164.28275,-50.76502,102.99,5.90,0.173,
53532,,164.28311,-0.31196,61.387,6.88,0.421,
53546,4279,164.31584,-75.09976,961.54,6.16,1.531,
53556,,164.33419,-69.03805,267.38,6.48,0.0,
53589,4276,164.45079,-59.73219,,6.36,0.84,
53685,,164.76880,-53.53921,37.736,6.81,0.501,
53699,4282,164.80725,-33.73759,48.52,5.70,0.374,
53700,4304,164.80752,-81.55616,90.826,6.70,0.534,
53701,4290,164.80845,-61.32074,118.2,6.16,-0.064,
53702,4312,164.80887,-84.59389,105.49,6.19,0.1,Eta Oct
53706,4275,164.82450,51.88236,211.86,6.22,1.352,
53721,4277,164.86680,40.43026,14.063,5.03,0.624,Chalawan
53723,4284,164.87887,-16.35370,202.84,5.88,1.6,
53726,4278,164.88657,36.09310,253.81,5.99,1.595,
53737,4281,164.92122,11.70587,46.083,6.53,0.443,
53740,4287,164.94366,-18.29878,48.804,4.08,1.079,Alkes
53761,4272,164.98740,77.77017,161.29,6.18,0.966,
53762,4292,164.99747,-43.80711,93.545,5.81,-0.064,
53767,,165.01782,22.83296,6.6622,10.03,1.525,Gl 408
53771,4296,165.03459,-51.81780,61.087,6.15,0.188,
53773,4293,165.03858,-42.22586,60.169,4.37,0.116,
53778,4289,165.04872,-14.08337,142.65,5.86,1.501,
53781,4280,165.06126,45.52628,253.16,5.47,1.466,
53791,4285,165.08625,42.91172,44.346,6.03,0.584,
53798,4283,165.10652,51.50210,175.75,6.41,1.007,
53807,4291,165.14021,3.61749,110.5,4.84,1.144,58 Leo
53811,,165.15117,-53.11183,122.25,6.44,1.28,
53818,4298,165.16996,-31.83937,31.387,6.06,0.527,
53824,4294,165.18667,6.10145,46.361,4.98,0.166,59 Leo
53837,,165.20955,-49.01984,32.906,7.59,0.637,
53838,4288,165.21014,39.21209,115.47,5.06,0.255,49 UMa
53840,,165.21324,-40.49811,64.851,6.77,0.532,
53849,4297,165.23911,-15.79268,145.14,6.35,1.172,
53860,4286,165.27374,63.42111,89.365,6.38,0.169,
53907,4299,165.45697,-2.48459,179.21,4.73,1.593,61 Leo
53910,4295,165.46016,56.38243,24.45,2.34,0.033,Merak
53940,,165.55770,-41.11415,448.43,6.48,1.474,
53954,4300,165.58240,20.17984,38.865,4.42,0.053,60 Leo
53963,4302,165.60188,-26.83150,56.085,6.21,0.307,
53985,,165.65973,21.96714,11.772,9.57,1.437,Gl 410
54027,4303,165.81059,-0.75234,55.928,6.12,0.269,
54029,4305,165.81199,-11.30347,103.84,5.51,0.938,
54030,4307,165.81691,-31.96085,214.13,6.44,1.616,
54035,,165.83448,35.96988,2.5469,7.49,1.502,Lalande 21185
54038,,165.86406,70.03074,238.1,6.44,1.28,
54048,4308,165.90223,-13.43492,165.56,6.34,0.86,
54049,4306,165.90246,-0.00083,185.87,5.95,1.218,62 Leo
54060,,165.92789,-51.35266,80.58,6.74,0.328,
54061,4301,165.93233,61.75103,37.679,1.81,1.061,Dubhe
54063,,165.93676,25.77465,61.425,6.97,0.265,
54075,,165.97589,-19.64996,155.52,6.64,0.206,
54082,,166.00099,-57.95533,840.34,6.16,-0.167,
54087,,166.01212,-54.19776,598.8,6.54,1.11,
54136,4309,166.13016,38.24137,78.864,6.01,0.165,51 UMa
54137,4311,166.13014,-47.67910,87.642,5.67,0.256,
54155,,166.17280,-4.22109,26.274,7.64,0.77,
54173,4313,166.22582,-35.80468,158.73,5.43,0.021,
54182,4310,166.25429,7.33601,28.994,4.62,0.332,63Chi Leo
54185,4316,166.26717,-49.39230,149.7,6.11,-0.019,
54204,4314,166.33301,-27.29361,43.234,4.92,0.369,Chi1Hya
54211,,166.37313,43.52678,4.848,8.82,1.491,Gl 412A
54214,4315,166.39164,-11.08890,59.702,6.09,0.301,
54233,,166.44246,50.17246,39.479,7.04,0.524,
54255,4317,166.48986,-27.28785,212.31,5.69,-0.067,Chi2Hya
54264,4318,166.52392,-51.21292,124.53,6.28,0.943,
54287,,166.58219,-44.37332,31.378,7.23,0.68,
54289,4326,166.60120,-64.83997,134.59,6.39,0.114,
54291,4321,166.61472,-50.95672,117.1,6.31,1.156,
54294,4323,166.62205,-58.67502,398.41,6.07,1.21,
54301,4325,166.63522,-62.42411,122.1,4.62,0.988,Gl 412.1
54315,,166.67302,-13.00283,100.81,6.51,0.311,
54319,,166.68345,17.73736,293.26,6.40,1.555,
54327,4329,166.70799,-70.87793,252.53,5.58,-0.07,
54332,,166.71809,-30.55497,176.99,6.68,1.086,
54336,4319,166.72587,1.95552,63.211,5.52,0.955,65 Leo
54347,,166.77030,25.53713,54.675,6.86,0.513,
54349,4324,166.78483,-32.58703,54.764,6.58,0.363,
54360,4327,166.81962,-42.63868,84.104,5.15,0.029,
54380,,166.89223,-48.63998,173.01,6.44,1.486,
54388,4322,166.91544,23.32376,77.459,6.48,0.164,64 Leo
54400,4328,166.97697,-30.17457,25.654,6.51,0.606,Gl 412.2
54424,,167.05629,-52.40220,80.128,6.85,0.408,
54426,,167.05854,38.42663,22.578,8.35,0.942,
54430,4331,167.06572,-29.97249,132.8,6.47,0.029,
54432,,167.07060,-1.90311,165.56,6.66,0.997,
54461,4338,167.14167,-61.94718,,5.11,0.195,
54463,4337,167.14747,-58.97504,,3.93,1.225,
54477,4334,167.18336,-28.08067,55.648,5.43,0.069,
54487,4332,167.20453,24.65846,141.24,5.70,0.081,67 Leo
54515,,167.30691,-1.33326,79.618,6.82,0.165,
54522,4333,167.32953,36.30938,117.1,5.71,1.4,
54532,,167.38080,-24.59864,10.753,10.44,1.529,Gl 413.1
54537,4336,167.41048,43.20774,168.07,5.89,1.564,
54539,4335,167.41593,44.49849,44.307,3.00,1.144,52Psi UMa
54540,4330,167.41611,67.21021,111.23,6.07,0.225,
54541,,167.41758,2.45625,30.003,7.69,0.777,GJ 3644
54561,4339,167.47246,-32.36753,120.92,5.79,0.027,
54582,,167.55561,-7.38940,32.165,6.81,0.613,
54632,,167.73105,81.73166,45.704,7.15,0.7,
54646,,167.77132,30.44602,11.872,8.31,1.255,Gl 414A
54651,,167.79463,-10.95089,20.251,9.23,1.083,Gl 415
54658,,167.83173,43.41734,16.903,10.92,1.632,Gl 414.1A
54673,4349,167.87318,-71.43619,173.91,6.34,1.373,
54674,,167.88048,54.14939,85.69,6.68,0.225,
54677,,167.88795,-14.99139,21.57,9.06,1.203,Gl 416
54682,4343,167.91453,-22.82585,104.28,4.46,0.025,11Bet Crt
54688,4341,167.93232,14.40015,56.18,6.30,0.209,
54692,,167.95406,42.83211,46.773,7.19,0.553,
54703,,167.99102,-26.80611,138.7,6.43,0.924,
54704,,168.00489,-26.13667,22.143,7.05,0.76,GJ 3648
54708,,168.01487,-58.42336,242.72,6.24,1.495,
54718,,168.04256,-46.26676,90.009,6.27,0.155,
54721,4340,168.04546,68.27187,90.744,6.40,0.127,
54725,4346,168.06162,-32.43379,281.69,6.35,1.683,
54742,4347,168.12655,-18.49986,153.85,6.11,-0.004,Psi Crt
54745,4345,168.13494,35.81408,21.925,6.41,0.6,Gl 417
54746,4350,168.13787,-49.10100,50.403,5.37,0.175,
54749,4348,168.14500,-21.74934,189.75,6.39,1.381,
54751,4352,168.15008,-60.31762,,4.59,0.541,
54765,4344,168.18520,54.89429,102.04,6.63,0.098,
54767,4355,168.18852,-64.16977,95.877,5.22,-0.082,
54783,4353,168.23636,-49.73609,260.42,6.12,1.055,
54795,,168.27129,-47.05520,89.286,6.65,0.634,
54801,,168.28153,67.32293,135.69,6.60,0.931,
54810,,168.30514,4.48234,18.282,8.70,1.179,Gl 418
54811,4354,168.31119,-44.37222,192.68,5.77,1.661,
54819,,168.33220,33.44374,127.06,6.62,1.007,
54829,4361,168.37828,-59.61932,675.68,5.74,-0.106,
54840,4360,168.41416,-53.23181,130.04,5.75,1.309,
54842,4351,168.41706,41.08884,114.03,6.33,1.15,
54844,,168.42079,20.12883,54.496,6.93,0.75,
54849,4356,168.43980,-0.06950,161.81,5.40,-0.02,69 Leo
54854,,168.46141,-52.85589,83.195,6.82,0.258,
54857,,168.47090,2.26848,58.343,6.75,0.398,
54863,4358,168.50764,8.06070,60.569,5.79,1.128,
54872,4357,168.52707,20.52372,17.915,2.56,0.128,Zosma
54879,4359,168.56002,15.42957,50.607,3.33,-0.003,Chertan
54906,,168.63820,25.71038,21.115,7.76,0.845,GJ 3651
54910,,168.65718,-1.27082,145.14,6.63,1.112,
54929,4364,168.72552,-43.73370,244.5,6.22,1.606,
54938,,168.76006,-33.31774,56.786,6.98,0.374,
54951,4362,168.80095,23.09550,294.12,4.56,1.657,72 Leo
54952,,168.80206,73.47521,14.646,7.68,1.043,Gl 420A
54963,,168.83152,-18.14580,15.992,10.02,1.34,Gl 421A
54966,,168.83700,-18.14504,14.263,9.97,1.34,Gl 421B
54999,,168.91571,-12.59257,244.5,6.51,1.517,
55003,,168.92816,-57.35588,193.8,6.42,0.098,
55013,,168.95436,-39.32350,27.495,7.36,0.626,
55016,4365,168.96625,13.30758,118.48,5.31,1.189,73 Leo
55019,,168.97369,-47.92086,160.77,6.54,-0.022,
55033,4366,168.99086,12.84480,66.622,6.66,0.29,
55042,,169.00603,-57.54767,12.673,11.66,1.49,Gl 422
55044,4363,169.01655,52.77316,34.118,6.51,0.437,Gl 421.1A
55063,,169.08254,-34.66789,111.23,6.80,0.16,
55066,,169.09230,-14.69337,17.915,9.98,1.401,GJ 1144
55068,4370,169.11607,-45.88001,52.002,6.30,0.403,
55081,,169.15189,-3.96678,89.365,6.76,0.182,
55084,4368,169.16542,-3.65160,56.465,4.45,0.21,74Phi Leo
55086,4367,169.17449,49.47625,137.55,5.88,1.102,
55106,4369,169.24240,-7.13469,129.53,6.11,0.211,
55109,,169.25019,-54.77705,53.908,6.77,0.423,
55119,,169.28121,-27.81353,17.693,9.78,1.383,GJ 1145
55126,,169.29423,-41.39047,82.102,6.85,0.328,
55130,4372,169.30008,-38.01437,72.674,6.24,0.105,
55133,,169.30972,-41.93433,105.37,6.46,0.015,
55137,4371,169.32251,2.01056,101.83,5.18,1.511,75 Leo
55140,4379,169.32928,-67.82352,746.27,6.06,1.753,
55148,,169.36227,60.27178,159.74,6.65,1.037,
55164,4373,169.41195,-34.73735,47.461,6.44,0.408,
55165,,169.41333,-33.54714,40.128,6.84,0.508,
55168,4376,169.42867,-36.53423,129.53,6.67,0.976,
55209,4378,169.58767,11.98451,163.67,6.66,0.059,
55210,,169.59171,-5.06730,21.57,7.29,0.732,Gl 423.1
55219,4377,169.61974,33.09431,122.4,3.49,1.4,Alula Borealis
55225,4385,169.64267,-79.66865,61.125,6.35,0.266,
55249,4381,169.72899,1.65040,90.253,5.90,1.04,76 Leo
55254,,169.74958,14.26860,30.741,6.60,0.586,
55262,,169.77758,13.39075,44.033,7.12,0.507,
55266,4380,169.78296,38.18556,58.824,4.76,0.113,55 UMa
55280,4384,169.81946,-64.58249,36.684,5.99,0.471,
55282,4382,169.83521,-14.77854,56.948,3.56,1.112,12Del Crt
55288,,169.84432,-1.65489,48.123,6.61,0.57,
55302,,169.88227,32.82513,142.86,6.57,1.035,
55308,4387,169.90236,-75.14245,160.51,6.26,-0.016,
55332,,169.96171,-72.95829,147.71,6.46,0.004,
55350,4389,170.01729,-71.99434,257.07,6.41,0.019,
55360,,170.03046,65.84649,8.9182,9.31,1.412,Gl 424
55363,,170.04829,-19.57791,34.388,7.54,0.594,
55374,,170.07879,-28.33223,91.743,6.68,1.124,
55387,,170.12476,-45.72882,60.864,6.91,0.37,
55389,,170.13018,-10.29453,102.04,6.54,1.084,
55391,,170.13335,44.99829,110.86,6.73,0.34,
55412,4383,170.22388,67.10073,127.23,6.20,1.018,
55425,4390,170.25175,-54.49102,109.65,3.90,-0.157,Pi Cen
55434,4386,170.28414,6.02932,67.476,4.05,-0.058,77Sig Leo
55454,,170.36107,-20.45378,13.163,8.57,1.34,Gl 425A
55455,,170.36163,6.63496,46.577,6.69,0.523,
55485,4388,170.45549,57.07486,80.841,6.43,0.161,
55486,,170.45562,18.19000,31.046,7.93,0.894,Gl 426A
55488,,170.45917,9.16837,72.78,6.69,0.298,
55497,4397,170.48776,-77.60837,74.239,6.43,0.202,
55518,,170.56482,-58.38604,152.44,6.64,0.948,
55528,4393,170.59634,-44.64592,107.64,6.10,0.926,
55549,,170.67396,40.17547,99.502,6.58,0.483,
55560,4392,170.70663,43.48270,163.4,4.99,0.998,56 UMa
55564,4391,170.71353,64.33051,86.806,6.02,0.085,
55581,4398,170.78394,-56.77936,233.1,5.82,-0.004,
55588,4396,170.80285,-36.16477,323.62,5.00,1.464,
55595,4394,170.82480,0.13205,193.42,6.05,1.464,
55597,4401,170.83925,-64.95471,123.76,5.09,-0.061,
55598,4395,170.84123,-18.77997,42.882,5.08,0.439,13Lam Crt
55642,4399,170.98104,10.52951,23.674,4.00,0.423,78Iot Leo
55645,,170.98563,-57.88044,189.04,6.50,1.504,
55650,4400,171.00969,1.40776,108.46,5.39,0.938,79 Leo
55657,4406,171.04650,-72.25661,304.88,5.55,0.017,
55666,,171.09066,-5.90998,49.751,6.94,0.541,
55667,4403,171.09190,-42.66910,847.46,6.13,-0.175,
55687,4402,171.15246,-10.85932,115.34,4.81,1.556,14Eps Crt
55691,,171.16936,-61.64757,13.714,7.22,1.271,Gl 428A
55705,4405,171.22053,-17.68401,25.24,4.06,0.216,15Gam Crt
55716,4404,171.24553,11.43029,150.38,5.80,1.376,
55735,,171.29922,-73.63236,65.876,6.88,0.378,
55756,4409,171.37278,-36.06306,84.034,5.21,0.979,
55763,4411,171.38793,-37.74757,136.8,5.87,1.503,
55765,4408,171.40157,16.45654,43.917,5.58,0.39,81 Leo
55766,,171.40923,29.98734,70.522,6.88,0.322,
55769,,171.41438,3.30114,85.47,6.73,0.207,
55779,4413,171.43076,-63.97248,27.218,5.18,0.495,GJ 3663
55791,4410,171.45857,3.86011,55.928,6.35,0.345,80 Leo
55795,,171.47500,-13.75132,769.23,6.52,1.72,
55797,4407,171.48810,55.85046,94.073,5.73,0.988,
55802,,171.50827,-20.58228,104.06,6.72,0.203,
55821,4412,171.60651,33.45061,56.85,6.33,0.454,
55831,4415,171.64761,-61.11517,418.41,5.22,-0.077,
55846,4414,171.68885,3.01310,17.746,6.49,0.778,83 Leo
55848,,171.69282,3.00633,17.956,7.58,1.002,Gl 429B
55849,4417,171.69700,-53.15991,187.62,5.80,0.517,
55865,,171.75342,-56.28017,154.56,6.68,1.197,
55868,,171.76344,21.85225,33.75,7.59,0.63,
55874,4416,171.78966,-12.35675,70.077,5.93,0.49,16Kap Crt
55875,,171.79489,-15.64856,35.945,7.65,0.748,
55900,,171.87592,-12.43595,36.062,7.40,0.722,
55941,4419,171.97378,-1.69995,161.03,6.23,1.037,
55944,,171.98354,44.56583,88.889,6.84,0.387,
55945,4418,171.98433,2.85627,172.41,4.95,1.0,84Tau Leo
55953,4420,171.99446,-35.32885,358.42,6.44,1.614,
55958,,172.00860,11.97309,295.86,6.55,1.599,
55979,4425,172.07686,-72.47398,240.38,6.09,0.101,
55982,,172.10430,2.78297,51.68,7.24,0.503,
56000,4423,172.14620,-42.67420,214.59,5.14,-0.028,
56028,,172.24703,10.03792,63.291,6.97,0.482,
56034,4422,172.26722,39.33697,65.232,5.30,0.019,57 UMa
56035,4421,172.26932,61.77837,33.3,5.83,0.382,
56050,,172.31309,-63.55394,,6.45,0.32,
56076,,172.40639,-28.03059,197.24,6.67,1.35,
56078,4428,172.41092,-24.46401,136.61,5.77,0.067,
56079,,172.41665,7.59937,87.489,6.73,0.521,
56080,4426,172.42435,15.41327,134.23,5.74,1.371,85 Leo
56083,4424,172.43169,56.73757,67.204,6.29,0.157,
56109,,172.51801,29.96463,68.918,6.90,0.371,
56120,4427,172.55361,54.36223,228.31,6.52,0.937,
56127,4432,172.57872,-3.00350,185.19,4.77,1.529,87 Leo
56130,,172.58613,-25.79861,347.22,6.59,1.055,
56135,4430,172.60344,46.65753,261.1,6.30,1.265,
56145,,172.61879,43.57849,43.764,6.67,0.912,
56146,4433,172.62098,18.40980,96.525,5.54,1.056,86 Leo
56148,4431,172.62977,43.17324,53.419,5.94,0.524,58 UMa
56153,,172.64704,-57.13387,22.857,8.34,1.046,Gl 429.4
56154,,172.66153,-13.05026,62.893,7.06,0.384,
56157,,172.67428,-8.09526,13.201,11.98,1.548,
56165,,172.70789,41.28687,74.794,6.95,0.456,
56170,4435,172.72089,47.92892,99.206,6.40,0.879,
56186,,172.75454,32.31663,39.952,7.17,0.476,
56194,4436,172.79277,48.78957,176.68,6.54,0.937,
56201,4438,172.81270,-61.27846,,6.28,0.473,
56211,4434,172.85111,69.33108,102.14,3.82,1.613,Giausar
56238,,172.93092,22.66714,15.893,10.31,1.439,Gl 430.1
56242,4437,172.93730,14.36450,23.326,6.27,0.57,88 Leo
56243,4441,172.94196,-59.44206,,5.07,1.026,Omi1Cen
56244,,172.94437,-41.04644,10.356,11.55,1.635,Gl 431
56245,4440,172.94816,-20.77647,38.491,6.24,0.537,
56250,4442,172.95334,-59.51565,,5.12,0.432,Omi2Cen
56253,4429,172.96248,81.12726,59.207,6.12,0.264,
56257,,172.97467,41.43939,35.386,7.35,0.617,
56260,,172.98587,-6.47053,60.496,6.74,1.05,
56274,,173.05221,36.24725,177.31,6.59,0.956,
56280,4443,173.06835,-29.26102,26.295,4.93,0.54,
56287,4448,173.08332,-66.96182,93.985,5.89,1.136,
56290,4439,173.08646,61.08252,27.988,5.46,0.515,Gl 431.1A
56293,4445,173.09703,-26.74680,220.26,6.15,1.67,
56318,4446,173.19807,-7.82752,147.49,5.94,1.38,
56319,4447,173.20039,-40.43619,171.23,5.64,1.578,
56321,,173.20749,18.00235,47.461,7.26,0.513,
56326,,173.21427,-36.20920,37.383,6.68,0.593,
56332,4449,173.22555,-31.08723,119.19,5.13,1.581,
56343,4450,173.25057,-31.85762,39.746,3.54,0.947,Xi Hya
56363,,173.30562,-67.05458,32.83,7.74,0.828,
56364,4451,173.31176,-16.28038,124.53,6.05,0.59,
56379,,173.35619,-70.19479,96.899,6.69,0.009,
56388,,173.40144,2.49903,375.94,6.49,1.601,
56391,4453,173.40506,-40.58664,118.2,5.39,0.117,
56410,4452,173.48458,36.81561,139.28,6.38,1.057,
56423,,173.52960,65.24253,43.592,7.29,0.549,
56429,4454,173.54145,11.02386,102.88,6.54,0.188,
56444,,173.58897,-5.52710,79.936,6.76,0.343,
56445,4455,173.59146,3.06017,27.226,5.76,0.48,89 Leo
56452,4458,173.62317,-32.83134,9.5593,5.96,0.811,Gl 432A
56473,4456,173.67705,16.79691,581.4,5.95,-0.156,90 Leo
56480,4460,173.69033,-54.26409,130.72,4.62,-0.077,
56497,4462,173.73710,-49.13649,58.824,5.50,1.041,
56500,,173.74543,-4.36129,174.83,6.43,1.167,
56508,4459,173.76566,20.44155,122.25,6.45,1.01,Formosa
56510,4457,173.77042,54.78542,134.59,5.63,1.032,
56518,4463,173.80545,-47.37258,221.24,5.64,1.682,
56519,,173.80763,-60.89455,54.526,6.57,0.363,
56528,,173.86231,-32.53997,8.8826,9.81,1.489,Gl 433
56535,,173.88296,11.18861,139.08,6.61,1.039,
56536,,173.88699,-12.41117,57.013,7.15,0.459,
56550,,173.92641,-61.28787,,6.23,0.131,
56553,4464,173.93091,10.91128,106.95,6.57,0.139,
56558,,173.93868,-72.84194,129.2,6.53,1.161,
56561,4467,173.94545,-63.01984,128.7,3.11,-0.044,Lam Cen
56573,4466,173.98156,-47.64164,61.805,5.26,0.257,
56583,4461,174.01116,69.32295,72.833,5.19,0.974,2 Dra
56601,4465,174.07480,27.78135,71.582,5.80,0.248,
56606,4472,174.09323,-61.05243,497.51,5.84,-0.102,
56620,4469,174.14559,-33.57006,111.61,5.71,1.02,
56621,,174.14749,-36.12130,73.046,6.81,0.258,
56622,,174.14907,56.13535,46.992,7.16,0.71,
56632,4470,174.16970,-37.23719,126.58,6.30,0.062,
56633,4468,174.17047,-9.80225,85.984,4.70,-0.073,21The Crt
56647,4471,174.23721,-0.82375,55.648,4.30,0.983,91Ups Leo
56654,,174.24946,-22.94808,187.97,6.51,1.259,
56656,4475,174.25278,-61.28344,71.685,5.14,1.105,
56657,4473,174.25508,-32.98818,71.124,6.32,0.439,
56662,,174.27132,29.79954,15.808,12.49,-0.072,Gl 433.1
56673,,174.31124,-69.67422,93.809,6.62,0.518,
56675,4479,174.31611,-75.89654,41.511,5.64,0.362,Pi Cha
56700,4476,174.39171,-47.74731,108.34,5.46,1.23,
56702,,174.39207,-60.90323,164.47,6.56,1.276,
56716,,174.42630,77.59570,309.6,6.49,1.61,
56727,4485,174.45191,-67.62038,108.46,5.94,1.013,
56731,4474,174.47092,50.61821,129.03,6.14,1.068,
56754,4487,174.53056,-61.82656,87.413,5.15,-0.04,
56756,4478,174.54096,8.88379,115.34,6.18,1.081,
56769,,174.58487,-63.37275,,6.46,0.043,
56770,4477,174.58584,43.62543,46.49,5.56,0.348,59 UMa
56775,4484,174.60029,-2.43590,116.69,6.22,1.119,
56779,4483,174.61503,8.13430,152.44,5.24,1.499,1Ome Vir
56784,4482,174.63468,33.62583,248.14,6.29,1.325,
56789,4480,174.63968,46.83421,99.206,6.09,0.401,60 UMa
56802,4488,174.66673,-13.20194,26.731,5.48,0.52,24Iot Crt
56809,4486,174.68769,45.10842,23.25,6.29,0.566,Gl 433.2A
56816,4481,174.70470,64.34696,210.97,6.49,0.154,
56829,,174.74894,42.32881,19.924,8.22,0.98,GJ 3678
56830,4489,174.75183,-24.72109,63.092,6.40,0.821,GJ 3679
56832,,174.75417,6.05790,35.051,7.60,0.71,
56862,4492,174.87340,-65.39777,153.85,5.01,0.804,
56864,,174.87569,-13.18437,97.371,6.80,0.987,
56899,4491,174.95973,-16.62023,210.97,6.17,1.579,
56901,4490,174.96302,-14.46853,170.65,6.21,-0.007,
56904,,174.97355,-50.48598,179.86,6.67,0.008,
56920,,175.03876,23.70816,68.259,6.88,0.3,
56922,4494,175.05331,-34.74466,137.55,4.70,-0.07,Omi Hya
56941,,175.10034,0.95216,92.764,6.87,0.215,
56944,4493,175.11431,57.97040,156.01,6.35,-0.092,
56960,,175.15245,-8.40565,39.185,7.41,0.549,
56961,,175.15419,-62.56810,,6.32,0.029,
56970,4497,175.17702,-53.96861,349.65,5.95,1.67,
56975,4495,175.19613,21.35273,82.781,5.26,0.984,92 Leo
56986,4499,175.22352,-62.09010,272.48,4.93,1.111,
56996,4507,175.25651,-83.09994,110.5,6.32,1.08,
56998,,175.26093,-44.40519,12.401,7.77,1.064,Gl 435
56997,4496,175.26256,34.20164,9.6117,5.31,0.723,61 UMa
57001,4498,175.28511,-29.19627,43.253,6.44,0.651,GJ 3680
57013,4502,175.33254,-43.09567,65.488,5.54,0.044,
57021,,175.35921,-41.01826,32.175,6.86,0.59,
57029,4501,175.39290,31.74606,41.152,5.73,0.44,62 UMa
57045,4500,175.43127,55.17201,267.38,6.28,1.491,
57047,4503,175.43312,-32.49940,123.76,5.20,1.475,
57050,,175.43648,42.75197,11.104,11.86,1.503,GJ 1148
57053,,175.44306,41.23758,72.993,6.92,0.437,
57079,4506,175.51470,-20.29417,78.247,6.21,0.949,
57080,,175.51650,12.28491,46.795,7.08,0.498,
57082,4505,175.52164,22.21106,60.314,6.65,0.364,
57083,,175.53056,4.74734,36.206,7.28,0.617,
57087,,175.54596,26.70657,10.141,10.67,1.493,Noquisi
57092,,175.56186,-75.22732,34.412,6.48,0.528,
57111,4504,175.61834,66.74491,184.5,5.32,1.267,3 Dra
57137,4509,175.72753,-79.30639,54.675,6.38,0.894,
57165,4508,175.86328,-37.19015,260.42,5.98,1.449,
57175,4511,175.87998,-62.48940,,5.00,0.784,
57192,,175.90433,-80.48348,175.13,6.61,0.084,
57211,4513,175.97013,-62.87828,141.04,6.10,0.063,
57214,4510,175.97967,-6.67716,123.61,6.05,0.96,
57217,,175.98597,-29.74771,32.594,6.97,0.552,
57240,4512,176.05485,25.21833,787.4,6.02,1.533,
57253,,176.09905,-20.69577,91.158,6.85,0.136,
57283,4514,176.19073,-18.35067,108.23,4.71,0.958,27Zet Crt
57291,,176.21040,-58.70371,39.698,7.47,0.721,Uklun
57320,,176.29760,14.26333,180.83,6.51,1.165,
57322,4516,176.30268,-49.06984,120.05,6.26,1.174,
57328,4515,176.32100,8.25812,37.411,4.84,0.174,2Xi Vir
57363,4520,176.40212,-66.72876,38.986,3.63,0.16,Lam Mus
57367,,176.42007,-64.84152,4.6081,11.50,0.196,Gl 440
57371,4519,176.43324,-45.69013,211.86,5.28,-0.118,
57380,4517,176.46483,6.52938,90.09,4.04,1.501,3Nu Vir
57399,4518,176.51272,47.77941,56.306,3.69,1.181,Taiyangshou
57439,4522,176.62848,-61.17840,119.47,4.11,0.895,
57443,4523,176.63064,-40.50035,9.2208,4.89,0.664,Gl 442A
57477,4521,176.73174,55.62819,66.094,5.27,1.276,
57488,,176.75380,23.72047,36.285,6.94,0.521,
57497,4524,176.77935,-35.90686,133.69,6.16,0.952,
57498,,176.78259,61.40186,125.79,6.59,0.242,
57507,4525,176.81597,-30.28651,17.473,6.48,0.681,Gl 446
57512,4526,176.82981,-57.69650,215.52,5.42,1.664,
57544,,176.91500,78.69116,5.3516,10.80,1.572,Gl 445
57548,,176.93499,0.80456,3.3553,11.12,1.746,Ross 128
57562,4528,176.97876,8.24590,59.172,5.31,0.038,4 Vir
57565,4527,176.99643,20.21893,71.327,4.50,0.547,93 Leo
57581,4530,177.06045,-66.81491,131.75,4.75,1.522,Mu Mus
57587,4529,177.09786,-10.31311,43.048,6.24,0.585,
57606,4531,177.16129,14.28421,59.737,5.90,0.303,
57613,4532,177.18786,-26.74978,167.22,5.10,1.594,
57629,4533,177.25535,-0.31867,35.088,6.15,0.518,
57632,4534,177.26494,14.57206,11,2.14,0.09,Denebola
57636,,177.27961,5.18337,111.73,6.55,1.152,
57646,4535,177.31161,16.24288,62.972,6.05,0.278,
57669,4537,177.42115,-63.78848,182.48,4.30,-0.149,
57670,4536,177.42387,34.93176,69.444,5.73,0.467,
57696,4538,177.48593,-70.22579,290.7,4.98,1.36,
57732,4539,177.58169,-15.86367,176.68,6.13,0.947,
57741,4541,177.61366,-62.64938,,5.68,0.233,
57749,4542,177.65494,-27.27794,154.56,6.48,0.98,
57757,4540,177.67383,1.76472,10.929,3.59,0.518,Zavijava
57779,4543,177.73059,12.27904,51.6,6.37,0.294,
57791,4544,177.75930,-5.33333,91.408,5.62,1.058,
57802,,177.78072,35.27202,8.5852,9.76,1.477,Gl 450
57803,4546,177.78628,-45.17347,132.8,4.47,1.283,
57805,4545,177.78963,33.37501,65.488,6.25,0.345,
57809,,177.80476,-43.93306,135.14,6.62,-0.027,
57819,4547,177.84126,-12.18781,45.065,6.34,0.41,
57821,,177.85302,11.80516,52.687,7.05,0.473,
57841,4548,177.92338,-30.83481,31.172,5.85,0.554,
57851,4549,177.96355,-65.20591,111.11,4.89,-0.123,
57870,4551,178.04305,-56.98774,102.88,5.56,0.069,
57885,,178.07595,-51.31477,157.98,6.59,1.322,
57920,,178.19261,15.43632,93.023,6.83,0.222,
57936,4552,178.22719,-33.90812,94.967,4.29,-0.1,Bet Hya
57939,4550,178.24230,37.71868,9.0917,6.42,0.754,Groombridge 1830
57960,,178.32008,-36.57736,63.371,6.62,0.333,
57971,4553,178.36175,-35.06665,74.129,6.17,0.089,
57994,,178.42980,73.75606,58.173,6.77,0.574,
58001,4554,178.45752,53.69476,25.504,2.41,0.044,Phecda
58002,4555,178.45949,0.55211,143.27,6.31,0.207,
58041,4556,178.54794,-57.41020,473.93,6.05,0.05,
58057,4557,178.60778,-37.74894,50.607,6.46,0.528,Gl 452.2A
58082,4558,178.67724,-25.71389,87.719,5.26,0.883,
58085,,178.68594,-66.37620,43.535,6.38,0.406,
58103,4563,178.75008,-63.27918,,5.89,0.21,
58106,,178.75518,-56.09599,30.202,6.70,0.646,Gl 452.5A
58110,4559,178.76305,8.44394,52.576,5.58,0.937,6 Vir
58112,4560,178.77394,46.47685,211.86,6.54,0.117,65 UMa
58119,4562,178.80861,36.75638,227.79,6.47,1.581,
58158,4565,178.91721,-28.47710,167.79,5.93,1.499,
58159,4564,178.91889,15.64682,151.75,5.53,0.116,95 Leo
58177,4568,178.97817,-39.68952,126.1,6.13,1.01,
58181,4566,178.99338,56.59856,94.877,5.83,1.101,66 UMa
58184,,179.00095,35.34052,72.15,6.74,0.525,
58188,4567,179.00399,-17.15083,77.101,5.17,-0.022,30Eta Crt
58208,,179.07161,35.44817,175.75,6.62,0.4,
58213,,179.08602,26.67964,63.613,6.79,0.382,
58232,,179.15684,65.24291,162.07,6.51,1.006,
58242,4570,179.18313,-47.07238,48.497,6.26,0.407,
58259,4569,179.22189,61.54921,177.31,6.22,0.955,
58263,,179.23162,-12.10791,55.463,7.13,0.503,
58264,,179.23428,-13.75456,53.591,6.54,0.592,
58268,,179.25123,-4.78277,46.447,6.73,0.486,
58272,4571,179.26563,-33.31546,120.63,6.20,-0.044,
58275,,179.27121,-52.10028,159.24,6.52,1.072,
58287,4572,179.31089,40.34374,45.045,6.60,0.513,
58301,,179.33520,-49.36011,56.85,6.68,0.349,
58314,,179.37061,19.98390,27.894,8.07,0.83,
58317,,179.37880,-27.05594,53.476,7.01,0.423,
58326,4573,179.41677,-62.44875,187.27,5.59,-0.152,
58327,,179.42665,17.46784,91.158,6.80,0.392,
58331,,179.43876,-8.54871,57.143,6.58,0.568,
58345,,179.48454,-27.70704,10.157,6.99,1.128,Gl 453
58363,,179.51532,-31.65094,57.208,7.09,0.478,
58368,,179.52834,-4.37049,52.138,6.93,0.413,
58369,4574,179.52994,32.27391,47.037,6.42,0.331,
58379,4576,179.56347,-56.31731,233.64,5.44,-0.062,
58380,,179.56519,-47.97710,35.575,6.76,0.527,
58388,4577,179.58458,-40.94726,109.29,6.77,0.963,
58389,4575,179.58543,61.46456,140.06,6.74,1.054,
58406,,179.63281,47.76540,55.036,6.93,0.413,
58410,,179.64721,-77.82542,108.34,6.73,0.214,
58427,4578,179.69861,-64.33956,,5.59,0.174,
58436,4579,179.72656,-25.90886,322.58,6.42,0.038,
58445,4580,179.76390,0.53068,213.22,6.18,1.257,
58450,,179.78904,-10.47590,269.54,6.49,1.45,
58451,,179.79168,-20.35378,21.066,7.92,0.974,GJ 1153
58452,,179.79453,-45.83222,121.8,6.36,-0.081,
58453,4582,179.79528,-51.69676,314.47,6.04,1.277,
58460,4581,179.82308,33.16700,227.27,5.95,1.153,
58465,,179.84898,-57.16798,100.91,6.77,0.173,
58469,,179.85676,-62.83095,,6.34,0.317,
58482,,179.89701,-46.63314,78.616,6.65,0.558,
58484,4583,179.90694,-78.22184,110.86,4.88,-0.054,Eps Cha
58510,4585,179.98713,3.65520,93.633,5.36,-0.001,7 Vir
58512,4584,179.98910,34.03475,119.62,6.49,0.243,
58520,,180.02155,-78.19293,114.68,6.58,0.241,
58545,4586,180.07836,80.85319,280.11,6.21,1.61,
58574,4588,180.17594,-21.83750,176.06,6.28,1.22,
58576,4587,180.18520,-10.44601,12.763,5.54,0.76,Gl 454
58587,4590,180.21317,-19.65898,970.87,5.28,-0.192,
58590,4589,180.21829,6.61432,117.79,4.65,0.122,8Pi Vir
58591,,180.21957,70.23785,92.166,6.75,0.101,
58603,4591,180.25724,-1.76817,157.98,6.32,1.204,
58642,4592,180.37176,-57.50378,102.35,6.16,-0.004,
58654,4593,180.41452,36.04209,102.77,5.59,1.019,
58661,,180.43449,22.09430,155.04,6.57,0.661,
58669,,180.44216,-34.65032,55.96,6.91,0.586,Gl 454.2A
58684,4594,180.52859,43.04560,34.27,5.22,0.283,67 UMa
58697,4595,180.58602,-85.63176,113.77,6.05,1.29,
58706,4596,180.61896,-71.48898,132.8,6.41,1.163,
58708,,180.62079,43.08408,57.078,6.64,0.86,
58720,4597,180.65723,-69.19229,105.71,5.89,-0.08,
58741,4598,180.71526,-7.68362,223.71,6.24,1.492,
58758,4599,180.75671,-63.31293,72.046,4.32,0.28,The1Cru
58765,,180.77788,-48.19494,153.85,6.61,0.24,
58799,,180.90168,-39.00907,45.977,6.51,0.5,
58803,4600,180.91460,-42.43406,25.323,5.15,0.417,GJ 3701
58809,,180.93518,5.55775,70.126,6.39,0.476,
58810,4601,180.93554,-74.21410,346.02,6.44,1.198,
58830,,181.00144,-10.29612,104.82,6.59,0.315,
58858,4602,181.06915,21.45915,101.01,5.89,0.248,2 Com
58859,,181.06965,-51.47252,117.65,6.48,-0.046,
58867,4603,181.08012,-63.16571,261.78,4.72,-0.081,The2Cru
58874,4606,181.11875,85.58713,72.727,6.27,0.56,
58884,4604,181.16218,-68.32891,106.5,5.34,-0.012,
58901,,181.18863,-59.25329,106.27,6.30,-0.034,
58905,4605,181.19424,-76.51906,146.2,5.04,1.491,Kap Cha
58910,,181.20342,-62.00229,5.5169,7.57,0.626,
58921,4607,181.23846,-60.96825,209.64,5.95,1.691,
58942,,181.28586,-61.17958,195.69,6.64,0.896,
58948,4608,181.30226,8.73298,50.05,4.12,0.967,9Omi Vir
58952,4609,181.31177,76.90573,97.087,5.78,1.029,Tonatiuh
58960,,181.34568,-62.97575,132.1,6.69,0.312,
58989,4610,181.41557,62.93312,117.92,6.14,1.178,
59003,4611,181.47343,-65.54688,,6.30,0.152,
59008,4612,181.48612,-35.69393,232.56,6.23,-0.073,
59010,4613,181.49922,-3.13159,178.25,6.37,0.997,
59021,,181.52169,-32.96123,51.653,6.49,0.623,
59031,,181.54618,-73.55679,384.62,6.55,1.838,
59046,4614,181.58304,-68.65140,,6.23,1.237,
59050,4615,181.59606,-65.70945,125.94,5.95,0.613,
59055,,181.65776,-37.86010,150.83,6.63,1.017,
59068,,181.69719,-12.24085,78.802,6.77,0.323,
59072,4616,181.72030,-64.61373,19.755,4.14,0.353,Eta Cru
59087,,181.75562,-23.76626,75.188,6.93,0.513,
59111,,181.81704,-64.68177,56.883,6.81,0.465,
59135,,181.89711,-31.41056,33.234,6.72,0.532,
59143,,181.91263,-23.97587,39.2,6.72,0.613,
59151,4617,181.95848,-75.36702,130.21,5.17,1.278,
59173,4618,182.02182,-50.66128,134.41,4.46,-0.163,
59175,,182.02911,39.65550,47.103,7.33,0.515,
59184,4620,182.06133,-48.69249,183.82,5.34,-0.01,
59196,4621,182.08965,-50.72243,127.23,2.58,-0.128,Del Cen
59200,4622,182.10306,-60.84713,862.07,6.22,1.733,
59199,4623,182.10337,-24.72887,14.937,4.02,0.334,Alchiba
59229,4624,182.22422,-44.32599,104.17,5.75,0.24,
59232,4625,182.22746,-41.23161,487.8,5.51,-0.097,
59243,,182.28251,-78.78131,93.897,6.85,0.254,
59272,,182.36889,-11.85706,22.222,6.81,0.666,GJ 9390A
59280,,182.40547,40.25205,24.528,7.46,0.794,GJ 3706
59285,4626,182.42212,1.89789,73.046,5.95,1.12,10 Vir
59291,4627,182.44617,74.66137,74.019,6.34,0.511,
59294,,182.45428,77.39043,78.74,6.87,1.032,
59296,,182.47950,-46.20839,19.767,8.46,1.137,Gl 456.1A
59307,4628,182.51064,-34.70474,98.814,6.16,0.03,
59309,4629,182.51424,5.80701,44.053,5.72,0.352,11 Vir
59313,,182.52414,-17.53739,64.767,6.63,0.48,
59316,4630,182.53119,-22.61977,97.466,3.02,1.326,2Eps Crv
59346,,182.61329,-7.77398,113.12,6.55,0.218,
59352,4632,182.63179,16.80927,224.22,6.40,0.07,3 Com
59353,4631,182.64087,-37.87035,72.359,6.07,0.19,
59364,4633,182.69206,27.28150,89.047,6.01,0.123,
59380,,182.74128,-46.32198,36.617,7.52,0.57,
59384,4639,182.75031,81.70983,336.7,6.00,1.618,
59389,,182.75508,-68.26097,268.82,6.48,1.352,
59394,4635,182.76601,-23.60242,58.824,5.45,0.055,3 Crv
59396,4634,182.77158,-61.27743,95.329,6.08,0.398,
59406,,182.79903,-19.96057,12.59,11.67,1.558,GJ 3708A
59422,,182.84082,-3.77887,49.677,6.95,0.45,
59426,,182.84546,-16.79084,32.342,6.88,0.77,
59432,,182.86596,53.42152,30.148,7.96,0.88,GJ 3711A
59433,,182.86911,-44.28285,43.159,6.59,0.467,
59439,4637,182.88147,-51.35933,52.576,6.23,0.816,
59448,,182.90869,-54.41764,55.586,6.80,0.558,
59449,4638,182.91303,-52.36846,116.14,3.97,-0.156,Rho Cen
59458,4641,182.93709,57.05441,271.74,6.34,1.505,68 UMa
59468,4640,182.96325,25.87028,271.74,5.66,1.401,4 Com
59489,4642,183.00422,28.53631,71.225,6.47,0.428,
59501,4643,183.03871,20.54206,130.38,5.60,0.961,5 Com
59504,4646,183.04967,77.61624,33.378,5.14,0.358,
59514,,183.08650,54.48575,15.521,9.71,1.38,Gl 458A
59517,4644,183.09159,-62.95077,,5.91,0.253,
59532,,183.12018,-3.08447,34.855,7.43,0.701,Gl 458.1A
59551,4645,183.19594,-70.15179,502.51,6.05,1.78,
59572,,183.23970,10.03772,30.988,7.92,0.792,GJ 3715
59588,4647,183.30394,-34.12527,358.42,6.34,1.449,
59589,,183.30465,10.82165,34.459,7.57,0.667,
59607,4648,183.35434,-38.92919,436.68,5.77,-0.144,
59608,4650,183.35808,10.26234,50.176,5.85,0.262,12 Vir
59610,,183.37296,10.04164,37.707,7.41,0.635,
59622,4651,183.40335,-33.79292,128.37,6.34,0.071,
59646,,183.48238,2.26022,65.92,6.91,0.903,
59647,4649,183.48531,-78.57393,111.98,6.34,1.234,
59654,4652,183.51128,-45.72392,175.13,5.31,1.4,
59676,,183.56440,-5.71660,78.064,6.56,0.277,
59678,4653,183.57054,-64.40852,,6.20,0.075,
59707,,183.67556,-24.77518,29.317,7.47,0.711,
59708,4654,183.68091,53.43463,147.28,6.18,1.061,
59726,,183.73943,-41.13942,32.573,7.49,0.649,
59728,4655,183.74826,-20.84422,82.85,5.82,1.052,
59742,,183.77667,-29.23726,156.99,6.50,1.086,
59743,,183.77738,-7.25733,35.187,7.34,0.815,
59746,4659,183.78549,70.20001,142.86,5.72,1.179,
59747,4656,183.78641,-58.74893,105.82,2.79,-0.193,Imai
59750,4657,183.79399,-10.31240,22.351,6.11,0.47,
59767,4686,183.83605,87.70011,46.948,6.27,0.346,
59774,4660,183.85629,57.03262,24.685,3.32,0.077,Megrez
59785,4658,183.87715,-41.91328,123.15,6.24,1.002,
59796,4665,183.92293,72.55120,147.49,6.29,1.145,
59801,4661,183.94460,-23.35390,69.589,6.53,0.46,
59803,4662,183.95155,-17.54193,47.103,2.58,-0.107,Gienah
59811,,183.98160,-54.05681,297.62,6.61,1.645,
59819,4663,184.00079,14.89907,60.901,5.09,0.068,6 Com
59831,4666,184.03144,40.66018,236.41,5.69,1.586,2 CVn
59847,4667,184.08558,23.94541,76.453,4.93,0.957,7 Com
59851,4664,184.09940,-72.61450,116.55,6.21,-0.006,
59856,4668,184.12560,33.06153,96.993,4.99,1.14,
59865,,184.15971,-63.19790,71.736,6.97,0.6,
59879,4683,184.20614,86.43582,39.526,6.33,0.437,
59895,4670,184.26389,-16.69374,134.95,6.05,0.113,
59898,4669,184.27642,-65.69296,95.969,6.06,0.021,
59920,4672,184.37327,53.19133,105.71,5.80,1.33,
59923,4673,184.37740,28.93719,54.945,5.71,0.16,
59926,,184.38313,-48.92558,39.417,6.81,0.574,
59929,4671,184.39375,-67.96074,92.421,4.06,1.603,Eps Mus
59941,4676,184.43442,15.14470,175.44,6.36,1.384,
59950,4675,184.44696,-36.09398,150.15,6.15,0.008,
59984,4678,184.53988,-3.94878,52.687,6.57,0.363,
60000,4674,184.58718,-79.31224,91.491,4.24,-0.123,Bet Cha
60009,4679,184.60947,-64.00307,109.65,4.06,-0.168,Zet Cru
60014,,184.62116,32.74890,81.633,6.68,0.237,
60018,4680,184.63171,30.24905,59.382,6.23,0.31,
60030,4681,184.66799,-0.78718,114.55,5.90,0.168,13 Vir
60041,,184.69470,-88.41492,187.62,6.63,-0.068,
60044,4687,184.70852,75.16056,97.847,5.47,0.054,
60059,4682,184.74912,-55.14300,151.52,5.01,1.6,
60066,4684,184.75843,26.00835,85.69,6.44,0.18,
60074,,184.77711,16.54830,27.457,7.04,0.604,
60087,4685,184.82997,23.03467,85.69,6.26,0.177,8 Com
60089,,184.83431,14.54164,207.47,6.52,1.119,
60098,4688,184.87310,28.15692,54.466,6.38,0.523,9 Com
60119,,184.94049,-76.80102,53.967,6.85,0.445,
60122,4690,184.95299,48.98415,180.83,5.28,1.623,3 CVn
60123,,184.96094,28.46435,107.64,6.64,0.183,
60129,4689,184.97649,-0.66680,81.367,3.89,0.026,Zaniah
60132,,184.98033,-26.73693,215.98,6.60,1.6,
60157,4691,185.04489,-22.17570,118.34,5.94,0.824,
60168,4694,185.07400,26.00187,64.475,6.16,0.306,Gl 460
60170,4693,185.08200,26.61948,49.358,5.52,1.091,
60172,4695,185.08742,3.31257,94.429,4.97,1.172,16 Vir
60183,4692,185.11774,-65.84266,93.897,6.20,-0.041,
60189,4696,185.14020,-22.21590,127.39,5.20,-0.09,5Zet Crv
60197,4698,185.17240,27.05455,91.827,6.32,0.394,
60202,4697,185.17929,17.79287,88.889,4.72,1.01,11 Com
60210,,185.20299,15.54099,120.63,6.47,1.025,
60212,4701,185.21191,57.86412,194.93,5.54,1.452,70 UMa
60221,4699,185.23213,-13.56572,61.69,5.14,1.048,
60260,4700,185.34046,-60.40115,70.472,3.59,1.389,Ginan
60291,,185.44429,-49.94896,250.63,6.58,1.467,
60303,,185.47517,42.13389,15.853,9.36,1.354,Gl 462
60305,,185.48443,47.18220,97.561,6.33,1.115,
60308,4702,185.48929,-56.37438,694.44,5.91,1.533,
60313,,185.50865,16.74473,102.88,6.67,0.061,
60316,,185.51809,61.59139,134.23,6.74,1.104,
60320,4703,185.53069,-67.52210,101.11,5.15,0.195,Zet2Mus
60327,4705,185.54513,24.77387,103.41,6.21,-0.012,
60329,4704,185.55013,-68.30732,100.2,5.73,1.038,Zet1Mus
60338,,185.57708,-15.55541,225.23,6.54,1.238,
60351,4707,185.62631,25.84616,90.334,4.78,0.515,12 Com
60353,4708,185.63349,5.30544,29.922,6.46,0.567,17 Vir
60370,,185.68657,-39.17768,25.491,6.70,0.639,
60374,,185.69416,-52.29305,132.28,6.52,1.01,
60379,4706,185.70604,-57.67613,110.86,5.38,-0.098,
60417,4710,185.81083,-67.63155,49.801,6.36,0.887,
60418,,185.81403,-4.97450,121.65,6.47,1.189,
60421,,185.82861,-11.81212,283.29,6.48,1.64,
60425,4711,185.83995,-24.84067,101.52,5.66,1.153,6 Crv
60436,,185.86482,-6.11879,54.645,7.18,0.477,
60444,,185.88738,67.18831,12.897,11.19,,GJ 3722
60449,4712,185.89761,-35.41268,136.24,5.32,-0.066,
60454,4713,185.90312,-39.30236,114.03,6.39,0.285,
60463,4714,185.93648,-38.91138,102.77,5.79,-0.064,
60467,4715,185.94595,42.54274,95.147,6.03,0.366,4 CVn
60468,,185.94929,-30.33542,229.36,6.39,1.572,
60485,4716,186.00621,51.56226,118.48,4.76,0.877,5 CVn
60490,,186.01443,25.85123,88.889,6.71,0.244,
60503,,186.05391,-38.91381,78.308,6.88,0.272,
60514,4717,186.07719,26.09861,81.103,5.17,0.082,13 Com
60517,,186.08919,-47.37294,162.6,6.61,-0.049,
60525,4719,186.11169,25.58240,90.253,6.41,0.276,
60549,4718,186.18637,-41.38429,190.11,6.24,1.169,
60559,,186.21862,-18.24229,8.8511,11.28,1.574,Gl 465
60561,,186.21655,-72.60390,91.075,6.61,-0.001,
60584,4726,186.26340,56.77783,263.16,5.82,1.622,71 UMa
60588,,186.27103,60.69735,42.319,7.38,0.569,
60589,4727,186.27656,63.80278,176.68,6.31,0.919,
60591,4721,186.28562,-42.51431,53.967,6.10,0.652,
60595,4722,186.29903,-11.61059,70.522,5.95,0.043,
60598,,186.30852,-25.98643,53.648,6.85,0.397,
60599,4725,186.31295,23.92620,145.99,6.03,1.094,
60601,4720,186.32326,-65.76985,48.473,6.29,0.965,
60603,4723,186.32671,-27.74900,172.12,6.09,1.272,
60610,4724,186.34059,-35.18642,134.59,5.71,-0.066,
60638,4709,186.40948,-86.15061,224.22,6.32,1.065,
60644,,186.44336,-64.02209,38.081,6.99,0.537,Tupã
60646,4728,186.46230,39.01862,80.192,5.01,0.955,6 CVn
60697,4733,186.60027,27.26824,84.602,4.92,0.277,14 Com
60699,4740,186.60160,71.92983,123.3,6.33,1.028,
60710,4732,186.63237,-51.45063,137.36,4.82,-0.141,
60718,4730,186.64966,-63.09909,98.717,0.77,-0.243,Acrux
60729,4734,186.70140,-48.91319,26.61,6.25,0.674,
60735,4735,186.71538,-32.83012,155.52,5.56,0.007,
60742,4737,186.73449,28.26842,51.282,4.35,1.128,15Gam Com
60746,4738,186.74707,26.82570,85.179,4.98,0.088,16 Com
60771,4736,186.85349,-63.78899,203.25,6.02,0.052,
60780,,186.87015,-58.31645,264.55,6.35,1.612,
60781,4739,186.87028,-58.99176,135.87,5.38,1.543,
60791,,186.88809,41.35506,190.84,6.51,0.559,
60795,4745,186.89631,55.71272,127.88,5.68,1.582,73 UMa
60797,,186.90985,25.91211,79.491,6.69,0.18,
60804,4741,186.92533,8.61034,156.49,6.36,0.935,
60809,4742,186.95603,-16.63184,254.45,6.30,0.868,
60813,4746,186.96479,-4.61528,73.91,6.23,0.43,
60816,,186.98122,-8.67799,29.833,6.75,0.584,
60823,4743,187.00996,-50.23063,126.26,3.91,-0.192,Sig Cen
60845,,187.07014,-61.76571,48.379,6.82,0.67,
60850,,187.07673,4.39656,135.5,6.72,0.15,
60851,4744,187.08038,-64.34099,97.943,6.05,0.022,
60855,4748,187.09362,-39.04117,133.87,5.45,-0.073,
60861,4747,187.10708,-61.79484,162.87,6.21,1.253,
60870,4749,187.14043,-56.40782,42.373,6.15,0.92,
60880,4750,187.15897,26.22696,85.543,6.52,0.215,
60891,4751,187.18570,25.89932,68.4,6.63,0.212,
60904,4752,187.22795,25.91285,72.886,5.29,-0.056,17 Com
60910,,187.23996,8.42552,13.184,11.99,1.668,Gl 469
60912,,187.25250,-83.80267,219.78,6.61,0.003,
60941,4753,187.36267,24.10892,61.614,5.47,0.445,18 Com
60942,,187.36734,4.83824,57.537,7.14,0.407,
60957,4756,187.43016,20.89611,84.034,5.68,0.093,20 Com
60965,4757,187.46608,-16.51543,26.631,2.94,-0.012,Algorab
60969,4754,187.47582,-56.52494,156.01,5.78,1.572,
60978,4760,187.48900,58.40574,83.752,5.37,0.205,74 UMa
60979,4755,187.49120,-41.73590,226.24,6.00,1.515,
60988,4761,187.51223,51.53563,44.763,6.21,0.536,7 CVn
60992,4762,187.51767,58.76777,119.76,6.07,0.988,75 UMa
60994,4758,187.51990,-13.39318,24.649,6.37,0.591,Gl 469.2A
60998,4765,187.52802,69.20112,190.48,5.01,1.621,4 Dra
61015,4759,187.57269,-23.69642,301.2,5.63,1.67,
61053,4767,187.70888,53.07661,21.777,6.20,0.568,
61071,4766,187.75235,24.56717,82.713,5.47,0.056,21 Com
61072,,187.75306,31.42383,42.319,7.33,0.534,
61075,,187.76367,23.77311,59.809,7.12,0.624,
61084,4763,187.79144,-57.11321,27.152,1.59,1.6,Gacrux
61094,,187.81587,8.81060,13.646,9.74,1.441,Gl 471
61099,,187.82623,20.21782,25.82,7.91,0.863,
61100,,187.82864,55.11881,25.1,8.08,0.941,GJ 1160
61103,4770,187.83924,7.60431,246.31,6.05,1.523,
61133,,187.91047,-30.98189,107.76,6.73,1.061,
61134,4772,187.91135,-5.05259,124.07,6.19,1.041,
61136,4768,187.91806,-59.42392,429.18,5.49,0.622,
61154,,187.97043,-58.29062,58.548,7.09,0.418,
61158,4771,187.98390,-63.50584,75.132,5.96,0.263,
61172,4774,188.01830,-32.53376,186.22,6.46,0.172,
61174,4775,188.01765,-16.19601,18.282,4.30,0.388,8Eta Crv
61179,,188.03672,-56.12954,500,6.54,1.68,
61181,4769,188.04134,-73.00106,106.61,5.88,1.078,
61199,4773,188.11701,-72.13299,99.602,3.84,-0.157,Gam Mus
61208,,188.13672,-21.21212,115.21,6.41,1.11,
61212,4776,188.15001,-13.85910,38.168,5.74,0.376,
61246,4777,188.26200,10.29567,144.93,6.29,0.953,20 Vir
61257,,188.30083,-52.08284,135.69,6.55,-0.024,
61270,4778,188.34271,-19.79255,130.89,6.26,0.304,
61280,,188.37009,-41.41407,83.056,6.70,0.237,
61281,4787,188.37087,69.78824,150.38,3.85,-0.116,5Kap Dra
61283,,188.37429,38.06904,155.28,6.53,1.044,
61291,,188.38309,-68.75581,16.176,7.13,0.836,Gl 472
61295,4780,188.39259,24.28298,89.047,6.28,0.114,22 Com
61296,4779,188.39274,-12.83020,49.358,5.58,0.861,
61309,4783,188.41215,33.24758,89.365,5.42,1.011,
61317,4785,188.43617,41.35748,8.4395,4.24,0.588,Chara
61318,4781,188.44479,-9.45208,79.239,5.48,-0.035,21 Vir
61320,4784,188.44755,33.38467,127.23,6.24,1.051,Gl 474
61328,4782,188.49650,-49.90981,65.147,6.38,0.428,
61359,4786,188.59681,-23.39676,44.663,2.65,0.893,Kraz
61379,4788,188.67672,-44.67302,28.321,5.76,0.683,
61384,4795,188.68353,70.02177,184.5,4.95,1.312,6 Dra
61394,4789,188.71285,22.62926,95.057,4.80,0.012,Phyllon Kissinou
61404,,188.72691,-67.75689,336.7,6.11,1.514,
61415,4791,188.77650,18.37707,51.84,6.57,0.265,24 Com
61418,4792,188.78234,18.37706,138.12,5.03,1.152,24 Com
61420,4793,188.78403,21.88138,195.69,5.86,1.242,
61443,4790,188.87345,-61.84158,47.17,6.22,0.731,
61444,,188.87441,-61.74081,87.032,6.60,0.475,
61451,,188.88993,-34.88192,21.427,7.84,1.024,GJ 1161A
61463,,188.92819,-16.82611,73.746,6.68,0.377,
61468,4794,188.93980,-41.02195,35.524,5.12,0.224,
61486,,188.96982,-12.06913,150.83,6.61,0.36,
61496,4797,188.99498,-20.52748,66.8,6.20,0.34,
61498,4796,189.00433,-39.86950,72.78,5.78,0.003,
61513,,189.05111,-52.41772,303.03,6.56,1.63,
61557,,189.19425,-50.33539,102.04,6.40,0.026,
61558,4799,189.19731,-5.83190,69.013,5.88,0.072,25 Vir
61564,,189.21894,70.18472,283.29,6.54,1.408,
61571,4801,189.24306,17.08954,194.55,5.70,1.436,25 Com
61578,,189.27845,-2.32210,48.52,6.95,0.484,
61579,,189.28175,8.79687,162.6,6.61,0.25,
61585,4798,189.29608,-69.13556,96.712,2.69,-0.176,Alp Mus
61597,,189.33141,79.21548,35.386,6.99,0.633,Gl 479.1
61621,4803,189.42613,-27.13889,34.329,5.41,0.334,
61622,4802,189.42591,-48.54130,40.241,3.85,0.049,Tau Cen
61629,,189.46914,-52.00148,9.6918,10.65,1.47,Gl 479
61637,4805,189.51840,3.28244,170.94,6.33,0.0,
61658,4807,189.59336,1.85466,151.06,5.68,1.592,
61688,4809,189.68589,-18.25010,67.295,6.00,0.31,
61692,4811,189.69284,40.87466,67.843,6.35,0.204,9 CVn
61703,4806,189.71819,-67.19305,,6.22,0.007,
61706,,189.71856,11.69617,14.37,11.49,1.475,Gl 480
61719,4812,189.75909,22.65950,133.16,6.39,1.096,
61720,4810,189.76443,-30.42239,191.57,5.86,1.207,
61724,4815,189.78046,21.06256,83.822,5.49,0.978,26 Com
61738,4804,189.81091,-75.37059,174.52,6.46,0.098,
61740,4813,189.81153,-7.99556,90.009,4.66,1.24,26Chi Vir
61748,4816,189.82024,35.95196,134.59,6.39,0.095,
61789,4817,189.96891,-39.98730,111.86,4.63,-0.082,
61796,4814,189.98284,-66.51114,114.29,6.26,-0.05,
61840,,190.09166,-49.40066,53.39,7.03,0.604,
61874,,190.19359,-43.56638,7.7809,12.24,1.75,Gl 480.1
61901,,190.27699,15.37666,14.178,7.91,1.109,Gl 481
61905,,190.29036,-44.10119,135.69,6.72,1.249,
61908,,190.30719,-27.90819,231.48,6.64,1.603,
61910,4821,190.31647,-13.01390,78.927,5.17,0.432,
61916,4818,190.34584,-46.14558,277.78,5.84,1.475,
61932,4819,190.37957,-48.95989,39.904,2.20,-0.023,Gam Cen
61936,4833,190.39139,62.71304,160,6.02,0.051,76 UMa
61937,4824,190.39330,10.42627,62.893,6.22,0.192,27 Vir
61941,4825,190.41518,-1.44938,11.685,2.74,0.368,Porrima
61946,,190.43527,55.72467,23.375,8.27,0.955,GJ 3743
61951,4827,190.45584,-19.75909,62.035,6.02,0.397,
61960,4828,190.47107,10.23563,36.271,4.88,0.076,30Rho Vir
61966,4823,190.48577,-59.68582,293.26,4.91,-0.044,Lumbung
61968,4829,190.48799,6.80662,71.531,5.57,0.002,31 Vir
61981,4820,190.52097,-69.40755,625,6.31,0.75,
61982,,190.52707,-54.76086,194.17,6.58,1.26,
61995,,190.57399,33.68858,59.067,6.64,1.074,
62012,4831,190.64787,-48.81311,58.445,4.66,1.075,
62026,4832,190.70740,-55.94700,108.46,6.06,-0.023,
62027,4830,190.70947,-63.05862,373.13,5.27,0.195,
62046,4840,190.76733,61.15542,164.2,6.39,1.268,
62058,4834,190.78831,-56.17622,117.1,5.99,-0.074,
62073,,190.82700,26.12659,138.5,6.68,0.369,
62081,4836,190.85941,-40.17785,68.634,6.43,0.242,
62084,4835,190.86816,-58.90274,170.07,6.41,1.092,
62103,4837,190.90854,-1.57700,66.979,5.91,0.85,
62107,,190.92841,-37.70815,27.308,7.53,0.664,
62109,,190.94872,-12.01422,188.32,6.61,1.309,
62125,,190.98306,-13.14192,72.046,6.96,0.309,
62128,4838,190.99444,-36.34915,242.72,6.38,-0.06,
62131,4839,191.00221,-28.32396,126.42,5.46,1.346,
62141,,191.04657,-2.84256,83.056,6.76,0.185,
62145,,191.06116,51.75930,14.881,7.01,0.936,Gl 483
62170,4852,191.10799,80.62102,143.68,6.33,0.16,
62172,4843,191.11294,44.10300,98.425,6.34,0.469,
62179,,191.14574,-57.28692,111.23,6.64,0.077,
62207,4845,191.24778,39.27892,17.376,5.95,0.557,10 CVn
62212,4841,191.25859,-68.83075,628.93,6.16,0.688,
62223,4846,191.28261,45.44026,320.51,5.42,2.994,La Superba
62229,,191.31046,-57.35800,20.496,7.82,0.937,
62241,,191.34795,-48.17047,125.79,6.64,1.15,
62267,4847,191.40441,7.67333,77.459,5.22,0.322,32 Vir
62268,4842,191.40825,-60.98132,36.805,4.69,1.049,Iot Cru
62277,,191.42790,-50.17987,49.801,7.13,0.445,
62312,,191.52285,-54.61221,217.39,6.65,1.14,
62322,4844,191.57019,-68.10812,104.71,3.04,-0.178,Bet Mus
62325,4849,191.59392,9.53968,45.147,5.65,0.989,33 Vir
62327,4848,191.59472,-56.48882,117.92,4.62,-0.15,
62345,,191.62852,-11.81244,30.845,6.87,0.695,GJ 3746
62349,,191.63626,24.14505,41.667,6.83,0.54,
62356,4851,191.66150,16.57769,104.17,5.12,1.346,27 Com
62360,4850,191.69262,-33.31548,108.93,5.87,1.326,
62376,4854,191.75961,5.95037,265.96,6.31,-0.013,
62388,,191.79409,15.59167,159.49,6.66,0.904,
62394,4855,191.80684,11.95809,83.264,6.11,0.122,34 Vir
62402,4859,191.82891,62.78115,60.277,5.88,0.215,
62421,4856,191.88927,-6.30175,70.028,6.27,0.538,
62423,4863,191.89310,66.79030,227.27,5.43,1.567,Tianyi
62434,4853,191.93039,-59.68876,85.397,1.25,-0.238,Mimosa
62437,,191.95132,50.15695,67.249,6.82,0.387,
62443,4858,191.96421,3.57272,178.89,6.42,1.596,35 Vir
62448,4857,191.97354,-24.85166,226.76,6.43,-0.058,
62452,,191.98597,9.75140,8.3703,11.39,1.563,Gar
62471,,192.04171,-24.80457,16.762,9.90,1.38,GJ 1164B
62472,,192.04469,-24.80660,20.383,8.90,1.149,GJ 1164A
62478,4861,192.05973,13.55302,125.79,6.47,0.015,28 Com
62500,4860,192.10945,-27.59738,98.232,5.65,0.947,
62505,,192.13461,-15.71947,23.832,7.93,0.946,GJ 1165
62512,4867,192.16416,60.31982,24.044,5.83,0.467,GJ 9417
62516,4866,192.17425,48.46684,137.55,6.25,0.195,11 CVn
62523,4864,192.19612,24.84023,16.932,6.29,0.703,Gl 486.1
62527,,192.20618,61.37838,38.095,7.36,0.633,
62534,,192.21552,-68.42515,29.343,7.59,0.701,
62536,,192.21841,12.09637,37.807,7.10,0.66,
62541,4865,192.22589,14.12258,122.4,5.71,0.024,29 Com
62556,,192.26304,66.11018,10.213,10.94,1.626,Gl 487
62561,4892,192.27825,83.41783,123,5.92,0.015,
62572,4893,192.30744,83.41290,178.89,5.38,0.033,
62576,4869,192.32274,27.55238,92.937,5.76,0.051,30 Com
62600,,192.40851,48.74003,166.67,6.50,1.135,
62608,4862,192.43731,-71.98626,143.27,5.55,1.154,
62636,,192.52146,-7.63220,47.755,6.99,0.432,
62641,4875,192.54481,37.51694,109.77,5.87,0.17,
62651,,192.55848,-62.64130,243.9,6.61,1.4,
62653,4873,192.57204,22.86341,108.46,6.43,1.002,
62655,4871,192.58125,-48.45954,187.62,6.26,0.046,
62683,4874,192.67154,-33.99930,122.7,4.90,-0.031,
62687,,192.68152,-0.76813,10.571,8.49,1.409,Gl 488
62703,4872,192.74120,-52.78742,101.83,5.70,0.127,
62732,4876,192.82491,-60.32979,,5.71,0.344,
62743,4877,192.84554,-10.33822,156.01,6.48,1.03,
62757,4878,192.90371,3.05679,183.49,6.02,1.288,37 Vir
62763,4883,192.92467,27.54071,89.127,4.93,0.681,31 Com
62786,4879,192.98722,-39.68043,142.86,5.99,-0.098,
62788,4881,192.99126,-26.73828,66.979,6.14,0.232,
62799,4880,193.02268,-48.09429,160.51,6.31,0.04,
62807,4884,193.05106,17.07394,598.8,6.32,1.622,32 Com
62821,4882,193.10249,-53.82993,549.45,6.26,1.106,
62825,4886,193.11458,16.12250,110.62,6.29,0.173,
62861,4885,193.26753,-54.95247,126.74,5.91,1.309,
62867,4888,193.27887,-48.94331,90.253,4.33,1.344,
62875,4891,193.29649,-3.55310,32.733,6.11,0.493,38 Vir
62886,4894,193.32395,21.24494,86.806,4.89,0.904,35 Com
62894,4887,193.34124,-60.32849,,5.75,0.295,
62896,4889,193.35910,-40.17887,45.558,4.25,0.224,Gl 488.1
62904,,193.38381,19.48106,44.803,6.42,0.805,
62915,4896,193.40884,-4.22466,98.912,6.45,1.094,
62931,4890,193.45385,-60.37624,,5.89,0.2,Kap Cru
62933,4900,193.45713,12.41842,60.901,6.25,0.282,41 Vir
62942,,193.47668,6.76290,26.731,8.24,0.853,
62951,,193.49446,-18.03476,7.5284,8.51,0.497,
62956,4905,193.50708,55.95982,25.31,1.76,-0.022,Alioth
62972,4904,193.55457,33.53448,77.399,6.25,0.207,
62983,4901,193.57776,-11.64857,68.493,6.00,0.068,
62985,4902,193.58819,-9.53899,166.94,4.77,1.59,40Psi Vir
63003,4898,193.64850,-57.17792,127.06,4.03,-0.18,Mu 1Cru
63005,4899,193.65377,-57.16867,124.84,5.08,-0.089,Mu 2Cru
63007,4897,193.66333,-59.14670,117.65,4.62,-0.153,Lam Cru
63008,,193.66673,22.10793,33.852,6.99,0.576,
63024,4909,193.73553,47.19672,213.22,5.75,1.451,
63031,4870,193.74328,-85.12337,107.87,5.45,0.991,Iot Oct
63033,4903,193.74403,-44.15197,40.096,5.89,0.633,GJ 9423
63043,,193.77137,19.61473,137.17,6.66,1.175,
63066,4906,193.83101,-42.91573,202.84,5.46,1.668,
63076,4916,193.86897,65.43847,29.291,5.23,0.303,Taiyi
63090,4910,193.90087,3.39747,60.827,3.39,1.571,Minelauva
63109,4911,193.97186,-15.32703,196.08,6.18,-0.001,
63117,4908,193.98807,-56.83581,,5.34,0.01,
63121,4914,194.00202,38.31491,36.9,5.61,0.337,Cor Caroli B
63125,4915,194.00710,38.31838,35.199,2.89,-0.115,Cor Caroli
63143,4917,194.07332,54.09949,86.655,5.84,0.204,
63155,,194.11067,-0.95459,79.618,6.62,0.476,
63165,4907,194.13213,-72.18521,176.37,5.93,1.115,
63182,,194.16492,-47.68625,81.037,6.75,0.448,
63203,,194.24181,67.24286,296.74,6.55,1.408,
63204,,194.24265,-54.58735,118.48,6.48,-0.042,
63210,4913,194.26818,-51.19875,112.99,5.17,-0.066,
63211,4919,194.28249,46.17679,104.38,6.11,1.012,
63220,,194.30280,-12.06695,243.9,6.33,1.491,
63221,,194.30650,8.29378,101.73,6.81,0.468,
63236,,194.35927,-67.96070,110.74,6.77,0.083,
63235,,194.35929,1.42794,53.996,6.91,0.454,
63243,4918,194.38805,-22.75350,118.91,6.31,1.069,
63286,,194.54088,-23.05514,60.976,6.95,0.343,
63297,,194.57861,64.92553,333.33,6.44,1.15,
63320,,194.64096,28.31957,70.422,6.94,0.256,
63340,4927,194.69714,75.47251,166.11,6.00,1.03,
63355,4920,194.73102,17.40945,99.404,4.76,1.568,36 Com
63359,,194.74056,-21.54676,139.28,6.62,1.289,
63366,,194.75654,-9.83408,20.89,7.54,0.769,Gl 491A
63414,4921,194.91465,-3.81193,77.942,5.79,0.203,44 Vir
63432,4928,194.97998,66.59727,191.57,5.37,1.282,9 Dra
63462,4924,195.06864,30.78502,202.43,4.88,1.165,37 Com
63479,,195.10688,31.77921,150.38,6.65,0.916,
63490,4922,195.13611,-33.50527,41.528,6.01,0.386,
63491,,195.13975,-33.05133,56.243,6.58,0.298,
63494,4925,195.14978,-3.36849,100.3,5.99,1.119,46 Vir
63497,4926,195.16133,18.37301,39.293,6.20,0.466,
63503,4931,195.18187,56.36634,25.445,4.93,0.368,78 UMa
63510,,195.19413,12.37572,11.69,9.76,1.448,Gl 494
63533,4929,195.29005,17.12315,124.69,5.97,0.971,38 Com
63550,,195.33302,-63.19505,16.966,10.92,1.49,GJ 3759
63583,,195.44289,-39.61615,133.33,6.65,1.041,
63584,4934,195.44606,63.61022,36.887,6.01,0.427,
63608,4932,195.54417,10.95915,33.602,2.85,0.934,Vindemiatrix
63613,4923,195.56638,-71.54886,27.871,3.61,1.19,Del Mus
63618,,195.58626,-26.78711,17.806,8.35,1.216,
63636,,195.63950,32.43325,31.104,7.51,0.655,
63647,4936,195.66849,59.71631,193.05,6.50,0.055,
63688,4930,195.77230,-71.47573,306.75,5.93,0.002,
63724,4933,195.88884,-49.52726,67.613,4.83,0.029,Xi 1Cen
63738,4935,195.94212,-20.58350,28.209,5.58,0.554,Gl 496A
63742,,195.95690,-5.16181,21.692,7.69,0.847,
63750,4937,195.97676,-3.66314,155.04,6.62,0.296,48 Vir
63820,4938,196.20099,-41.19632,364.96,6.24,1.649,
63822,4950,196.20738,73.02498,120.19,6.43,0.218,
63833,,196.24071,-52.44292,15.866,9.05,1.362,Gl 496.1
63839,,196.25862,-64.44159,99.404,6.64,0.006,
63849,,196.27779,-47.11691,101.01,6.44,0.414,
63883,4939,196.37832,-52.11566,310.56,6.43,1.69,
63901,4943,196.43517,35.79890,104.38,5.20,-0.059,14 CVn
63916,4945,196.46780,45.26855,132.63,5.64,1.135,
63933,4948,196.54272,29.02923,92.166,6.51,0.09,
63942,,196.56417,20.72925,18.804,9.44,1.29,Gl 499A
63945,4940,196.56963,-48.46329,119.62,4.71,-0.148,
63948,4946,196.58852,21.15340,49.677,6.00,0.393,39 Com
63950,4949,196.59417,22.61619,225.73,5.53,1.461,40 Com
63951,,196.59462,22.27990,99.502,6.83,0.313,
63952,4953,196.59529,62.04187,116.28,6.15,0.997,
63972,4941,196.64614,-41.58844,105.6,5.59,1.05,
63981,,196.65772,-31.61188,110.5,6.75,1.019,
64003,4947,196.72603,-35.86203,76.805,5.63,0.05,
64004,4942,196.72770,-49.90625,143.27,4.27,-0.182,Xi 2Cen
64022,4954,196.79469,27.62474,101.63,4.80,1.482,41 Com
64030,,196.83209,0.58496,64.935,7.00,0.498,
64033,4944,196.85127,-59.86051,170.07,5.98,0.435,
64053,4951,196.90957,-53.45976,100.1,5.70,-0.061,
64077,4956,196.97349,27.55596,132.63,6.20,1.363,
64078,4955,196.97421,-10.74041,94.251,5.15,1.138,49 Vir
64094,4952,197.02981,-65.30602,,5.44,-0.033,The Mus
64108,,197.08541,-78.44603,123.46,6.43,0.008,
64111,,197.09121,-36.22409,91.912,6.85,0.325,
64117,,197.11597,-67.79676,281.69,6.34,1.71,
64122,4957,197.13528,-8.98438,97.087,5.57,1.178,
64133,,197.16402,-23.10650,107.41,6.69,1.12,
64150,,197.21259,5.20724,26.13,6.78,0.667,GJ 9429
64166,4958,197.26363,-23.11807,70.972,4.94,1.048,45Psi Hya
64179,4960,197.30181,10.02247,94.518,5.79,1.025,
64181,4959,197.30933,-9.53810,127.88,6.32,1.017,
64208,,197.38857,56.83337,54.945,7.03,0.6,
64212,4964,197.41108,37.42315,106.5,6.01,1.169,
64217,4967,197.42514,38.53388,370.37,6.25,-0.098,15 CVn
64219,,197.42724,-22.19260,27.337,7.36,0.718,Gl 500
64224,4961,197.43867,-10.32933,212.77,5.95,1.49,50 Vir
64226,4962,197.44937,16.84861,206.19,5.91,1.45,
64231,4974,197.45915,62.22912,232.56,6.52,-0.009,
64238,4963,197.48747,-5.53901,96.805,4.38,-0.008,51The Vir
64241,4968,197.49703,17.52943,17.825,4.32,0.455,Diadem
64246,4971,197.51344,38.49898,63.291,5.91,0.294,17 CVn
64302,,197.69169,34.30065,82.781,6.89,0.486,
64307,,197.70774,-52.90756,184.5,6.67,1.107,
64320,4965,197.74352,-52.56690,115.74,6.05,-0.079,
64332,4970,197.78708,-42.23289,84.89,5.78,0.521,
64348,4973,197.84683,-43.36855,68.166,5.24,1.049,
64375,4978,197.91334,-26.55172,110.62,6.49,0.193,
64390,4966,197.96418,-69.94202,42.105,5.92,0.415,
64394,4983,197.96856,27.87818,9.1291,4.23,0.572,43Bet Com
64395,4972,197.97114,-63.30299,,6.32,0.426,
64405,,198.00852,32.08527,72.516,6.71,0.48,
64408,4979,198.01352,-37.80302,20.67,4.85,0.693,Gl 501.2
64407,4981,198.01476,-16.19860,33.91,5.04,0.46,53 Vir
64417,4984,198.03504,24.25803,131.75,6.31,1.006,
64425,4975,198.07338,-59.92058,116.14,4.58,-0.073,
64426,,198.08234,17.51712,38.655,7.30,0.525,
64437,5009,198.10605,80.47131,207.9,6.25,0.955,
64445,4986,198.13717,11.55610,257.07,5.76,1.499,
64449,4987,198.14963,18.75178,115.34,6.51,0.859,
64457,,198.18245,-2.26504,20.5,7.56,0.93,GJ 3769
64459,,198.18450,-31.87335,36.114,6.68,0.591,
64466,4977,198.20325,-66.22675,90.744,5.91,0.048,
64472,4982,198.21185,-42.69972,176.37,6.19,1.057,
64475,,198.22635,-30.71176,26.824,8.03,0.923,
64478,4980,198.23212,-59.81661,42.158,6.18,0.592,
64484,,198.26496,38.27714,61.425,6.83,0.474,
64496,4992,198.30171,18.72701,106.27,6.10,1.201,
64515,4985,198.34734,-50.69983,112.23,5.90,-0.011,
64520,4990,198.36182,-18.82641,194.17,6.26,0.088,54 Vir
64522,,198.36738,67.28796,122.25,6.52,1.146,
64527,5003,198.38316,72.79910,84.034,6.57,0.088,
64530,,198.39977,36.88758,512.82,6.50,1.616,
64532,,198.40398,56.70827,25.297,6.82,0.603,Gl 503.2
64540,4997,198.42896,40.15288,140.85,4.94,1.061,
64550,,198.46771,-45.18580,24.42,6.93,0.643,
64556,,198.48986,1.45645,161.55,6.55,1.383,
64557,4991,198.49047,-43.13911,106.38,6.16,1.366,
64577,4995,198.54542,-19.93095,38.971,5.31,0.862,55 Vir
64580,4988,198.55049,-58.68394,109.17,5.91,1.084,
64583,4989,198.56367,-59.10323,18.198,4.90,0.489,Gl 503A
64587,4976,198.57229,-78.44745,374.53,5.84,1.04,
64590,,198.58375,-42.85219,151.75,6.72,1.083,
64603,,198.61473,-24.28425,100.1,6.66,0.4,
64607,4998,198.63035,11.33166,146.63,5.64,1.514,
64623,4996,198.68042,-48.95702,72.15,5.84,1.061,
64638,,198.73218,-11.36942,39.246,7.02,0.683,
64651,4999,198.78943,-36.37141,118.62,6.17,0.968,
64654,,198.79263,18.91890,204.08,6.55,1.47,
64661,4993,198.81240,-67.89459,117.37,4.79,-0.078,Eta Mus
64682,4994,198.85712,-69.67928,89.127,6.37,1.21,
64690,,198.87231,-87.56068,24.57,7.11,0.71,
64692,5004,198.88323,40.85520,74.074,5.77,0.198,19 CVn
64725,5001,198.99483,-19.94310,38.476,5.21,1.011,57 Vir
64751,5007,199.05954,19.05173,101.42,6.46,0.972,
64769,5005,199.10618,-1.39054,118.91,6.69,0.314,
64774,5018,199.11936,68.40800,131.06,6.20,-0.052,
64779,5010,199.13443,19.78529,85.397,6.43,0.274,
64781,,199.15295,18.90328,138.31,6.72,1.003,
64790,5000,199.18744,-65.13826,38.73,6.06,0.431,
64792,5011,199.19382,9.42416,17.559,5.19,0.585,59 Vir
64797,,199.21265,17.01718,11.072,6.49,0.926,Gl 505A
64803,5006,199.22137,-31.50620,78.989,5.10,0.959,
64820,5002,199.30428,-66.78344,366.3,4.86,1.48,
64822,5008,199.30800,-43.97948,64.893,5.82,0.187,
64823,5013,199.31511,13.67575,99.502,5.33,1.304,
64828,,199.34157,-11.48353,131.93,6.61,0.264,
64834,,199.36386,-10.54629,81.037,6.89,0.338,
64838,5014,199.37439,-0.67607,81.433,6.36,0.26,
64843,,199.38232,-15.54807,131.23,6.68,1.051,
64844,5017,199.38568,40.57261,81.037,4.72,0.306,20 CVn
64852,5015,199.40118,5.46987,207.04,4.78,1.638,60Sig Vir
64906,5023,199.56051,49.68206,84.246,5.14,-0.049,21 CVn
64924,5019,199.60145,-18.31120,8.5551,4.74,0.709,61 Vir
64927,5022,199.61551,34.09830,153.61,5.81,1.366,
64933,5016,199.64532,-51.28578,186.92,6.18,-0.001,
64951,,199.70136,-79.97602,147.06,6.34,-0.027,
64954,5021,199.71302,3.68763,161.81,6.62,0.056,
64962,5020,199.73039,-23.17151,41.034,2.99,0.92,Naja
64979,5025,199.76774,35.12798,63.012,6.01,0.277,
64984,,199.77801,2.90346,34.459,7.69,0.671,
64994,5012,199.82913,-72.03560,170.07,6.04,1.341,
65011,,199.88976,35.11015,13.266,9.48,1.47,Gl 507A
65012,,199.89438,35.10704,15.61,12.03,1.47,Gl 507B
65016,,199.91733,33.34653,16.989,10.62,1.469,Gl 507.1
65026,,199.94013,47.77803,10.707,8.48,1.469,Gl 508A
65046,,199.99317,-41.19066,56.054,6.73,0.519,
65072,5032,200.07900,40.15055,156.01,5.60,1.204,23 CVn
65108,5024,200.14602,-59.77278,133.87,6.20,0.41,
65109,5028,200.14944,-36.71229,18.021,2.75,0.068,Kulou
65112,5026,200.15765,-52.74782,125.31,5.47,-0.125,
65119,5031,200.17320,2.94229,135.5,6.26,0.102,
65129,5027,200.20141,-55.80069,,6.00,0.236,
65135,,200.21268,43.99019,48.054,6.51,0.424,
65143,,200.24163,34.27894,16.044,10.62,1.512,Gl 508.2
65144,5029,200.24051,-46.88001,126.74,5.76,1.106,
65178,,200.35797,-43.63432,123.92,6.67,-0.024,
65183,5033,200.37405,-19.48929,88.81,6.21,0.098,
65198,5037,200.42351,2.08724,67.705,5.69,0.045,
65218,,200.48778,-38.85451,59.207,7.12,0.621,
65230,5045,200.51640,43.90338,118.91,6.34,0.255,
65241,5040,200.54037,5.15476,65.92,5.89,0.109,64 Vir
65247,5036,200.56786,-52.18296,,5.81,0.072,
65265,,200.62895,-6.20215,62.893,6.63,0.692,
65269,,200.64205,-22.95209,17.28,8.34,0.667,
65271,5035,200.65817,-60.98839,108.7,4.52,-0.141,
65288,5038,200.71878,-47.94322,303.03,6.18,0.181,
65289,5030,200.71921,-72.14671,280.9,6.06,0.049,
65301,5044,200.75464,-17.73527,93.809,5.36,0.987,63 Vir
65303,5039,200.76084,-48.56279,649.35,6.37,-0.077,
65311,5043,200.78597,-33.18988,250.63,6.17,1.653,
65323,5047,200.82873,-4.92443,381.68,5.88,1.431,65 Vir
65343,,200.88676,29.23748,18.822,8.88,1.321,Gl 509A
65352,,200.91315,2.72332,15.449,7.06,0.78,GJ 3781A
65355,,200.92019,2.72528,16.142,7.35,0.869,GJ 3782B
65372,5046,200.96725,-49.82281,120.77,6.48,0.959,
65376,5052,200.97469,37.03392,355.87,6.10,1.637,
65378,5054,200.98120,54.92536,26.309,2.23,0.057,Mizar
65381,,200.98785,-20.92459,156.01,6.44,1.101,
65387,5041,201.00192,-64.53567,79.808,4.52,0.822,
65417,5053,201.12722,12.43183,190.84,6.44,1.062,
65420,5050,201.13845,-5.16401,29.967,5.76,0.415,66 Vir
65429,,201.16134,83.30851,45.167,7.24,0.7,
65466,5057,201.27783,23.85442,87.489,5.75,0.09,
65468,5042,201.28041,-74.88782,67.797,5.04,1.11,Iot1Mus
65474,5056,201.29825,-11.16132,76.57,0.98,-0.235,Spica
65477,5062,201.30620,54.98796,25.056,3.99,0.169,Alcor
65479,5048,201.30852,-64.48514,39.2,5.32,0.411,
65515,,201.44016,56.97049,21.594,7.29,0.804,
65520,,201.45367,-28.37399,16.745,11.04,1.522,Gl 510
65522,5049,201.45986,-70.62725,136.05,5.65,-0.018,
65530,5070,201.50058,63.26127,21.169,6.50,0.739,Gl 511.1
65532,,201.52608,-16.85849,138.31,6.56,1.16,
65535,5058,201.53224,-39.75511,62.344,5.11,1.181,
65536,5073,201.53349,72.39148,359.71,5.82,1.652,
65539,,201.53385,-32.54731,86.58,6.85,0.356,
65545,5059,201.54756,-1.19247,78.308,5.97,0.183,
65550,5067,201.56915,46.02806,126.26,5.88,0.985,
65551,,201.56958,-48.78659,123.61,6.70,0.032,
65557,,201.61017,-34.01005,56.18,6.87,0.944,
65581,5064,201.67988,-12.70766,134.95,5.27,1.477,68 Vir
65593,5060,201.73383,-41.49756,598.8,5.69,1.477,
65595,5091,201.73807,78.64387,87.642,5.74,0.769,
65603,5074,201.76943,64.73553,71.582,6.64,0.383,
65606,5061,201.77662,-49.14371,436.68,6.31,0.003,
65613,5075,201.79416,64.71954,68.728,7.01,0.407,
65621,5065,201.81109,-40.16266,123.76,6.40,0.974,
65628,5051,201.82731,-74.69176,159.49,6.62,-0.056,Iot2Mus
65630,5063,201.83607,-49.38129,800,6.27,-0.123,
65639,5068,201.86319,-15.97358,85.911,4.76,1.096,69 Vir
65678,5076,201.99863,52.74559,97.561,6.34,0.259,
65682,,202.00784,-26.40224,429.18,6.49,1.608,
65714,,202.08783,-2.36028,13.889,11.23,1.539,Gl 512A
65721,5072,202.10755,13.77879,17.986,4.97,0.714,70 Vir
65723,5077,202.10933,40.72965,117.37,6.49,0.927,
65728,5085,202.11304,59.94579,71.378,5.40,-0.01,
65737,,202.12737,-27.39185,36.63,7.20,0.583,
65754,5083,202.19091,50.71857,78.989,6.42,0.404,
65755,5066,202.19505,-69.62715,187.62,6.17,-0.014,
65783,5069,202.28311,-64.67579,86.655,6.09,0.117,
65790,5081,202.30418,10.81831,98.232,5.65,1.052,71 Vir
65796,5078,202.31215,-1.36443,154.08,6.42,1.122,
65798,,202.31696,-45.53777,200.8,6.61,-0.042,
65808,,202.33809,-35.57100,33.047,7.26,0.724,
65810,5071,202.35522,-51.16513,155.52,5.04,0.059,
65835,5080,202.42827,-23.28133,124.22,6.40,1.317,
65839,,202.44618,1.09535,100,6.59,0.284,
65855,5087,202.49016,6.01353,145.14,6.51,0.956,
65859,,202.49907,10.37716,7.6558,9.05,1.493,Gl 514
65862,5086,202.50033,7.17885,325.73,6.18,1.471,
65891,,202.60536,-58.66436,136.05,6.75,1.003,
65892,5088,202.60719,-6.47027,53.22,6.10,0.341,72 Vir
65936,5089,202.76108,-39.40731,277.78,3.90,1.186,
65951,5096,202.81578,42.10615,80.386,6.07,1.075,
65955,,202.84378,-42.46475,144.93,6.56,0.962,
65969,5090,202.88823,-28.11274,99.502,6.48,0.09,
65982,,202.91642,-2.31739,30.703,7.32,0.781,GJ 3788
66005,,202.99080,-65.32185,82.85,6.62,0.29,
66006,5095,202.99119,-6.25582,122.55,4.68,1.606,Apamvatsa
66015,5094,203.01171,-18.72888,76.57,6.01,0.196,73 Vir
66019,5092,203.02254,-38.39884,97.943,6.14,1.031,
66047,,203.10645,-47.27136,37.965,7.17,0.603,Dofida
66060,5098,203.14363,-29.56526,50.531,6.45,0.438,
66065,5097,203.14961,-28.69277,71.582,5.69,0.037,
66077,,203.18577,16.81085,12.76,11.38,1.54,Gl 516A
66086,5102,203.20087,24.34674,134.59,6.11,0.969,
66091,5099,203.21519,-15.36301,157.73,5.52,1.228,75 Vir
66098,5100,203.24197,-10.16500,72.098,5.21,0.964,76 Vir
66113,,203.28831,5.85308,184.16,6.64,0.935,
66115,,203.29715,-8.44335,32.744,7.35,0.624,
66121,5082,203.31018,-77.56939,35.187,6.52,0.455,
66125,,203.33106,-77.57350,17.928,9.31,0.914,
66139,,203.37264,-43.42277,40.161,6.65,0.469,
66147,,203.38502,8.58676,19.069,7.98,1.026,GJ 2102
66152,5093,203.39958,-65.63269,111.48,6.36,-0.014,
66171,,203.44902,-39.94567,148.59,6.69,0.156,
66198,5109,203.53047,55.34843,91.575,5.60,-0.014,81 UMa
66200,5105,203.53305,3.65897,56.657,4.92,0.029,78 Vir
66212,,203.56775,-0.31378,26.56,7.37,1.521,
66216,,203.57436,-11.53737,60.643,7.10,0.458,
66223,5108,203.59110,38.78927,69.832,6.37,0.241,
66234,5112,203.61375,49.01597,55.279,4.68,0.132,24 CVn
66236,5103,203.62071,-48.27216,303.95,6.32,-0.052,
66238,,203.63573,-38.90721,30.057,7.29,0.669,GJ 9450
66247,5106,203.66854,-13.21432,148.15,5.92,0.02,
66249,5107,203.67330,-0.59582,22.712,3.38,0.114,Heze
66251,5131,203.67833,76.54671,229.36,6.46,1.573,
66252,,203.68004,-8.34204,20.21,9.24,1.21,Gl 517
66254,5104,203.68159,-33.31085,184.84,6.46,1.25,
66257,5110,203.69914,37.18241,45.662,4.91,0.404,
66275,,203.75712,12.51396,143.27,6.56,1.047,
66289,,203.79644,-62.63073,132.98,6.70,0.944,
66290,,203.79762,22.49973,46.296,6.91,0.466,
66292,,203.80102,-32.21239,69.444,6.77,0.368,
66320,5111,203.88040,-5.39619,97.182,5.70,0.95,80 Vir
66322,,203.88190,-22.02455,48.828,7.11,0.483,
66326,5114,203.88927,10.20496,120.48,6.48,1.043,
66367,,204.06104,-0.93099,54.23,7.05,0.531,
66376,,204.10908,-42.41534,90.334,6.82,0.245,
66385,5126,204.16623,49.48665,156.25,6.48,1.175,
66398,,204.20133,-26.49797,122.1,6.72,0.24,
66400,5120,204.20190,-26.49520,81.566,5.73,0.22,
66405,5117,204.21072,-34.46784,131.93,6.48,1.026,
66417,5123,204.24618,24.61330,140.65,5.72,1.593,
66422,,204.26149,67.03632,138.12,6.70,0.989,
66427,5118,204.27509,-44.14320,127.23,5.96,0.936,
66435,5139,204.29596,71.24225,126.1,5.50,1.219,
66438,5113,204.30120,-61.69186,35.727,5.63,0.493,
66454,5121,204.34784,-46.42788,126.42,5.91,-0.11,
66458,5127,204.36517,36.29490,60.901,4.82,0.239,25 CVn
66459,,204.36969,35.71776,10.936,9.06,1.391,Gl 519
66475,5133,204.42888,50.71484,434.78,6.51,1.555,
66486,,204.45049,-35.06484,34.025,7.19,0.689,
66521,5122,204.53178,-58.41465,158.48,6.41,1.113,
66522,5129,204.53286,14.30193,73.26,6.49,0.274,
66563,5128,204.67532,-29.56087,46.275,5.81,0.431,
66574,5119,204.69081,-70.44483,130.04,6.11,1.415,
66575,5124,204.70400,-57.62272,,6.00,1.138,
66594,5137,204.75952,18.26532,165.84,6.46,1.217,
66607,5115,204.80011,-75.68379,236.41,6.32,-0.003,
66613,,204.81214,51.80421,263.16,6.49,1.378,
66618,,204.83352,-67.67082,34.904,6.97,0.618,
66625,,204.85047,46.18649,13.009,10.24,1.368,Gl 521
66634,5142,204.87708,52.92121,53.591,5.46,0.113,82 UMa
66640,5138,204.89424,10.74627,59.988,5.57,0.348,
66645,5135,204.92019,-39.74759,306.75,6.29,1.597,
66656,5136,204.95232,-40.05171,152.21,5.61,1.301,
66657,5132,204.97194,-53.46639,131.06,2.29,-0.171,Eps Cen
66666,5134,204.99933,-49.94996,157.48,5.74,1.496,
66668,5125,205.00242,-70.78779,184.84,6.59,1.291,
66675,,205.02972,-4.18610,14.797,9.61,1.376,Gl 521.1
66681,5130,205.04484,-64.57655,69.444,5.79,0.401,
66690,5143,205.06494,31.01204,165.56,6.21,0.963,
66700,5153,205.08921,57.20761,91.075,6.28,0.111,
66704,5148,205.09698,50.51941,25.329,6.31,0.537,Gl 521.2A
66722,,205.15690,-44.33023,121.07,6.57,0.053,
66725,5145,205.16285,28.06517,166.67,6.22,1.311,
66727,5144,205.16863,19.95572,100.6,5.73,0.017,1 Boo
66728,,205.17047,76.84378,105.37,6.69,0.219,
66738,5154,205.18451,54.68163,160.51,4.63,1.63,83 UMa
66753,5084,205.23386,-85.78604,83.752,5.56,0.183,Kap Oct
66763,5149,205.25979,22.49577,102.99,5.63,1.009,2 Boo
66765,,205.26728,-34.46416,15.654,6.92,0.855,GJ 1175
66781,,205.30588,56.72717,24.637,7.77,0.83,
66782,,205.30647,-46.02831,123.76,6.70,1.024,
66798,5162,205.37438,64.82241,68.213,5.85,0.073,
66800,5146,205.37858,-23.44981,216.45,6.60,0.057,
66803,5150,205.40324,-8.70298,156.25,5.03,1.623,82 Vir
66821,5141,205.43662,-54.55942,83.195,4.99,-0.055,
66849,5140,205.50460,-58.78708,239.81,5.38,-0.029,
66857,,205.52658,65.27308,134.77,6.60,0.135,
66860,5156,205.55318,8.38839,36.443,6.16,0.418,
66874,,205.58655,-33.98046,75.586,6.66,0.424,
66878,5203,205.59569,82.75241,122.55,5.92,0.993,
66892,5160,205.62009,41.67428,279.33,6.30,0.879,
66903,5184,205.66395,78.06444,100.7,5.91,1.0,
66906,,205.68035,33.29010,9.279,12.03,2.4,GJ 3801
66907,5161,205.68095,34.98902,146.84,5.98,0.857,
66923,5152,205.72765,-50.79024,259.74,6.43,1.671,
66924,5155,205.72931,-41.40104,110.38,5.96,1.019,
66925,5151,205.73380,-56.76797,884.96,6.00,-0.096,
66936,5159,205.76547,3.53790,73.099,5.35,1.091,84 Vir
66974,,205.89878,14.36561,52.938,6.92,0.631,
66984,5157,205.91703,-42.06752,613.5,5.96,-0.075,
66992,5164,205.93818,22.70042,170.36,6.12,1.447,
67004,5163,205.97598,-5.49893,128.37,6.51,0.053,
67005,5169,205.97826,52.06441,96.061,6.02,0.017,
67008,,205.98902,-59.23599,255.75,6.51,-0.027,
67036,5158,206.06671,-51.01245,119.05,6.44,-0.106,
67057,5165,206.12427,-16.17907,252.53,5.55,0.805,83 Vir
67069,,206.18585,-14.22518,33.761,6.90,0.542,
67071,5166,206.19029,-25.50093,158.73,6.21,1.374,
67090,,206.27112,17.78544,13.24,9.79,1.42,Gl 525
67103,5177,206.30486,55.87935,34.59,6.47,0.486,
67104,,206.30598,10.32531,128.87,6.42,1.226,
67105,,206.31132,8.83598,20.986,8.47,1.051,
67125,,206.36401,-48.79166,58.343,6.76,0.54,
67139,5170,206.39612,-15.76747,106.04,6.18,0.046,85 Vir
67143,5167,206.40374,-26.11601,87.032,5.81,0.023,
67153,5168,206.42207,-33.04372,19.402,4.23,0.39,1 Cen
67155,,206.43225,14.89152,5.3911,8.46,1.435,Gl 526
67164,,206.46133,-17.96822,10.244,11.81,1.542,GJ 3804
67172,5173,206.48466,-12.42653,124.69,5.50,0.898,86 Vir
67186,,206.52813,5.11563,46.382,7.21,0.563,
67194,5179,206.55653,41.08875,52.549,5.88,0.211,
67195,,206.55732,30.89701,43.725,6.51,0.491,
67199,,206.56052,-54.68337,104.93,6.42,0.116,
67210,5180,206.57946,38.50363,130.72,5.92,0.948,
67231,5187,206.64860,54.43268,89.047,5.68,-0.039,84 UMa
67234,5172,206.66406,-51.43277,80.515,4.64,0.955,
67239,5182,206.68051,25.70224,89.686,5.97,0.523,3 Boo
67244,5174,206.73480,-36.25193,133.87,5.15,-0.007,
67246,5183,206.73801,6.35037,31.666,6.33,0.63,
67250,5186,206.74916,38.54270,97.182,5.51,1.036,
67261,5171,206.79528,-62.58971,740.74,6.40,,
67270,,206.80496,-19.25578,97.371,6.73,0.323,
67271,5178,206.80586,-9.70946,186.57,6.04,1.418,
67275,5185,206.81565,17.45691,15.618,4.50,0.508,Tepiamenit
67288,5181,206.85579,-17.85984,207.47,5.41,1.623,87 Vir
67292,5175,206.86507,-50.24929,64.851,5.92,0.279,
67301,5191,206.88531,49.31327,31.867,1.85,-0.099,Alkaid
67304,5176,206.91078,-50.32068,152.67,5.46,1.351,
67308,,206.92565,-32.43002,14.491,8.13,1.322,GJ 1177A
67338,,207.02127,42.04747,164.74,6.59,1.094,
67355,,207.07494,-6.83738,146.2,6.57,0.931,
67379,,207.14455,7.96011,61.35,6.81,0.34,
67384,5195,207.16140,31.19021,87.184,5.61,1.032,
67389,,207.17437,-37.12742,44.444,6.73,0.434,
67408,5189,207.22974,-35.70418,29.472,6.56,0.561,GJ 3806
67422,,207.26677,26.97991,13.408,7.05,1.11,Gl 528A
67438,,207.31877,-40.51640,57.241,6.95,0.383,
67457,5192,207.36136,-34.45078,56.117,4.19,1.52,2 Cen
67459,5200,207.36935,15.79791,80.775,4.05,1.52,5Ups Boo
67461,,207.37214,6.34383,107.18,6.76,0.083,
67464,5190,207.37617,-41.68771,133.87,3.41,-0.225,Heng
67470,,207.40027,13.01030,59.666,6.66,0.491,
67472,5193,207.40414,-42.47373,155.04,3.47,-0.17,Mu Cen
67480,5201,207.42846,21.26411,123,4.92,1.432,6 Boo
67481,,207.43398,8.40864,154.08,6.60,0.131,
67483,5204,207.43723,36.63282,62.461,6.43,0.256,
67485,5213,207.43944,61.48931,125.79,5.97,0.974,
67487,,207.43703,-22.11109,14.3,8.16,1.257,Gl 529
67494,5196,207.46787,-18.13417,74.906,4.96,1.059,89 Vir
67495,,207.46833,13.19195,106.84,6.65,0.218,
67512,,207.50634,78.99569,193.8,6.59,1.136,
67521,,207.52595,18.62894,92.85,6.84,0.335,
67523,5197,207.52713,-29.08132,117.37,6.19,-0.009,
67537,5198,207.58082,-39.90085,112.61,6.43,0.992,
67543,,207.59794,21.27661,105.71,6.82,0.94,
67545,5205,207.60283,5.49722,154.8,6.00,0.899,
67548,5216,207.61565,58.53946,76.864,6.45,0.094,
67555,5202,207.64415,-19.89789,101.11,6.54,0.51,
67589,5227,207.74706,68.31530,102.35,6.39,1.179,
67590,,207.74893,53.29053,62.539,6.88,0.47,
67592,,207.75185,80.76792,151.75,6.67,1.119,
67593,,207.76155,23.77668,5.3259,13.31,,
67596,5214,207.76887,34.77252,89.127,6.66,0.116,
67605,5215,207.78840,34.66440,207.9,5.89,1.635,
67620,5209,207.83484,-24.39037,19.474,6.43,0.703,Gl 530
67627,5226,207.85808,64.72327,113.9,4.58,1.572,10 Dra
67648,5208,207.90213,-36.43328,57.971,6.34,0.484,
67655,,207.91909,-57.43565,25.368,7.97,0.663,
67663,5206,207.94676,-46.89867,487.8,5.77,-0.153,
67664,5194,207.94761,-69.40126,223.21,5.73,1.704,
67665,5219,207.94782,34.44424,184.16,4.76,1.611,
67669,5210,207.95668,-32.99409,105.37,4.32,-0.146,3 Cen
67673,,207.96249,11.93720,57.045,6.90,0.432,
67674,,207.96582,10.13593,236.41,6.57,1.512,
67691,,207.99945,49.95091,14.204,8.82,1.317,Gl 532
67696,5212,208.00409,-31.61921,52.687,6.11,0.478,
67703,5207,208.02032,-52.81153,79.681,5.26,-0.084,
67714,5220,208.07668,12.16513,103.95,6.10,0.042,
67742,,208.15029,-50.92175,17.079,7.37,0.891,Gl 531
67778,,208.28516,40.33798,355.87,6.48,1.55,
67782,5229,208.29288,28.64813,65.746,5.91,0.202,
67786,5221,208.30226,-31.92761,195.31,4.75,-0.111,4 Cen
67787,5225,208.30388,17.93287,211.42,5.71,0.845,7 Boo
67819,5222,208.38655,-35.66425,52.274,5.53,0.444,
67836,5217,208.42959,-53.37332,276.24,5.87,0.009,
67848,5238,208.46260,53.72868,146.84,5.70,-0.032,86 UMa
67851,5224,208.46709,-35.31436,65.963,6.17,1.009,
67861,5223,208.48851,-47.12816,,5.83,-0.053,
67890,5228,208.56939,-28.56959,64.851,6.05,1.129,
67896,,208.58906,-17.18012,177.94,6.59,1.387,
67904,,208.61748,20.64178,31.526,7.89,0.687,
67908,,208.63209,-22.24504,192.68,6.61,1.05,
67918,,208.65984,-34.59754,55.835,6.83,0.415,
67927,5235,208.67117,18.39772,11.396,2.68,0.58,Muphrid
67929,5232,208.67560,-1.50313,75.586,5.16,1.093,90 Vir
67942,5218,208.70469,-67.65210,289.02,5.74,1.49,
67953,5233,208.74250,-8.05885,33.08,6.19,0.53,
67960,,208.76074,-29.09053,17.262,9.53,1.414,GJ 1181A
67973,5230,208.80063,-52.16082,108.23,5.66,-0.072,
68002,5231,208.88501,-47.28838,117.1,2.55,-0.176,Leepwal
68009,5188,208.91240,-82.66619,245.7,5.95,1.411,
68021,5237,208.93516,-31.28498,125.16,6.53,0.894,
68030,5243,208.95833,14.05650,24.863,6.16,0.518,
68038,,208.97133,-9.75528,56.883,6.85,0.477,
68064,,209.03968,25.91871,104.28,6.78,0.402,
68065,5245,209.04363,32.03260,67.34,6.31,0.401,
68079,5239,209.08255,-46.59295,97.561,5.82,1.14,
68080,5234,209.08323,-54.13242,139.86,6.14,0.071,
68092,5244,209.11615,1.05058,90.253,5.90,0.217,92 Vir
68101,5236,209.13734,-54.70466,38.7,6.00,0.78,Gl 534.1A
68103,5247,209.14240,27.49208,178.25,5.02,1.441,9 Boo
68170,,209.33919,-62.48895,69.3,6.65,0.79,
68177,5246,209.36553,-23.02263,175.75,6.14,1.426,
68184,5256,209.38367,61.49286,10.064,6.49,1.04,
68191,5241,209.41213,-63.68670,64.267,4.71,1.075,
68224,,209.49531,-25.99808,196.46,6.42,1.274,
68245,5248,209.56779,-42.10075,161.03,3.83,-0.224,Phi Cen
68269,5250,209.62978,-24.97225,102.04,5.20,-0.086,47 Hya
68270,5242,209.63028,-65.80066,156.99,6.20,1.043,
68276,5255,209.66219,21.69622,144.72,5.76,-0.002,10 Boo
68279,5254,209.66628,14.64927,170.94,6.01,1.43,
68282,5249,209.66980,-44.80358,131.06,3.87,-0.208,Ups1Cen
68333,5251,209.82280,-50.36965,106.16,5.92,0.957,
68380,5258,209.95533,-3.54979,77.519,6.36,0.486,
68390,5257,210.00056,-25.01040,55.991,5.77,0.48,48 Hya
68398,,210.01949,-8.16164,104.06,6.56,1.05,
68413,5252,210.07263,-61.48103,59.312,6.49,0.333,
68414,,210.07866,-46.12725,98.522,6.57,0.24,
68418,,210.09763,39.02994,216.92,6.63,1.297,
68431,5240,210.13686,-78.58998,239.81,6.09,0.007,
68434,,210.15042,-26.26641,42.212,6.73,0.473,
68455,5253,210.21894,-66.26891,76.103,5.96,0.352,
68469,,210.26328,-2.65486,10.028,9.71,1.461,Gl 536
68475,,210.28580,-44.19772,154.08,6.70,0.166,
68478,5263,210.29370,27.38659,90.992,6.23,0.193,11 Boo
68493,5259,210.32943,-40.22194,203.67,6.12,1.265,
68498,5262,210.33512,8.89491,82.85,5.98,0.089,
68516,,210.40338,17.66839,387.6,6.36,1.215,
68520,5264,210.41164,1.54453,68.966,4.23,0.121,93Tau Vir
68523,5260,210.43122,-45.60342,389.11,4.34,0.598,Ups2Cen
68537,5282,210.46119,68.67867,230.41,6.34,1.412,
68567,5271,210.55075,45.75346,170.07,6.28,1.353,
68581,5265,210.59493,-27.42977,134.77,5.47,1.331,
68593,,210.63186,31.66086,39.293,7.16,0.563,
68594,5270,210.63270,9.68610,236.97,6.18,0.853,
68634,,210.73694,14.97534,26.831,7.12,0.74,GJ 3824
68637,5280,210.74902,50.97181,100.4,6.16,0.026,
68641,5268,210.75717,-31.68404,38.168,6.18,0.48,
68643,,210.76698,-17.36701,111.86,6.32,1.38,
68670,5266,210.86057,-56.21343,167.22,5.93,1.207,
68673,5269,210.86448,-41.42334,219.78,6.08,-0.112,
68682,5273,210.88479,10.78678,16.984,6.27,0.733,Gl 538
68687,5274,210.90319,7.54617,142.05,6.25,0.927,
68702,5267,210.95594,-60.37304,120.19,0.61,-0.231,Hadar
68705,5272,210.97120,-22.42160,85.47,6.30,0.452,
68707,5275,210.98232,4.90097,59.702,6.24,0.406,
68708,,210.98721,11.28246,127.71,6.70,1.168,
68736,,211.05123,-41.81258,56.433,7.00,0.49,
68739,5276,211.06067,-5.38142,100.91,6.39,1.321,
68752,,211.08946,-9.25768,121.21,6.65,0.029,
68756,5291,211.09748,64.37585,92.937,3.67,-0.049,Thuban
68763,5277,211.11241,-14.97171,125.94,6.35,1.081,
68776,5283,211.15595,2.29753,120.19,6.28,1.022,
68785,,211.19143,25.81774,44.014,6.95,0.484,
68808,5284,211.30839,-16.33599,103.31,6.56,0.104,
68815,5261,211.33355,-76.79675,113.12,5.69,1.239,The Aps
68842,5278,211.44375,-54.66936,156.25,6.20,0.225,
68862,5285,211.51155,-41.17963,156.49,4.36,-0.198,Chi Cen
68872,5286,211.54545,-43.09170,131.23,6.18,0.986,
68888,,211.57405,-8.89162,118.48,6.54,0.018,
68895,5287,211.59289,-26.68236,30.96,3.25,1.091,49Pi Hya
68902,5281,211.60484,-59.71590,,6.39,0.079,
68913,,211.62333,16.97023,370.37,6.54,1.606,
68933,5288,211.67093,-36.36995,18.034,2.06,1.011,Menkent
68937,,211.67352,-14.20489,240.38,6.57,1.573,
68940,5290,211.67844,-9.31352,58.038,5.46,0.347,95 Vir
68956,5305,211.73522,74.59378,130.89,6.43,0.16,3 UMi
69011,,211.92007,-48.70403,93.633,6.43,0.001,
69012,,211.92307,-49.86761,46.533,6.45,0.66,
69038,5299,211.98231,43.85445,157.23,5.13,1.493,
69040,,211.98538,48.21079,53.022,6.80,0.372,
69064,,212.05143,80.59728,16.921,10.31,1.379,Gl 540
69065,5289,212.05952,-63.20795,112.49,6.39,1.013,
69067,,212.06608,24.31505,282.49,6.57,1.499,
69068,5300,212.07217,49.45817,168.35,5.26,1.637,13 Boo
69090,5279,212.11485,-74.85028,28.498,6.02,0.581,Gl 539.1
69107,5302,212.19215,59.33765,119.76,6.47,1.023,
69112,5321,212.21247,77.54751,140.06,4.80,1.368,4 UMi
69113,5294,212.21622,-43.47078,161.03,6.19,-0.056,
69122,5292,212.23442,-59.27671,381.68,6.34,0.031,
69127,5298,212.25248,-10.33455,127.23,6.45,1.003,96 Vir
69174,5296,212.39601,-51.50467,251.26,5.96,-0.053,
69178,,212.40498,15.62155,56.243,6.87,0.442,
69191,5297,212.47863,-53.43895,55.928,4.74,0.938,
69207,,212.53680,68.86338,251.26,6.54,1.24,
69213,,212.55432,-30.62095,127.55,6.77,0.111,
69226,5304,212.59973,25.09168,37.425,4.82,0.541,12 Boo
69241,5293,212.62878,-70.30546,,6.07,1.718,
69269,5301,212.71035,-16.30203,141.24,4.93,1.684,
69285,,212.73955,-31.29033,16.784,10.77,,
69295,,212.75562,58.54899,136.8,6.73,0.979,
69298,5295,212.75798,-69.71932,69.493,6.07,0.19,
69299,,212.76038,-48.78244,74.019,6.61,0.917,
69316,5310,212.81301,32.29589,110.74,6.14,1.258,
69340,5307,212.88001,1.36240,44.444,6.42,0.479,
69357,,212.94240,-12.61177,23.386,7.93,0.865,GJ 3827
69373,5334,213.01683,69.43255,131.23,5.18,1.595,
69389,5313,213.06585,2.40943,79.177,4.99,-0.118,
69398,5309,213.10236,-24.36335,171.23,6.35,1.351,
69414,,213.18850,-3.32008,22.051,7.05,0.733,GJ 3830
69415,5312,213.19178,-27.26119,66.711,5.07,1.13,50 Hya
69427,5315,213.22393,-10.27370,78.125,4.18,1.323,Kang
69454,,213.30294,-56.74206,11.68,10.20,1.5,
69458,5314,213.30524,-26.61231,162.6,6.23,1.071,
69462,5308,213.31839,-53.66567,653.59,5.53,1.438,
69481,5328,213.36577,51.78787,46.447,6.62,0.394,17Kap1Boo
69483,5329,213.37077,51.78997,50.1,4.53,0.233,17Kap2Boo
69487,,213.39214,-84.54463,122.55,6.78,0.982,
69491,5311,213.41596,-54.62563,315.46,6.09,0.051,
69493,5317,213.41996,-0.84546,59.382,5.89,0.489,
69517,,213.45609,11.99775,170.94,6.59,1.006,
69518,,213.46401,46.32517,37.439,7.17,0.53,
69526,,213.48798,30.21719,17.428,8.03,1.064,GJ 3833
69536,5323,213.52160,12.95944,33.921,5.53,0.537,14 Boo
69564,5322,213.58880,-5.94772,42.863,6.36,0.593,
69569,5335,213.59814,41.51876,45.767,6.23,1.071,
69585,,213.64836,13.97545,144.09,6.45,1.348,
69592,5333,213.67067,21.87339,59.88,6.38,0.194,
69598,5318,213.67786,-41.83749,136.61,5.61,0.929,
69612,5330,213.71187,10.10061,81.235,5.29,1.007,15 Boo
69614,5331,213.72091,3.33588,247.52,6.41,1.6,
69618,5316,213.73812,-57.08613,147.71,5.03,-0.074,
69623,5324,213.75523,-29.28190,169.2,6.10,0.04,
69650,5345,213.82084,52.53592,93.284,6.56,0.096,
69653,,213.83079,3.13138,40.568,7.03,0.57,
69655,5319,213.83882,-53.50994,315.46,6.40,1.576,
69658,5332,213.85037,-18.20069,75.643,5.53,0.001,
69671,5325,213.91106,-45.00076,21.218,6.31,0.596,Gl 540.3
69673,5340,213.91545,19.18241,11.258,-0.05,1.239,Arcturus
69699,,213.99953,56.68915,48.309,6.68,0.58,
69701,5338,214.00362,-6.00055,22.237,4.07,0.511,Syrma
69704,,214.01000,45.56627,140.25,6.50,1.041,
69713,5350,214.04158,51.36723,29.07,4.75,0.236,21Iot Boo
69722,5337,214.07640,-33.24132,74.516,6.57,0.294,
69727,5341,214.08909,-6.62154,64.267,6.44,0.275,
69732,5351,214.09611,46.08830,30.358,4.18,0.087,Xuange
69735,5347,214.10124,39.74471,50,6.38,0.376,
69747,5342,214.12569,-3.19631,140.25,6.15,-0.007,
69751,5346,214.13687,20.12185,32.626,6.25,0.504,
69753,,214.14139,32.20843,145.99,6.73,0.938,
69763,5320,214.16135,-66.58789,400,5.72,-0.095,
69773,,214.20306,-8.88447,177.94,6.47,1.212,
69778,5306,214.22983,-77.66422,617.28,6.48,1.375,
69792,5344,214.26579,-18.58570,125.63,6.22,0.985,
69793,,214.26593,54.54286,55.96,7.00,0.745,
69796,,214.27131,-66.31605,44.464,7.29,0.59,
69818,5360,214.33812,51.30737,90.334,6.19,0.07,
69823,,214.34431,-9.02276,218.34,6.62,1.267,
69829,5352,214.36856,15.26338,233.64,5.84,1.678,
69862,5363,214.45502,48.00200,70.522,6.32,0.466,
69879,5361,214.49925,35.50950,71.582,4.80,1.057,
69881,5353,214.50302,-7.54239,32.541,6.47,0.723,Gl 541.1
69896,5303,214.55815,-81.00776,42.337,4.89,0.243,Eta Aps
69904,5348,214.59902,-33.22055,96.154,6.54,0.284,
69929,5355,214.65940,-18.71597,102.04,5.86,0.013,
69958,5372,214.73298,54.86375,101.42,6.47,0.183,
69965,5356,214.75383,-25.81543,18.034,5.87,0.518,Gl 542.1A
69972,,214.77121,-59.37904,11.798,6.66,1.017,Gl 542
69974,5359,214.77747,-13.37110,57.175,4.52,0.128,Khambalia
69977,,214.77982,-27.14115,277.01,6.35,1.591,
69989,5365,214.81782,13.00430,26.096,5.41,0.385,18 Boo
69995,5357,214.84953,-37.00291,73.475,5.93,0.082,
69996,5354,214.85094,-46.05809,103.63,3.55,-0.184,Iot Lup
70012,5366,214.88533,-2.26552,80.192,5.14,1.023,102Ups Vir
70016,,214.89528,-5.15120,20.881,7.58,0.867,Gl 544A
70022,5368,214.92063,0.38433,63.251,6.18,0.201,
70027,5370,214.93850,16.30695,57.339,4.84,1.228,20 Boo
70029,5373,214.94889,38.79405,132.28,6.33,0.053,
70035,5349,214.96503,-61.27297,48.356,5.22,0.281,
70038,,214.97168,-6.74617,101.63,6.42,0.915,
70042,,214.98909,-73.96844,346.02,6.58,-0.046,
70051,5374,215.03611,30.42913,92.937,6.45,0.156,
70054,5362,215.04044,-43.05884,113.12,5.55,0.907,
70069,5358,215.08145,-56.38650,375.94,4.30,0.082,
70090,5367,215.13934,-37.88529,79.365,4.05,-0.03,Psi Cen
70104,5364,215.17739,-45.18706,43.554,4.78,0.31,
70185,,215.39405,-16.25850,9.7418,13.45,,
70218,,215.48864,29.62962,14.347,8.56,1.275,Gl 546
70220,,215.49406,-1.98808,107.07,6.82,0.198,
70236,,215.55836,29.36992,236.41,6.50,1.44,
70243,5376,215.58218,-34.78679,420.17,5.57,-0.088,
70248,5336,215.59662,-80.10895,197.63,5.06,-0.108,Eps Aps
70252,,215.62050,60.96571,41.408,7.40,0.609,
70264,5371,215.65456,-58.45912,117.51,4.76,0.795,
70269,,215.66110,-7.76818,39.417,6.82,0.584,
70270,5375,215.66132,-48.31986,671.14,6.10,-0.13,
70282,,215.69330,-0.63713,123,6.74,0.058,
70300,5378,215.75934,-39.51182,140.25,4.41,-0.185,
70306,5381,215.77413,-27.75402,48.263,4.78,1.3,51 Hya
70310,5387,215.77846,25.33817,36.536,6.22,0.411,
70319,5384,215.81369,1.24157,17.191,6.25,0.639,Gl 547
70320,,215.81399,-47.41696,478.47,6.41,1.257,
70325,5377,215.83440,-50.77225,311.53,6.03,1.36,
70327,5385,215.84457,8.44662,65.92,4.86,0.01,
70336,5383,215.85678,-11.71404,102.67,6.22,0.99,2 Lib
70356,,215.92461,40.84443,66.445,6.72,0.593,
70363,5380,215.95251,-53.17623,112.99,5.99,1.099,
70379,,215.99044,-16.10191,157.48,6.69,0.091,
70384,5388,216.00365,8.24397,135.5,5.94,0.066,
70385,,216.00825,27.41318,609.76,6.39,1.609,
70386,,216.02401,11.24696,37.078,6.76,0.575,
70400,5392,216.04726,5.82013,48.757,5.10,0.124,
70414,5394,216.07612,8.08460,110.01,6.19,1.208,
70418,5327,216.09235,-82.84825,296.74,6.42,-0.001,
70451,,216.17009,-44.31113,159.49,6.43,1.047,
70452,5393,216.17022,-11.66970,90.498,6.49,0.417,
70459,,216.19236,-63.70656,36.023,7.26,0.595,
70469,5390,216.20262,-24.80631,140.65,5.34,0.962,
70475,,216.23325,8.88762,14.28,12.23,1.613,GJ 3846
70483,,216.25426,-37.44704,110.38,6.70,0.114,
70492,5379,216.27639,-68.19533,621.12,5.56,0.435,
70497,5404,216.29951,51.85074,14.531,4.04,0.497,23The Boo
70499,,216.31583,53.58495,41,7.11,0.526,
70501,,216.32331,-13.35316,154.08,6.49,1.223,
70514,,216.36552,-28.89561,105.6,6.83,1.085,
70517,5402,216.37146,38.39305,172.41,6.28,1.225,
70518,5397,216.37455,-19.96999,127.88,6.63,0.136,
70520,,216.37548,20.59016,44.924,7.27,0.581,
70528,5382,216.41574,-66.17292,132.63,6.36,0.128,
70529,,216.43098,23.61708,16.364,9.77,1.419,Gl 548A
70536,,216.44421,23.62047,16.049,9.98,1.452,Gl 548B
70538,5399,216.44904,-26.85224,71.787,6.48,0.941,
70574,5395,216.53429,-45.22142,334.45,4.56,-0.147,Tau1Lup
70576,5396,216.54504,-45.37928,97.847,4.33,0.434,Tau2Lup
70580,5398,216.55611,-42.31860,98.135,6.33,1.215,
70602,5405,216.61402,19.22690,89.127,5.40,0.231,22 Boo
70626,5400,216.70782,-39.87399,147.28,6.36,-0.088,
70638,5339,216.73201,-83.66788,91.659,4.31,1.3,Del Oct
70657,5391,216.77960,-65.82165,277.01,5.87,1.502,
70663,5401,216.80088,-46.13425,67.843,5.83,0.311,
70671,,216.81987,-78.62028,152.67,6.72,1.129,
70677,,216.83907,-14.83878,44.603,7.31,0.487,
70680,5406,216.85161,-6.12033,78.864,6.18,0.093,104 Vir
70685,5411,216.86455,41.02491,77.399,6.64,0.369,
70692,5430,216.88137,75.69599,110.01,4.25,1.431,5 UMi
70714,,216.93867,-13.35935,43.611,6.65,0.425,
70753,5407,217.04346,-29.49164,120.63,4.97,-0.074,52 Hya
70755,5409,217.05057,-2.22796,36.258,4.81,0.693,Elgafar
70762,5416,217.06851,36.19703,259.74,6.22,1.174,
70782,,217.12974,2.78883,39.093,7.02,0.549,
70784,,217.13315,-10.00429,240.38,6.61,1.408,
70791,5420,217.15796,49.84485,100,5.58,0.864,24 Boo
70794,5410,217.17384,-6.90054,191.57,5.42,1.49,106 Vir
70798,5403,217.18125,-59.19755,,6.46,0.111,
70802,,217.20065,-5.21869,159.49,6.60,1.114,
70809,,217.21631,-47.99209,131.58,6.40,-0.112,
70839,,217.29107,-29.11350,55.096,7.10,0.511,
70844,,217.31259,44.26214,216.92,6.52,1.017,
70857,,217.34387,80.80985,19.893,6.88,0.774,GJ 3859
70865,,217.37383,15.53264,14.008,10.67,1.471,Gl 552
70873,5423,217.40323,41.79591,23.742,6.36,0.702,GJ 3852
70874,5389,217.40440,-76.72908,150.83,6.06,1.18,
70890,,217.43977,-62.67948,1.2959,11.01,1.807,Proxima Centauri
70892,5422,217.45696,31.79119,110.13,6.06,-0.013,
70894,5418,217.46049,0.82893,79.302,5.96,0.159,
70906,,217.50059,-4.24721,56.915,7.05,0.408,
70915,5412,217.53599,-45.32135,146.2,5.51,-0.087,
70923,,217.55817,-15.24841,63.171,7.08,0.446,
70931,5413,217.58734,-49.51902,62.344,5.38,0.056,
70950,,217.68768,35.45375,22.722,8.68,1.031,Gl 554
70949,5424,217.68912,4.77229,212.77,6.01,1.421,
70952,5436,217.69248,63.18579,31.786,6.10,0.428,
70956,,217.69885,-8.64634,16.987,9.40,1.403,Gl 553
70966,5417,217.73592,-40.84512,282.49,6.39,1.441,
70975,,217.75487,-12.29610,10.818,11.92,1.591,Gl 553.1
70987,5419,217.79517,-38.86971,96.618,5.99,1.06,
70988,,217.79706,-40.38642,125.31,6.75,0.963,
71002,5408,217.81836,-67.71720,76.046,5.84,1.006,
71008,,217.83517,43.38234,109.17,6.73,0.095,
71040,5437,217.92851,60.22564,117.1,6.26,0.243,
71053,5429,217.95750,30.37144,49.092,3.57,1.298,Kalasungsang
71075,5435,218.01954,38.30825,26.61,3.04,0.191,Seginus
71094,5433,218.08429,26.67728,73.638,6.00,0.23,
71111,5442,218.12889,55.39801,190.11,5.74,1.529,
71115,5434,218.13561,22.26006,54.025,5.91,0.391,26 Boo
71121,5425,218.15443,-50.45716,176.37,4.44,-0.177,Sig Lup
71154,5428,218.29020,-30.71507,101.21,6.07,1.03,
71168,5441,218.33445,36.95902,75.019,6.39,0.521,
71181,,218.37059,52.90879,13.219,7.24,0.997,Gl 556
71182,5427,218.37488,-52.67952,100.3,5.86,1.085,
71184,5426,218.38506,-54.99863,76.453,5.86,0.482,
71192,,218.39791,65.39543,29.533,6.60,0.504,
71193,,218.40143,35.58572,36.792,7.61,0.752,
71196,5479,218.41066,79.66043,137.93,6.27,1.315,
71206,,218.43596,43.00781,79.618,6.75,0.16,
71235,,218.52096,46.78649,127.88,6.51,0.062,
71239,5431,218.53321,-42.09926,252.53,6.59,0.078,
71243,5445,218.54872,32.53448,40.568,6.32,0.45,
71251,5451,218.56594,57.06526,29.3,6.46,0.526,
71253,,218.57007,-12.51956,6.061,11.32,1.633,Gl 555
71277,5448,218.66043,36.62606,155.52,6.02,1.379,
71280,5452,218.66514,49.36835,262.47,5.74,1.56,
71284,5447,218.67000,29.74513,15.833,4.47,0.364,Genghe
71295,5438,218.71137,-20.43938,149.7,6.49,0.139,
71333,5432,218.82108,-60.01564,171.53,6.39,1.256,
71352,5440,218.87679,-42.15782,93.721,2.33,-0.157,Eta Cen
71353,5439,218.88118,-41.51744,112.49,5.88,-0.085,
71395,,219.00233,9.74652,16.502,7.48,0.973,GJ 3860
71406,5454,219.02863,23.25036,116.69,6.39,1.063,
71419,5444,219.07932,-46.24545,214.59,5.55,1.489,
71429,5446,219.10047,-39.59741,139.47,6.13,1.048,
71453,5449,219.18390,-40.21158,147.49,5.74,-0.112,
71466,,219.23268,42.83116,60.938,6.59,0.505,
71469,5455,219.24912,-12.30535,32.175,6.20,0.464,
71481,,219.27036,-25.80256,26.035,8.29,0.685,
71494,,219.30176,-53.06079,272.48,6.49,1.447,
71500,5450,219.33399,-46.13344,418.41,5.39,0.927,
71510,,219.36861,2.27724,74.794,6.45,0.56,
71520,,219.40231,-43.11130,164.2,6.51,0.958,
71530,5443,219.44414,-67.93201,27.894,6.03,0.506,Gl 558.1
71536,5453,219.47181,-49.42583,96.899,4.05,-0.152,Rho Lup
71568,5464,219.55255,43.64213,276.24,5.74,1.481,
71571,5462,219.55829,18.29838,99.01,5.90,1.099,GJ 3862
71573,5467,219.56340,54.02334,110.25,5.83,0.007,
71577,,219.57364,-49.90113,236.41,6.51,0.031,
71581,5456,219.58067,-38.79418,221.24,6.04,1.422,
71585,,219.60379,-35.27655,109.65,6.78,0.159,
71618,5468,219.70934,44.40450,57.013,5.39,0.03,33 Boo
71629,,219.74845,-59.14105,60.423,6.53,0.512,
71631,,219.75132,64.29166,34.13,7.60,0.626,Gl 559.1
71639,5457,219.79540,-46.58448,35.002,6.06,0.508,
71658,5458,219.85221,-49.05532,55.188,6.37,0.44,
71681,5460,219.90519,-60.83830,1.3248,1.35,0.9,Toliman
71683,5459,219.91147,-60.83398,1.3248,-0.01,0.71,Rigil Kentaurus
71682,,219.92064,-26.72368,42.772,6.99,0.466,
71724,,220.07353,-40.84170,157.23,6.65,-0.069,
71727,,220.08032,-45.79384,208.77,6.61,-0.112,
71729,5472,220.09115,21.97587,116.28,6.13,0.434,
71735,,220.11696,-57.02956,26.518,7.39,0.672,
71743,,220.12962,-16.20929,23.68,7.24,0.71,
71746,5461,220.13652,-56.44076,348.43,6.30,1.173,
71759,5473,220.17663,13.53433,50.813,5.93,0.238,
71762,5475,220.18152,16.41832,93.721,4.49,-0.002,29Pi 1Boo
71782,,220.25325,57.95780,55.463,7.03,0.844,
71783,5466,220.25582,-36.13486,189.75,5.67,-0.081,
71795,5477,220.28730,13.72830,53.879,3.78,0.044,30Zet Boo
71832,5480,220.41145,8.16176,164.74,4.86,0.992,31 Boo
71837,5481,220.43134,11.66066,123.61,5.55,0.941,32 Boo
71853,5474,220.46349,-30.93316,353.36,6.38,-0.083,
71855,,220.46774,-75.13948,19.996,6.73,0.707,GJ 3863
71857,5483,220.47597,21.12355,142.25,6.40,0.928,
71860,5469,220.48235,-47.38820,142.45,2.30,-0.154,Uridim
71861,5465,220.48315,-58.61583,42.68,6.21,0.454,
71865,5471,220.48998,-37.79350,103.95,4.01,-0.157,
71870,,220.49895,-77.01145,179.86,6.34,-0.027,
71876,5492,220.51334,61.26192,40.667,6.24,0.409,
71890,,220.55471,-32.77031,66.534,6.63,0.912,
71898,,220.59098,66.05574,10.733,10.88,1.615,GJ 9492
71908,5463,220.62738,-64.97514,16.57,3.18,0.256,Xami
71931,,220.67685,14.70858,63.211,6.59,0.366,
71957,5487,220.76510,-5.65821,18.271,3.87,0.385,107Mu Vir
71974,5484,220.80647,-24.99775,152.44,5.70,0.006,4 Lib
71995,5490,220.85568,26.52785,215.98,4.80,1.672,Alrumh
71997,,220.85766,-9.69974,131.41,6.52,1.023,
72000,,220.86726,-62.96667,,6.39,-0.086,
72010,5485,220.91436,-35.17365,64.226,4.06,1.356,
72012,5493,220.93515,40.45925,209.64,5.72,1.398,
72029,,221.01471,61.09828,82.169,6.87,0.409,
72047,,221.05700,-8.25193,45.6,6.64,0.431,
72048,,221.05930,-69.67412,34.211,6.99,0.553,
72066,,221.11751,45.18598,61.538,6.73,0.292,
72082,,221.18757,-9.70406,70.872,6.86,0.427,
72097,5486,221.23132,-58.47749,102.99,6.10,1.013,
72104,5489,221.24667,-35.19183,65.703,4.92,0.013,
72105,5505,221.24676,27.07422,62.112,2.35,0.966,Izar
72121,5488,221.29568,-55.60164,352.11,6.10,-0.066,
72122,5496,221.29878,-1.41753,289.02,6.06,1.608,
72124,5510,221.30712,32.78835,248.14,6.27,1.61,
72125,5502,221.31025,16.96428,74.516,4.60,0.972,35Omi Boo
72130,,221.31963,65.32998,49.116,7.22,0.495,
72131,5482,221.32203,-62.87565,48.45,5.36,0.308,
72135,,221.32848,-51.31493,392.16,6.44,1.591,
72139,5507,221.33576,18.88496,178.25,6.15,0.841,
72146,,221.35077,13.84632,18.896,7.87,0.931,
72154,5501,221.37585,0.71727,151.29,5.68,-0.021,108 Vir
72183,,221.46574,13.10141,163.93,6.57,1.291,
72194,5503,221.49066,-15.45954,444.44,6.33,1.194,5 Lib
72197,5497,221.50036,-25.44318,30.285,5.15,0.315,54 Hya
72200,,221.51280,27.51234,25.17,7.98,0.87,
72208,5512,221.52479,15.13179,247.52,5.78,1.335,
72210,5499,221.52820,-23.15302,103.73,5.80,0.98,
72217,5504,221.54535,-21.17597,41.254,6.43,0.603,
72220,5511,221.56218,1.89288,41.237,3.73,-0.005,Maenalus
72221,,221.56492,9.64675,43.215,7.26,0.624,
72223,,221.56811,3.50406,38.715,7.38,0.562,
72237,,221.59701,16.49670,17.241,9.23,1.261,Gl 562
72238,,221.59764,56.61640,182.82,6.61,1.137,
72250,5494,221.62086,-47.44112,93.721,5.74,0.066,
72290,5495,221.75541,-52.38352,79.681,5.22,0.984,
72296,5508,221.77120,-38.29064,153.61,5.90,1.336,
72298,,221.77230,0.97089,132.98,6.62,0.012,
72308,5498,221.80245,-52.20526,862.07,6.07,0.084,
72310,5513,221.80687,-21.32487,505.05,6.05,1.649,
72312,,221.81709,2.70322,19.372,7.76,0.893,GJ 3867
72323,5514,221.84399,-25.62427,227.79,5.61,-0.043,55 Hya
72338,5509,221.88375,-43.55681,231.48,6.30,1.068,
72357,5516,221.93668,-26.08750,109.77,5.23,0.938,56 Hya
72370,5470,221.96552,-79.04475,136.99,3.83,1.433,Paradys
72373,5518,221.97895,-12.84001,112.74,6.34,1.097,
72378,5517,221.98983,-26.64616,137.17,5.76,-0.007,57 Hya
72412,5524,222.09729,24.36688,84.674,6.15,0.506,
72420,,222.12100,-25.48702,50.276,7.03,0.491,
72423,,222.13217,-17.34026,44.504,6.87,0.621,
72432,5519,222.15854,-36.63470,157.73,5.89,1.369,
72438,5500,222.18565,-66.59356,431.03,5.91,-0.106,
72447,,222.22189,5.95440,55.586,6.83,0.458,
72449,5522,222.22539,-0.84766,134.59,6.15,-0.025,
72469,5529,222.27826,37.81118,40.684,6.15,0.389,
72471,5515,222.27961,-56.66783,82.645,6.21,1.107,
72487,5533,222.32780,46.11621,48.996,5.76,0.482,Merga
72488,5521,222.32811,-24.25147,310.56,5.68,1.275,
72489,5523,222.32939,-14.14902,72.939,5.32,0.066,7Mu Lib
72493,,222.34923,-67.23597,24.931,7.26,0.836,
72499,,222.35898,10.04416,157.73,6.64,1.26,
72508,5537,222.38490,51.37450,57.11,6.49,0.401,
72518,,222.40440,-68.93619,289.86,6.50,-0.101,
72524,5538,222.42215,48.72080,68.587,5.68,0.501,39 Boo
72528,,222.42928,23.03233,49.579,7.12,0.455,
72552,5532,222.49332,28.61583,98.425,5.80,0.046,
72563,,222.55678,52.41438,51.177,7.14,0.542,
72567,5534,222.56584,23.91184,18.172,5.86,0.576,Gl 564
72571,5526,222.57220,-27.96037,101.52,4.42,1.366,Solitaire
72573,5596,222.58221,82.51194,43.29,5.63,0.671,GJ 3876
72582,5541,222.62365,37.27205,64.35,5.47,1.03,
72604,,222.67083,22.90762,37.693,7.50,0.643,
72603,5530,222.67159,-15.99724,22.978,5.15,0.401,8Alp1Lib
72607,5563,222.67658,74.15551,40.145,2.07,1.465,Kochab
72617,,222.71154,-53.36832,136.61,6.56,0.052,
72622,5531,222.71965,-16.04178,23.24,2.75,0.147,Zubenelgenubi
72629,5536,222.75039,-0.25749,140.25,6.18,1.397,
72631,5535,222.75447,-2.29915,67.024,4.93,0.988,11 Lib
72634,,222.75965,9.72367,29.438,7.40,0.76,GJ 3868A
72659,5544,222.84740,19.10046,6.7123,4.54,0.72,37Xi Boo
72664,5552,222.86043,59.29398,138.89,5.48,1.369,
72670,,222.87527,-77.17597,255.1,6.44,-0.024,
72673,,222.88205,-60.93079,49.85,7.16,0.452,
72677,,222.89565,-17.79037,53.276,6.55,0.483,
72683,5528,222.90962,-43.57536,123.92,4.32,-0.154,Omi Lup
72688,,222.91882,-24.30413,17.027,7.81,1.036,Gl 565
72702,,222.96378,-18.35533,223.71,6.27,1.094,
72772,5542,223.13805,-30.57725,39.139,6.30,0.605,
72773,5527,223.14693,-63.80983,505.05,5.91,0.66,
72800,5543,223.21283,-37.80316,150.83,5.02,-0.155,
72807,,223.22274,32.69091,72.307,6.87,0.432,
72819,,223.26548,78.17666,67.843,6.52,1.2,
72823,,223.27759,-38.25700,233.64,6.58,0.023,
72833,5520,223.30645,-73.19007,101.01,5.59,0.82,
72846,5550,223.34728,15.70517,47.642,6.41,0.569,
72848,5553,223.34909,19.15280,11.51,6.00,0.841,Gl 567
72875,,223.42339,23.34517,23.546,8.65,0.934,
72896,,223.46462,23.55577,10.163,11.53,,Gl 568A
72921,,223.54655,-66.42009,38.491,6.98,0.58,
72929,5548,223.58388,-24.64220,127.88,5.27,1.336,12 Lib
72930,,223.58631,-28.34820,148.15,6.54,1.091,
72934,5554,223.59531,-11.89835,103.31,5.78,0.982,13Xi 1Lib
72944,,223.62180,16.10106,9.6534,10.11,1.5,Gl 569A
72953,,223.64839,30.06365,100.3,6.84,0.43,
72959,5549,223.65798,-33.30058,320.51,5.85,1.429,
72965,5539,223.67745,-65.99110,390.62,6.09,-0.061,Zet Cir
72983,,223.72520,-69.86096,256.41,6.38,-0.059,
72986,,223.72845,-41.36478,41.271,7.15,0.506,
73005,,223.79764,53.68035,23.386,7.77,0.785,Gl 569.1
73028,,223.86912,12.43077,109.41,6.78,0.042,
73036,5546,223.89431,-60.11416,49.431,5.18,1.161,
73049,5558,223.93628,-33.85578,77.821,5.32,0.046,
73067,,223.99204,-60.90593,128.21,6.69,0.968,
73068,5569,223.99416,32.30006,95.785,6.12,0.109,
73087,5567,224.05512,14.44627,183.15,5.90,-0.031,
73095,5556,224.07184,-52.80955,61.501,5.38,0.142,
73100,5581,224.09586,49.62845,25.107,5.63,0.533,GJ 3880
73107,5562,224.12860,-32.63678,195.31,6.06,1.413,
73111,5559,224.13359,-47.87920,169.2,5.62,-0.035,
73116,5561,224.14898,-39.41602,114.42,6.36,0.061,
73118,,224.15976,-62.36442,561.8,6.39,-0.055,
73129,5551,224.18331,-62.78102,462.96,5.08,-0.023,The Cir
73133,5564,224.19213,-11.40970,168.35,5.48,1.491,15Xi 2Lib
73156,5574,224.26498,21.55542,126.58,6.50,0.015,
73165,5570,224.29583,-4.34646,26.903,4.47,0.318,16 Lib
73166,5575,224.29866,16.38813,163.13,5.72,0.951,
73171,5565,224.30712,-29.15768,151.52,6.28,-0.011,
73182,,224.36042,-21.41152,5.9252,8.01,1.519,Gl 570B
73184,5568,224.36648,-21.41548,5.8404,5.72,1.024,Gl 570A
73193,5573,224.38854,-0.16761,89.365,5.51,1.131,GJ 3881A
73199,5589,224.39614,65.93246,140.85,4.63,1.59,
73211,,224.43740,18.98690,102.46,6.62,0.927,
73223,5540,224.47133,-76.66266,114.81,5.37,1.442,
73238,,224.52195,-17.36420,133.51,6.64,1.253,
73241,5566,224.53668,-48.86301,23.849,6.34,0.708,Gl 570.1
73249,5578,224.55588,-11.15476,109.41,6.61,0.012,17 Lib
73273,5571,224.63305,-43.13396,117.37,2.68,-0.184,Bet Lup
73279,5572,224.65225,-39.90717,102.77,6.17,1.216,
73284,5577,224.66358,-27.65731,113.12,5.65,0.262,59 Hya
73309,5583,224.71994,-4.98926,33.772,6.08,0.509,
73310,5582,224.72325,-11.14401,95.057,5.88,1.274,18 Lib
73334,5576,224.79037,-42.10419,117.51,3.13,-0.208,Kap Cen
73341,5579,224.80803,-37.88123,162.6,6.45,-0.08,
73350,5584,224.84631,4.56776,215.05,5.91,1.615,
73353,,224.85406,39.64489,61.501,6.70,0.403,
73354,5580,224.86332,-43.15983,255.75,6.10,0.597,
73369,5588,224.90397,39.26533,51.493,5.64,0.336,40 Boo
73383,,224.93784,-43.81134,36.114,6.59,0.48,
73394,5555,224.98237,-75.03267,151.52,6.20,-0.038,
73415,5547,225.04720,-77.16055,233.64,5.92,1.052,
73440,,225.11445,71.76546,34.083,6.64,0.631,
73449,,225.14581,8.60017,39.231,7.26,0.691,
73454,5597,225.16134,47.27744,169.78,6.35,-0.099,
73457,,225.18089,-11.13513,19.342,9.49,1.372,Gl 571.1
73464,5592,225.21782,22.04559,240.96,6.29,1.179,
73470,,225.23133,45.42621,11.794,9.15,1.427,Gl 572
73473,5586,225.24312,-8.51894,90.009,4.91,0.0,19Del Lib
73480,,225.25580,2.89746,73.584,6.72,0.553,
73483,,225.25938,-64.57605,117.65,6.56,0.298,
73493,5585,225.30454,-38.05840,119.76,5.88,1.246,
73497,5590,225.33261,-2.75493,227.79,5.52,1.692,
73507,5608,225.36293,60.20445,105.71,5.91,0.107,
73518,,225.39726,-3.16425,109.29,6.68,1.196,
73536,5594,225.45382,-0.14030,704.23,5.71,1.509,
73540,5525,225.46131,-83.22765,120.77,5.65,0.962,Pi 1Oct
73547,,225.47198,-47.00747,26.882,7.74,0.721,
73555,5602,225.48654,40.39057,69.061,3.49,0.956,Nekkar
73559,5587,225.49201,-34.35887,128.04,6.21,0.242,
73566,5591,225.52678,-28.06061,101.73,5.83,0.164,60 Hya
73568,5600,225.52711,25.00814,113.9,4.80,1.506,41Ome Boo
73571,,225.53572,-7.57530,203.67,6.38,0.18,
73587,,225.62490,-7.84043,106.72,6.59,0.18,
73589,,225.62778,31.68385,324.68,6.60,1.4,
73593,,225.63774,16.05496,36.751,7.01,0.599,
73608,5599,225.68696,-3.03139,97.182,6.60,0.201,
73620,5601,225.72516,2.09130,59.916,4.39,1.026,110 Vir
73623,,225.74517,65.77828,40.667,7.33,0.574,
73624,5595,225.74698,-32.64329,118.91,5.45,-0.127,
73634,5609,225.77525,35.20580,85.837,5.52,1.023,
73637,5612,225.77740,44.64452,55.648,6.59,0.449,
73672,,225.89439,-35.94276,103.09,6.65,0.224,
73675,5613,225.90205,34.56576,151.98,6.59,1.02,
73695,5618,225.94761,47.65406,12.508,4.83,0.647,Quadrans
73706,5629,225.99061,65.91971,151.06,6.22,0.055,
73714,5603,226.01758,-25.28196,88.417,3.25,1.674,Brachium
73717,,226.02894,-6.88736,33.025,7.72,0.752,
73745,5616,226.11147,26.94765,75.415,4.52,1.24,43Psi Boo
73754,,226.13783,-28.30017,34.106,7.18,0.573,
73764,5604,226.17874,-40.86133,185.19,6.29,1.389,
73771,5545,226.19566,-83.03831,598.8,5.65,1.273,Pi 2Oct
73776,5593,226.20045,-64.03135,84.602,5.16,0.935,Eta Cir
73786,,226.22304,5.63810,18.587,9.83,1.3,Gl 576
73807,5605,226.27954,-47.05125,135.87,3.91,-0.144,Pi Lup
73826,5607,226.32984,-41.06724,108.23,5.13,1.011,
73841,5627,226.35772,48.15097,84.104,5.59,-0.005,47 Boo
73850,,226.39127,-30.55086,35.112,6.48,0.489,
73865,5614,226.44887,-25.78949,164.74,6.65,-0.02,
73881,,226.51006,-48.88339,282.49,6.48,-0.137,
73896,,226.54434,-24.13150,130.38,6.73,1.028,
73901,5615,226.55806,-36.26460,288.18,6.27,1.658,
73909,5635,226.56957,54.55632,78.927,5.24,0.958,
73927,5620,226.61308,-22.03183,58.072,6.13,1.04,
73937,5619,226.63833,-30.91848,121.36,5.97,-0.076,
73941,5630,226.64647,36.45606,29.833,6.35,0.537,
73945,5622,226.65666,-16.25682,213.22,5.19,1.589,21Nu Lib
73953,,226.70442,-16.48436,114.42,6.41,0.162,
73966,,226.73322,-52.02978,452.49,6.40,-0.109,
73980,5598,226.78413,-71.90495,500,6.52,1.592,
73996,5634,226.82523,24.86920,19.554,4.93,0.429,45 Boo
74000,5633,226.83486,18.44183,72.202,6.03,0.073,
74006,5617,226.85811,-49.08861,103.52,5.77,0.92,
74016,,226.88728,9.22603,31.556,6.72,0.68,
74026,5631,226.91802,5.49803,167.79,6.16,0.921,
74037,,226.95900,63.11710,95.42,6.82,0.413,
74044,,226.98396,-61.12867,120.77,6.49,0.432,
74047,5611,226.98648,-65.27545,200.8,6.18,1.47,
74066,5624,227.05054,-40.58393,110.74,5.75,-0.113,
74080,,227.07678,33.70651,116.41,6.70,0.979,
74083,5648,227.08142,50.05495,139.08,6.33,1.05,
74087,5638,227.09909,26.30115,158.73,5.67,1.24,46 Boo
74096,5640,227.14818,25.10863,143.06,5.82,1.233,
74100,5625,227.16334,-42.86792,118.76,5.85,-0.123,
74117,5626,227.21091,-45.27986,238.1,4.07,-0.162,Lam Lup
74121,5639,227.22297,13.23524,136.43,6.16,0.967,
74181,5623,227.35636,-63.64293,181.49,6.25,0.059,
74184,5621,227.37465,-67.08413,,5.76,0.675,
74190,,227.39830,3.16682,14.453,11.46,1.511,GJ 3892
74206,,227.46375,-23.98597,206.19,6.55,1.577,
74224,5636,227.53053,-38.79251,131.41,5.98,0.867,
74239,5641,227.57765,-26.33262,130.38,5.75,1.045,
74268,,227.67337,-43.72987,30.441,7.01,0.619,
74271,,227.68005,-43.71692,31.066,7.60,0.72,
74272,5672,227.68503,67.78104,152.44,6.18,0.143,
74273,5632,227.68692,-61.42232,24.201,6.29,0.623,
74296,5557,227.78665,-84.78781,97.182,5.88,-0.031,Ome Oct
74305,5637,227.81660,-55.34603,662.25,5.45,1.118,
74336,5642,227.89503,-45.27746,156.49,6.44,1.039,
74367,,227.95824,-16.15956,129.87,6.68,1.243,
74376,5646,227.98377,-48.73782,55.188,3.88,-0.029,Kap1Lup
74381,,227.99015,36.75472,50.075,7.27,0.844,
74380,5647,227.99044,-48.74369,77.76,5.70,0.144,Kap2Lup
74385,,228.01686,22.31343,239.23,6.62,1.62,
74386,5654,228.01776,18.97603,221.73,5.90,1.414,
74391,,228.05005,-19.10648,160.51,6.49,1.507,
74392,5652,228.05538,-19.79171,116.41,4.54,-0.071,24Iot1Lib
74395,5649,228.07140,-52.09925,35.971,3.41,0.918,Zet Lup
74418,5650,228.13005,-48.21899,129.7,6.32,1.115,
74421,5628,228.14166,-72.77060,300.3,6.02,-0.002,
74432,5659,228.18126,19.28603,27.241,6.69,0.68,GJ 3896A
74441,,228.19655,10.70231,189.75,6.50,1.274,
74449,5651,228.20664,-44.50041,154.56,4.83,-0.177,
74470,5645,228.25427,-61.74378,,6.27,1.901,
74479,5653,228.28194,-36.09143,120.77,6.09,-0.081,
74488,,228.31148,-11.00708,74.294,6.65,0.238,
74490,5655,228.32254,-24.00832,151.52,6.47,-0.026,
74493,5656,228.32996,-19.64757,69.881,6.07,0.124,25Iot2Lib
74500,5657,228.36955,-25.30935,26.206,6.47,0.691,23 Lib
74505,5665,228.38279,22.98340,87.413,6.31,0.064,
74514,5673,228.39827,38.26470,126.1,6.19,1.218,
74537,,228.46206,-1.35139,17.671,6.58,0.763,Gl 580A
74539,5658,228.47214,-26.19357,305.81,5.84,1.139,
74552,,228.49662,-61.34298,260.42,6.36,-0.041,
74553,,228.49681,43.04808,100.4,6.66,0.209,
74561,5674,228.52517,31.78785,203.25,5.98,1.552,
74571,5677,228.54294,42.17141,369,6.12,1.635,
74582,5644,228.57987,-70.07948,359.71,5.75,3.271,
74593,,228.61720,-18.42853,70.028,6.76,0.429,
74596,5676,228.62152,29.16429,77.399,5.28,0.062,48Chi Boo
74600,5662,228.64067,-17.76857,245.1,6.18,-0.015,26 Lib
74604,5660,228.65550,-31.51912,598.8,4.91,0.374,1 Lup
74605,5691,228.65889,67.34672,25.342,5.15,0.55,Gl 580.2
74623,5669,228.71082,-5.50256,367.65,6.28,1.473,
74625,5693,228.71515,68.94573,234.74,6.52,0.03,
74649,5675,228.79731,4.93936,114.42,5.32,1.092,3 Ser
74653,,228.81356,-70.51963,26.497,6.86,0.74,
74663,,228.86572,-79.13651,137.93,6.66,0.836,
74666,5681,228.87564,33.31483,37.341,3.46,0.961,Qigong
74689,5679,228.95450,0.37214,46.147,5.62,0.181,4 Ser
74690,,228.96124,50.93846,61.843,6.47,0.854,
74695,,228.97319,6.46484,308.64,6.47,1.308,
74696,5663,228.97360,-48.07366,49.875,5.96,0.21,
74701,,228.99385,-70.41368,112.74,6.71,0.457,
74702,,228.99652,0.79636,15.845,6.92,0.83,
74707,5667,229.01677,-41.49115,540.54,5.15,0.564,
74716,5668,229.04359,-43.48500,632.91,6.05,-0.128,
74730,,229.08921,37.06954,36.417,7.10,0.601,
74732,5678,229.09589,-22.39942,144.72,5.52,1.357,
74740,,229.11884,-44.50370,288.18,6.58,1.431,
74749,,229.14918,9.71299,102.04,6.74,0.342,
74750,5661,229.15288,-60.90400,515.46,5.74,-0.057,
74769,,229.21587,-47.86454,177.62,6.46,0.927,
74775,,229.22917,-46.20235,56.625,6.44,0.514,
74778,5664,229.23707,-60.95726,,5.04,-0.077,Del Cir
74782,,229.24735,-38.44761,45.005,6.86,0.433,
74785,5685,229.25173,-9.38292,56.754,2.61,-0.071,Zubeneschamali
74793,5714,229.27452,71.82390,122.1,5.02,1.369,Pherkad Minor
74818,,229.34435,74.04514,104.06,6.67,1.027,
74824,5670,229.37875,-58.80121,30.553,4.07,0.088,Bet Cir
74837,5666,229.41204,-63.61046,125,4.85,1.26,Eps Cir
74857,5686,229.45767,-30.14867,99.9,4.35,1.1,2 Lup
74858,,229.47113,33.59433,151.29,6.65,0.912,
74868,,229.49868,30.83292,80.972,6.86,1.022,
74875,5682,229.53921,-41.06116,78.555,6.30,0.176,
74893,,229.58437,26.84037,35.984,6.59,0.566,
74895,,229.59432,0.93941,178.25,6.50,1.6,
74896,5692,229.60210,20.57278,109.29,5.68,0.972,
74901,5690,229.60886,-0.46123,222.72,5.88,1.507,
74911,5683,229.63345,-47.87527,102.88,4.27,-0.086,Mu Lup
74929,5688,229.67209,-31.20935,276.24,6.18,1.205,
74930,,229.67469,10.42772,49.975,7.11,0.497,
74941,5680,229.70477,-60.49633,,5.43,-0.089,
74946,5671,229.72772,-68.67955,56.37,2.87,0.014,Gam TrA
74948,,229.73114,-1.59239,46.577,6.93,0.553,
74950,5687,229.73492,-40.78822,167.79,5.59,-0.099,
74975,5694,229.82832,1.76541,25.381,5.04,0.54,5 Ser
74995,,229.86180,-7.72228,6.2147,10.57,1.6,Gl 581
74999,,229.87112,-71.79205,354.61,6.59,1.682,
75000,5702,229.87521,32.51490,86.957,6.33,0.234,
75003,5689,229.88222,-37.09716,120.48,6.19,0.959,
75027,,229.95870,-19.55025,58.789,7.06,0.475,
75030,,229.96880,62.47426,124.84,6.62,1.231,
75039,,230.00964,40.98417,41,6.90,0.51,
75043,5715,230.02144,51.95851,67.659,5.65,0.122,
75049,5709,230.03571,29.61621,82.781,5.51,1.015,1Omi CrB
75084,,230.15210,-5.11974,150.38,6.60,0.998,
75091,5684,230.16899,-67.48153,306.75,6.27,-0.09,
75093,5716,230.17363,44.43438,54.054,6.14,0.369,
75097,5735,230.18224,71.83402,149.25,3.00,0.058,Pherkad
75101,5706,230.19591,-2.41333,35.051,6.34,1.062,
75104,,230.20873,31.48011,43.535,6.90,0.532,
75107,,230.22047,45.66487,147.93,6.67,1.047,
75110,5701,230.22366,-18.15866,183.49,6.16,1.024,28 Lib
75118,5703,230.25573,-15.54834,56.657,6.14,0.393,29Omi Lib
75119,5710,230.25831,0.71534,73.368,5.35,1.191,6 Ser
75122,,230.26961,-47.76035,47.985,6.77,0.44,
75125,5711,230.27866,24.95802,182.48,6.36,1.257,
75127,5707,230.28171,-5.82485,92.678,5.54,1.047,
75141,5695,230.34302,-40.64752,271,3.22,-0.227,Del Lup
75151,5697,230.37540,-38.21869,143.27,6.57,-0.081,
75161,,230.39286,-44.93820,179.86,6.68,0.009,
75164,5696,230.39711,-40.74948,109.17,6.21,0.068,
75177,5705,230.45160,-36.26138,84.317,3.57,1.534,Phi1Lup
75178,5718,230.45243,32.93370,80.321,5.38,-0.051,50 Boo
75181,5699,230.45261,-48.31763,14.813,5.65,0.639,Nu 2Lup
75187,,230.47053,20.97776,11.412,10.66,2.1,GJ 9520
75201,,230.51709,-4.77745,18.896,9.46,1.31,Gl 583
75206,5698,230.53463,-47.92779,35.855,4.99,0.515,Nu 1Lup
75210,,230.54691,-37.63562,136.24,6.65,-0.062,
75230,5717,230.59683,12.56752,137.55,6.29,-0.008,7 Ser
75243,,230.62232,-74.39946,238.66,6.51,0.075,
75253,,230.65290,-10.66112,22.114,7.97,0.97,GJ 1191
75255,,230.65239,-47.92104,35.461,7.68,0.657,Gl 582.1A
75256,5731,230.65521,62.04708,136.99,5.99,-0.033,
75257,5726,230.65572,39.58146,595.24,5.56,1.626,
75260,5737,230.66011,63.34144,112.87,5.72,1.315,
75264,5708,230.67032,-44.68962,156.99,3.37,-0.191,Eps Lup
75266,,230.67727,1.41863,25.813,8.28,0.992,GJ 1192
75272,,230.68836,-29.34193,129.7,6.50,1.011,
75277,,230.69517,18.91896,19.604,7.16,0.804,
75288,,230.73772,-26.68876,158.48,6.53,1.118,
75294,,230.75744,-15.13404,296.74,6.46,1.603,
75304,5712,230.78896,-36.85849,159.24,4.54,-0.155,Phi2Lup
75308,5700,230.79397,-60.65718,40.339,5.65,0.489,
75312,5727,230.80125,30.28781,17.863,4.99,0.577,2Eta CrB
75323,5704,230.84438,-59.32079,137.55,4.48,0.169,Gam Cir
75324,,230.85411,-46.14041,154.08,6.49,0.945,
75342,5721,230.93212,-1.02238,51.125,6.11,0.264,8 Ser
75352,5720,230.96766,-12.36950,172.41,5.72,1.039,
75363,,231.01011,-27.30522,28.555,7.52,0.721,
75369,5732,231.02133,45.27103,150.38,6.07,1.212,
75379,5723,231.04954,-10.32227,31.23,4.92,0.453,31Eps Lib
75411,5733,231.12271,37.37717,34.686,4.31,0.309,Alkalurops
75415,5734,231.12870,37.34730,36.062,6.51,0.6,Alkalurops B
75439,5719,231.18756,-39.71027,124.69,5.36,-0.093,Ups Lup
75458,5744,231.23241,58.96607,31.027,3.29,1.166,Edasich
75479,,231.28341,47.06082,63.452,6.79,0.607,
75482,,231.29663,-47.21743,213.68,6.57,1.52,
75501,5724,231.33428,-38.73362,120.34,4.60,0.0,
75521,,231.43497,-1.25442,53.305,7.11,0.427,
75522,,231.43681,-53.05795,54.615,6.66,0.27,
75530,5739,231.44748,15.42804,211.42,5.16,1.65,9Tau1Ser
75535,5740,231.47196,19.48071,41.254,6.26,0.618,
75565,5713,231.56083,-68.30917,105.04,5.89,1.0,
75572,5741,231.57249,34.33600,157.98,5.46,1.41,
75587,5748,231.63410,54.02029,123,6.44,0.079,
75595,,231.68177,45.60392,53.706,7.16,0.516,
75647,5736,231.82556,-36.76756,131.23,5.46,-0.15,
75665,5725,231.88790,-64.53150,209.21,5.71,1.646,
75674,5745,231.91197,25.10163,244.5,6.01,1.654,
75676,,231.91814,42.88138,32.134,7.48,0.676,
75678,5754,231.91989,62.27568,85.106,6.53,0.134,
75695,5747,231.95727,29.10570,34.282,3.66,0.319,Nusakan
75696,5755,231.96430,60.67022,195.69,5.90,1.441,
75718,,232.04004,-9.34807,20.585,6.89,0.788,Gl 586A
75722,,232.05087,-9.35786,20.492,7.57,0.868,Gl 586B
75730,5743,232.06421,-16.71648,240.38,5.64,1.545,32Zet1Lib
75736,5491,232.08597,-88.13301,65.062,6.49,0.303,
75742,5738,232.11338,-51.59793,478.47,6.10,1.067,
75752,,232.13034,38.72374,57.77,6.69,0.37,
75761,5746,232.15932,1.84208,39.746,5.15,0.245,10 Ser
75762,,232.15982,-15.70062,39.262,6.79,0.821,
75770,5752,232.18499,47.20151,156.99,6.15,0.1,
75783,,232.21690,57.44518,44.504,6.91,0.49,
75788,5759,232.23676,55.19494,93.897,6.45,0.079,
75790,,232.24443,-28.86689,58.617,6.43,0.608,
75807,,232.29244,-6.97343,14.558,12.47,,
75809,5829,232.29934,80.44860,21.848,6.57,0.665,
75810,,232.30049,16.39562,129.87,6.38,0.955,
75818,,232.33032,-38.63500,60.533,6.44,0.351,
75822,5768,232.33797,62.09953,215.52,6.32,1.369,
75828,5742,232.35112,-46.73270,335.57,5.26,1.731,
75829,,232.35096,80.45027,21.515,7.30,0.803,
75842,,232.38702,-58.35146,86.133,6.70,,
75848,,232.39477,-17.44094,88.653,6.69,0.398,
75870,,232.46131,82.26362,69.541,6.93,0.378,
75915,,232.58873,-41.91903,126.1,6.23,-0.005,
75919,5760,232.59488,31.28593,168.63,6.45,0.205,
75928,5761,232.61592,36.80456,112.36,6.52,1.15,
75939,5749,232.65105,-20.72855,80.321,6.20,0.192,
75944,5750,232.66834,-16.60946,155.76,5.82,1.056,34Zet3Lib
75953,,232.69197,34.46566,108.11,6.81,0.037,
75959,,232.70496,-71.65414,395.26,6.39,-0.112,
75971,5758,232.73097,8.57909,50.633,6.57,0.38,
75973,5763,232.73232,40.83305,257.07,5.04,1.589,52Nu 1Boo
75974,5785,232.73271,64.20869,94.607,5.74,0.976,
76006,5769,232.84294,36.61660,74.794,6.39,0.529,
76008,5826,232.85429,77.34935,262.47,5.00,1.545,15The UMi
76013,5730,232.87842,-73.38959,380.23,5.40,-0.146,Kap1Aps
76033,5756,232.93087,-20.16492,87.108,6.28,0.22,
76041,5774,232.94577,40.89933,119.05,4.98,0.086,53Nu 2Boo
76048,5753,232.95930,-32.88111,128.87,6.49,0.065,
76063,5751,233.01747,-38.62254,53.648,6.23,0.212,
76069,5770,233.04031,16.05617,143.88,6.22,-0.038,12Tau2Ser
76074,,233.05482,-41.27559,5.9291,9.31,1.524,Gl 588
76079,,233.07447,-10.43875,140.25,6.57,0.918,
76106,5762,233.15292,-19.67046,70.077,5.50,0.197,
76114,,233.18188,10.96830,30.248,7.22,0.656,
76126,5764,233.23010,-16.85284,201.21,5.53,-0.148,35Zet4Lib
76127,5778,233.23243,31.35913,115.07,4.14,-0.127,Guansuo
76133,5772,233.24140,-1.18640,85.911,5.50,1.092,11 Ser
76136,,233.26965,16.01204,114.81,6.56,1.26,
76143,5765,233.28966,-24.49043,96.712,6.26,0.33,
76165,,233.35133,-40.49085,155.52,6.40,1.016,
76170,,233.36281,-61.27340,142.65,6.70,0.149,
76198,5783,233.46962,17.13736,64.309,6.49,0.341,
76207,5767,233.50715,-40.06643,352.11,5.82,1.695,
76219,5777,233.54457,-10.06453,28.927,4.61,1.0,37 Lib
76233,5779,233.58670,-5.69509,25.562,6.52,0.577,
76234,5773,233.58690,-39.34921,107.64,6.36,-0.017,
76243,5780,233.61048,-9.18342,122.4,5.16,-0.09,
76256,,233.65058,67.80549,48.52,6.98,0.793,
76259,5775,233.65550,-28.04698,97.561,5.13,1.306,36 Lib
76267,5793,233.67192,26.71469,23.01,2.22,0.032,Alphecca
76276,5788,233.70061,10.53887,69.93,3.80,0.268,13Del Ser
76291,5791,233.76909,1.66922,56.402,6.55,0.281,
76297,5776,233.78521,-41.16676,129.03,2.80,-0.216,Gam Lup
76307,5800,233.81214,39.01007,189.75,5.14,1.65,6Mu CrB
76311,5811,233.81752,53.92214,118.06,5.97,1.184,
76315,,233.83309,60.08699,19.106,8.39,1.063,
76333,5787,233.88157,-14.78954,50.025,3.91,1.007,Zubenelhakrabi
76337,5795,233.88847,17.65555,116.28,6.10,0.975,15Tau3Ser
76362,,233.94828,-80.20221,13.087,11.65,,
76365,,233.95352,1.22751,78.802,6.70,0.325,
76366,5808,233.95497,38.37393,265.96,6.30,1.306,
76371,5781,233.97189,-44.95839,131.23,4.55,-0.175,
76372,5796,233.97237,11.26566,221.24,6.04,1.125,
76375,,233.98602,39.83112,22.376,7.65,0.946,Gl 591
76376,5818,233.98773,54.63057,78.308,5.77,0.051,
76382,,234.00961,39.80247,22.306,6.78,0.906,Gl 593A
76384,5817,234.01743,52.06981,58.893,6.70,0.329,
76395,5790,234.04735,-33.09281,106.5,6.26,-0.07,
76397,5784,234.05046,-44.39682,166.94,5.44,1.497,
76407,5766,234.07387,-65.61329,76.864,6.51,0.334,
76423,,234.11745,15.10142,205.76,6.51,1.2,
76424,5804,234.12181,16.11908,52.056,5.93,0.354,18Tau5Ser
76425,5802,234.12324,10.01018,70.872,5.26,0.925,16 Ser
76427,5799,234.14046,-0.56153,145.35,6.51,0.728,14 Ser
76440,5771,234.18000,-66.31704,61.843,4.11,1.161,Eps TrA
76456,5813,234.22259,29.99118,36.778,6.46,0.433,
76470,5794,234.25605,-28.13508,68.587,3.60,1.361,39Ups Lib
76503,5801,234.36874,-26.27986,190.48,6.19,-0.013,
76509,5828,234.38343,54.50873,109.17,5.85,1.098,
76519,5844,234.41325,69.28334,235.29,5.65,1.371,
76532,5806,234.45016,-23.14170,84.246,5.79,1.074,
76534,5823,234.45661,40.35343,52.029,5.25,0.886,54Phi Boo
76543,,234.49671,10.23988,44.924,7.07,0.531,
76552,5797,234.51348,-42.56735,67.024,4.34,1.412,Ome Lup
76567,5809,234.56588,-28.20667,205.34,6.32,1.176,
76568,5830,234.56750,46.79775,35.702,5.76,0.353,
76569,5810,234.56782,-21.01633,87.336,5.82,1.077,
76582,,234.60568,-19.91318,47.574,6.65,0.448,
76586,,234.62118,-14.51687,114.94,6.80,1.232,
76591,5805,234.63600,-39.16070,150.15,6.59,-0.069,
76594,5835,234.64249,50.42328,115.47,5.84,0.847,
76600,5812,234.66405,-29.77775,112.49,3.66,-0.177,40Tau Lib
76602,5815,234.66645,-8.79471,24.396,6.56,0.52,
76603,5816,234.66701,-8.79149,26.624,6.45,0.505,
76608,5807,234.67574,-39.12773,146.84,6.05,0.204,
76617,5827,234.70356,34.67504,145.77,6.12,1.039,
76618,5798,234.70619,-52.37270,125.31,5.43,0.005,
76628,5814,234.72732,-19.30189,95.42,5.36,0.883,41 Lib
76651,5841,234.78967,57.92443,140.85,6.45,1.102,
76664,5757,234.82738,-77.91800,99.108,6.19,1.207,
76666,5819,234.83906,-23.15022,99.8,6.33,0.023,
76669,5833,234.84449,36.63581,145.14,4.64,-0.103,7Zet1CrB
76705,5820,234.94158,-34.41193,67.34,4.66,0.964,3Psi1Lup
76714,,234.97706,-19.76914,57.208,6.88,0.43,
76716,5803,234.98589,-59.90834,30.931,5.95,0.505,
76733,5831,235.04312,12.05293,286.53,6.22,0.968,
76734,,235.04561,-56.91459,205.34,6.63,1.337,
76736,5792,235.04833,-70.22788,78.493,6.45,0.077,
76739,5822,235.06471,-31.21377,253.81,6.35,1.418,
76742,5824,235.07040,-23.81808,117.23,4.97,1.302,42 Lib
76750,5782,235.08897,-73.44669,239.23,5.64,-0.04,Kap2Aps
76779,,235.14402,-18.04903,15.557,8.92,1.296,
76799,,235.21427,-44.62285,88.261,6.88,0.183,
76809,5821,235.24266,-47.73609,267.38,6.21,1.621,
76810,5840,235.24624,16.02459,185.87,6.00,0.908,19Tau6Ser
76824,,235.27881,-39.98279,117.23,6.51,0.446,
76829,5825,235.29757,-44.66121,17.437,4.64,0.413,Gl 594
76832,,235.31314,75.99279,13.31,12.22,1.65,Gl 597
76843,,235.35624,-65.06815,65.531,6.98,0.351,
76852,5842,235.38774,19.67040,58.275,4.51,0.062,21Iot Ser
76866,5843,235.44756,12.84753,67.385,5.34,0.033,20Chi Ser
76877,5786,235.47790,-76.08196,129.2,5.95,-0.034,
76878,5845,235.47798,18.46404,53.079,5.80,0.207,22Tau7Ser
76880,5838,235.48667,-19.67883,94.607,4.75,1.574,43Kap Lib
76901,,235.52748,-19.47177,10.428,11.83,1.591,Gl 595
76935,5832,235.65511,-49.48955,188.68,6.02,1.315,
76939,5837,235.65967,-37.42493,79.936,5.23,0.987,
76944,,235.66918,31.70875,162.07,6.71,1.359,
76945,5839,235.67092,-34.71041,111.48,4.75,-0.151,4Psi2Lup
76952,5849,235.68572,26.29564,44.783,3.81,0.02,Baltesha
76954,,235.69314,-16.01369,64.144,7.05,0.519,
76957,5857,235.71160,52.36090,91.575,5.48,-0.042,
76982,,235.78640,-13.05631,51.177,6.64,0.543,
76985,5850,235.79388,13.66767,173.31,6.48,0.873,
76996,5729,235.81742,-84.46527,66.138,5.57,0.118,Rho Oct
77007,5847,235.85358,-15.04323,122.55,6.30,1.124,
77042,5836,235.98033,-60.28722,480.77,6.46,1.02,
77048,5855,235.99710,32.51581,74.627,5.57,1.076,Stephanos
77052,5853,236.00759,2.51517,14.659,5.86,0.684,23Psi Ser
77055,5903,236.01449,77.79449,113.12,4.29,0.038,16Zet UMi
77059,,236.01708,-31.60334,80.192,6.62,0.962,
77060,5848,236.01834,-15.67283,45.746,5.41,0.238,44Eta Lib
77067,,236.04323,-50.21573,100.1,6.83,0.353,
77070,5854,236.06697,6.42563,22.676,2.63,1.167,Unukalhai
77084,,236.09058,52.98357,42.248,7.36,0.624,
77086,5846,236.09449,-41.81909,143.88,5.93,-0.007,
77098,,236.13276,11.26649,32.906,7.53,0.611,
77111,5858,236.17556,17.26423,113.64,6.15,0.002,26Tau8Ser
77138,,236.24826,-50.78546,121.8,6.41,0.163,
77163,5859,236.34785,5.44731,113.38,5.57,0.035,
77186,5861,236.41461,0.89104,194.17,6.32,1.195,
77227,5863,236.52349,-1.80419,137.93,5.39,-0.035,25 Ser
77233,5867,236.54690,15.42183,47.551,3.65,0.073,Zhou
77235,5856,236.55357,-28.06148,71.124,6.49,0.332,
77257,5868,236.61090,7.35307,12.124,4.42,0.604,27Lam Ser
77272,5878,236.64505,55.47479,269.54,5.94,1.404,
77277,5886,236.66658,62.59956,87.719,5.19,0.062,
77286,5860,236.68425,-34.68245,117.92,5.61,-0.117,
77287,5866,236.68928,-6.12035,228.83,6.24,1.169,
77301,,236.72434,46.98626,36.166,7.21,0.77,
77310,,236.75055,-62.79656,40.225,7.10,0.497,
77335,,236.82120,-0.26992,48.662,6.94,0.512,
77336,5870,236.82216,14.11535,76.687,5.71,0.094,31Ups Ser
77349,,236.85272,-10.89650,15.104,11.27,1.565,GJ 3916
77350,5862,236.85645,-40.19421,102.25,6.41,0.88,
77354,,236.86188,1.54596,133.33,6.53,1.163,
77358,5864,236.87152,-37.91631,15.354,6.01,0.715,Gl 599A
77362,,236.88311,59.56862,261.1,6.53,1.394,
77370,5887,236.90801,55.37663,73.801,5.85,0.249,
77372,,236.90876,-9.48044,49.237,7.00,0.468,
77390,5851,236.97117,-65.44229,111.98,5.54,0.231,
77397,5877,237.00747,31.73561,314.47,6.41,1.517,
77408,,237.03943,1.57174,21.29,7.44,0.801,GJ 3917
77412,5874,237.05544,13.78908,144.72,5.98,1.272,
77435,,237.11098,-23.83406,84.388,6.71,0.13,
77442,5880,237.14340,28.15675,,5.89,0.608,
77450,5879,237.18490,18.14156,117.1,4.09,1.616,Gudja
77454,5865,237.21007,-52.43826,200.4,6.05,1.385,
77463,,237.23580,-60.36764,68.12,6.65,0.423,
77464,5875,237.23666,-3.81851,54.025,5.53,0.12,
77506,,237.39156,12.55869,160.51,6.69,0.981,
77512,5889,237.39855,26.06839,52.138,4.59,0.794,Matrchakre
77516,5881,237.40503,-3.43021,52.002,3.54,-0.036,32Mu Ser
77534,,237.46789,-17.90195,44.033,6.82,0.407,
77541,5871,237.48960,-48.91241,59.595,5.86,0.068,
77562,5869,237.52956,-53.20977,94.518,5.78,-0.076,
77574,5872,237.56793,-45.40171,45.269,6.11,0.299,
77578,5888,237.57310,2.19651,83.822,5.21,1.019,34Ome Ser
77606,,237.64525,-26.28962,183.15,6.58,1.507,
77622,5892,237.70403,4.47773,21.598,3.71,0.147,37Eps Ser
77634,5883,237.73974,-33.62716,59.844,3.97,-0.045,5Chi Lup
77635,5885,237.74478,-25.75129,151.75,4.63,-0.072,1 Sco
77645,5873,237.77837,-55.05553,662.25,5.74,0.017,
77652,,237.79200,52.90699,127.06,6.74,0.138,
77655,5901,237.80805,35.65738,30.497,4.79,0.996,11Kap CrB
77660,5895,237.81497,-3.09050,49.751,5.09,0.135,36 Ser
77661,5899,237.81630,20.97792,114.94,4.74,1.534,38Rho Ser
77678,5882,237.88104,-47.06080,137.74,6.00,1.152,
77689,5896,237.90999,-14.13358,171.23,6.20,1.01,
77718,,238.00230,15.23592,31.716,7.31,0.611,
77729,5893,238.05337,-29.88655,77.459,6.39,0.991,
77730,,238.05486,-45.28436,253.81,6.55,0.887,
77738,5922,238.06903,55.82671,102.88,5.81,0.972,
77740,,238.07310,-18.43606,32.3,7.25,0.628,
77760,5914,238.16854,42.45152,15.893,4.60,0.563,1Chi Her
77779,,238.22952,-59.06156,60.643,7.06,0.526,
77782,5909,238.23383,17.40315,191.2,6.29,1.238,
77785,5876,238.23625,-65.15250,131.93,6.54,0.186,
77801,5911,238.30041,13.19662,17.349,6.07,0.598,39 Ser
77811,5902,238.33357,-20.16704,94.877,5.04,-0.014,45Lam Lib
77817,5884,238.34556,-62.60658,193.8,6.22,1.467,
77835,5913,238.39529,16.07493,94.787,6.21,0.413,
77838,,238.40232,68.72011,48.662,6.76,0.544,
77840,5904,238.40300,-25.32714,154.08,4.59,-0.073,2 Sco
77853,5908,238.45639,-16.72929,51.653,4.13,1.003,46The Lib
77858,5906,238.47465,-24.53316,128.87,5.38,-0.011,
77859,5907,238.48277,-23.97809,130.89,5.41,-0.033,
77893,,238.60657,5.29406,91.491,6.87,1.041,
77900,5910,238.62546,-27.33864,158.23,6.15,-0.069,
77902,5924,238.64423,20.31097,156.49,5.45,1.588,
77907,5932,238.65774,43.13857,200.4,5.35,1.645,2 Her
77909,5912,238.66472,-25.24374,157.98,5.87,-0.065,3 Sco
77910,5919,238.66782,8.58034,78.864,6.28,0.171,40 Ser
77927,5898,238.71931,-60.74365,421.94,6.14,0.121,
77939,5915,238.75152,-19.38293,236.41,5.95,-0.013,47 Lib
77952,5897,238.78625,-63.43073,12.378,2.83,0.315,Bet TrA
77958,,238.81649,-42.60513,45.106,6.68,0.402,
77982,5891,238.87337,-68.60300,370.37,5.11,1.108,Kap TrA
77984,5917,238.87534,-26.26599,125.16,5.63,0.141,4 Sco
77985,5916,238.87722,-31.08364,139.86,6.21,1.371,
77986,5938,238.87749,42.56619,164.47,5.73,-0.102,4 Her
77990,5900,238.88497,-60.17765,51.256,5.78,0.355,
77995,5931,238.91606,18.62074,490.2,6.26,-0.089,
78012,5936,238.94826,37.94696,41.563,5.43,0.352,12Lam CrB
78017,5949,238.95683,58.91177,145.14,6.31,-0.028,
78024,,238.97744,-2.16441,36.9,6.77,0.61,
78045,5905,239.02473,-60.48248,66.007,5.76,0.087,
78046,5918,239.02849,-39.86436,173.31,6.04,0.13,
78058,5923,239.05844,-31.78588,51.84,6.29,0.462,
78059,5927,239.06013,-14.39940,61.805,6.32,0.485,
78072,5933,239.11323,15.66162,11.254,3.85,0.478,41Gam Ser
78078,5930,239.13906,-14.82944,51.099,6.11,0.243,
78104,5928,239.22115,-29.21407,144.72,3.87,-0.199,Iklil
78105,5925,239.22289,-33.96613,42.373,5.14,0.129,Xi 1Lup
78106,5926,239.22549,-33.96428,46.062,5.59,0.072,Xi 2Lup
78117,5921,239.26620,-48.16219,48.45,6.31,0.381,
78120,,239.27170,-16.03441,283.29,6.53,1.769,
78132,5940,239.31072,14.41448,73.965,5.54,1.141,Phi Ser
78142,5929,239.33886,-36.18534,242.72,5.78,1.095,
78153,5950,239.37432,39.69509,122.4,6.30,1.11,
78159,5947,239.39691,26.87788,67.889,4.14,1.231,13Eps CrB
78168,5934,239.41860,-20.98308,141.24,5.84,0.012,
78169,,239.42023,-60.20026,34.235,7.33,0.621,
78170,,239.42000,-42.62423,14.732,8.06,1.118,Gl 604
78180,5960,239.44794,54.74976,33.58,4.96,0.269,
78207,5941,239.54737,-14.27936,143.47,4.95,-0.08,48 Lib
78217,,239.58790,70.89445,29.595,7.26,0.654,
78221,,239.60000,-44.08082,111.23,6.72,0.169,
78236,5935,239.62833,-37.50388,114.68,6.31,1.006,
78241,,239.63370,27.74000,26.233,8.02,0.757,GJ 9533
78246,5942,239.64528,-24.83149,170.36,5.43,-0.092,
78265,5944,239.71298,-26.11410,179.53,2.89,-0.18,Fang
78276,5957,239.74045,36.64377,234.19,5.61,1.529,
78279,5920,239.74231,-65.03759,272.48,5.74,-0.066,
78286,5964,239.76828,49.88104,48.996,6.04,0.289,
78323,5943,239.87615,-41.74444,133.69,4.99,0.988,
78330,,239.90947,-29.63256,36.35,7.34,0.606,
78333,,239.92206,-7.30206,145.99,6.64,0.093,
78343,,239.94892,-35.84543,31.017,7.65,0.686,
78352,,239.97010,-31.16845,129.87,6.57,1.0,
78353,,239.97243,-8.25320,13.899,10.49,1.497,Gl 606
78355,5937,239.97561,-54.02091,308.64,6.10,-0.016,
78359,,239.97939,-33.38533,105.04,6.83,0.035,
78360,,239.97974,-78.02728,87.951,6.40,0.387,
78367,5945,239.99102,-40.65311,454.55,6.51,1.499,
78384,5948,240.03054,-38.39671,135.5,3.42,-0.206,Eta Lup
78400,5954,240.08170,-16.53335,35.211,5.47,0.517,49 Lib
78401,5953,240.08335,-22.62171,150.6,2.29,-0.117,Dschubba
78429,,240.17713,31.56824,120.34,6.61,1.094,
78434,,240.19531,-72.46290,284.9,6.58,1.404,
78435,,240.19541,-39.08851,125.31,6.67,0.249,
78436,5959,240.19847,-8.41135,150.15,5.53,0.043,50 Lib
78442,5963,240.21306,4.42736,75.075,5.82,1.003,
78445,5952,240.22378,-40.43548,102.77,6.21,0.01,
78448,,240.22893,39.17752,136.24,6.74,0.131,
78459,5968,240.26118,33.30351,17.235,5.39,0.612,15Rho CrB
78469,5946,240.27702,-54.57790,131.75,6.12,0.264,
78476,5939,240.29466,-63.77654,425.53,6.42,0.567,
78481,5966,240.30966,17.81840,76.923,5.10,0.992,5 Her
78486,5956,240.33147,-31.88914,215.98,6.33,1.454,
78493,5971,240.36070,29.85106,95.602,4.98,-0.05,Aurwandilsta
78513,,240.42159,-3.76343,55.586,6.87,0.395,
78527,5986,240.47298,58.56525,21.035,4.01,0.528,13The Dra
78540,,240.51867,-51.12077,197.63,6.38,-0.003,
78542,5981,240.52316,52.91592,248.76,5.93,1.498,
78547,,240.54318,-42.70023,38.329,6.91,0.501,
78553,,240.56688,-73.51541,65.92,6.68,0.236,
78554,5972,240.57372,22.80445,54.885,4.82,0.066,44Pi Ser
78562,,240.61878,-56.85446,33.83,6.51,0.526,
78574,,240.66330,47.24036,136.99,6.52,1.164,
78575,5965,240.66424,-29.13580,134.41,6.07,1.304,
78592,5982,240.69951,46.03670,113.9,4.72,-0.094,6Ups Her
78603,5951,240.71880,-62.54159,98.619,6.25,-0.015,
78632,5995,240.78899,59.41074,294.99,6.19,1.576,
78639,5962,240.80368,-49.22969,67.295,4.65,0.902,Eta Nor
78647,,240.81723,-26.71710,48.263,6.96,0.505,
78649,5983,240.83068,36.63179,200.8,5.79,0.586,
78650,5969,240.83595,-25.86524,63.654,4.96,1.234,
78655,5967,240.85080,-38.60254,122.55,4.90,-0.146,
78661,6034,240.88077,76.79394,157.48,5.73,0.051,
78662,5961,240.88397,-57.77506,39.386,4.63,0.252,Iot1Nor
78665,5970,240.89317,-32.00054,55.218,6.00,0.47,
78685,5976,240.94038,4.98683,110.62,6.07,0.96,43 Ser
78699,5973,240.97792,-24.72631,162.87,6.22,1.386,
78703,,241.00150,73.14837,54.377,6.85,0.488,
78709,,241.01559,25.25484,22.217,7.10,0.771,Gl 609.2
78710,,241.02584,-59.17618,813.01,6.40,1.366,
78726,5974,241.07425,-33.21372,109.65,6.10,0.338,
78731,,241.08885,-53.71037,229.36,6.46,0.006,
78738,,241.10800,-11.44938,25.259,7.44,0.75,GJ 9541A
78739,,241.11132,-11.44988,22.599,8.02,0.85,GJ 9541B
78742,,241.12329,0.67222,49.776,6.81,0.451,
78747,5975,241.15349,-37.86295,37.879,5.91,0.409,
78775,,241.23703,39.15651,14.52,6.66,0.734,Gl 611A
78785,,241.26210,-18.53947,66.05,6.74,0.465,
78820,5984,241.35930,-19.80545,123.92,2.56,-0.065,Acrab
78821,5985,241.36065,-19.80186,122.1,4.90,-0.024,Acrab B
78840,5992,241.40808,8.09625,132.98,6.27,0.084,
78843,,241.41858,-20.45006,18.713,7.39,1.043,Gl 610
78849,5989,241.43565,-6.29113,87.336,6.35,0.413,
78868,5955,241.48277,-72.40090,89.206,5.70,1.169,
78870,5990,241.49922,-6.13975,146.84,6.39,1.034,
78877,5988,241.52658,-23.60631,161.29,5.90,-0.071,
78893,6025,241.58212,67.81013,77.821,5.44,-0.019,
78914,5980,241.62264,-45.17318,37.509,4.73,0.23,Del Nor
78913,,241.62317,38.63224,23.502,8.58,0.963,Gl 612
78918,5987,241.64811,-36.80229,127.06,4.22,-0.184,The Lup
78933,5993,241.70178,-20.66919,144.51,3.93,-0.046,9Ome1Sco
78946,,241.74821,47.50504,220.26,6.65,-0.025,
78955,5996,241.76406,-14.07129,27.108,6.32,0.66,
78970,5991,241.81752,-36.75568,54.794,5.72,0.298,
78985,6005,241.84241,21.82261,228.83,6.15,1.365,
78989,5979,241.85035,-56.19096,469.48,6.16,0.565,
78990,5997,241.85136,-20.86876,89.127,4.31,0.831,10Ome2Sco
78991,,241.85466,-48.42244,94.697,6.61,0.147,
79000,,241.89482,-36.71966,125.79,6.64,1.116,
79005,6002,241.90173,-12.74541,112.36,5.75,0.018,11 Sco
79007,6004,241.90641,9.89174,99.01,5.63,0.2,45 Ser
79031,5998,241.96620,-24.46235,119.47,6.32,-0.038,
79044,,242.01826,-36.23183,102.67,6.75,-0.056,
79043,6008,242.01887,17.04698,112.74,5.00,0.931,Marsic
79045,6009,242.02065,17.05438,645.16,6.25,1.14,Marsic B
79047,,242.02381,10.08044,114.55,6.74,0.169,
79048,,242.02968,-18.24313,31.596,7.02,0.562,
79050,6001,242.03159,-26.32668,146.84,5.35,1.643,
79071,,242.11355,-10.10231,64.683,6.69,0.507,
79072,6010,242.11698,8.53431,247.52,5.69,1.575,47 Ser
79081,6000,242.14401,-39.09285,170.94,6.65,-0.071,
79086,,242.15214,8.61318,203.25,6.47,1.418,
79098,6003,242.18217,-23.68542,136.05,5.86,0.02,
79101,6023,242.19243,44.93491,62.539,4.23,-0.045,11Phi Her
79102,6013,242.19429,17.20564,97.752,6.13,-0.003,8 Her
79119,6018,242.24294,36.49094,35.778,4.73,1.015,16Tau CrB
79120,6011,242.24533,3.45447,121.51,5.93,1.471,
79125,6036,242.26209,57.93788,123.61,6.33,0.032,
79126,,242.26277,52.94387,16.929,10.24,1.585,GJ 3942
79137,6014,242.29672,6.37869,28.313,5.93,0.988,
79143,,242.30709,-71.06961,25.773,7.23,0.714,Gl 611.1
79152,,242.32304,41.09520,37.383,6.69,0.53,
79153,5994,242.32731,-57.93432,85.837,5.57,-0.024,Iot2Nor
79164,6038,242.35829,55.82897,131.06,6.43,1.076,
79165,,242.36095,11.57446,34.507,7.45,0.604,
79173,6006,242.38227,-32.64901,120.63,6.18,0.79,
79190,,242.42858,-56.44515,14.669,7.11,0.856,Gl 613
79195,6016,242.46050,-3.46673,146.84,5.39,1.446,
79199,6007,242.46913,-33.54581,125,5.50,-0.075,
79203,6012,242.48031,-18.34062,46.512,6.43,0.447,
79208,,242.49661,-62.96715,95.057,6.50,0.231,
79219,,242.51631,26.74275,125.31,6.57,1.037,Kamuy
79229,,242.54117,-24.58242,109.53,6.64,0.024,
79231,,242.55125,1.60109,172.71,6.61,0.961,
79235,,242.56635,-26.90913,167.79,6.59,0.073,
79242,,242.56993,-84.23161,34.329,7.70,0.79,Gl 606.1A
79248,,242.60118,43.81764,17.572,6.61,0.877,Gl 614
79280,6079,242.70636,75.87756,189.39,5.48,-0.093,19 UMi
79302,6017,242.75865,-29.41622,97.466,5.09,1.131,
79320,6015,242.82384,-41.11980,64.725,5.86,0.273,
79322,,242.82839,-45.33343,37.722,6.65,0.482,
79332,6035,242.86974,16.66569,124.22,6.09,0.02,
79337,6032,242.87401,9.71203,162.34,6.52,0.268,
79349,6039,242.90848,23.49480,209.21,5.74,1.519,10 Her
79350,6043,242.91500,33.34276,154.56,6.30,1.228,
79357,6050,242.94834,42.37457,193.8,5.89,1.464,
79358,6046,242.95023,36.42509,207.04,5.62,1.352,
79372,,242.99136,-54.35293,154.08,6.53,0.02,
79374,6027,242.99889,-19.46071,145.35,4.00,0.076,Jabbah
79375,6031,242.99995,-10.06425,47.71,4.93,0.087,15Psi Sco
79377,,243.01021,-18.23262,32.51,7.41,0.616,
79385,,243.02727,39.05552,214.13,6.39,1.262,
79387,6033,243.03048,-8.54758,77.399,5.43,0.118,16 Sco
79399,6029,243.06684,-28.41730,93.023,5.67,0.012,12 Sco
79404,6028,243.07585,-27.92637,146.84,4.58,-0.172,13 Sco
79414,6069,243.10571,67.14418,131.75,6.21,0.993,
79420,6082,243.13404,75.21068,200.4,6.36,1.283,20 UMi
79431,,243.17406,-18.87550,14.397,11.34,1.486,Sharjah
79441,6052,243.18944,26.67058,73.26,6.48,0.391,
79463,6041,243.23577,-4.22081,164.47,6.26,0.133,
79472,,243.28315,21.56619,95.238,6.69,0.182,
79488,6047,243.31430,5.02109,121.8,5.46,1.472,9 Her
79490,6022,243.32072,-53.67117,490.2,6.03,1.965,
79492,,243.32686,13.52691,23.585,6.68,0.764,Gl 615.1A
79497,6019,243.34476,-55.54095,66.756,5.78,0.365,Zet Nor
79509,6024,243.36972,-54.63047,131.23,4.95,1.017,Kap Nor
79522,,243.41082,-1.47513,101.52,6.45,0.997,
79524,,243.41813,-21.39996,38.095,6.68,0.617,GJ 3944
79530,6042,243.43957,-24.42209,143.68,6.40,0.043,
79537,,243.45412,-57.57051,13.887,7.53,0.815,Gl 615
79540,6048,243.46210,-11.83775,116.01,5.24,1.394,17Chi Sco
79578,,243.54975,-31.66365,21.552,6.55,0.646,
79581,6057,243.55670,5.90185,109.29,6.30,1.148,
79593,6056,243.58641,-3.69432,52.466,2.73,1.584,Yed Prior
79596,6044,243.59319,-33.01109,174.52,5.91,1.021,
79599,6051,243.62036,-21.10764,108.7,6.41,0.002,
79601,6088,243.63942,73.39489,203.25,6.02,0.063,
79605,6053,243.66352,-18.53565,77.101,6.32,1.085,
79607,6063,243.67035,33.85861,21.079,5.23,0.599,17Sig CrB
79608,,243.67600,7.85824,234.74,6.59,1.3,
79622,6054,243.72262,-25.47698,148.81,6.06,0.027,
79629,,243.73776,60.66977,30.731,7.67,0.659,
79653,6045,243.81385,-47.37202,118.2,5.13,-0.114,The Nor
79658,,243.82958,-27.21026,36.496,7.53,0.614,
79661,6049,243.84984,-42.89942,71.429,6.14,1.114,
79664,6030,243.85946,-63.68568,186.22,3.86,1.105,Del TrA
79666,6065,243.86932,18.80809,106.61,5.72,1.126,16 Her
79672,6060,243.90528,-8.36944,13.9,5.49,0.652,18 Sco
79685,,243.94698,53.23667,78.247,6.95,0.403,
79686,6068,243.94719,27.42208,120.48,6.14,1.334,
79689,6040,243.95751,-57.91235,129.7,5.61,0.137,
79692,6061,243.96456,-14.84911,178.57,6.09,0.098,
79724,,244.06967,23.12273,143.06,6.57,0.986,
79730,,244.08168,-1.64813,47.438,7.07,0.521,
79754,6055,244.18031,-53.81111,237.53,5.45,1.696,
79755,,244.18002,67.23885,10.687,8.61,1.409,Gl 617A
79757,6074,244.18660,29.15026,204.5,5.80,0.063,18Ups CrB
79762,,244.19067,67.25625,10.742,10.69,1.5,Gl 617B
79777,,244.22126,-49.85675,28.653,7.63,0.76,
79781,6067,244.23042,-3.95335,44.405,6.18,0.326,
79785,6066,244.24486,-21.30413,100.91,6.61,0.01,
79787,,244.24563,-53.69623,70.922,6.40,0.793,
79788,,244.24667,-20.10409,188.32,6.40,1.27,
79790,6058,244.25389,-50.06812,450.45,4.97,0.788,Gam1Nor
79797,6037,244.27274,-67.94128,52.219,5.95,0.159,
79804,6086,244.31392,59.75502,226.76,5.37,1.551,
79812,6059,244.33725,-53.08638,73.801,6.30,0.273,
79822,6116,244.37687,75.75533,29.735,4.95,0.393,21Eta UMi
79834,,244.43065,1.49671,236.41,6.50,1.128,
79837,,244.44145,31.80438,28.523,6.84,0.605,
79862,,244.52451,34.48276,37.779,7.50,0.631,
79867,6101,244.54081,68.55455,181.49,6.39,1.343,
79881,6070,244.57460,-28.61402,41.288,4.80,0.008,
79882,6075,244.58037,-4.69251,32.637,3.23,0.966,Yed Posterior
79887,,244.59805,-73.04340,235.29,6.58,0.012,
79889,,244.59857,25.89669,135.69,6.70,0.882,
79938,6078,244.75175,-14.87283,325.73,5.97,1.475,
79945,6076,244.78216,-20.21807,144.09,6.29,1.066,
79953,6090,244.79675,49.03816,196.08,5.93,1.369,
79962,,244.82166,-35.49090,111.36,6.63,0.375,
79963,6071,244.82352,-42.67397,106.95,5.44,0.099,Lam Nor
79967,,244.83666,-54.51360,44.504,7.09,0.642,
79980,6077,244.88637,-30.90672,48.263,5.53,0.466,
79992,6092,244.93517,46.31337,94.251,3.91,-0.151,Asuusiha
80000,6072,244.96031,-50.15551,39.479,4.01,1.08,Gam2Nor
80008,6091,244.97985,39.70858,26.378,5.48,0.41,GJ 9557A
80017,,245.00198,-64.64882,126.58,6.70,0.0,
80018,,245.01511,-37.52901,8.3438,10.56,1.55,Gl 618A
80021,6087,245.01781,21.13261,98.135,6.04,0.938,
80042,,245.07588,36.97558,230.95,6.57,1.527,
80047,6020,245.08678,-78.69575,233.64,4.68,1.68,Del1Aps
80051,,245.10238,52.03903,108.11,6.63,0.085,
80054,6073,245.10517,-55.13971,102.35,5.76,0.97,
80057,6021,245.11192,-78.66750,187.97,5.27,1.413,Del2Aps
80060,,245.11755,-12.91104,94.697,6.56,0.385,
80066,6080,245.13591,-39.43034,140.85,6.11,-0.079,
80079,6081,245.15908,-24.16932,269.54,4.55,0.758,19Omi Sco
80093,,245.21976,40.96145,15.718,8.99,1.286,Gl 619
80112,6084,245.29715,-25.59280,213.68,2.90,0.299,Alniyat
80142,,245.36265,-48.18862,137.17,6.51,-0.047,
80152,,245.40620,-71.87390,112.87,6.71,0.02,
80161,6126,245.45304,69.10939,89.928,5.26,1.115,
80170,6095,245.48007,19.15313,59.067,3.74,0.299,20Gam Her
80179,6093,245.51813,1.02904,27.27,4.82,0.338,50Sig Ser
80181,6103,245.52430,30.89200,56.243,4.86,0.97,19Xi CrB
80197,6107,245.58927,33.79905,196.46,5.20,1.631,20Nu 1CrB
80208,6083,245.61666,-49.57235,141.84,5.32,-0.047,
80212,6085,245.62112,-43.91205,289.02,5.89,1.121,
80214,6108,245.62175,33.70348,182.15,5.40,1.523,21Nu 2CrB
80218,,245.63634,-4.24924,27.571,7.34,0.718,
80227,6096,245.66211,-2.07987,130.89,6.24,0.058,
80240,,245.72331,-17.01914,91.491,6.87,0.373,
80247,6110,245.73540,32.33301,179.53,6.41,0.083,
80268,,245.78193,-24.70978,16.439,10.23,1.458,Gl 620
80300,,245.89093,-39.22949,13.158,11.01,-0.165,Gl 620.1B
80309,6130,245.94655,61.69646,155.28,5.67,0.956,
80324,6097,245.98633,-33.19940,110.13,6.45,0.013,
80331,6132,245.99790,61.51421,28.233,2.73,0.91,Athebyne
80337,6094,246.00533,-39.19298,12.778,5.37,0.625,Gl 620.1A
80343,6104,246.02577,-20.03733,61.162,4.48,0.996,4Psi Oph
80346,,246.03744,48.35290,8.0567,10.27,1.475,Gl 623
80351,6111,246.04512,6.94821,112.36,5.83,0.018,21 Her
80364,,246.07268,55.33197,42.499,6.93,0.575,
80366,,246.08256,-13.64166,21.524,8.40,0.95,Gl 621
80375,6127,246.10555,55.20510,119.9,5.75,0.001,
80383,,246.11920,-43.65851,17.059,11.06,0.983,
80390,6100,246.13232,-37.56604,129.03,5.42,-0.104,
80399,6105,246.16569,-29.70466,33.091,5.40,0.625,
80421,6099,246.22563,-45.34950,90.09,6.32,0.187,
80448,,246.32342,-49.14787,46.992,7.33,0.3,
80455,6089,246.34225,-63.12522,124.84,6.14,0.029,
80460,6123,246.35070,37.39408,74.46,5.53,0.174,25 Her
80459,,246.35184,54.30410,6.5164,10.13,1.591,Gl 625
80461,,246.35118,-23.46022,124.84,6.75,0.266,
80463,6117,246.35397,14.03327,76.687,4.57,0.002,Cujam
80467,,246.37167,71.38458,33.478,7.09,0.624,
80473,6112,246.39633,-23.44718,110.74,4.57,0.227,5Rho Oph
80480,6173,246.43110,78.96385,42.882,5.55,0.249,
80514,6121,246.54744,11.40749,109.41,6.11,1.065,
80527,,246.58831,2.50784,115.07,6.66,0.091,
80538,,246.63350,47.95761,72.411,6.51,1.065,
80543,,246.66336,15.97264,79.618,6.70,0.647,
80558,6124,246.70864,2.34794,142.86,6.06,0.919,
80569,6118,246.75599,-18.45625,161.03,4.22,0.217,7Chi Oph
80570,,246.75693,-17.76870,52.91,7.22,0.509,
80582,6115,246.79601,-47.55479,162.6,4.46,-0.07,Eps Nor
80610,,246.88446,2.87063,238.1,6.35,1.638,
80620,6128,246.93107,-7.59793,176.99,5.24,1.721,
80628,6129,246.95077,-8.37173,40.95,4.62,0.185,3Ups Oph
80644,,246.98712,7.30545,17.519,8.83,1.253,Gl 626
80645,6109,246.98877,-64.05794,38.805,5.28,0.383,Iot TrA
80650,6161,246.99600,68.76814,149.25,4.94,-0.051,15 Dra
80672,6122,247.06027,-37.17988,110.38,5.79,1.104,
80675,6114,247.06321,-58.59980,411.52,5.67,0.008,
80682,,247.08815,67.04400,206.19,6.45,1.517,
80686,6098,247.11633,-70.08440,12.117,4.90,0.555,Zet TrA
80687,,247.11730,-13.39964,59.032,6.89,0.95,Timir
80693,6136,247.14159,0.66500,124.84,5.41,1.461,
80704,6146,247.16060,41.88168,108.58,4.83,1.289,30 Her
80708,,247.17632,0.05486,94.697,6.46,1.378,
80710,6150,247.18096,51.40774,129.87,6.31,1.052,
80719,6137,247.20397,-8.12884,50.942,6.49,0.41,
80725,,247.21948,18.41406,19.658,6.98,0.848,Gl 627A
80763,6134,247.35192,-26.43200,169.78,1.06,1.865,Antares
80782,6131,247.42636,-46.24323,558.66,5.35,0.488,
80788,6120,247.43843,-57.75632,,6.09,1.459,
80793,6140,247.44550,-14.55088,91.324,5.66,0.823,
80809,6156,247.52522,48.96109,101.42,6.44,0.026,34 Her
80815,6141,247.55199,-25.11522,126.74,4.79,-0.116,22 Sco
80816,6148,247.55502,21.48961,42.662,2.78,0.947,Kornephoros
80818,,247.56243,47.95238,52.743,6.98,0.582,
80824,,247.57525,-12.66259,4.2922,10.10,1.604,Wolf 1061
80837,,247.61859,4.17822,42.717,7.27,0.545,
80840,6144,247.62507,-7.51445,,6.46,0.371,
80843,6152,247.63980,20.47919,192.68,5.24,1.274,
80850,6191,247.66259,77.44651,115.61,6.35,0.995,
80874,6125,247.70569,-61.63350,240.96,5.19,1.236,
80883,6149,247.72844,1.98392,53.079,3.82,0.022,Marfik
80888,6157,247.76160,35.22507,312.5,6.25,1.64,
80894,6147,247.78486,-16.61273,74.683,4.29,0.924,8Phi Oph
80898,6154,247.80597,22.19546,257.73,5.76,1.605,
80902,,247.82218,79.78978,28.225,7.01,0.607,Gl 632
80910,6145,247.84523,-26.53764,68.587,6.07,1.085,
80911,6143,247.84555,-34.70437,170.07,4.24,-0.168,
80920,6180,247.86783,72.61234,143.88,6.27,1.291,
80925,,247.87542,-39.01228,24.528,7.24,0.858,Gl 629
80945,6142,247.92404,-41.81714,833.33,5.31,0.299,
80948,,247.93576,-64.47341,280.11,6.61,-0.042,
80953,6162,247.94679,45.59828,69.3,5.61,0.125,
80964,,247.98525,9.41442,78.678,6.51,0.429,
80975,6153,248.03417,-21.46639,51.706,4.45,0.13,9Ome Oph
80991,6170,248.10694,60.82332,113.77,5.92,0.039,
81007,6158,248.14869,5.52122,118.34,5.63,-0.044,28 Her
81008,6159,248.15122,11.48804,107.64,4.84,1.495,29 Her
81010,,248.15889,-15.98753,44.307,7.02,0.543,
81027,,248.23226,-10.56249,85.47,6.84,0.279,
81041,,248.27470,-63.84224,41.946,7.37,0.573,
81065,6102,248.36413,-78.89715,47.916,3.86,0.923,Gam Aps
81073,,248.39184,10.36902,89.686,6.74,0.243,
81079,,248.39968,-53.20022,147.49,6.59,0.883,
81085,,248.42428,38.09106,55.866,6.59,0.442,
81122,6155,248.52092,-44.04532,,4.86,0.045,Mu Nor
81126,6168,248.52576,42.43704,96.525,4.20,-0.013,35Sig Her
81141,6135,248.58066,-70.98810,248.14,5.50,1.235,
81198,6160,248.78231,-45.24437,177.31,6.43,1.346,
81208,,248.80767,-35.72464,151.29,6.63,-0.049,
81219,,248.83885,77.75519,83.195,6.89,0.639,
81231,6169,248.85954,17.05734,159.74,6.42,0.062,
81252,6151,248.93662,-65.49540,104.93,5.50,0.949,The TrA
81259,,248.95569,-71.89425,126.74,6.52,0.024,
81262,,248.96004,-53.75706,22.904,8.78,1.096,
81266,6165,248.97065,-28.21602,145.35,2.82,-0.206,Paikauhale
81289,6183,249.04669,46.61333,306.75,5.83,1.044,
81290,6184,249.04761,52.90005,130.89,5.53,-0.06,16 Dra
81292,6185,249.05718,52.92442,126.42,5.07,-0.027,17 Dra
81300,6171,249.08937,-2.32458,9.7513,5.77,0.827,12 Oph
81304,6166,249.09363,-35.25533,105.04,4.18,1.535,
81305,6164,249.09402,-42.85886,416.67,5.46,0.338,
81312,,249.10833,30.94168,39.002,7.10,0.555,
81335,,249.17290,-35.91637,59.242,6.89,0.374,
81337,6176,249.17892,15.49746,126.26,6.36,-0.055,
81358,6198,249.22913,63.07282,156.74,6.17,1.527,
81375,,249.28512,0.25434,20.334,7.09,0.828,
81377,6175,249.28974,-10.56709,112.23,2.54,0.038,13Zet Oph
81404,,249.39066,5.27753,163.67,6.48,1.15,
81425,6181,249.45004,13.68703,69.784,6.30,0.433,
81428,6238,249.46998,78.91867,134.23,6.33,1.141,Gl 635.1
81434,,249.49890,-46.15462,170.07,6.62,1.539,
81437,6199,249.50193,56.01554,83.056,5.28,1.055,
81440,6179,249.50647,-6.53801,113.25,6.05,0.165,
81472,6174,249.60956,-43.39843,192.31,5.83,-0.053,
81474,,249.61940,-18.22048,135.14,6.73,0.248,
81483,,249.63558,48.86229,313.48,6.56,1.54,
81484,,249.63972,-1.23152,119.9,6.73,1.274,
81497,6200,249.68691,48.92834,127.06,4.86,1.562,42 Her
81499,,249.69887,-8.61861,223.71,6.44,1.806,
81507,6167,249.71961,-60.99040,178.25,6.16,-0.073,
81520,,249.76774,-58.25820,22.452,7.01,0.616,
81523,6178,249.77178,-37.21737,112.11,5.93,-0.035,
81580,6189,249.91304,-9.55459,40.064,6.33,0.492,
81589,,249.93639,-56.99441,124.07,6.73,-0.06,
81592,,249.94548,-51.99421,31.486,7.61,0.7,
81608,,250.00746,-6.08126,65.963,6.72,0.548,
81632,6190,250.14383,-20.40865,137.74,6.25,1.077,
81639,,250.15770,-35.68718,219.78,6.64,0.173,
81641,6195,250.16120,4.21979,90.009,5.77,-0.004,37 Her
81650,,250.18499,-51.47826,49.407,6.30,0.321,
81653,,250.19754,-72.29961,124.53,6.53,0.8,
81657,6177,250.21020,-60.44644,31.328,6.17,0.488,
81659,6203,250.21392,12.39504,95.877,6.08,0.046,
81660,6223,250.22967,64.58905,225.73,4.84,1.212,18 Dra
81663,,250.23504,-8.30963,143.06,6.47,1.147,
81670,6208,250.25244,24.85871,132.1,6.07,1.316,
81681,,250.28422,-2.85728,29.568,7.21,0.631,Gl 634.1
81687,6201,250.29810,-1.00031,48.9,6.25,0.313,
81691,,250.31973,1.24544,299.4,6.40,1.019,
81693,6212,250.32170,31.60273,10.716,2.81,0.65,Tianji
81695,,250.32782,-18.05946,105.6,6.68,0.171,
81696,,250.33104,-48.76322,55.71,6.87,0.13,
81702,6187,250.33506,-48.76296,,5.57,0.169,
81710,6172,250.34634,-68.29612,202.84,5.89,-0.078,Eta1TrA
81724,6196,250.39326,-17.74217,126.42,4.91,1.095,GJ 9574
81726,,250.39476,30.87576,57.67,7.07,0.525,
81728,6193,250.40076,-24.46796,87.566,6.07,0.214,
81729,6213,250.40291,26.91688,43.745,5.92,0.402,39 Her
81731,,250.40649,-27.80968,137.74,6.52,1.119,
81733,6188,250.41761,-49.65155,671.14,5.62,-0.043,
81734,6205,250.42701,1.18123,55.586,5.74,0.336,14 Oph
81741,6192,250.43941,-33.14576,86.881,5.84,0.653,
81746,,250.45745,-45.36873,26.638,7.03,0.653,
81754,6202,250.47370,-19.92438,42.052,5.55,0.436,
81757,,250.48837,73.88738,107.87,6.82,0.223,
81800,,250.61571,49.93644,29.334,6.48,0.541,
81803,,250.62123,-37.07935,94.787,6.47,0.776,
81813,,250.66189,68.10217,25.019,7.56,0.769,Gl 637.1
81819,,250.69437,-37.34251,48.876,7.16,0.78,GJ 3970
81823,,250.70175,-62.55393,495.05,6.23,1.524,
81833,6220,250.72399,38.92225,33.311,3.48,0.916,44Eta Her
81840,6226,250.74348,55.69012,88.574,6.18,0.088,
81847,6197,250.76485,-46.07029,869.57,6.22,0.821,
81852,6163,250.77189,-77.51744,48.123,4.23,1.06,Bet Aps
81854,6267,250.77570,77.51397,36.101,5.99,0.43,
81873,6182,250.84218,-67.43239,100.6,6.02,0.037,
81880,,250.87539,20.71611,44.072,7.19,0.573,
81891,6211,250.91135,-32.10594,185.19,6.46,-0.076,
81903,6206,250.94036,-41.11920,145.77,6.21,0.143,
81904,6210,250.94832,-38.15635,162.07,6.05,-0.054,
81910,,250.96431,-26.80895,46.447,6.72,0.674,
81911,6222,250.96541,34.03880,53.333,6.02,0.321,
81914,6209,250.97534,-41.11334,167.22,6.14,-0.078,
81935,,251.06259,-38.94363,14.263,7.52,1.024,
81939,6216,251.07249,-27.45624,95.969,6.58,0.097,
81966,6207,251.16561,-53.15231,223.21,5.96,1.23,
81972,6214,251.17748,-40.83967,163.67,5.64,-0.093,
81991,,251.24994,6.08816,45.872,6.55,0.89,
81992,6218,251.25080,-28.50966,216.92,5.99,0.103,
82003,,251.27647,33.50923,9.8078,8.10,1.31,Gl 638
82012,6230,251.29916,43.21717,221.73,6.07,1.415,
82020,6237,251.32419,56.78186,26.11,4.84,0.375,GJ 9578
82028,6227,251.34382,15.74529,139.08,5.60,1.637,
82037,6224,251.37365,1.02016,153.14,6.02,-0.012,16 Oph
82038,,251.37573,-19.13693,250.63,6.60,1.876,
82073,6228,251.45789,8.58262,108.58,5.15,1.535,43 Her
82076,6138,251.47361,-83.23988,259.07,6.58,1.571,
82080,6322,251.49238,82.03726,93.197,4.21,0.897,22Eps UMi
82091,,251.52655,-46.53200,128.04,6.47,0.087,
82099,,251.55732,16.47801,16.082,11.74,2.4,GJ 3972
82110,6215,251.58845,-58.50359,302.11,5.74,-0.101,
82129,6204,251.66668,-67.10969,213.68,5.10,-0.08,
82135,6221,251.69984,-39.37696,88.261,5.48,0.975,
82142,,251.72082,2.24246,60.938,6.72,0.356,
82147,,251.73139,-68.10197,108.93,6.53,0.182,
82162,6232,251.79064,2.06453,166.11,6.07,0.14,19 Oph
82171,6219,251.83193,-58.34144,826.45,5.55,-0.096,
82172,6242,251.83227,42.23892,231.48,5.86,1.504,
82216,6234,251.94340,5.24675,120.63,5.22,-0.001,45 Her
82233,,252.00767,-15.96395,42.141,7.43,0.566,
82238,,252.02307,-45.94492,97.182,6.69,0.377,
82241,6239,252.03700,13.59030,220.75,6.38,0.877,
82256,,252.10476,-72.97608,15.881,11.36,1.6,Gl 637
82257,,252.10652,59.05631,10.634,12.24,0.16,GJ 1206
82259,6235,252.11240,-14.90942,151.29,6.03,0.192,
82260,,252.11799,-16.33454,36.603,7.62,0.767,
82273,6217,252.16616,-69.02772,119.76,1.91,1.447,Atria
82316,,252.29001,12.90914,130.89,6.64,0.94,
82321,6254,252.30922,45.98332,55.249,4.82,0.087,52 Her
82324,,252.31368,29.96471,242.72,6.59,1.211,
82339,6240,252.36529,-15.66797,74.074,6.18,0.234,
82350,6246,252.39441,13.26114,100.1,5.91,0.015,
82355,6256,252.41904,43.43044,170.65,6.18,1.257,
82363,6229,252.44640,-59.04138,91.743,3.77,1.562,Eta Ara
82369,6243,252.45845,-10.78300,31.98,4.64,0.478,20 Oph
82396,6241,252.54120,-34.29323,19.535,2.29,1.144,Larawag
82402,6250,252.58075,7.24768,54.407,5.48,0.108,47 Her
82405,6248,252.59271,-2.65436,60.938,6.32,0.401,
82418,6236,252.65034,-50.04495,161.55,6.45,0.325,
82419,6264,252.65044,41.89650,114.42,6.29,1.086,
82422,6258,252.66233,29.80654,327.87,5.73,1.626,50 Her
82426,6259,252.67979,32.55367,94.073,6.16,1.014,
82453,6244,252.75015,-37.51451,341.3,6.10,0.124,
82460,,252.78090,9.40432,64.226,6.68,0.529,
82480,6255,252.85388,1.21595,116.14,5.51,0.055,21 Oph
82493,6245,252.89050,-41.23053,,5.23,0.047,
82504,6270,252.93860,24.65643,214.13,5.03,1.246,51 Her
82510,,252.95874,28.66639,58.411,6.62,0.479,
82514,6247,252.96764,-38.04738,153.61,3.00,-0.2,Xamidimura
82517,6233,252.97452,-65.37546,310.56,6.12,-0.028,
82526,6268,253.02021,14.97421,124.07,6.51,-0.033,49 Her
82539,6231,253.07397,-67.68163,134.95,6.33,1.289,
82543,6249,253.08019,-41.85451,,6.36,0.264,
82545,6252,253.08394,-38.01754,145.35,3.56,-0.21,Pipirima
82554,,253.11424,-40.72315,180.51,6.35,-0.141,
82568,,253.17142,18.06213,51.733,6.81,0.529,
82580,,253.22986,75.39281,100,6.82,0.318,
82587,6279,253.24194,31.70167,29.189,5.34,0.319,53 Her
82588,,253.24501,-0.02642,17.25,6.65,0.749,Gl 641
82611,6286,253.32319,47.41672,201.21,5.99,1.325,
82621,6269,253.35510,-20.41556,26.94,5.86,0.685,
82636,,253.38459,42.82486,47.985,6.81,0.631,
82650,6257,253.42679,-43.05097,232.02,5.95,1.643,
82669,6261,253.49523,-41.99433,952.38,6.28,0.462,
82671,6262,253.49886,-42.36203,787.4,4.70,0.444,Zet1Sco
82672,6251,253.50159,-57.90951,217.39,5.91,1.592,
82673,6281,253.50196,10.16536,75.188,4.39,-0.088,25Iot Oph
82676,6260,253.50765,-41.80639,793.65,5.46,0.176,
82691,,253.54193,-41.82504,416.67,6.07,0.126,
82693,6277,253.54419,-1.61230,76.628,6.25,0.283,
82716,6266,253.61226,-42.47889,440.53,5.84,0.626,
82723,,253.63147,-49.71080,471.7,6.49,1.466,
82724,,253.63295,-62.39973,3.6964,11.85,1.729,
82725,,253.63457,-62.40332,4.1465,11.72,,
82729,6271,253.64597,-42.36131,40.568,3.62,1.393,Zet2Sco
82730,6280,253.64873,-6.15398,73.801,5.23,1.1,23 Oph
82731,6273,253.64982,-30.58734,208.77,6.34,0.214,
82737,6278,253.66761,-11.79246,94.34,6.57,0.144,
82750,,253.69248,62.09993,39.324,7.07,0.676,
82764,6287,253.72986,20.95849,82.781,5.39,0.966,
82775,6272,253.74376,-41.15086,694.44,5.78,0.132,
82780,6292,253.75900,25.73068,136.8,6.06,0.921,56 Her
82783,,253.76388,-42.09083,714.29,6.30,0.396,
82798,6290,253.81662,13.61991,77.579,6.35,0.339,
82802,6293,253.84238,18.43321,120.05,5.35,1.407,54 Her
82806,6253,253.85285,-63.26966,144.09,5.99,0.059,
82809,,253.85512,-8.32258,6.715,11.73,1.7,Gl 643
82817,,253.86984,-8.33634,6.1954,9.02,1.553,Gl 644A
82822,,253.88558,-21.56951,262.47,6.62,0.117,
82834,,253.90833,-32.06770,18.255,9.58,1.378,
82855,6282,253.99062,-33.50687,246.91,6.29,1.747,
82860,6315,254.00625,65.13480,15.258,4.88,0.481,19 Dra
82861,6284,254.00768,-16.80626,42.017,6.33,0.952,
82868,6274,254.03685,-50.67479,197.63,6.30,-0.016,
82870,,254.04006,15.38367,163.93,6.58,1.236,
82880,6335,254.06973,73.12787,90.171,6.29,0.259,
82886,,254.07837,74.28262,49.529,7.09,0.493,
82894,,254.10060,80.85958,200,6.64,0.996,
82898,6319,254.10540,65.03912,69.93,6.40,0.383,20 Dra
82902,6275,254.11992,-52.28375,116.14,5.94,-0.069,
82911,6283,254.14990,-40.82345,724.64,6.18,0.228,
82925,6291,254.20016,-23.15035,93.11,5.57,-0.018,24 Oph
82926,,254.20231,-39.09392,15.783,11.18,1.51,
82944,,254.25441,-71.11164,308.64,6.46,0.26,
82951,6294,254.26659,-19.53986,177.62,6.27,0.084,
82960,6288,254.29656,-33.25949,290.7,5.48,1.606,27 Sco
82979,6296,254.35833,-10.96337,81.169,6.15,1.0,
82985,,254.37466,-60.60012,204.08,6.52,-0.06,
82987,6305,254.37936,25.35284,169.49,6.27,0.909,57 Her
82989,6301,254.38350,13.88411,61.125,6.38,0.93,
83000,6299,254.41708,9.37503,28.043,3.19,1.16,27Kap Oph
83007,6307,254.42628,24.38126,151.29,6.35,1.089,
83006,,254.42612,47.36214,17.8,7.93,1.004,Gl 649.1C
83013,6313,254.45908,42.51245,200.8,6.36,1.28,
83020,,254.47176,47.36669,18.305,7.76,0.98,Gl 649.1A
83043,,254.53690,25.74416,10.345,9.70,1.522,Gl 649
83053,,254.56466,-65.20454,126.58,6.53,0.359,
83057,6289,254.57477,-50.64119,159.24,5.53,0.016,
83081,6285,254.65509,-55.99014,149.03,3.12,1.552,Zet Ara
83083,,254.65802,15.45436,51.335,6.89,0.646,
83090,6302,254.67317,-14.86967,51.894,6.48,0.391,
83100,6298,254.71775,-37.62051,96.712,6.05,0.179,Shengong
83101,,254.72502,-39.55855,19.113,8.33,1.181,Gl 646A
83114,6345,254.76072,69.18625,88.261,6.41,0.725,
83116,,254.77322,-48.87512,168.07,6.64,0.347,
83138,6330,254.83974,56.68859,93.11,6.04,1.165,
83150,6276,254.89157,-69.26816,241.55,5.79,-0.103,
83153,6295,254.89603,-53.16044,110.62,4.06,1.452,Eps1Ara
83163,,254.93463,-18.24834,52.938,6.63,0.569,
83174,,254.97831,-59.32967,49.702,7.18,0.47,
83176,6308,254.99044,-25.09220,165.84,5.88,1.607,
83187,6297,255.02617,-54.59718,51.813,5.64,0.194,
83196,6310,255.03961,-24.98907,33.704,5.74,0.407,26 Oph
83202,,255.05937,-44.98855,56.497,6.50,0.403,
83204,,255.06820,10.82281,42.391,7.38,0.594,
83207,6324,255.07240,30.92640,47.529,3.92,-0.018,Khepdenreret
83216,6300,255.11235,-48.64776,106.84,5.98,0.883,
83223,6317,255.12249,6.58371,75.415,6.57,0.233,
83229,,255.13219,-57.29710,30.516,6.99,0.581,
83235,6311,255.15412,-35.93413,98.522,5.95,1.161,
83247,,255.22796,-76.21872,55.31,6.93,0.532,
83254,6325,255.24223,22.63209,952.38,5.69,1.332,
83255,6139,255.24353,-86.36430,192.31,6.05,0.043,
83262,6318,255.26501,-4.22264,124.22,4.82,1.483,30 Oph
83269,,255.27927,-56.55508,200.4,6.40,0.1,
83274,6328,255.29012,27.19653,42.589,6.57,0.427,
83276,,255.29483,-13.56713,27.382,7.12,0.608,Gl 650
83289,6348,255.32062,60.64875,102.35,6.16,1.006,
83308,6326,255.38772,14.94972,162.87,6.27,0.031,
83313,6332,255.40150,33.56827,98.814,5.27,0.028,59 Her
83317,6379,255.41703,75.29750,46.598,6.17,0.306,
83321,6312,255.44315,-51.13103,104.49,6.43,0.279,
83323,6304,255.44745,-58.95824,431.03,6.26,-0.124,
83331,6321,255.46356,-18.88554,177.62,6.28,1.351,29 Oph
83336,6316,255.46935,-32.14352,137.17,5.03,-0.1,
83342,6329,255.49573,8.45067,121.21,6.33,0.091,
83359,6360,255.56568,64.60074,115.74,6.11,0.96,
83365,6336,255.57127,31.88412,105.15,6.41,1.134,
83367,6333,255.57789,25.50562,95.969,5.76,1.018,
83389,,255.65154,47.08188,18.587,6.76,0.728,Gl 651
83430,6337,255.78279,14.09195,121.07,4.97,1.6,
83431,6314,255.78629,-53.23703,27.226,5.27,0.498,Eps2Ara
83435,6339,255.79353,14.51134,36.271,6.52,0.77,
83451,,255.82859,59.58536,24.044,8.61,1.019,GJ 9582A
83462,6346,255.87588,35.41405,229.89,6.19,1.467,61 Her
83478,6341,255.91376,13.60535,76.746,5.91,0.01,
83480,,255.92268,-0.14595,91.659,6.70,0.19,
83481,6323,255.92368,-47.16057,151.29,6.07,0.072,
83491,6327,255.96219,-38.15257,64.683,5.91,0.409,
83493,6343,255.96942,19.69051,229.89,6.35,1.518,
83494,6351,255.97328,34.79022,54.975,6.08,0.2,
83499,,255.98655,-37.84414,,6.48,0.263,
83504,6342,255.99185,13.56742,97.943,6.06,1.05,
83508,,256.00340,-25.69800,151.06,6.66,-0.083,
83535,6320,256.10301,-57.71217,174.52,5.73,-0.097,
83541,,256.11599,-28.58268,17.838,6.59,0.814,Gl 652
83556,,256.14042,-68.27869,373.13,6.47,1.57,
83565,6352,256.17228,19.59911,176.68,6.19,0.01,
83566,,256.18134,-25.64535,82.645,6.60,0.264,
83567,6340,256.18885,-20.49470,144.72,6.29,-0.035,
83574,6334,256.20564,-34.12293,,4.83,0.257,
83575,6363,256.20734,48.80396,112.23,6.11,1.091,
83591,,256.26416,-5.06651,10.707,7.70,1.1,Gl 653
83593,6362,256.27059,43.81224,156.74,6.45,0.099,
83594,6331,256.27239,-45.50213,98.619,6.28,0.074,
83599,,256.30741,-5.09423,10.572,10.08,1.476,Gl 654
83601,6349,256.32007,0.70256,20.665,6.00,0.578,Gl 654.1
83608,6369,256.33393,54.47004,27.435,4.91,0.471,21Mu Dra
83609,,256.33651,-33.76736,5.6155,9.25,0.607,
83613,6355,256.34454,12.74083,40.866,4.89,0.125,60 Her
83635,6353,256.38441,-0.89207,342.47,5.63,0.104,
83650,6338,256.45197,-44.10504,69.686,6.18,0.281,
83677,6358,256.54018,9.73387,275.48,6.38,1.458,
83684,6350,256.54917,-21.56458,106.84,6.29,0.128,
83688,6359,256.55437,10.45388,119.05,6.38,0.896,
83692,6364,256.57521,22.08415,104.82,5.56,1.299,
83693,6344,256.58412,-37.22759,142.25,5.98,0.076,
83706,6347,256.61820,-35.45105,625,6.15,0.438,
83738,6361,256.72066,-1.65619,90.498,6.34,0.209,
83740,6354,256.72178,-26.51302,328.95,6.26,-0.038,
83762,,256.78128,21.55401,13.362,11.61,1.56,Gl 655
83770,,256.81009,-2.86695,32.69,7.83,0.735,
83774,,256.82812,-76.22398,87.184,6.68,0.151,
83780,,256.84328,48.39933,136.99,6.66,1.133,
83802,,256.89659,-46.67968,89.767,6.89,0.255,
83816,6376,256.94452,40.51605,135.32,6.34,0.032,
83827,,256.98270,32.10549,36.55,7.21,0.562,
83834,,257.00289,31.20619,458.72,6.44,1.285,
83838,6377,257.00860,35.93517,54.259,5.41,0.309,
83846,,257.03056,-41.72396,25.934,8.30,1.051,Gl 654.3
83847,,257.03145,61.15962,106.27,6.72,0.528,
83853,6367,257.05687,-1.07948,89.525,6.06,0.074,
83854,6365,257.06190,-17.60905,114.94,5.98,1.011,
83855,,257.06554,16.09393,72.307,6.67,0.505,
83857,6383,257.07115,50.84227,191.57,6.46,-0.017,
83872,,257.13200,35.03398,123.46,6.73,1.079,
83895,6396,257.19672,65.71468,100.7,3.17,-0.12,Aldhibah
83896,6366,257.19808,-30.40373,78.247,5.93,0.276,
83906,6372,257.22717,-3.88299,34.928,6.35,0.697,
83925,,257.29314,-68.84674,139.86,6.59,-0.05,
83942,,257.36332,22.09182,58.893,7.03,0.539,
83945,,257.38111,43.68135,7.4455,11.77,1.696,GJ 3991
83947,6388,257.38857,40.77703,86.505,5.07,1.275,
83949,,257.39434,33.35585,44.111,7.28,0.545,
83953,,257.42120,10.03869,59.595,7.00,0.561,
83962,6375,257.44979,-10.52330,41.322,5.43,0.465,
83984,6356,257.52615,-61.67546,380.23,6.37,-0.049,
83990,,257.54295,-60.72877,13.622,7.38,0.889,Gl 656
83988,,257.54366,54.49439,19.861,8.85,1.152,Gl 659A
83996,,257.55133,54.49014,20.218,9.34,1.257,Gl 659B
83999,,257.56482,0.48162,89.127,6.82,0.94,
84012,6378,257.59452,-15.72491,27.093,2.43,0.059,Sabik
84021,6395,257.62766,52.40877,121.36,6.30,-0.025,
84033,6371,257.67638,-44.55772,96.805,5.06,0.867,
84034,,257.68092,-12.70122,93.721,6.71,0.176,
84036,6385,257.69063,12.46698,98.717,6.58,0.086,
84051,,257.74686,-52.51551,12.473,10.05,1.457,
84054,6391,257.76318,24.23769,82.305,6.20,0.227,63 Her
84056,,257.76819,-20.65457,75.132,6.81,1.03,
84062,,257.78510,56.65921,28.506,6.98,0.705,GJ 3993
84070,,257.82051,24.25241,77.399,6.94,0.392,
84082,,257.84410,4.69027,42.9,6.77,0.569,
84099,,257.89464,38.44276,12.003,11.54,,GJ 3992
84105,6374,257.91116,-48.87340,341.3,5.94,1.786,
84106,,257.91604,45.32445,414.94,6.57,1.588,
84108,6399,257.91778,49.74636,94.877,6.12,0.185,
84113,6390,257.93850,7.89476,136.05,6.34,1.04,
84121,,257.96358,-45.87434,34.13,7.53,0.637,
84123,,257.96776,-1.85177,10.184,11.45,1.6,Gl 660A
84140,,258.03253,45.66597,5.9776,9.31,1.485,Gl 661A
84143,6380,258.03828,-43.23919,22.528,3.32,0.441,Eta Sco
84147,6386,258.05673,-25.25515,128.7,6.52,-0.037,
84150,6381,258.06753,-39.50695,62.933,5.66,0.042,
84151,6382,258.06901,-38.82254,114.29,6.30,1.05,
84158,6357,258.08282,-70.72108,66.578,6.21,1.062,
84175,6387,258.10443,-27.76212,153.85,6.12,-0.048,
84177,6393,258.11588,10.58517,334.45,5.32,1.593,37 Oph
84183,6421,258.13571,62.87434,43.048,5.54,0.216,
84195,,258.15675,18.35119,20.964,7.95,0.941,
84217,6394,258.22644,0.35203,69.493,6.65,0.504,
84226,6389,258.24399,-32.43833,543.48,5.95,0.071,
84229,,258.24659,-58.59698,59.559,6.82,0.394,
84230,,258.24703,7.74937,95.602,6.87,0.379,
84248,6368,258.32509,-67.19659,100,5.87,1.07,
84269,,258.40299,-15.56034,106.5,6.70,0.168,
84290,,258.47494,-38.29494,102.88,6.74,0.458,
84311,6384,258.55587,-56.88853,471.7,6.08,1.728,
84314,,258.55936,-26.98442,93.284,6.64,0.427,
84332,6392,258.61523,-39.76665,,6.42,2.282,
84340,,258.63946,26.05190,203.25,6.56,1.373,
84345,6406,258.66190,14.39033,110.25,2.78,1.164,Rasalgethi
84372,,258.73809,19.68259,41.788,7.22,0.786,
84379,6410,258.75796,24.83920,23.036,3.12,0.08,Sarin
84380,6418,258.76182,36.80916,115.47,3.16,1.437,Nuchuang
84401,6397,258.83019,-33.54842,,5.60,-0.056,
84402,6404,258.83453,-14.58414,89.365,5.98,1.096,
84405,6401,258.83754,-26.60283,5.9333,4.33,0.855,Guniibuu
84425,6398,258.89991,-38.59390,30.59,5.95,0.58,
84431,6419,258.92280,23.74276,173.31,5.99,1.335,
84445,6403,258.96396,-30.21073,106.5,6.20,-0.027,
84455,,258.99540,27.13413,115.21,6.57,1.187,
84461,6133,259.00322,-87.56628,194.55,6.58,0.898,
84478,,259.05582,-26.54615,5.9705,6.33,1.144,Gl 664
84479,6412,259.05942,2.18620,219.78,6.17,0.235,
84481,,259.06619,-15.22373,278.55,6.52,1.79,
84489,6405,259.09006,-35.75030,31.437,6.09,0.479,
84496,6448,259.12260,60.67061,150.83,6.32,1.09,
84500,6414,259.13215,1.21054,200.4,5.89,0.023,
84510,6373,259.14869,-74.53301,106.38,6.24,-0.004,
84514,6415,259.15285,-0.44530,63.092,4.72,1.119,41 Oph
84521,,259.17075,8.05839,14.908,11.49,1.517,GJ 2128
84524,6413,259.17811,-6.24498,111.61,6.08,1.1,
84535,7394,259.23853,89.03771,271.74,6.31,1.575,Lam UMi
84551,6409,259.26523,-32.66284,48.379,5.53,0.514,
84556,,259.27308,-44.77860,,6.46,0.187,
84560,,259.29233,13.13421,185.87,6.62,1.195,
84573,6431,259.33153,33.10010,204.08,4.80,-0.166,68 Her
84581,,259.34799,-7.87643,9.6824,11.09,,
84586,,259.35636,-66.95104,31.447,6.87,0.798,
84599,6430,259.39939,23.09063,438.6,6.25,1.544,
84600,,259.40403,1.74250,89.365,6.86,0.416,
84606,6436,259.41775,37.29150,53.792,4.64,0.043,69 Her
84607,,259.41873,29.22723,24.474,8.43,1.015,
84616,,259.46007,52.44711,18.325,7.93,1.019,
84625,6425,259.50254,-24.28411,98.232,6.59,0.51,39Omi Oph
84626,6424,259.50284,-24.28690,90.416,5.14,1.046,39Omi Oph
84631,6432,259.52058,17.31789,139.66,6.00,0.015,
84632,,259.52058,3.14711,74.794,6.87,0.412,
84636,,259.52970,-24.07302,45.662,6.59,0.647,Gl 665.1
84649,6428,259.58029,-16.31188,252.53,6.28,1.691,
84650,6422,259.58545,-32.55311,319.49,6.36,0.109,
84656,6444,259.59697,38.81139,97.087,5.97,1.011,
84663,,259.62456,25.80800,130.04,6.61,1.071,
84671,6433,259.65413,10.86448,151.06,5.03,1.539,
84690,6420,259.69930,-44.12975,111.48,5.76,-0.049,
84691,6443,259.70218,28.82297,97.087,5.68,0.981,
84696,,259.71015,-2.81058,40.339,6.66,0.534,
84700,,259.71562,-62.87458,148.37,6.50,1.087,
84704,6434,259.71994,6.08545,165.29,6.51,0.388,
84709,6426,259.73763,-34.98979,6.8357,5.91,1.082,Gl 667A
84720,6416,259.76482,-46.63623,8.802,5.47,0.764,Gl 666A
84731,6408,259.80213,-59.69461,763.36,5.93,1.389,
84759,6423,259.87714,-50.06376,59.032,6.27,0.413,
84769,6529,259.90442,80.13640,294.12,5.74,1.499,
84780,,259.94376,2.13954,155.52,6.43,1.487,
84785,,259.96221,45.30863,67.024,6.66,0.332,
84787,,259.96420,-48.54932,54.794,6.67,0.614,Inquill
84790,,259.96941,41.71382,12.381,11.37,1.56,Gl 671
84792,6435,259.97229,-17.75654,115.21,6.03,0.04,
84794,,259.97591,26.50085,11.591,11.26,1.628,Gl 669A
84801,6439,259.99813,-5.91751,49.677,6.31,0.85,Gl 668.1
84821,6455,260.04098,25.53760,136.99,5.36,0.063,
84827,6400,260.05305,-70.04537,38.715,6.53,0.598,
84833,6452,260.07862,18.05708,147.06,5.01,1.654,
84835,6464,260.08805,46.24078,170.94,5.51,1.586,74 Her
84855,6467,260.14049,48.18879,39.651,6.36,0.427,
84856,6441,260.14297,-19.33375,47.619,6.50,0.578,
84862,6458,260.16480,32.46774,14.327,5.38,0.619,72 Her
84880,6446,260.20692,-12.84688,62.305,4.32,0.037,53Nu Ser
84883,6449,260.21929,-10.69641,47.778,6.46,0.326,
84887,6457,260.22586,24.49943,131.06,5.13,0.0,70 Her
84893,6445,260.25151,-21.11293,17.355,4.39,0.394,40Xi Oph
84905,,260.27940,1.44305,36.337,6.95,0.571,
84920,,260.31131,31.25691,71.787,6.90,0.573,
84934,6466,260.38016,28.75810,158.98,6.37,0.724,
84938,6463,260.38935,16.73123,306.75,6.35,1.608,
84947,,260.42318,-24.90610,172.71,6.36,1.399,
84949,6469,260.43174,39.97465,73.965,5.55,0.667,
84950,6479,260.43900,53.42043,191.2,5.69,1.463,
84969,6417,260.49796,-67.77067,91.158,4.76,1.194,Zet Aps
84970,6453,260.50241,-24.99955,133.69,3.27,-0.186,42The Oph
84975,,260.51721,5.00082,77.459,6.67,0.927,
84979,6411,260.52449,-70.12321,404.86,5.39,-0.042,Iot Aps
84988,,260.55957,-75.34815,28.035,7.00,0.607,Gl 667.1
85007,,260.61519,24.87945,29.308,6.88,0.526,
85010,,260.62423,-54.28565,42.589,6.81,0.504,
85017,,260.64402,-19.61618,31.878,7.84,0.783,
85019,6454,260.65815,-35.91070,36.644,6.42,0.541,
85020,6450,260.66340,-37.80464,,6.33,0.682,
85038,,260.69964,-58.47324,62.267,6.75,0.248,
85042,6465,260.71369,-2.38818,19.524,6.28,0.68,
85048,6456,260.72811,-37.22079,113.12,5.91,1.075,
85049,6438,260.73011,-58.01033,335.57,5.86,1.075,
85064,,260.76846,-7.10456,63.816,6.94,0.689,
85068,6442,260.77965,-56.52555,121.21,5.76,0.994,
85079,6451,260.81699,-47.46820,286.53,5.21,-0.097,Iot Ara
85084,6459,260.83997,-28.14283,251.26,5.30,1.549,43 Oph
85086,,260.84443,57.01172,91.659,6.53,0.293,
85105,,260.90094,-16.03831,79.808,6.65,0.43,
85112,6484,260.92062,37.14595,120.63,4.15,-0.011,75Rho Her
85139,6476,260.99007,8.85257,221.73,5.77,1.251,
85147,6440,261.00448,-62.86415,444.44,5.69,-0.147,
85149,6488,261.00941,38.58278,175.44,6.48,0.716,
85154,,261.01462,-23.84434,166.39,6.67,1.017,
85157,6480,261.02745,22.96028,42.699,5.70,0.229,73 Her
85158,,261.03644,-34.79845,32.269,6.92,0.588,
85162,6460,261.05454,-44.16258,226.24,5.10,-0.052,
85169,6447,261.07832,-60.67380,272.48,5.76,-0.067,
85181,6491,261.11300,36.95193,230.41,6.25,0.884,
85185,6481,261.13140,16.30101,125,5.75,0.074,
85187,6482,261.14084,15.60605,153.37,6.34,-0.017,
85195,6473,261.15434,-18.44576,250,6.34,0.046,
85204,,261.16365,32.67038,174.83,6.68,0.961,
85207,6472,261.17512,-21.44148,92.507,5.82,0.939,
85211,,261.17957,-45.00823,58.377,6.66,0.388,
85235,6518,261.25246,67.30670,12.803,6.44,0.759,Gl 675
85237,6470,261.26112,-34.69606,172.12,6.14,0.046,
85242,6474,261.27600,-24.24368,126.26,6.17,1.103,
85250,,261.30607,-34.42996,76.103,6.79,0.962,
85258,6461,261.32497,-55.52988,198.02,2.84,1.479,Bet Ara
85267,6462,261.34858,-56.37773,341.3,3.31,-0.15,Gam Ara
85268,,261.35037,52.79068,27.457,6.46,0.619,
85289,,261.42039,16.38397,134.95,6.64,0.377,
85290,6511,261.42233,60.04840,96.899,5.65,0.024,
85295,,261.43847,2.11142,7.7006,7.54,1.359,Gl 673
85302,6495,261.47652,16.91758,190.11,6.09,1.528,
85307,6489,261.49114,-1.65178,61.843,6.44,0.457,
85312,6468,261.50016,-50.63351,139.66,5.19,1.055,Kap Ara
85313,6499,261.50361,26.87873,194.55,6.38,0.124,
85317,6514,261.52017,58.65190,120.63,6.49,0.139,
85333,6497,261.57921,7.59565,204.5,6.01,0.592,
85340,6486,261.59256,-24.17531,25.497,4.16,0.283,44 Oph
85342,,261.59350,-48.61490,47.326,7.04,0.482,
85355,6498,261.62867,4.14036,276.24,4.34,1.48,49Sig Oph
85365,6493,261.65784,-5.08660,30.075,4.53,0.385,
85379,6509,261.68435,48.26006,115.21,5.83,0.121,77 Her
85382,6506,261.69230,34.69580,88.417,5.94,-0.017,
85385,6502,261.70470,20.08098,178.89,5.52,-0.119,
85389,6477,261.71658,-45.84303,194.93,5.28,-0.058,
85391,6490,261.73041,-25.94346,121.21,6.42,-0.055,
85393,6475,261.73480,-51.94882,167.79,6.17,-0.039,
85397,6496,261.75895,-12.51249,43.497,6.20,0.517,
85405,,261.79118,-15.85336,136.24,6.48,1.146,
85409,6478,261.80193,-50.63037,909.09,5.90,0.063,
85423,6492,261.83863,-29.86703,34.211,4.28,0.402,45 Oph
85425,,261.84159,-38.06145,31.586,7.88,0.685,
85436,,261.89412,26.79496,30.23,7.69,0.82,
85442,6494,261.90647,-29.72457,226.24,5.98,0.01,
85450,,261.93366,8.44204,204.08,6.42,1.66,
85470,6483,261.99003,-52.29717,109.65,5.72,1.169,
85474,6504,262.00974,-8.20837,97.371,6.37,0.57,
85480,6471,262.03279,-63.03624,255.75,6.22,-0.073,
85520,6487,262.16214,-55.16969,302.11,5.93,1.113,
85523,,262.16580,-46.89519,4.5405,9.38,1.553,Gl 674
85537,6507,262.20690,0.33063,59.63,5.41,0.237,
85543,6501,262.23370,-36.77828,245.1,5.98,1.112,
85549,,262.25360,-43.97392,571.43,6.30,-0.01,
85561,,262.27738,-23.83612,18.861,9.61,1.272,GJ 4008
85589,6503,262.35670,-38.51692,117.51,6.38,0.091,
85598,,262.37072,-61.76385,80.515,6.74,0.374,
85605,,262.40103,24.65407,6.8101,11.39,1.101,
85622,6512,262.44727,-5.91948,78.989,6.36,0.93,
85647,,262.54707,-51.63698,16.45,9.58,1.46,Gl 676A
85653,,262.56824,47.40220,22.267,7.22,0.737,GJ 4010
85661,,262.58331,-4.36940,89.206,6.72,0.319,
85666,6521,262.59439,11.92402,83.682,6.47,0.056,
85665,,262.59470,5.54852,9.9771,9.33,1.461,Gl 678.1A
85667,6516,262.59915,-1.06292,16.343,5.31,0.715,Gl 678A
85670,6536,262.60820,52.30139,116.55,2.79,0.954,Rastaban
85682,,262.64132,-43.22607,81.5,6.94,0.393,
85683,,262.64641,17.52079,49.383,6.91,0.505,
85688,6531,262.66753,38.88220,290.7,6.43,0.51,
85692,6540,262.68153,57.87682,389.11,6.22,1.397,
85693,6526,262.68462,26.11065,113.25,4.41,1.434,Maasym
85696,6508,262.69098,-37.29581,176.68,2.70,-0.179,Lesath
85699,6811,262.69584,86.96805,46.882,5.78,0.239,24 UMi
85715,6528,262.73072,31.15814,120.92,5.63,0.96,
85727,6500,262.77477,-60.68385,60.68,3.60,-0.104,Del Ara
85749,6524,262.83889,2.72451,111.61,5.57,0.844,
85751,6505,262.84701,-56.92096,561.8,5.99,-0.045,
85755,6519,262.85397,-23.96264,124.38,4.78,0.016,51 Oph
85760,6429,262.86447,-80.85913,271,5.83,1.617,
85781,,262.92723,30.31785,86.806,6.91,1.087,
85783,6520,262.93489,-26.26971,119.62,6.05,-0.065,
85786,6517,262.94733,-33.70316,112.11,6.43,1.191,
85788,6513,262.95457,-46.03678,446.43,6.04,0.805,
85790,6533,262.95659,28.40750,82.034,5.66,-0.001,78 Her
85792,6510,262.96043,-49.87615,81.967,2.84,-0.136,Alp Ara
85799,,262.97547,16.82401,47.103,6.98,0.534,
85805,6566,262.99117,68.13502,64.683,5.07,1.077,27 Dra
85810,6538,263.00426,34.27115,23.918,6.52,0.639,Gl 679
85819,6554,263.04377,55.18424,30.248,4.89,0.251,24Nu 1Dra
85822,6789,263.05377,86.58646,52.77,4.35,0.021,Yildun
85826,6532,263.06200,11.93005,135.32,6.42,-0.013,
85829,6555,263.06651,55.17296,30.488,4.86,0.279,25Nu 2Dra
85839,6522,263.10263,-34.27940,120.48,6.16,0.36,
85840,,263.10485,26.43946,71.48,6.84,0.206,
85852,,263.17212,74.22736,103.52,6.61,1.043,
85888,6550,263.28030,41.24345,99.502,5.72,1.089,
85889,6523,263.28078,-41.17307,465.12,5.84,0.041,
85912,6541,263.34510,19.25668,37.651,5.65,0.505,
85922,6534,263.37435,-5.74480,48.1,5.61,0.187,
85923,6560,263.38169,57.55872,250,6.15,0.602,
85927,6527,263.40217,-37.10382,175.13,1.62,-0.231,Shaula
85930,6542,263.41411,16.31755,92.937,5.68,1.002,
85934,6543,263.42825,14.84160,184.5,6.36,1.595,
85960,,263.52207,-59.77578,36.832,7.60,0.6,
85969,,263.54933,-54.89578,42.248,7.09,0.667,
85975,,263.57029,-48.52679,124.38,6.32,0.953,
85979,,263.59164,13.16095,146.2,6.52,0.95,
85987,6551,263.61348,16.50437,168.63,6.59,0.224,
85998,6548,263.65290,9.58670,103.52,5.80,0.04,53 Oph
86011,6535,263.67705,-32.58166,,5.69,0.045,
86019,6544,263.69313,-11.24200,123.3,5.54,0.013,
86032,6556,263.73361,12.56003,14.896,2.08,0.155,Rasalhague
86036,6573,263.74755,61.87455,14.19,5.23,0.602,26 Dra
86047,,263.77615,-38.79947,115.61,6.76,1.24,
86057,,263.80664,-48.68087,9.7248,10.13,1.543,Gl 680
86060,6545,263.82708,-22.04382,258.4,6.47,0.011,52 Oph
86064,6530,263.83294,-53.35293,293.26,6.09,0.025,
86087,,263.89296,61.68156,14.098,9.98,1.456,Gl 685
86088,6525,263.89583,-59.84611,440.53,6.26,-0.081,
86092,6537,263.91498,-46.50568,116.01,4.56,-0.02,1Sig Ara
86096,6563,263.92653,37.30159,141.64,6.13,0.978,
86097,,263.92732,-6.12033,107.53,6.61,1.181,
86098,6539,263.92945,-37.43988,103.41,6.48,0.006,
86101,,263.94761,19.84377,122.4,6.52,0.96,
86118,6559,263.99820,20.99624,112.87,6.11,0.184,
86130,6564,264.03375,28.18509,133.51,6.40,1.367,
86141,,264.05516,71.87836,19.387,8.55,1.089,Gl 689
86153,,264.08925,27.56664,236.41,6.37,1.586,
86162,,264.10924,68.33914,4.5282,9.15,1.505,Gl 687
86170,6546,264.13681,-38.63531,50.839,4.26,1.075,
86178,6570,264.15309,30.78518,69.638,6.04,0.158,
86179,,264.15328,13.81330,85.837,6.84,0.209,
86182,6574,264.15686,48.58563,108.34,5.35,1.142,82 Her
86184,6598,264.16667,69.57073,45.683,6.33,0.596,
86193,,264.20919,10.57453,35.199,7.28,0.693,
86201,6596,264.23789,68.75797,23.164,4.77,0.43,28Ome Dra
86214,,264.26594,-44.31921,5.0787,10.94,1.655,Gl 682
86219,6606,264.28688,72.45579,111.23,5.87,1.016,
86228,6553,264.32970,-42.99782,92.081,1.86,0.406,Sargas
86246,6557,264.36216,-38.06636,884.96,6.26,1.244,
86248,6547,264.36379,-50.05970,101.83,5.89,1.109,
86254,6571,264.37956,24.30999,76.687,5.76,0.114,79 Her
86263,6561,264.39668,-15.39856,32.279,3.54,0.262,55Xi Ser
86266,6562,264.40086,-15.57104,473.93,5.94,0.357,
86284,6567,264.46131,-8.11877,231.48,4.58,0.132,57Mu Oph
86286,,264.46338,-37.86140,47.574,6.68,0.757,Gl 683.2A
86287,,264.47215,18.59171,8.086,9.62,1.53,Gl 686
86289,,264.47460,-42.56757,35.336,7.16,0.641,Gl 683.1
86305,6549,264.52307,-54.50043,44.563,5.25,0.195,Pi Ara
86311,6558,264.53517,-42.88027,303.03,6.09,-0.057,
86313,6568,264.53960,-10.92627,117.79,5.74,1.228,
86352,,264.68688,-21.91266,123.76,6.19,0.827,
86362,6579,264.70650,32.73936,133.69,6.58,0.993,
86373,6577,264.74106,13.32926,99.9,6.12,0.567,
86391,6575,264.78543,2.02805,112.99,6.25,1.021,
86400,,264.82049,3.55524,11,6.53,0.959,Gl 688
86404,,264.83518,-29.53097,141.64,6.72,0.936,
86414,6588,264.86621,46.00633,139.47,3.82,-0.179,85Iot Her
86419,,264.87301,-39.34424,38.476,7.41,0.632,
86424,,264.87987,3.39264,248.14,6.63,1.534,
86446,,264.94982,49.77985,123.3,6.60,0.014,
86462,6584,264.98967,31.20247,193.42,6.05,1.599,
86463,,264.99042,-0.63925,245.7,6.51,0.122,
86476,6578,265.04976,-2.15230,157.23,6.08,1.608,
86482,,265.07538,63.67536,68.493,6.79,0.559,
86486,6569,265.09914,-49.41559,21.45,4.76,0.415,Lam Ara
86501,6599,265.15645,43.47067,130.89,6.36,1.199,
86506,6591,265.17163,31.28748,130.38,6.30,1.075,
86510,,265.18560,-67.85417,140.06,6.48,0.999,
86527,,265.24395,-32.21446,241.55,6.01,1.673,
86537,6592,265.27285,24.51325,161.81,6.37,1.204,
86540,,265.27860,72.42034,30.03,7.60,0.72,
86546,6589,265.29580,15.17838,170.36,6.34,0.04,
86552,6572,265.31766,-46.92183,245.7,5.78,-0.004,
86561,6607,265.34079,51.81818,92.937,6.00,1.068,
86565,6581,265.35364,-12.87531,53.107,4.24,0.086,56Omi Ser
86575,6590,265.38468,6.31316,346.02,5.97,1.271,
86596,,265.44887,21.50147,89.847,6.73,0.52,
86614,6636,265.48467,72.14884,22.836,4.57,0.434,Dziban
86620,6637,265.49192,72.15691,23.063,5.81,0.53,Dziban B
86623,6594,265.49432,15.95243,34.855,5.54,0.387,
86627,,265.50666,27.64519,104.49,6.73,0.183,
86628,6576,265.51507,-50.51070,369,6.28,1.661,
86642,,265.55529,38.07064,40.437,7.29,0.633,
86667,6602,265.61818,24.56406,124.38,5.56,1.436,83 Her
86670,6580,265.62198,-39.02998,148.15,2.39,-0.171,Kap Sco
86677,,265.64661,-4.84976,255.1,6.62,1.865,
86679,,265.65310,29.41890,116.69,6.64,0.297,
86698,6583,265.71291,-36.94556,211.42,5.53,1.553,
86713,6612,265.77315,44.08432,319.49,6.38,1.521,
86716,6587,265.77859,-33.05129,460.83,6.44,1.813,
86722,,265.81521,21.60921,22.65,7.51,0.752,Gl 692.1
86725,6593,265.82379,-27.88398,462.96,6.40,0.438,
86731,6608,265.83988,24.32782,39.062,5.73,0.683,84 Her
86732,6604,265.84176,14.29517,120.34,6.22,0.426,
86736,6595,265.85749,-21.68319,17.652,4.86,0.469,58 Oph
86742,6603,265.86815,4.56730,25.094,2.76,1.168,Cebalrai
86765,,265.93439,-3.91787,30.184,7.67,0.676,
86768,6601,265.94592,-7.07961,333.33,6.30,0.324,
86769,6600,265.95171,-13.50870,43.995,6.36,0.384,
86776,,265.98316,43.37861,9.4787,10.49,1.528,Gl 694
86782,6618,265.99654,53.80172,163.4,5.75,0.017,Alruba
86796,6585,266.03628,-51.83405,15.511,5.12,0.694,Cervantes
86809,6611,266.07186,14.41007,146.41,6.18,0.211,
86815,6565,266.08247,-72.22092,43.403,6.51,0.472,
86819,,266.09989,-22.19490,71.531,6.58,0.33,
86831,6609,266.14206,2.57944,84.818,6.16,0.131,61 Oph
86847,6597,266.17503,-42.72930,72.098,5.87,0.163,
86859,,266.20731,35.21767,137.36,6.62,1.113,
86871,6586,266.23272,-57.54554,125.94,5.97,0.912,
86925,6619,266.41764,31.50468,,6.22,0.008,
86929,6582,266.43331,-64.72387,107.99,3.61,1.161,Eta Pav
86939,6625,266.47384,38.88139,112.36,6.53,0.993,
86946,6626,266.49354,39.32254,273.22,6.51,1.39,
86961,,266.55264,-32.10355,14.643,10.49,1.463,
86963,,266.56009,-32.10231,13.134,11.39,1.439,
86974,6623,266.61478,27.72068,8.3105,3.42,0.75,86Mu Her
86990,,266.64494,-57.31904,5.8316,10.75,1.66,Gl 693
86991,,266.64984,-62.75184,35.211,7.51,0.617,
87024,,266.72163,36.08748,269.54,6.55,1.47,
87042,6613,266.78039,-38.11216,149.03,6.41,-0.02,
87043,,266.78076,-59.99433,114.16,6.51,0.321,
87044,6627,266.78352,17.69701,143.06,5.61,0.036,
87045,6641,266.78349,47.61224,116.82,6.47,0.095,
87069,,266.88279,18.88936,152.21,6.67,0.08,
87072,6616,266.89011,-27.83079,302.11,4.53,0.6,3 Sgr
87073,6615,266.89617,-40.12700,591.72,2.99,0.509,Iot1Sco
87074,6620,266.90325,-14.72582,183.82,5.93,0.009,
87099,6617,266.94000,-22.47779,781.25,6.18,1.446,
87100,,266.94185,-63.56264,50.226,7.16,0.594,
87108,6629,266.97316,2.70728,31.516,3.75,0.043,Bake-eo
87114,,266.98628,36.55514,316.46,6.51,1.655,
87116,,266.98989,-34.01887,26.157,7.20,0.748,Gl 695.1
87150,6633,267.08434,3.80422,264.55,6.22,0.135,
87158,6638,267.10320,20.56544,79.491,5.69,0.938,
87163,6621,267.11598,-26.97495,371.75,6.31,0.094,
87174,6614,267.15863,-55.40174,52.938,6.09,0.283,
87192,6642,267.19947,19.25502,165.56,6.13,0.024,
87194,6644,267.20478,25.62287,64.977,5.09,1.141,87 Her
87204,,267.24294,37.06173,51.626,7.18,0.514,
87210,,267.25953,54.19438,113.12,6.60,0.224,
87211,,267.26632,62.79883,49.02,6.70,0.373,
87212,6656,267.26793,50.78108,66.534,5.02,0.043,30 Dra
87220,6628,267.29366,-31.70320,170.65,4.79,-0.028,
87223,,267.32226,-30.59745,49.554,6.65,0.355,
87224,6639,267.32934,1.96141,115.61,6.44,1.236,
87234,6701,267.36232,76.96288,31.756,5.02,0.518,35 Dra
87261,6630,267.46447,-37.04330,38.58,3.19,1.192,Fuyue
87264,,267.47088,-61.71470,245.7,6.41,-0.049,
87286,,267.53069,-64.30510,126.1,6.57,0.334,
87293,6717,267.54210,78.30654,261.78,6.25,1.452,
87294,6631,267.54630,-40.09043,781.25,4.78,0.259,Iot2Sco
87297,,267.56252,25.29100,147.49,6.58,0.125,
87308,6654,267.59538,29.32214,77.76,5.51,1.071,
87312,,267.60674,-61.92462,58.824,6.77,0.529,
87314,6622,267.61830,-53.61241,303.03,5.68,-0.099,
87335,6650,267.68169,11.94655,156.25,6.19,1.247,
87341,6655,267.70159,22.31633,93.721,6.14,0.242,
87344,,267.71567,-42.33012,149.03,6.69,1.039,
87370,,267.78224,-22.92101,40.096,7.15,0.656,
87379,6632,267.79600,-53.13027,156.01,6.09,0.01,
87382,6669,267.80844,40.07246,33.602,6.55,0.541,
87386,,267.85730,-53.83879,60.314,6.61,0.271,
87390,6643,267.88560,-40.77246,173.31,5.94,1.572,
87393,6624,267.89780,-60.16406,123.15,5.78,1.008,
87404,6640,267.93565,-45.60071,258.4,6.09,0.949,
87410,,267.95214,-19.52519,62.228,6.80,0.308,
87427,6665,267.99358,15.32637,234.19,6.43,0.997,
87428,6659,267.99770,-1.23681,110.86,6.33,1.126,
87434,6674,268.00376,46.64357,108.23,6.37,1.06,
87445,6673,268.01967,39.98209,203.67,6.01,1.341,
87448,,268.02168,1.11117,134.05,6.55,1.065,
87460,6647,268.05692,-34.79920,258.4,5.88,-0.111,
87472,6648,268.08234,-34.41684,242.72,5.84,1.129,
87485,,268.13004,16.90051,83.542,6.60,0.44,
87491,6667,268.14768,1.30501,112.74,5.91,1.573,
87495,6661,268.16127,-6.14358,,6.18,1.25,
87516,6651,268.20510,-34.11483,190.11,6.05,1.241,
87522,,268.21626,-56.15481,617.28,6.51,1.146,
87523,6649,268.21898,-41.99652,31.616,6.19,0.523,
87529,6652,268.23237,-35.01889,239.81,6.55,0.0,
87532,6653,268.24002,-35.62431,63.331,6.03,0.342,
87540,6666,268.26474,-10.89956,91.996,6.17,1.11,
87558,6670,268.30911,6.10142,31.124,5.77,0.425,
87563,6677,268.32511,40.00796,108.46,5.17,1.166,90 Her
87564,6634,268.32585,-65.48860,151.06,6.48,1.086,
87567,6657,268.33158,-34.73081,271.74,6.14,-0.041,
87569,6658,268.34779,-34.89513,252.53,5.58,1.098,
87579,,268.37475,21.32529,24.355,8.50,0.94,Gl 697
87585,6688,268.38201,56.87264,34.507,3.73,1.177,Grumium
87616,6662,268.47822,-34.75272,315.46,6.00,-0.06,
87624,6663,268.49223,-34.83105,261.78,6.41,0.0,
87642,,268.53151,-11.33754,125.31,6.51,1.193,
87655,6676,268.55904,11.13056,83.333,6.24,0.474,
87665,,268.60158,-38.62653,50.633,7.18,0.435,
87670,6735,268.61140,75.17131,160.51,6.39,0.972,
87671,6668,268.61301,-34.46672,216.92,6.10,0.055,
87675,,268.61808,3.73215,384.62,6.57,1.453,
87706,6672,268.72518,-24.88709,,6.18,0.001,
87708,,268.73217,-11.63182,68.12,6.96,0.42,
87710,,268.74030,-7.73394,43.84,6.92,0.759,
87722,6671,268.78346,-36.47565,300.3,6.05,0.074,
87728,6725,268.79643,72.00513,323.62,5.43,0.34,34Psi2Dra
87744,6699,268.84850,55.97139,56.37,6.09,0.316,
87747,6685,268.85495,26.04999,,5.47,0.341,89 Her
87777,6687,268.96171,22.46422,133.33,5.62,1.249,
87782,6679,268.97904,-18.80215,98.522,6.48,0.056,
87808,6695,269.06325,37.25054,230.95,3.86,1.35,91The Her
87812,6684,269.07668,0.67036,416.67,5.82,0.058,
87813,6681,269.07932,-15.81252,73.965,5.93,0.024,
87822,,269.10094,-65.72174,35.689,6.36,0.451,GJ 4033
87824,,269.10180,-26.77339,44.189,7.39,0.614,
87833,6705,269.15155,51.48889,47.304,2.24,1.521,Eltanin
87834,,269.15810,18.61243,40.258,6.55,1.002,
87836,6680,269.17433,-28.06539,51.308,5.76,0.207,
87846,6675,269.19761,-44.34225,88.889,4.85,1.176,
87847,6686,269.19894,-4.08182,122.7,5.44,1.162,
87850,6702,269.20218,45.35085,296.74,6.22,1.453,
87865,6678,269.23291,-40.30564,149.93,6.46,1.411,
87866,6690,269.23323,6.48773,194.17,6.28,-0.015,
87875,6689,269.26799,0.06667,118.48,5.95,0.11,
87877,,269.27119,45.85596,70.028,6.75,0.524,
87880,,269.28108,-23.93925,909.09,6.52,1.984,
87892,,269.30507,-55.38125,208.77,6.55,0.815,
87895,6697,269.30970,23.99589,28.249,6.32,0.642,GJ 4039A
87910,6696,269.36244,11.04454,114.94,6.33,0.13,
87924,,269.42050,-39.10180,132.1,6.65,0.007,
87926,6635,269.42368,-76.17795,185.87,6.08,1.205,
87928,,269.42807,-56.89625,900.9,6.26,-0.066,
87933,6703,269.44116,29.24788,41.946,3.70,0.935,92Xi Her
87936,6682,269.44918,-41.71630,138.5,4.88,1.617,
87937,,269.45208,4.69339,1.8238,9.54,1.57,Barnard's Star
87938,,269.46237,46.58864,14.086,11.79,1.56,GJ 4040
87948,6683,269.49079,-39.13652,126.74,6.28,0.007,
87958,,269.52087,32.64806,63.052,6.66,0.466,
87998,6707,269.62562,30.18928,263.85,4.41,0.38,94Nu Her
88012,6692,269.66271,-28.75909,555.56,5.99,-0.077,
88020,6711,269.67633,36.28780,113.25,6.03,0.949,
88030,6718,269.71794,45.47622,130.55,6.48,-0.064,
88038,6691,269.73203,-36.85838,121.8,5.74,0.915,
88048,6698,269.75663,-9.77363,46.211,3.32,0.987,64Nu Oph
88060,6693,269.77200,-30.25303,310.56,5.00,1.654,
88082,,269.83823,-77.82393,135.14,6.74,0.931,
88101,6706,269.90318,-4.82113,171.82,5.86,1.561,
88103,,269.90367,43.23538,106.27,6.71,1.106,
88109,,269.92020,-41.48706,380.23,6.51,-0.088,
88116,6700,269.94815,-23.81613,127.39,4.74,-0.03,4 Sgr
88122,6728,269.98419,45.50138,175.44,5.69,1.562,
88125,6704,270.00034,-20.33955,281.69,6.22,1.405,
88127,6809,270.01416,80.00084,72.622,6.11,0.521,40 Dra
88128,6713,270.01423,16.75092,205.76,4.67,1.254,93 Her
88136,6810,270.03789,80.00410,63.532,5.74,0.516,41 Dra
88142,,270.04809,-24.28430,126.1,6.64,1.082,
88148,6709,270.06531,0.62948,135.32,6.36,0.16,
88149,6712,270.06582,4.36862,199.6,4.79,-0.1,66 Oph
88152,,270.06741,-47.55383,135.14,6.70,-0.017,
88172,6720,270.11525,19.50579,346.02,6.42,-0.054,
88175,6710,270.12087,-3.69027,23.552,4.62,0.39,57Zet Ser
88190,6726,270.15156,33.21368,256.41,6.01,1.516,
88192,6714,270.16131,2.93157,377.36,3.93,0.029,67 Oph
88194,,270.16210,29.57192,28.361,7.07,0.635,
88213,6719,270.22025,6.26829,480.77,6.36,-0.104,
88217,6722,270.23863,15.09355,44.563,6.28,0.747,
88258,6715,270.34633,-17.15687,806.45,6.27,1.763,6 Sgr
88267,6729,270.37670,21.59578,127.88,4.26,0.406,Bodu
88274,6552,270.39252,-85.21483,67.568,6.45,0.437,
88277,6737,270.39959,33.31127,431.03,6.18,1.549,
88290,6723,270.43833,1.30508,89.686,4.42,0.046,68 Oph
88294,6708,270.45125,-36.37786,202.02,6.30,-0.016,
88298,6716,270.47658,-22.78030,,5.72,-0.03,
88324,,270.57452,0.10419,33.003,7.66,0.746,
88331,6738,270.59604,20.83363,288.18,5.25,-0.1,96 Her
88342,,270.61884,-3.15726,61.538,6.75,0.556,
88346,6741,270.62563,22.92323,233.64,6.22,-0.092,97 Her
88348,,270.62849,26.31300,22.119,7.01,0.799,Gl 700.2
88349,,270.62811,58.62726,88.81,6.86,0.147,
88356,,270.64441,30.55551,68.446,6.59,0.45,
88380,6724,270.71290,-24.28247,331.13,5.37,0.495,7 Sgr
88399,,270.76421,-51.64901,48.146,7.01,0.458,
88404,6733,270.77050,-8.18035,51.335,4.77,0.41,69Tau Oph
88415,6753,270.78702,48.46427,164.74,6.26,0.037,
88429,6744,270.81068,19.61316,116.82,6.41,0.017,
88469,6736,270.96852,-24.36073,,5.89,0.031,9 Sgr
88471,,270.97252,30.37723,46.685,6.79,0.531,
88474,,270.97555,26.65125,58.548,6.93,0.432,
88522,6747,271.15566,1.91899,,6.14,-0.056,
88528,6754,271.16754,23.94200,61.576,6.34,0.306,
88531,,271.17795,-59.20958,37.994,6.88,0.624,
88533,6764,271.17998,40.08418,50.659,6.52,0.509,
88550,6739,271.20993,-35.90144,105.6,5.98,1.16,
88565,6767,271.25334,41.94629,54.705,6.38,0.287,
88567,6742,271.25511,-29.58009,266.67,4.66,0.774,Gam1Sgr
88574,,271.28157,-3.03132,7.7586,9.37,1.508,Gl 701
88599,6646,271.36150,-81.48657,251.89,6.37,1.528,
88601,6752,271.36370,2.50010,5.0834,4.03,0.86,70 Oph
88604,6763,271.37558,21.64662,145.35,6.18,1.241,
88622,,271.40607,4.65717,23.912,6.80,0.61,Gl 702.2
88627,6758,271.43041,12.00385,138.12,6.51,0.276,
88635,6746,271.45204,-30.42409,29.7,2.98,0.981,Alnasl
88636,6768,271.45671,32.23067,212.31,5.72,1.179,
88637,,271.45713,21.44590,39.448,7.07,0.654,
88656,,271.50669,-8.10861,55.866,7.09,0.526,
88657,6765,271.50792,22.21888,226.24,4.96,1.656,98 Her
88670,6755,271.53082,-8.32396,158.73,5.84,0.184,
88671,6757,271.53095,-0.44613,215.05,6.32,1.014,
88675,,271.53840,-51.74390,826.45,6.46,0.172,
88684,6756,271.56331,-4.75125,36.765,5.74,0.968,
88694,6748,271.59877,-36.01979,17.553,5.94,0.615,Gl 702.1
88714,6743,271.65780,-50.09148,249.38,3.65,-0.101,The Ara
88716,,271.66911,64.22143,149.03,6.67,0.93,
88726,6749,271.70787,-43.42522,41.841,4.92,0.255,
88728,,271.71156,8.87594,40.42,6.96,0.51,
88732,6790,271.72281,50.82282,127.71,6.31,1.051,
88745,6775,271.75646,30.56214,15.642,5.05,0.528,99 Her
88754,6792,271.77622,49.71044,221.24,6.32,-0.02,
88760,6762,271.79730,-21.44394,719.42,6.22,0.102,
88765,6770,271.82650,8.73387,83.612,4.64,0.951,71 Oph
88770,,271.83742,2.48167,212.31,6.51,1.481,
88771,6771,271.83744,9.56385,26.631,3.71,0.159,72 Oph
88772,,271.83830,15.91650,142.05,6.68,1.128,
88788,6791,271.86975,43.46189,125.63,5.00,0.913,
88794,6779,271.88562,28.76249,103.63,3.84,-0.018,103Omi Her
88814,6776,271.95147,13.07111,187.27,6.61,0.053,
88815,6740,271.95154,-64.55018,152.67,6.40,1.266,
88816,6769,271.95143,-17.15416,77.101,5.52,1.132,
88817,6782,271.95625,26.09734,38.58,5.79,0.127,100 Her
88818,6781,271.95651,26.10128,49.603,5.83,0.158,100 Her
88836,6793,272.00939,36.40126,63.613,5.49,1.161,
88839,6766,272.02074,-28.45709,103.95,4.55,0.938,
88841,,272.03019,2.21865,134.77,6.61,0.178,
88848,,272.06682,29.69116,34.376,7.70,0.728,
88852,,272.09087,44.11258,101.21,6.84,0.44,
88859,6759,272.12545,-45.76702,271.74,6.13,-0.082,
88862,6784,272.14056,14.28472,156.49,6.34,0.181,
88866,6745,272.14500,-63.66855,39.856,4.33,0.228,Pi Pav
88876,,272.16078,-21.44956,444.44,6.42,0.755,
88886,6787,272.18955,20.81456,280.9,4.37,-0.164,Ramus
88899,6794,272.22027,20.04523,100.81,5.10,0.176,101 Her
88913,,272.24444,24.15828,36.443,7.41,0.633,
88929,6799,272.29260,30.46953,123.46,6.36,1.194,
88945,,272.33906,29.95171,24.82,6.84,0.633,
88964,6795,272.39122,3.99328,54.794,5.71,0.363,73 Oph
88972,6806,272.40612,38.45778,11.024,6.38,0.876,Gl 706
88981,6785,272.43075,-13.93444,253.16,6.38,1.428,
89000,6797,272.47506,3.11983,46.926,5.67,0.49,
89006,6760,272.48989,-59.04018,200,6.38,1.553,
89008,6807,272.49581,36.46628,120.77,5.57,0.915,
89010,6777,272.49984,-32.71963,107.76,6.39,1.025,
89020,6780,272.52422,-30.72867,137.74,5.53,0.979,
89023,6803,272.53637,16.47659,263.85,6.09,0.574,
89042,6761,272.60922,-62.00220,17.612,5.47,0.592,Iot Pav
89047,6817,272.63165,54.28655,50.226,5.97,0.943,
89065,6800,272.66791,3.32426,123.61,5.50,1.204,
89086,6788,272.73062,-33.80007,,6.13,-0.137,
89096,6778,272.76836,-47.51312,173.91,6.07,1.193,
89097,,272.77176,-25.76231,149.93,6.67,1.422,
89099,6786,272.77314,-41.35911,82.713,5.86,0.295,
89104,6827,272.77983,60.40953,150.83,6.50,-0.002,
89112,6783,272.80735,-45.95442,128.21,4.52,1.009,Eps Tel
89114,6798,272.81160,-19.84196,101.52,6.33,0.158,
89115,6731,272.81571,-75.89151,75.301,5.86,1.253,
89143,,272.89651,48.28951,149.25,6.65,1.074,
89153,6801,272.93055,-23.70124,78.493,4.96,1.055,11 Sgr
89156,6814,272.93799,33.44706,237.53,5.98,0.045,
89172,6815,272.97566,31.40535,166.94,4.96,1.643,104 Her
89178,6802,272.99234,-28.90153,126.74,6.51,-0.016,
89211,,273.08901,-43.44485,13.104,8.38,1.297,Gl 707
89234,6751,273.14223,-73.67242,42.141,5.86,0.464,
89246,6824,273.17757,41.14684,164.74,6.36,1.038,
89264,,273.23436,-50.55883,74.349,6.51,0.351,
89269,,273.24640,-39.16185,45.83,7.27,0.599,
89279,6826,273.27008,38.77349,203.25,6.04,-0.057,
89282,,273.28007,41.47537,33.875,7.38,0.649,
89285,,273.28315,-60.14306,58.106,7.08,0.43,
89288,6813,273.29167,-4.01161,90.992,6.59,0.276,
89290,6804,273.30291,-41.33611,357.14,5.47,-0.155,
89294,,273.31524,16.27317,59.312,6.77,0.545,
89298,6820,273.31902,21.88033,377.36,6.14,1.472,
89341,6812,273.44088,-21.05883,,3.84,0.195,Polis
89347,,273.46758,2.39346,286.53,6.43,1.545,
89348,6850,273.47318,64.39729,22.92,4.99,0.44,36 Dra
89369,6816,273.56625,-21.71316,138.89,5.49,1.528,14 Sgr
89370,6796,273.56808,-63.68968,167.79,6.47,1.414,
89401,6849,273.67086,56.58824,108.11,6.66,0.362,
89408,6831,273.68332,29.20731,42.301,6.51,0.579,
89439,6822,273.80378,-20.72827,,5.29,0.007,15 Sgr
89440,6823,273.80404,-20.38797,,5.96,-0.023,16 Sgr
89448,6865,273.82109,68.75581,84.674,5.96,1.055,37 Dra
89460,,273.86115,-48.85158,90.992,6.58,0.891,
89465,,273.86951,86.65775,294.12,6.51,1.604,
89470,6825,273.87819,-18.66158,436.68,6.05,0.165,
89474,6847,273.88534,45.20932,22.821,6.30,0.641,Gl 708.4
89482,6845,273.91158,42.15935,181.49,5.56,-0.111,
89487,6805,273.91934,-63.05537,90.334,5.58,0.944,
89505,,273.97228,30.39986,106.61,6.76,1.029,
89507,6818,273.97264,-44.20646,92.081,5.45,0.962,
89512,6830,273.99138,-3.61799,134.77,6.35,0.201,
89517,,274.00938,13.91339,18.178,10.18,1.404,Gl 708.2
89527,6834,274.02321,2.37752,236.97,6.10,1.55,
89558,,274.11898,-57.44714,56.915,7.03,0.465,
89560,,274.12955,45.55786,16.955,10.31,1.428,Gl 709
89587,6840,274.22126,-3.00740,103.41,5.99,0.89,
89592,,274.23955,-27.71588,123.61,6.66,1.246,
89597,6821,274.25383,-51.06827,121.8,6.06,-0.046,
89601,6844,274.27017,1.00573,63.291,6.62,0.312,
89604,6853,274.27853,40.93673,122.7,6.12,0.977,
89605,6819,274.28139,-56.02335,233.1,5.36,-0.05,
89609,6838,274.29845,-17.37389,299.4,5.81,1.569,
89620,6836,274.34892,-28.28898,30.488,6.36,0.536,
89622,6835,274.35036,-28.65207,172.12,6.18,0.184,
89623,6843,274.35067,-9.75858,132.63,6.29,0.382,
89630,6841,274.36899,-18.46345,628.93,6.52,0.043,
89637,6833,274.40103,-34.10726,341.3,6.03,-0.096,
89642,6832,274.40690,-36.76169,44.743,3.10,1.582,Eta Sgr
89674,6808,274.50399,-68.22926,186.92,6.32,-0.026,
89677,6851,274.51225,13.77704,469.48,6.29,-0.04,
89678,6842,274.51329,-27.04264,233.64,4.66,1.629,
89684,6852,274.53215,18.13169,202.43,6.24,-0.004,
89683,6854,274.53221,23.29691,497.51,6.45,1.698,
89726,6839,274.66733,-42.28840,,6.30,-0.144,
89731,6846,274.67400,-25.60479,254.45,6.51,1.346,
89770,,274.78465,71.51785,53.22,6.68,0.444,
89772,6857,274.78974,7.25977,46.795,5.41,1.084,
89773,6860,274.79449,24.44606,298.51,5.30,1.508,105 Her
89805,6828,274.91709,-63.88656,23.047,6.17,0.584,
89808,,274.92211,-45.69915,39.746,6.84,0.533,GJ 9624
89825,,274.96185,-1.93861,19.562,9.66,1.35,Gl 710
89826,6872,274.96546,36.06455,77.16,4.33,1.162,1Kap Lyr
89827,6867,274.96696,29.66639,183.15,6.01,1.319,
89835,6880,274.98364,51.34782,121.51,6.30,1.112,
89840,,275.00714,-48.76524,199.2,6.56,0.149,
89844,,275.01639,-9.59572,37.425,6.92,0.724,GJ 4052
89846,,275.02148,-7.98133,60.132,6.54,0.401,
89851,6858,275.03663,-15.83170,159.74,5.39,1.473,
89861,6868,275.07464,21.96130,120.19,4.92,1.594,106 Her
89878,,275.10553,28.98353,284.09,6.61,-0.096,
89908,6920,275.18932,71.33781,92.85,4.22,-0.093,43Phi Dra
89912,,275.20522,27.53033,28.547,6.99,0.636,
89918,6866,275.21693,3.37717,79.872,4.85,0.911,74 Oph
89920,6856,275.22994,-37.48765,490.2,6.46,1.315,
89925,6876,275.23737,29.85892,56.18,5.61,0.231,108 Her
89931,6859,275.24850,-29.82810,106.61,2.72,1.38,Kaus Media
89935,6877,275.25425,28.86995,80.645,5.12,0.212,107 Her
89936,,275.25573,-43.77484,70.274,6.65,0.276,
89937,6927,275.26104,72.73284,8.0574,3.55,0.489,44Chi Dra
89943,6886,275.27977,49.72547,170.94,6.39,1.086,
89962,6869,275.32751,-2.89882,18.543,3.23,0.941,58Eta Ser
89968,6863,275.34578,-18.86000,378.79,5.76,0.67,
89977,6873,275.36834,5.43573,324.68,6.14,-0.048,
89980,6861,275.38070,-24.91528,326.8,6.19,1.823,
89981,6891,275.38612,49.12159,198.81,5.02,1.619,
90012,6864,275.50057,-28.42996,165.02,6.15,0.264,
90023,6882,275.53625,23.28518,199.6,5.41,1.633,
90037,6862,275.57742,-38.65689,148.59,5.09,1.498,
90052,6883,275.64715,12.02968,134.77,5.99,0.056,
90067,6885,275.70432,17.82662,111.23,5.25,1.25,
90074,6870,275.72115,-36.66956,170.65,5.33,-0.121,
90083,6878,275.75878,-10.21898,102.56,6.32,0.13,
90086,6887,275.76220,16.68800,116.41,6.22,1.216,
90089,,275.76863,-60.74921,90.416,6.80,0.245,
90096,6881,275.80068,-12.01475,188.68,5.71,0.006,
90098,6855,275.80676,-61.49390,143.68,4.35,1.462,Xi Pav
90124,6874,275.87010,-36.23799,87.874,5.52,1.015,
90133,6829,275.90184,-75.04428,59.488,5.47,0.043,Phi Oct
90135,6884,275.91494,-8.93438,63.371,4.66,0.932,Zet Sct
90139,6895,275.92451,21.76975,36.47,3.85,1.168,Tusizuo
90146,6911,275.94987,53.30084,101.11,6.35,0.168,
90156,6923,275.97760,58.80074,56.465,4.98,0.082,39 Dra
90163,6901,275.98866,38.73921,287.36,6.41,1.429,
90174,6890,276.01495,-3.58316,61.919,6.36,0.351,
90176,,276.02338,20.45237,80.128,6.75,0.305,
90179,,276.03558,79.22270,130.04,6.54,1.092,
90182,7025,276.03830,83.17540,150.38,6.16,0.051,
90185,6879,276.04302,-34.38462,43.937,1.79,-0.031,Kaus Australis
90187,,276.04561,42.46690,110.13,6.65,0.097,
90191,6903,276.05745,39.50724,134.59,5.11,0.047,2Mu Lyr
90200,6875,276.07601,-44.11026,149.48,5.24,-0.163,
90223,,276.13803,-49.65288,28.28,6.45,0.593,
90238,6892,276.17553,-7.07594,95.057,6.28,1.161,
90253,6898,276.23836,-1.57941,133.51,6.15,0.381,
90256,6904,276.24358,27.39478,117.51,6.27,0.053,
90260,6888,276.25599,-30.75657,196.08,5.58,1.138,18 Sgr
90282,,276.31992,-57.09551,47.461,6.85,0.441,
90289,6896,276.33767,-20.54168,125.79,4.81,1.31,21 Sgr
90290,6889,276.34032,-35.99202,118.2,6.14,1.006,
90304,6871,276.38180,-63.02153,71.174,6.13,0.202,
90313,6902,276.41166,8.03201,241.55,5.64,0.884,
90336,6893,276.47753,-33.94572,272.48,6.30,-0.075,
90337,6906,276.48012,14.96623,117.92,6.37,-0.037,
90342,6917,276.49494,29.82893,124.22,5.81,0.068,
90344,6945,276.49604,65.56348,96.525,4.82,1.179,Fafnir
90355,,276.54204,8.77758,28.893,7.83,0.699,
90397,,276.67008,-30.39333,46.642,6.75,0.548,
90398,6924,276.67053,26.44922,321.54,6.50,-0.107,
90414,6894,276.72504,-48.11724,152.67,5.44,0.855,
90422,6897,276.74341,-45.96846,85.179,3.49,-0.179,Alp Tel
90437,,276.78695,-8.04041,96.899,6.50,1.054,
90441,6918,276.80212,0.19611,143.88,5.20,0.487,59 Ser
90459,,276.88048,-15.37363,46.533,6.95,0.475,
90476,6949,276.92550,59.54911,122.1,6.43,0.979,
90478,6909,276.93231,-26.63484,78.125,6.31,0.263,
90485,6907,276.95617,-29.81686,36.603,5.90,0.517,
90487,6925,276.95967,3.74857,362.32,6.07,1.61,
90494,6919,276.98534,-17.80036,185.87,6.19,0.003,
90496,6913,276.99268,-25.42170,23.969,2.82,1.025,Kaus Borealis
90497,6928,276.99489,6.19410,216.92,5.71,-0.034,
90510,6914,277.02570,-26.75725,80.386,6.28,0.157,
90509,,277.02648,-84.38726,213.22,6.49,-0.035,
90541,6910,277.11297,-38.99567,126.1,5.63,0.14,
90568,6905,277.20758,-49.07059,38.7,4.10,0.995,Zet Tel
90576,6926,277.23899,-26.58208,131.93,6.68,0.095,
90586,,277.26632,43.93929,36.271,7.49,0.619,
90595,6930,277.29939,-14.56581,97.943,4.67,0.076,Gam Sct
90596,,277.29969,-29.25953,46.555,6.88,0.463,
90597,6915,277.30363,-43.84594,132.28,6.36,0.904,
90606,6837,277.33336,-80.23271,119.05,5.95,1.173,
90618,,277.36444,13.85495,50.839,7.02,0.451,
90637,6943,277.39880,23.86620,375.94,5.87,-0.096,
90642,6935,277.42076,-1.98531,70.422,5.38,0.961,60 Ser
90647,7006,277.43735,77.54707,125.31,5.65,1.192,
90651,6932,277.44483,-14.58199,104.82,6.02,0.006,
90656,,277.46837,-1.81810,18.615,8.04,1.074,Gl 715
90662,6922,277.48307,-47.22055,198.02,5.69,1.258,
90664,6908,277.48629,-57.52314,97.561,5.74,0.987,
90665,,277.48806,10.48301,56.85,6.91,0.337,
90687,6933,277.54943,-18.72879,90.171,5.63,1.057,
90692,6940,277.55957,-5.72417,140.45,6.27,0.953,
90729,6950,277.67355,20.81505,34.578,6.49,0.795,
90743,,277.73444,-48.01481,69.109,6.60,0.52,
90759,6931,277.76229,-41.91383,67.843,6.02,0.138,
90762,6955,277.76855,16.92856,133.51,5.76,0.053,
90763,6936,277.77018,-32.98911,88.889,5.37,0.182,
90780,6979,277.81211,65.43602,131.75,6.60,0.341,
90790,,277.82903,-18.90881,13.252,6.81,0.861,Gl 716
90797,6916,277.84344,-62.27830,134.59,4.63,-0.116,Nu Pav
90804,6946,277.85706,-10.79584,330.03,5.77,0.379,
90806,6944,277.85956,-18.40270,68.4,5.12,0.016,
90830,6934,277.93930,-45.91481,216.92,4.92,-0.101,Del1Tel
90842,6937,277.98426,-43.50738,337.84,5.71,1.322,
90844,6957,277.98747,-1.00298,188.32,5.93,0.17,61 Ser
90853,6938,278.00811,-45.75738,366.3,5.07,-0.127,Del2Tel
90858,6958,278.02870,3.65960,303.95,6.41,-0.025,
90864,,278.04360,13.73657,25.981,7.20,0.692,GJ 1229
90865,6974,278.04742,52.11554,240.38,6.58,-0.061,
90884,6956,278.08607,-14.64427,82.169,6.36,0.217,
90887,6942,278.08885,-39.70400,70.274,5.16,0.079,
90905,6978,278.14384,57.04560,649.35,4.77,0.611,45 Dra
90913,6959,278.18050,-14.86566,884.96,5.47,1.998,
90915,6966,278.19231,23.61680,230.95,5.88,1.49,
90923,6968,278.20815,30.55421,109.65,5.47,-0.077,
90930,6899,278.23056,-73.96560,108.81,5.88,0.992,
90936,6948,278.25375,-39.89202,36.982,6.22,0.429,
90945,,278.27137,-54.26319,18.437,8.50,1.115,
90954,,278.31081,40.15963,41.701,7.25,0.535,
90967,6963,278.34462,-5.91172,123.76,6.36,0.034,
90970,6971,278.34600,30.89209,374.53,6.55,-0.102,
90969,6953,278.34619,-38.72003,47.214,6.31,0.02,Kap2CrA
90968,6952,278.34639,-38.72599,298.51,5.67,-0.06,Kap1CrA
90971,6967,278.34710,8.26825,558.66,6.42,-0.044,
90981,6939,278.37275,-58.70878,48.286,6.40,0.688,
90982,6951,278.37574,-42.31251,170.94,4.62,0.994,The CrA
90991,6962,278.41259,-14.85361,69.589,5.74,0.043,
91004,6961,278.47285,-24.03228,632.91,5.49,1.795,24 Sgr
91009,,278.48211,51.71914,16.353,8.20,1.265,Gl 719
91013,6983,278.48624,52.35352,195.69,5.38,1.091,
91014,6960,278.49069,-33.01656,404.86,5.28,-0.115,
91041,6975,278.58155,20.46641,130.04,6.57,0.125,
91042,,278.58216,29.74177,157.73,6.64,1.025,
91043,,278.58377,18.69006,38.037,7.39,0.618,
91050,,278.60534,-54.08806,118.76,6.72,0.413,
91054,,278.61364,-34.81571,83.822,6.91,0.303,
91061,,278.62865,51.78226,271.74,6.51,1.472,
91062,6954,278.62968,-52.89152,203.67,6.21,1.254,
91090,6976,278.69788,10.89201,186.22,6.48,0.032,
91105,6970,278.75997,-10.97721,100.91,5.12,0.926,
91117,6973,278.80177,-8.24407,61.05,3.85,1.317,Alp Sct
91118,6977,278.80251,18.20341,198.41,5.79,0.006,
91119,6984,278.80627,34.45802,255.1,6.10,-0.115,
91120,,278.81038,41.58155,49.431,7.16,0.442,
91128,,278.82615,45.74404,15.547,9.84,1.415,Gl 720A
91132,6969,278.83887,-20.84044,91.491,6.49,0.28,
91139,6980,278.87666,23.60553,144.3,5.62,1.015,
91142,,278.90205,4.93599,110.25,6.47,0.075,
91159,6981,278.97175,16.97570,32.884,6.21,0.542,
91172,6972,278.99851,-29.69910,219.3,6.36,1.272,
91196,7013,279.05525,65.48872,66.445,6.07,0.279,
91210,,279.09746,66.91324,35.83,7.58,0.618,
91217,6985,279.11597,9.12249,38.521,5.38,0.387,
91234,,279.15426,22.10758,131.58,6.76,0.068,
91235,6997,279.15560,33.46904,154.56,5.41,-0.101,
91237,6987,279.16281,6.67180,33.08,5.43,0.386,
91250,7003,279.18976,43.22181,131.41,6.21,0.251,
91259,,279.22526,3.78989,117.23,6.60,0.899,
91262,7001,279.23460,38.78369,7.6787,0.03,-0.001,Vega
91273,,279.26369,-28.51306,69.013,6.78,0.954,
91279,6995,279.28774,16.19830,93.458,6.31,0.896,
91281,,279.28931,0.95114,53.533,6.88,0.569,
91286,6992,279.30258,11.42151,180.51,6.57,-0.011,
91287,,279.30345,-25.67127,30.988,7.43,0.687,GJ 9630
91301,,279.35746,-47.07457,68.353,6.88,0.362,
91306,,279.36990,29.58486,146.84,6.70,1.294,
91314,,279.38685,-12.34987,79.177,6.95,0.476,
91315,7018,279.38961,62.52659,119.05,5.74,-0.045,
91322,6993,279.39984,-0.30947,160.51,5.76,0.067,
91337,,279.43942,-4.80680,51.975,6.77,0.374,
91347,6988,279.47678,-21.39773,104.38,5.93,0.189,
91369,6989,279.51867,-14.00478,246.91,6.49,0.189,
91373,7009,279.52698,39.66833,526.32,6.02,1.444,
91384,7000,279.57916,-1.11299,92.166,6.64,0.433,
91394,6999,279.59916,-3.19364,47.962,6.49,0.553,
91397,,279.60134,60.71106,107.76,6.65,0.393,
91405,6990,279.62797,-23.50489,151.06,5.78,-0.018,
91406,,279.63169,-48.72078,245.1,6.54,1.407,
91418,,279.66604,4.85479,142.25,6.71,1.09,
91430,,279.68643,-14.49056,12.887,11.28,1.556,GJ 2138
91438,6998,279.72252,-21.05187,13.084,5.85,0.673,Gl 722
91461,6986,279.80952,-47.90977,109.41,5.84,0.233,
91466,,279.82449,-34.16632,207.04,6.65,0.006,
91491,7017,279.88764,40.93506,271.74,6.25,-0.052,
91494,6991,279.89652,-43.18588,196.08,5.42,1.654,
91499,7008,279.90366,5.26429,343.64,6.36,0.8,
91523,7010,279.96499,7.35860,147.49,6.26,0.962,
91525,7028,279.97005,52.19608,165.56,6.00,-0.067,
91527,,279.97375,-20.07129,73.421,6.67,0.261,
91532,7007,280.00161,-7.79080,178.57,5.82,1.536,
91533,7016,280.00803,30.84947,164.2,6.43,0.9,
91552,7019,280.05083,38.36720,146.2,6.45,0.22,
91589,,280.18286,-47.02725,105.37,6.80,0.079,
91605,,280.22865,31.53308,23.541,8.54,0.865,
91606,7042,280.23501,62.74947,111.11,6.10,0.978,
91608,,280.23879,-13.37960,16.353,10.63,1.505,Gl 724
91635,,280.31721,30.29075,82.713,6.91,0.54,
91645,,280.33481,4.55816,39.002,7.06,0.506,
91647,,280.33764,-50.47266,128.04,6.54,0.877,
91662,7005,280.37785,-48.09469,123.92,6.47,1.22,
91674,,280.42050,40.71783,70.922,6.64,0.327,
91675,7030,280.42212,31.61761,309.6,6.41,-0.047,
91677,7014,280.42692,-14.56424,,6.40,0.757,
91689,7011,280.46511,-23.83342,62.893,6.22,0.231,26 Sgr
91699,,280.49610,31.83049,11.447,11.27,1.579,GJ 4070
91707,7033,280.53369,34.74631,456.62,6.49,-0.116,
91723,6912,280.55988,-81.80811,165.02,6.27,-0.104,
91726,7020,280.56844,-9.05255,62.073,4.70,0.358,Del Sct
91732,,280.59373,-47.76097,82.372,6.60,0.466,
91733,6996,280.59428,-64.64304,205.76,6.35,0.153,
91751,7024,280.65049,-7.07365,78.186,6.13,1.006,
91755,7049,280.65814,55.53946,104.38,5.03,-0.07,46 Dra
91768,,280.69768,59.63040,3.5691,8.94,1.504,Struve 2398 A
91772,,280.69873,59.62685,3.4545,9.70,1.561,Struve 2398 B
91775,,280.71094,47.57523,74.738,6.95,0.302,
91781,7023,280.72958,-19.28421,310.56,6.32,1.591,
91792,6982,280.75890,-71.42811,66.979,4.01,1.134,Zet Pav
91811,7082,280.79312,70.79285,191.94,6.28,1.234,
91820,7041,280.81905,39.30007,383.14,6.45,1.59,
91843,7060,280.87088,53.87177,273.97,6.18,0.094,
91845,7032,280.88022,-8.27521,165.02,4.88,1.112,Eps Sct
91852,7043,280.90044,36.55660,139.47,6.04,1.04,Xihe
91854,7004,280.90553,-64.55142,108.93,5.76,0.967,
91875,7021,280.94559,-38.32344,62.933,5.11,0.075,Lam CrA
91880,7034,280.96347,-6.81812,73.801,6.30,0.479,
91882,,280.96456,10.90114,228.83,6.56,1.668,
91883,7044,280.96499,31.92661,50.302,5.68,0.36,
91898,,281.02145,38.53308,378.79,6.54,1.615,
91901,7026,281.03310,-36.71834,107.07,6.31,0.98,
91903,,281.03654,-19.31785,99.305,6.74,0.428,
91915,7075,281.07610,61.04814,109.53,6.02,0.967,
91918,7029,281.08066,-35.64199,143.06,4.86,-0.168,
91919,7051,281.08476,39.67012,49.776,4.67,0.17,4Eps1Lyr
91926,7053,281.09492,39.61272,47.687,4.59,0.18,5Eps2Lyr
91949,,281.14643,43.83328,26.688,7.54,0.843,Gl 725.1
91958,7047,281.16789,23.58988,43.956,6.30,0.437,
91971,7056,281.19313,37.60511,47.87,4.34,0.192,6Zet1Lyr
91973,7057,281.20083,37.59461,47.687,5.73,0.285,7Zet2Lyr
91974,7035,281.20668,-25.01091,177.31,5.82,0.033,
91975,7040,281.20808,2.06004,142.65,5.02,-0.055,4 Aql
91985,7071,281.23082,54.89718,298.51,6.26,0.839,
91989,7031,281.23815,-39.68619,400,5.40,0.85,
91992,,281.24680,-39.75012,58.309,6.75,0.518,
92008,7015,281.29797,-61.09520,354.61,6.04,1.484,
92016,7038,281.32773,-21.00162,61.125,6.35,0.458,
92017,,281.32803,-35.85677,113.77,6.57,1.181,
92021,7022,281.34958,-56.88197,212.77,6.22,1.385,
92024,7012,281.36197,-64.87126,28.547,4.78,0.199,
92027,7048,281.36818,5.50013,188.68,5.82,0.041,
92032,,281.38005,19.96990,245.1,6.58,1.022,
92036,7058,281.39841,21.98468,215.52,6.53,0.017,
92040,7160,281.40861,79.94267,89.286,6.40,0.296,
92041,7039,281.41410,-26.99078,73.368,3.17,-0.107,27Phi Sgr
92043,7061,281.41553,20.54631,19.209,4.19,0.483,110 Her
92047,,281.42287,15.72541,113.51,6.69,0.204,
92056,7117,281.44484,74.08555,96.805,5.25,0.953,
92072,,281.48331,-50.87271,373.13,6.24,-0.08,
92079,7045,281.50477,-19.60636,222.72,6.34,1.578,
92086,,281.51607,-27.49900,100.81,6.61,0.944,
92088,7064,281.51866,26.66213,78.125,4.83,1.199,
92098,7073,281.55420,41.44181,279.33,6.06,-0.12,
92103,,281.56570,-72.81356,65.79,6.84,0.489,
92111,7046,281.58587,-22.39218,209.64,5.37,1.591,28 Sgr
92112,7124,281.59274,75.43396,85.837,5.37,0.049,50 Dra
92117,7059,281.61915,-0.96169,111.86,5.89,0.131,5 Aql
92131,7067,281.67234,18.70591,209.64,6.18,1.594,
92133,7084,281.67951,52.98796,396.83,5.91,-0.096,
92136,7055,281.68052,-10.12505,,5.69,0.584,
92156,7080,281.74611,46.31492,202.84,6.52,0.068,
92157,7037,281.74627,-50.09464,114.68,6.54,0.291,
92161,7069,281.75529,18.18152,28.893,4.34,0.148,111 Her
92175,7063,281.79363,-4.74787,280.9,4.22,1.087,Bet Sct
92200,,281.86354,-3.63983,14.278,8.81,1.295,Gl 726
92202,7066,281.87062,-5.70515,,5.38,1.28,
92219,7090,281.91718,49.07486,149.48,6.67,0.057,
92226,7050,281.93589,-40.40617,121.36,5.20,0.781,Mu CrA
92233,6994,281.95496,-77.86825,41.408,6.39,0.593,
92243,7081,281.98905,31.75683,338.98,6.06,-0.139,
92254,7076,282.01110,4.24142,244.5,6.20,1.509,
92262,,282.04920,-14.70836,53.276,6.86,0.498,
92269,7096,282.06700,48.76756,60.132,6.12,0.225,
92270,7079,282.06834,23.51475,28.752,6.19,0.492,
92283,,282.12177,10.74545,16.861,7.97,1.07,Gl 727
92291,,282.15116,45.26176,59.242,6.97,0.347,
92294,7036,282.15807,-65.07768,67.705,5.71,0.268,The Pav
92296,,282.16455,-6.00431,230.95,6.49,0.242,
92301,7072,282.18921,-18.60115,312.5,6.46,0.902,
92308,7062,282.21036,-43.68005,103.09,5.46,0.133,Eta1CrA
92311,,282.21618,17.43895,17.001,9.17,1.284,Gl 728
92312,7086,282.22244,19.32872,87.642,5.89,0.022,
92319,,282.23178,24.05587,425.53,6.55,-0.071,
92329,,282.26289,-32.71042,135.32,6.69,1.039,
92346,7091,282.30954,25.04657,100.81,6.74,0.094,
92350,7070,282.32151,-34.74916,96.246,6.59,1.085,
92352,,282.33612,43.73439,151.06,6.54,0.81,
92367,7065,282.36386,-45.81010,109.89,5.80,0.891,
92382,7068,282.39582,-43.43410,147.71,5.60,-0.077,Eta2CrA
92384,7077,282.39732,-19.14234,122.1,6.77,0.192,
92386,7085,282.40497,0.83620,179.53,6.24,0.041,
92390,7078,282.41710,-20.32466,286.53,5.22,1.404,29 Sgr
92391,7083,282.42065,-5.91286,534.76,5.99,1.568,
92394,7027,282.43198,-72.99572,215.98,6.04,0.033,
92398,7100,282.44130,32.81282,401.61,5.93,-0.154,8Nu 1Lyr
92403,,282.45553,-23.83623,2.9698,10.37,1.51,Ross 154
92405,7102,282.47049,32.55106,70.972,5.22,0.1,9Nu 2Lyr
92420,7106,282.51998,33.36267,294.99,3.52,0.003,Sheliak
92436,,282.57540,60.83755,166.39,6.69,1.227,
92444,,282.58822,-26.92363,16.929,9.65,1.459,
92451,,282.61077,-62.05103,16.194,10.74,1.48,GJ 4079
92456,,282.62988,-13.57226,413.22,6.48,1.662,
92475,7099,282.68979,10.97639,386.1,6.37,1.443,
92480,7088,282.71039,-22.16219,70.572,6.29,0.39,30 Sgr
92488,7094,282.74379,-9.77410,854.7,5.82,0.594,
92487,,282.74437,-41.06269,,6.50,-0.075,
92512,7125,282.80022,59.38835,104.82,4.63,1.185,47Omi Dra
92524,7101,282.84233,-3.31786,78.616,6.08,0.299,8 Aql
92532,,282.85470,38.62657,30.562,7.15,0.594,
92549,7123,282.89568,52.97512,25.667,5.51,0.843,Gl 732.1
92550,7112,282.89955,28.78367,364.96,6.22,1.183,
92551,7115,282.90216,36.53909,313.48,6.10,-0.1,
92569,,282.95177,3.03102,28.417,7.51,0.701,
92573,,282.96328,16.58328,15.477,10.16,1.447,Gl 731
92593,7109,283.00802,13.96565,209.21,6.19,-0.008,
92599,7118,283.03021,41.38324,492.61,6.28,-0.083,
92602,,283.03488,-21.92153,85.763,6.58,0.144,
92608,,283.04975,-41.70920,208.77,6.47,1.426,
92609,7074,283.05432,-62.18759,438.6,4.22,-0.15,Lam Pav
92614,7113,283.06845,21.42514,124.38,5.43,-0.068,112 Her
92620,,283.07764,14.53550,111.11,6.55,1.05,
92630,7092,283.11343,-46.59512,317.46,5.51,1.641,
92635,7103,283.11798,-26.65077,113.64,6.28,0.941,
92643,7104,283.15436,-29.37968,159.74,6.12,1.344,
92646,7087,283.16512,-52.10737,83.333,5.18,0.962,Kap Tel
92649,7105,283.17369,-30.73406,174.83,6.64,-0.028,
92669,7097,283.24957,-46.58633,251.89,6.17,0.051,
92674,7110,283.25754,-9.57552,99.602,6.27,0.2,
92676,7095,283.25981,-48.36091,81.967,6.17,0.124,
92687,7093,283.30000,-51.93144,427.35,6.30,-0.092,
92689,7137,283.30644,50.70822,139.86,4.92,0.903,
92700,,283.32705,40.99519,310.56,6.60,1.407,
92717,7199,283.38834,75.78737,246.31,6.33,0.021,
92728,7131,283.43149,36.97172,303.95,5.58,-0.138,11Del1Lyr
92731,7153,283.44291,57.48656,177.62,6.24,1.243,
92747,7114,283.50037,-21.35984,502.51,5.68,1.206,33 Sgr
92750,,283.50669,-47.27437,68.918,6.89,0.508,
92761,7116,283.54240,-22.74483,344.83,4.86,1.412,Ainalrami
92768,7132,283.55520,27.90953,111.36,5.64,1.361,
92779,,283.59136,10.80833,316.46,6.54,1.311,
92782,7180,283.59915,71.29719,105.49,4.82,1.151,52Ups Dra
92791,7139,283.62618,36.89861,225.73,4.22,1.575,12Del2Lyr
92799,7108,283.63516,-49.87907,341.3,6.58,0.085,
92814,7119,283.67964,-15.60304,429.18,5.08,0.141,
92818,7133,283.68702,22.64508,144.72,4.57,0.782,113 Her
92822,7154,283.69642,48.85940,55.279,5.84,0.452,
92824,6721,283.69845,-87.60584,78.74,5.29,1.304,Chi Oct
92831,7146,283.71741,41.60272,81.967,5.46,1.034,
92833,7140,283.71882,33.96858,358.42,5.99,0.922,
92845,7120,283.77973,-22.67133,83.963,5.00,1.348,35Nu 2Sgr
92855,7121,283.81635,-26.29672,69.832,2.05,-0.134,Nunki
92858,,283.82826,-37.49835,24.207,7.98,0.857,GJ 4087
92862,7157,283.83373,43.94609,91.408,4.08,1.397,13 Lyr
92866,,283.84815,-37.38660,133.33,6.48,1.122,
92871,,283.86422,8.40251,11.773,10.10,1.539,Gl 735
92872,7135,283.86435,6.61529,88.261,5.58,1.041,
92879,,283.87668,14.38497,53.648,6.62,0.353,
92882,7126,283.87920,-16.37664,31.716,5.56,0.445,
92891,,283.89881,42.06028,210.08,6.55,1.294,
92900,,283.93651,-16.34917,50.251,7.16,0.475,
92918,,283.97070,-5.74522,32.701,7.46,0.747,
92919,,283.97174,23.55665,21.395,8.16,0.91,GJ 9638
92920,,283.97304,35.81055,184.5,6.67,1.2,
92928,,283.99996,-80.72789,308.64,6.57,0.041,
92931,7128,284.00280,-23.17375,194.93,5.91,-0.021,
92937,7148,284.02551,18.10541,92.251,5.69,1.092,
92946,7141,284.05492,4.20359,47.416,4.62,0.161,Alya
92950,,284.05992,-18.70946,132.28,6.63,0.977,
92951,7142,284.06101,4.20213,51.948,4.98,0.204,Alya B
92953,7122,284.07066,-42.71068,90.58,5.35,0.998,
92963,7143,284.09442,-1.79986,157.48,6.20,-0.046,
92968,7144,284.10669,2.47119,156.49,6.14,0.961,
92969,7187,284.10721,65.25808,96.154,5.62,0.938,
92972,,284.11349,-31.68903,205.76,6.45,1.223,
92977,,284.13348,-48.99226,104.17,6.65,0.836,
92984,,284.15488,4.26513,26.504,6.71,0.583,
92989,7129,284.16873,-37.34324,131.93,5.36,-0.147,
92997,7175,284.18777,57.81485,84.674,5.67,1.155,48 Dra
93012,7111,284.22792,-62.80190,313.48,6.47,1.535,
93015,7107,284.23765,-67.23350,153.37,4.40,0.53,Kap Pav
93017,7162,284.25662,32.90127,14.872,5.20,0.594,Gl 738A
93026,7149,284.26529,-5.84631,62.035,4.83,1.057,Eta Sct
93049,,284.30962,-43.91701,215.98,6.27,-0.073,
93051,7158,284.31912,2.53535,348.43,5.56,0.004,64 Ser
93053,7191,284.32224,62.39677,95.42,6.50,0.927,
93057,7145,284.33532,-20.65635,632.91,5.02,0.137,36Xi 1Sgr
93068,7184,284.36864,58.22503,125.16,6.47,0.072,
93069,,284.37750,-55.99189,12.285,8.86,1.433,Gl 737A
93074,7136,284.39331,-39.82319,59.916,6.29,0.21,
93085,7150,284.43250,-21.10665,111.98,3.52,1.151,37Xi 2Sgr
93097,7247,284.48856,77.05083,58.72,6.56,0.421,
93101,,284.50058,5.90812,10.908,9.22,1.444,Gl 740
93104,7174,284.50791,38.26619,177.31,5.89,-0.09,
93117,,284.54183,-83.42220,169.49,6.35,-0.033,
93124,7165,284.56145,17.36091,473.93,5.33,0.731,
93134,7151,284.58868,-31.03598,137.93,6.09,1.347,
93138,7163,284.59877,6.23993,56.211,6.22,0.478,
93140,7159,284.60346,-22.52949,79.365,6.14,0.087,
93148,7134,284.61567,-52.93863,187.62,4.85,-0.051,Lam Tel
93163,7127,284.65218,-60.20055,172.71,5.14,1.355,Ome Pav
93174,7152,284.68081,-37.10736,30.184,4.83,0.396,Eps CrA
93175,7171,284.68773,19.79439,355.87,6.52,-0.048,
93177,7179,284.69412,40.67919,300.3,6.20,-0.146,
93179,7167,284.69552,13.90665,78.37,5.91,0.251,10 Aql
93185,,284.71249,30.18064,23.844,6.80,0.606,GJ 9639
93187,7224,284.71926,69.53129,213.22,6.52,-0.169,
93188,,284.72082,-48.50592,201.21,6.63,1.322,
93194,7178,284.73593,32.68956,190.11,3.25,-0.049,Sulafat
93197,7196,284.74749,50.80914,131.75,6.32,0.979,
93203,7172,284.77392,13.62224,48.426,5.27,0.573,11 Aql
93206,,284.78089,-48.27447,14.094,11.13,1.446,Gl 739
93209,7156,284.79568,-39.53471,152.91,6.49,-0.04,
93210,7185,284.80122,39.21732,292.4,6.43,-0.168,
93225,7166,284.84918,-12.84052,146.2,5.51,-0.038,
93224,,284.84925,-19.27936,312.5,6.52,1.582,
93234,7164,284.86158,-18.56643,334.45,6.37,0.962,
93238,,284.87198,-70.46865,103.63,6.49,0.305,
93244,7176,284.90566,15.06830,47.506,4.02,1.082,13Eps Aql
93252,,284.92721,16.25257,46.773,7.06,0.508,
93256,7181,284.93949,26.23040,99.206,5.26,1.228,
93270,7183,284.99212,22.81452,215.98,6.28,1.672,
93279,7192,285.00344,32.14551,338.98,4.94,1.465,15Lam Lyr
93287,7130,285.01480,-66.65362,136.05,5.98,0.977,
93299,7210,285.05698,50.53347,205.76,5.39,-0.182,
93309,7201,285.07943,40.68400,257.07,6.53,1.463,
93315,7168,285.10338,-24.94217,181.82,6.35,1.253,
93340,7218,285.18108,55.65830,150.83,5.51,0.862,49 Dra
93350,,285.20901,42.25254,34.59,6.82,0.534,
93354,7204,285.23001,33.80216,118.2,6.04,0.983,
93368,7169,285.26354,-37.06090,42.753,6.73,0.004,
93371,7170,285.26792,-37.06155,234.74,6.44,0.02,
93374,7198,285.27264,19.30961,129.87,6.47,1.114,
93393,7202,285.32232,26.29141,199.2,5.69,-0.086,
93408,7215,285.35986,46.93481,37.439,5.00,0.186,16 Lyr
93418,7186,285.38966,-15.28262,164.74,6.31,0.963,
93423,7182,285.40725,-22.69536,621.12,6.25,1.647,
93427,,285.41538,41.49009,41.477,7.20,0.569,
93429,7193,285.42012,-5.73911,44.131,4.02,1.079,12 Aql
93437,7212,285.45155,33.62126,260.42,6.39,-0.117,
93443,7207,285.45596,22.26441,123.76,6.44,0.13,
93466,7229,285.52932,52.26106,214.13,6.35,0.983,
93470,7177,285.53547,-41.91051,123.92,6.21,0.001,
93488,7208,285.58986,8.37354,373.13,6.25,1.648,
93498,7195,285.61533,-24.84683,78.989,5.63,1.232,
93502,,285.64227,-10.72178,215.98,6.64,0.205,
93506,7194,285.65298,-29.88011,27.042,2.60,0.062,Ascella
93509,,285.65857,14.56701,27.166,6.88,0.629,
93523,7216,285.71925,19.66101,246.91,6.11,1.317,
93526,7209,285.72708,-3.69899,153.14,5.40,-0.005,14 Aql
93537,7203,285.76585,-19.24569,606.06,5.96,1.158,
93542,7188,285.77860,-42.09510,59.207,4.74,-0.027,Zet CrA
93543,7205,285.77916,-19.10302,80.257,6.37,0.48,
93546,,285.79383,-47.05133,62.657,6.86,0.96,
93547,,285.80094,-56.99667,46.126,7.07,0.888,
93552,7197,285.82373,-38.25315,68.493,5.73,0.328,
93574,7161,285.87363,-68.75554,56.306,5.89,0.553,
93580,7214,285.88439,1.81877,54.885,5.82,0.182,
93603,7222,285.92701,21.26835,114.55,6.61,0.323,
93624,7190,285.98978,-51.01860,99.8,5.93,1.236,
93629,,286.00420,-57.95996,211.86,6.30,0.857,
93645,,286.04064,17.55609,46.577,6.93,0.475,
93647,7219,286.04463,3.33056,134.77,6.72,0.144,
93666,7220,286.10064,-5.68484,362.32,6.48,2.3,
93667,7211,286.10440,-31.04708,147.06,5.49,0.026,
93682,,286.16643,-48.40390,160.51,6.66,1.018,
93683,7217,286.17075,-21.74150,43.554,3.76,1.012,39Omi Sgr
93705,,286.21917,19.14428,264.55,6.57,1.43,
93713,7251,286.22986,53.39665,111.11,5.40,-0.014,51 Dra
93717,7225,286.24030,-4.03142,88.731,5.40,1.12,15 Aql
93718,7237,286.24111,31.74407,189.75,5.63,1.548,
93720,7238,286.24286,30.73340,198.02,6.07,1.575,
93733,7252,286.29100,49.92317,185.19,6.45,1.348,
93743,7231,286.32737,-1.51220,43.783,6.51,0.359,
93747,7235,286.35253,13.86348,25.458,2.99,0.014,Okab
93763,7230,286.42158,-15.66042,219.3,5.93,-0.015,
93770,7244,286.44637,29.92167,446.43,6.32,1.668,
93772,,286.44876,6.54681,65.92,6.75,0.505,
93805,7236,286.56225,-4.88255,37.922,3.43,-0.096,16Lam Aql
93808,7258,286.57098,41.41378,378.79,6.51,-0.147,
93815,7213,286.58310,-52.34091,56.721,5.17,0.532,Rho Tel
93822,,286.59600,7.15560,105.6,6.71,0.382,
93825,7226,286.60457,-37.06344,17.304,4.23,0.523,Gam CrA
93827,,286.60551,-11.89740,38.052,7.25,0.57,
93843,7253,286.65720,28.62860,39.968,5.53,0.296,
93845,7250,286.65998,24.25079,107.18,5.78,0.104,
93855,7239,286.71715,-16.22928,259.07,6.00,-0.025,
93858,7232,286.71873,-37.81066,16.955,6.15,0.705,Gl 744
93860,,286.72839,-50.32314,173.31,6.29,-0.057,
93862,7223,286.73167,-48.29914,117.92,5.95,-0.017,
93864,7234,286.73505,-27.67042,37.286,3.32,1.169,40Tau Sgr
93867,7248,286.74418,11.07123,214.13,5.07,-0.055,18 Aql
93873,,286.77326,20.88805,8.5143,10.77,1.57,Gl 745A
93887,7241,286.78468,-18.73817,185.87,6.28,-0.044,
93892,7245,286.78762,0.64098,307.69,6.55,0.043,
93899,,286.80510,20.87702,8.7527,10.76,1.57,Gl 745B
93903,7262,286.82554,36.10016,274.73,5.25,-0.109,18Iot Lyr
93917,7261,286.85654,32.50174,41.58,5.20,0.367,17 Lyr
93925,7240,286.87851,-28.63680,389.11,6.05,1.579,
93926,,286.88490,30.25449,27.964,7.78,0.763,
93966,7260,286.98883,16.85338,21.432,6.08,0.705,Gl 746
93974,,287.00824,24.72604,301.2,6.59,-0.024,
93975,7263,287.01466,21.69893,43.122,6.22,0.434,
93993,7246,287.06067,-24.65737,220.26,6.30,0.011,
93996,7249,287.06959,-19.29029,396.83,5.56,-0.087,
94005,7242,287.08734,-40.49670,54.734,4.57,1.07,Del CrA
94013,7275,287.10760,52.42573,71.023,5.88,1.086,
94020,,287.13219,-30.97265,28.769,7.75,0.787,GJ 4097
94034,7267,287.16753,16.85131,79.177,6.65,0.462,
94040,,287.18424,-18.95279,196.85,6.57,1.581,
94041,,287.18520,-23.19028,82.237,6.66,0.914,
94053,,287.21769,-2.28719,200,6.58,1.277,
94054,7233,287.21792,-55.72042,121.51,6.44,1.101,
94062,,287.23781,-18.68271,78.064,6.96,0.364,
94064,,287.24167,11.29354,153.37,6.65,1.16,
94067,,287.24869,14.78052,93.371,6.74,1.1,
94068,7266,287.24964,6.07321,45.788,5.23,0.346,19 Aql
94076,7272,287.26824,34.60045,52.329,6.70,0.643,
94083,7312,287.29074,76.56050,27.3,5.11,0.308,59 Dra
94114,7254,287.36804,-37.90447,38.432,4.11,0.042,Meridiana
94124,7256,287.40152,-36.16481,245.7,6.54,0.0,
94130,7255,287.41564,-39.82724,121.65,6.44,1.064,
94140,7290,287.44084,65.97851,93.458,6.26,0.008,55 Dra
94141,7264,287.44097,-21.02361,156.25,2.88,0.377,Albaldah
94144,7265,287.45061,-19.80366,118.48,6.11,1.156,
94149,7269,287.46498,-0.42811,287.36,6.34,-0.042,
94150,7221,287.46963,-68.42445,37.383,5.31,0.901,
94154,,287.47666,-68.29969,35.932,7.53,0.6,
94156,,287.48479,35.66100,261.78,6.55,1.311,
94157,7257,287.49023,-41.89226,444.44,5.86,-0.08,
94160,7259,287.50731,-39.34080,145.35,4.10,1.163,Bet CrA
94168,,287.53445,-71.54853,132.63,6.64,0.978,
94184,,287.61510,-30.00712,53.419,6.52,0.464,
94223,,287.71797,-48.07871,8.919,10.28,,
94236,,287.74275,-6.62186,92.937,6.84,0.127,
94243,7268,287.75795,-39.00471,283.29,6.34,0.006,
94272,7270,287.82839,-29.50229,146.63,6.28,-0.031,
94280,7284,287.84650,40.42909,150.6,6.20,0.093,
94290,7280,287.87909,26.73587,43.497,6.35,0.444,
94302,7295,287.91896,56.85921,105.49,5.13,1.008,53 Dra
94311,7283,287.94171,31.28346,273.22,5.93,-0.062,19 Lyr
94336,7293,288.02124,49.85576,24.45,5.85,0.666,GJ 9648B
94344,7273,288.04075,-37.58311,242.72,6.55,1.016,
94346,,288.04686,57.67198,20.016,7.04,0.804,GJ 1233
94347,,288.04677,-83.48370,47.893,7.26,0.444,
94349,,288.06081,2.88640,10.221,11.09,1.542,Gl 748
94351,,288.06546,47.37499,649.35,6.54,1.024,
94372,7276,288.11682,-21.65838,138.31,6.39,1.129,
94376,7310,288.13837,67.66154,29.869,3.07,0.99,Altais
94382,7286,288.15306,21.55457,235.85,6.02,0.069,
94385,7279,288.16963,-7.93952,300.3,5.35,0.094,20 Aql
94398,7271,288.19218,-50.48642,123.15,6.12,0.954,
94434,7277,288.30694,-25.90679,520.83,5.79,1.387,
94437,7282,288.31468,-12.28258,166.11,5.51,1.442,
94460,,288.38931,-62.92258,288.18,6.59,1.281,
94477,7287,288.42794,2.29371,217.86,5.14,-0.071,21 Aql
94478,7288,288.43344,5.51560,147.93,6.47,0.1,
94481,7298,288.43953,39.14597,425.53,4.43,-0.15,Aladfar
94490,7309,288.47980,57.70510,50.659,5.00,1.156,54 Dra
94491,,288.48481,-26.87626,62.035,7.09,0.4,
94521,,288.56675,-8.71909,65.488,6.54,0.977,
94556,7281,288.66478,-45.19353,91.324,5.91,0.902,
94576,,288.70918,31.86035,131.41,6.61,1.0,
94598,7299,288.76121,20.20312,208.77,6.03,0.895,
94604,7425,288.78298,83.46275,166.67,6.50,0.108,
94620,7301,288.82233,21.23212,91.827,5.65,0.121,1 Sge
94623,7311,288.82990,50.07113,134.59,6.27,0.93,
94624,7300,288.83371,15.08365,212.31,5.58,1.067,
94627,,288.84288,-6.04976,97.182,6.63,0.353,
94630,7302,288.85357,30.52638,389.11,5.88,1.665,
94643,7292,288.88511,-25.25668,91.491,4.86,0.569,42Psi Sgr
94645,7291,288.88842,-24.17935,27.548,6.25,0.548,Gumala
94648,7352,288.88844,73.35547,44.883,4.45,1.257,60Tau Dra
94646,,288.88902,18.51635,257.73,6.46,1.743,
94650,,288.89604,11.55472,26.267,8.06,0.908,
94679,7305,288.98735,27.45593,277.01,6.54,-0.027,
94685,7308,288.99788,27.92630,429.18,6.18,0.634,
94703,7306,289.05433,21.39043,248.76,4.76,-0.058,1 Vul
94712,7289,289.09059,-45.46603,167.22,5.38,1.349,
94713,7314,289.09206,38.13373,255.1,4.35,1.258,21The Lyr
94714,,289.09332,-75.80010,233.1,6.61,0.169,
94720,7307,289.11162,14.54462,125.63,5.65,-0.02,
94724,7274,289.11918,-69.19083,194.55,6.25,0.193,Tau Pav
94727,7303,289.12930,4.83479,164.47,5.59,0.101,22 Aql
94739,,289.17861,-45.88934,16.098,9.38,1.432,Gl 750A
94751,,289.20245,18.97633,55.586,7.02,0.588,
94755,7322,289.21411,46.99910,42.035,6.02,0.479,
94757,,289.21755,-10.97177,29.577,6.93,0.57,
94760,,289.22126,63.20740,78.247,6.93,0.505,
94761,,289.23024,5.16890,5.8699,9.12,1.464,Gl 752A
94770,,289.25218,-65.22770,235.85,6.42,-0.046,
94779,7328,289.27560,53.36846,38.066,3.80,0.95,1Kap Cyg
94789,7278,289.30094,-66.66105,91.575,5.52,0.17,
94799,,289.33323,39.12108,148.81,6.57,1.122,
94802,,289.34294,71.34702,39.308,7.07,0.729,
94820,7304,289.40867,-18.95291,147.71,4.88,1.013,43 Sgr
94823,,289.41649,-15.96714,132.8,6.62,0.242,
94827,7318,289.43181,23.02554,373.13,5.46,0.02,2 Vul
94833,7313,289.45077,2.03173,86.207,6.19,0.019,
94834,7315,289.45416,11.59542,127.23,5.28,0.196,25Ome1Aql
94858,7297,289.54071,-53.38709,45.065,6.36,0.505,
94883,,289.63036,0.42346,90.498,6.72,0.401,
94885,7319,289.63539,1.08513,113.77,5.10,1.143,23 Aql
94890,7341,289.65777,49.56946,136.05,6.32,1.123,
94905,,289.68818,16.48836,37.467,7.01,0.541,
94910,7326,289.70171,19.61048,239.81,6.50,-0.006,
94913,7321,289.71227,0.33902,127.06,6.40,1.05,24 Aql
94916,7325,289.71981,9.61807,143.06,6.31,1.065,
94926,,289.74609,-33.27829,55.096,6.94,0.579,
94929,7317,289.75041,-15.53657,147.71,6.09,1.42,
94932,7338,289.75481,37.44535,190.84,6.25,0.012,
94966,,289.87915,-36.65853,49.628,7.25,0.513,
94974,7351,289.90179,54.37599,157.98,6.23,0.03,
94975,,289.90590,-51.57260,134.59,6.57,0.068,
94981,7345,289.91253,37.33054,25.387,6.29,0.676,Gl 754.2
94982,7331,289.91395,12.37468,103.41,5.53,0.265,28 Aql
94986,7316,289.91664,-35.42145,276.24,5.59,-0.122,
94993,7361,289.94225,64.39081,281.69,6.52,-0.098,
95002,7332,289.97110,11.53496,81.5,6.03,0.087,29Ome2Aql
95038,7356,290.06675,57.64513,242.13,5.91,1.626,
95054,7323,290.10914,-31.81760,374.53,6.56,1.68,
95055,,290.11281,-1.30976,47.506,6.57,0.438,
95066,7333,290.13709,-5.41577,47.281,4.98,0.937,26 Aql
95067,7346,290.13772,35.18596,288.18,6.30,-0.092,
95071,,290.14553,-7.66668,10.952,12.28,0.07,Gl 754.1A
95073,7336,290.14869,-0.89216,134.23,5.46,-0.041,27 Aql
95077,7327,290.15895,-22.40254,55.371,5.59,0.276,
95081,7371,290.16701,65.71453,70.175,4.60,0.033,58Pi Dra
95109,,290.22626,22.19879,149.93,6.56,-0.063,
95116,,290.24954,19.14554,62.696,6.82,0.458,
95143,7365,290.35575,57.76681,263.85,6.59,1.307,
95149,7330,290.37394,-34.98349,18.832,6.48,0.628,Gl 755
95154,,290.39805,76.55960,386.1,6.22,2.673,
95159,7339,290.40463,-19.23445,239.81,6.25,-0.091,
95164,,290.41398,-29.60547,45.62,7.10,0.568,
95167,7423,290.41773,79.60283,107.76,6.06,0.072,
95168,7340,290.41816,-17.84720,38.926,3.92,0.228,44Rho1Sgr
95176,7342,290.43176,-15.95502,546.45,4.52,0.079,46Ups Sgr
95188,7344,290.46205,-18.30839,101.83,5.84,1.062,45Rho2Sgr
95203,,290.51604,-29.52308,50.968,7.09,0.573,
95211,7334,290.53974,-42.01603,101.21,6.33,1.129,
95219,7347,290.58673,-8.20107,193.42,6.66,-0.045,
95222,7349,290.58976,-0.25234,103.73,5.81,1.093,
95235,7359,290.63897,33.51816,109.89,6.09,1.052,
95239,,290.65721,-51.23128,71.994,6.42,0.328,
95241,7337,290.65955,-44.45896,96.154,3.96,-0.085,Arkab Prior
95244,,290.66791,-20.64291,79.618,6.72,1.032,
95245,,290.67045,37.58122,276.24,6.60,1.106,
95253,7354,290.70146,9.91315,37.566,6.34,0.458,
95260,7358,290.71202,26.26240,120.48,5.22,-0.119,3 Vul
95261,7329,290.71332,-54.42393,48.216,5.03,0.02,Eta Tel
95270,,290.74556,-54.53805,51.813,7.04,0.48,
95281,7353,290.76853,-7.40062,133.33,6.31,1.455,
95287,7357,290.78425,14.92103,84.962,6.65,0.297,
95294,7343,290.80464,-44.79978,41.135,4.27,0.35,Arkab Posterior
95306,7381,290.84911,50.27129,266.67,6.51,-0.071,
95319,7368,290.89168,33.22197,15.76,6.37,0.804,Gl 758
95322,,290.90379,-53.94613,143.47,6.62,0.968,
95340,7364,290.94554,20.26436,421.94,6.40,0.013,
95347,7348,290.97154,-40.61594,55.741,3.96,-0.105,Rukbat
95352,7382,290.98541,43.38817,135.14,5.85,0.924,
95362,,291.01399,44.93354,57.637,7.01,0.808,
95369,7320,291.02292,-68.37108,210.53,6.33,1.238,
95370,7376,291.02523,36.45209,121.65,6.44,1.074,
95372,7372,291.03157,29.62134,258.4,4.99,-0.12,2 Cyg
95385,,291.05295,-62.99818,54.142,6.58,0.455,
95396,7350,291.08946,-43.72206,206.19,6.13,1.603,
95398,7369,291.09196,16.93772,112.11,6.27,0.075,2 Sge
95400,7374,291.09392,28.08757,183.15,6.53,-0.08,
95408,7355,291.12574,-27.86594,273.22,6.03,-0.117,
95447,7373,291.24246,11.94441,15.177,5.17,0.761,31 Aql
95453,7366,291.25638,-4.88454,108.11,6.50,0.34,
95456,7360,291.26685,-29.30936,91.324,5.91,1.278,
95477,7362,291.31871,-24.50858,77.22,5.02,0.235,47Chi1Sgr
95480,,291.32562,37.24520,104.06,6.80,1.129,
95485,7367,291.33997,-13.89713,154.8,5.72,1.372,
95487,7384,291.34330,20.27173,147.06,6.31,-0.014,
95492,7386,291.35736,24.91277,27.39,6.19,0.528,
95498,7385,291.36916,19.79837,83.264,5.14,0.999,4 Vul
95503,7363,291.37359,-23.96246,153.14,5.45,1.442,49Chi3Sgr
95501,7377,291.37458,3.11477,15.525,3.36,0.319,30Del Aql
95516,,291.43059,-22.45167,106.72,6.79,1.296,
95532,,291.48445,-49.84289,60.938,6.66,0.953,
95534,,291.48596,44.93075,167.22,6.68,1.016,
95556,7395,291.53802,36.31790,216.92,5.17,-0.12,4 Cyg
95557,7378,291.54600,-15.05325,214.13,5.71,0.007,
95560,7390,291.55520,20.09773,72.886,5.60,-0.006,5 Vul
95564,7375,291.57981,-21.77669,132.28,5.57,1.228,50 Sgr
95572,7389,291.60055,13.02380,55.991,5.76,0.456,
95574,7379,291.60239,-14.55121,116.28,6.70,0.054,
95575,,291.60766,49.46531,25.012,8.01,0.929,GJ 1237
95576,7413,291.61032,62.55714,210.08,6.38,1.413,
95582,7391,291.61953,19.89149,187.97,5.84,1.558,
95585,7387,291.62954,0.33857,869.57,4.64,0.576,32Nu Aql
95586,,291.63306,11.85107,63.654,6.91,0.439,
95619,7380,291.73533,-29.74322,69.93,5.66,-0.014,
95656,7408,291.85818,52.32044,107.53,5.73,-0.002,7Iot1Cyg
95664,7396,291.89128,14.28248,252.53,6.31,-0.068,
95673,7403,291.90165,37.94120,724.64,6.30,-0.12,
95690,7370,291.95049,-54.32527,164.74,5.70,1.406,
95717,,292.02629,17.84669,85.984,6.89,0.315,
95718,,292.02705,-69.63185,63.452,6.72,0.51,
95722,,292.05126,-12.14482,36.617,7.57,0.741,
95728,,292.05776,29.45027,157.73,6.57,1.08,
95732,7397,292.08666,2.93003,294.99,5.84,-0.003,
95771,7405,292.17640,24.66491,91.158,4.44,1.502,Anser
95785,7406,292.23784,24.76872,157.73,5.82,1.023,8 Vul
95793,7400,292.25412,1.95045,61.2,5.79,0.088,35 Aql
95812,7404,292.32511,0.24608,196.85,6.25,1.317,
95818,7409,292.33707,20.27974,355.87,6.34,-0.097,7 Vul
95820,7402,292.33901,-7.04409,275.48,6.37,0.87,
95821,,292.33937,31.60866,35.499,6.95,0.718,Gl 761.1
95822,7407,292.34231,14.59602,91.743,5.57,1.05,
95823,7392,292.34927,-43.44519,62.383,5.70,0.214,
95833,,292.37527,36.28748,86.505,6.66,0.349,
95847,,292.40775,-12.64671,65.062,6.89,0.471,
95849,,292.41905,-30.79776,34.341,7.13,0.599,
95853,7420,292.42647,51.72978,37.202,3.76,0.148,10Iot2Cyg
95865,7398,292.46743,-26.98561,71.736,5.46,1.12,GJ 9657A
95866,7388,292.46916,-55.44175,95.969,6.14,0.974,
95898,7412,292.54389,2.90407,621.12,6.08,1.82,
95905,7399,292.56205,-32.09140,47.939,6.60,0.394,
95908,,292.57218,33.72845,166.11,6.55,1.128,
95926,,292.63207,12.81690,62.305,6.91,0.915,
95929,7415,292.63801,3.44440,248.14,6.09,-0.019,
95932,7393,292.64415,-55.11005,34.376,6.29,0.45,Mu Tel
95937,7414,292.66599,-2.78889,162.07,5.03,1.77,36 Aql
95947,7417,292.68034,27.95968,133.16,3.05,1.088,Albireo
95951,7418,292.68915,27.96528,122.55,5.12,-0.095,Albireo B
95953,7419,292.69513,36.22850,193.05,6.26,-0.015,
95962,,292.71966,-6.51442,31.319,7.27,0.64,GJ 9659
95965,7410,292.72519,-21.31224,237.53,6.11,0.121,
95973,,292.74183,-11.48466,59.88,7.07,0.49,
95978,7450,292.75119,70.98934,186.92,6.06,1.416,
95987,,292.77173,2.01174,348.43,6.52,1.452,
95995,,292.78436,58.58601,16.961,6.60,0.859,Gl 762.1
95999,7383,292.79564,-68.43392,387.6,5.98,1.638,
96003,7428,292.80648,55.73184,363.64,6.37,1.123,
96014,7427,292.83058,50.30671,141.64,5.55,1.274,
96016,7421,292.84008,26.61717,60.533,5.89,0.915,
96047,,292.93026,5.76908,68.446,6.95,0.485,
96052,7426,292.94301,34.45297,263.85,4.74,-0.15,8 Cyg
96081,,293.02272,25.59633,87.108,6.87,0.456,
96085,,293.02793,-11.27494,17.627,7.53,0.922,GJ 1240
96095,,293.05846,-44.54639,41.615,6.48,0.526,
96100,7462,293.08723,69.66118,5.7547,4.67,0.786,Alsafi
96111,,293.11880,-30.86947,217.86,6.58,1.551,
96113,,293.12628,-35.45172,21.008,8.69,1.088,GJ 1239
96124,,293.16803,-28.01981,27.233,7.14,0.675,
96141,7411,293.22420,-53.18562,115.74,5.76,0.3,
96143,,293.22873,31.23608,124.07,6.70,0.45,
96164,7448,293.29194,60.15869,309.6,6.30,1.58,
96178,7416,293.34010,-45.27175,121.65,5.59,-0.02,
96183,,293.35647,21.84033,20.559,6.89,0.745,
96185,,293.36305,33.20186,31.918,6.62,0.595,
96195,7436,293.40181,38.76197,128.7,6.61,0.113,
96198,7442,293.42336,49.26232,406.5,6.00,1.545,
96204,,293.44179,5.46571,202.43,6.35,1.471,
96229,7429,293.52229,7.37894,32.992,4.45,1.176,38Mu Aql
96234,7422,293.53536,-40.03464,129.7,5.89,0.105,
96252,,293.57578,41.92722,138.31,6.68,-0.008,
96258,7451,293.58242,51.23662,25.113,5.71,0.475,GJ 4116
96264,,293.60466,71.60536,64.683,6.70,0.428,
96275,7437,293.64540,19.77340,169.49,5.00,-0.093,9 Vul
96285,,293.66599,4.58252,14.426,9.35,1.39,Gl 763
96286,7453,293.66610,48.16455,86.505,6.79,0.256,
96288,7444,293.67190,42.41251,176.68,5.34,0.06,
96292,,293.68302,43.94586,189.04,6.64,-0.034,
96297,,293.69310,63.43417,168.92,6.47,1.326,
96302,7441,293.71220,29.46295,171.23,5.39,0.581,9 Cyg
96313,,293.74569,27.22534,60.643,6.74,0.29,
96314,,293.74892,-81.75295,176.99,6.63,1.042,
96316,,293.75514,52.50202,105.82,6.39,1.122,
96327,7430,293.78024,-10.56044,140.25,5.12,1.122,37 Aql
96341,7424,293.80413,-48.09920,113.64,4.88,1.096,Iot Tel
96351,7438,293.85471,2.91361,39.984,6.37,0.414,
96353,,293.86344,15.61058,425.53,6.55,1.134,
96356,7432,293.87419,-7.46028,117.37,6.32,1.124,
96365,7433,293.88942,-12.25311,102.77,6.27,1.089,
96370,,293.89909,-20.78209,31.98,6.74,0.557,
96387,7457,293.95127,36.94454,184.84,6.03,-0.08,11 Cyg
96392,,293.96141,-2.45574,69.638,6.99,0.503,
96395,,293.98172,56.98390,24.108,6.73,0.636,
96396,7465,293.98311,50.23862,166.39,6.47,1.034,
96402,,294.00271,0.09119,38.595,7.55,0.675,
96406,7431,294.00689,-24.71908,90.253,5.64,0.185,51 Sgr
96416,7445,294.03348,11.15017,153.37,6.70,0.082,
96417,7452,294.03480,22.58576,204.92,6.33,-0.059,
96423,,294.05256,6.00742,201.61,6.62,1.084,
96428,7449,294.06536,14.39107,119.05,6.37,1.045,
96434,,294.09587,15.89232,54.2,7.12,0.531,
96440,7439,294.10865,-18.85292,77.64,6.13,0.273,
96441,7469,294.11058,50.22110,18.335,4.49,0.395,13The Cyg
96449,,294.13507,43.70611,290.7,6.60,1.476,
96459,7468,294.15833,44.69494,40.833,5.17,0.928,
96465,7440,294.17679,-24.88362,58.139,4.59,-0.075,52 Sgr
96468,7447,294.18033,-1.28660,119.9,4.36,-0.079,41Iot Aql
96481,7456,294.21855,11.27321,371.75,5.98,0.881,
96483,7446,294.22271,-7.02748,515.46,4.93,-0.046,39Kap Aql
96491,7467,294.23604,38.38383,361.01,6.51,-0.127,
96496,7443,294.26393,-18.23105,121.8,5.66,1.237,
96503,7466,294.29007,29.33370,375.94,6.43,-0.087,
96507,,294.29893,28.49986,50.276,6.67,0.606,
96516,7463,294.32247,16.46280,147.28,5.67,1.007,4Eps Sge
96536,7454,294.39341,-14.30180,30.562,5.46,0.501,Gl 764.2
96546,,294.42007,35.02254,657.89,6.44,1.559,
96556,7460,294.44715,-4.64764,32.154,5.45,0.429,42 Aql
96572,7477,294.48626,49.28442,140.25,6.47,0.99,
96576,,294.49681,33.89327,31.959,7.51,0.719,GJ 4118
96579,,294.50610,35.25899,154.32,6.55,0.934,
96601,7472,294.57412,20.78339,168.92,6.50,1.037,
96607,7434,294.60807,-57.98334,162.6,6.19,0.973,
96610,,294.62168,-65.91423,100.91,6.79,0.062,
96620,7484,294.67154,54.97379,40.883,5.89,0.482,
96622,,294.68066,-10.15666,86.281,6.61,0.342,
96630,7471,294.70413,3.38152,,6.36,0.001,
96665,7474,294.79851,5.39777,239.23,5.18,-0.001,44Sig Aql
96683,7478,294.84419,30.15332,81.633,4.68,0.971,12Phi Cyg
96688,7475,294.85557,16.57112,,6.37,1.918,
96693,7483,294.86034,42.81828,200,5.41,-0.063,14 Cyg
96706,7487,294.89390,45.95744,126.42,6.25,0.931,
96721,7461,294.92409,-45.27855,111.73,6.24,0.293,
96724,7481,294.93717,33.97894,149.93,6.10,0.094,
96729,7470,294.95608,-23.42770,98.717,6.33,0.034,53 Sgr
96734,7435,294.96729,-66.68551,103.31,6.37,0.037,
96739,7464,294.98133,-39.43289,85.543,6.60,0.247,
96757,7479,295.02413,18.01389,130.38,4.39,0.777,Sham
96760,7473,295.02985,-23.42909,109.89,5.97,1.038,
96771,7500,295.05498,60.50711,155.52,6.49,0.212,
96781,7459,295.07787,-54.41779,116.28,6.24,1.001,
96789,7482,295.11802,20.47707,740.74,6.52,0.323,
96805,7492,295.17146,43.07782,515.46,6.17,1.561,
96807,7480,295.18050,-0.62123,107.99,5.64,0.123,45 Aql
96808,7476,295.18075,-16.29327,73.746,5.30,1.109,54 Sgr
96813,,295.18800,-7.51234,51.047,6.97,0.525,
96825,7495,295.20901,45.52494,49.628,5.06,0.426,
96837,7488,295.26225,17.47604,134.77,4.39,1.041,6Bet Sge
96840,7486,295.27303,13.81568,,5.98,-0.078,
96856,7490,295.31104,22.45277,523.56,6.43,1.481,
96882,7455,295.40521,-65.85441,185.53,6.08,1.556,
96895,7503,295.45417,50.52506,21.079,5.99,0.643,16 Cyg
96901,7504,295.46675,50.51752,21.213,6.25,0.661,Gl 765.1B
96907,7499,295.49007,40.25414,81.566,6.22,0.182,
96917,,295.51218,-9.19365,112.87,6.31,1.341,
96919,7509,295.51727,55.46322,316.46,6.42,1.453,
96931,7493,295.55338,12.19326,215.52,6.33,-0.077,46 Aql
96932,,295.55428,-36.63343,44.072,6.86,0.459,
96950,7489,295.62972,-16.12400,54.318,5.06,0.319,55 Sgr
96957,7497,295.64171,11.82658,261.78,5.28,0.575,47Chi Aql
96977,7502,295.68585,32.42674,602.41,5.93,0.118,
96979,,295.69115,8.38276,66.445,6.89,0.503,
96985,,295.70184,22.85163,135.5,6.54,1.057,
96988,7501,295.70461,29.33176,85.251,6.54,0.337,
97001,,295.73442,40.72176,154.56,6.71,-0.02,
97018,,295.76873,39.99712,70.422,6.95,0.308,
97023,,295.77927,24.59794,44.385,6.87,0.567,
97028,7505,295.78998,30.67789,111.23,6.08,0.003,
97029,,295.79486,38.67171,387.6,6.37,1.22,
97033,7522,295.80980,58.01662,44.209,6.29,0.59,Gl 765.3
97063,7496,295.88970,-15.47011,48.924,5.49,0.46,GJ 9666
97067,7491,295.90674,-37.53876,194.93,6.14,0.019,
97070,7526,295.91456,57.04271,77.76,6.28,0.887,
97077,7506,295.92885,25.77193,101.73,5.50,0.939,10 Vul
97081,7514,295.93788,41.77311,174.83,5.86,1.598,
97087,7512,295.96438,34.16272,331.13,6.04,-0.071,
97091,7508,295.98323,27.13540,757.58,6.27,1.015,
97096,,295.98771,-66.29408,17.397,9.29,1.025,
97118,7517,296.06915,37.35435,88.653,4.89,0.948,15 Cyg
97122,7545,296.07669,69.33706,132.1,5.90,0.072,
97139,7511,296.14246,13.30278,310.56,6.25,-0.041,48Psi Aql
97142,7520,296.15905,34.41416,297.62,6.39,1.521,
97144,,296.17208,8.72654,148.15,6.43,0.94,
97151,7523,296.20439,40.71680,251.26,6.36,1.561,
97157,,296.22624,-10.57288,162.34,6.63,1.683,
97165,7528,296.24361,45.13081,50.582,2.86,-0.002,Fawaris
97222,,296.38971,33.60198,21.124,7.68,1.0,Gl 765.4A
97223,,296.39838,30.01022,20.317,9.15,1.175,
97228,7529,296.41523,36.09102,300.3,6.38,-0.049,
97229,7519,296.41644,7.61316,53.619,5.89,0.18,49Ups Aql
97232,,296.41944,36.08865,57.143,7.16,0.024,
97241,,296.45709,32.38712,11.496,10.61,,GJ 4122
97242,7530,296.46398,35.01275,128.04,6.14,1.07,
97244,7516,296.46764,-2.88345,362.32,6.47,0.016,
97255,,296.48893,4.24849,30.979,7.02,0.612,
97260,7507,296.50508,-31.90857,217.86,5.51,0.024,
97278,7525,296.56491,10.61326,121.07,2.72,1.507,Tarazed
97290,7515,296.59060,-19.76111,63.654,4.87,1.061,56 Sgr
97292,,296.59950,32.01705,13.613,9.74,1.517,Gl 767A
97295,7534,296.60665,33.72760,21.231,5.00,0.476,17 Cyg
97307,7535,296.64589,32.88859,121.51,6.18,1.172,
97319,7533,296.66476,25.13383,59.559,6.66,0.295,
97321,,296.67201,44.34852,40.225,7.07,0.591,
97326,7563,296.68610,68.43800,175.13,6.34,0.309,
97358,,296.82543,-18.74666,30.988,7.60,0.689,
97365,7536,296.84692,18.53429,182.15,3.68,1.313,7Del Sge
97370,,296.85464,-43.34512,38.685,7.12,0.564,
97372,7547,296.86181,47.90756,299.4,6.14,1.64,
97376,7543,296.86575,38.40761,144.93,5.83,-0.087,
97384,,296.88883,1.08889,48.263,6.77,0.61,
97398,,296.94228,5.78200,122.55,6.70,1.057,
97402,7540,296.95224,25.38406,126.9,6.00,0.993,
97405,,296.96296,-29.15928,34.674,7.69,0.669,
97416,,296.99851,31.50628,90.744,6.79,0.12,
97420,,297.00367,27.86953,26.24,6.87,0.66,
97421,7510,297.00482,-56.36261,49.554,5.33,0.196,Nu Tel
97423,7532,297.01260,-13.70362,65.488,6.11,0.193,
97431,,297.03589,13.45443,65.746,6.95,0.445,
97433,7582,297.04275,70.26793,45.372,3.84,0.888,63Eps Dra
97438,,297.06434,59.42290,27.709,6.64,0.592,
97454,7542,297.12714,10.69410,375.94,6.44,0.932,
97473,7544,297.17524,11.81590,157.73,5.75,0.546,52Pi Aql
97477,7550,297.18248,35.31147,63.694,6.66,0.437,
97484,,297.20905,-12.31942,537.63,6.47,1.676,
97485,7551,297.21082,33.43728,,6.42,0.129,
97489,,297.22224,11.68511,211.86,6.53,0.912,
97491,7521,297.22952,-52.88811,284.9,6.27,1.131,
97496,7546,297.24441,19.14204,78.186,5.01,0.095,8Zet Sge
97499,7541,297.25919,-10.87076,96.432,6.00,1.233,
97509,,297.28566,27.73169,50.378,6.97,0.611,
97515,7538,297.29834,-28.78897,46.425,6.04,0.403,
97534,7498,297.35541,-72.50338,43.63,5.39,0.234,
97538,7555,297.36459,38.71015,214.59,6.12,0.906,
97546,,297.39152,-37.78055,44.033,7.22,0.574,
97569,7513,297.47258,-66.81307,308.64,6.44,1.482,
97572,7556,297.47800,28.43967,606.06,6.45,-0.104,
97573,,297.48255,27.08518,143.88,6.46,0.937,
97598,7537,297.55857,-47.55739,408.16,5.91,1.678,
97607,7554,297.57283,7.90242,529.1,6.49,-0.086,
97611,7527,297.59064,-61.06112,284.9,6.21,-0.135,
97612,,297.59123,61.20907,55.96,6.70,0.514,
97630,7566,297.64164,38.72242,212.31,5.18,1.665,19 Cyg
97634,7567,297.65553,40.59976,649.35,5.68,-0.058,
97635,7576,297.65720,52.98800,62.073,5.03,1.286,20 Cyg
97640,,297.67038,34.95006,28.409,8.00,0.787,
97646,7531,297.68662,-59.19367,84.962,5.41,0.082,
97647,,297.68781,20.21143,159.49,6.71,0.156,
97649,7557,297.69582,8.86832,5.1295,0.76,0.221,Altair
97650,7553,297.69493,-10.76351,27.871,5.38,0.402,51 Aql
97651,7568,297.69529,37.82632,813.01,6.13,1.626,
97674,7524,297.75480,-65.60509,57.904,6.04,0.317,
97675,7560,297.75684,10.41573,19.19,5.12,0.563,54Omi Aql
97679,7565,297.76711,22.61005,193.05,4.90,-0.153,12 Vul
97687,7559,297.79624,-2.46099,183.82,6.12,1.573,
97697,7562,297.82388,9.62989,89.606,6.25,0.102,
97700,7577,297.83073,47.37724,62.5,6.22,0.398,
97709,,297.86183,4.08863,763.36,6.47,1.345,
97742,,297.94251,-37.33633,165.56,6.65,1.194,
97749,7552,297.96084,-39.87437,92.421,5.32,-0.045,
97757,7589,297.99612,47.02734,,5.60,-0.078,
97765,7573,298.00663,24.99216,518.13,5.54,0.68,
97767,7569,298.01434,11.62833,26.617,6.16,0.642,GJ 4126
97774,7591,298.02987,47.93180,510.2,5.91,-0.174,
97776,,298.03088,-10.89269,185.87,6.67,1.15,
97779,,298.03911,7.46004,35.1,7.14,0.647,
97783,7561,298.05001,-19.04499,115.87,5.88,0.979,57 Sgr
97787,7572,298.06493,10.35159,325.73,6.52,-0.027,
97789,7583,298.06839,36.43230,216.92,6.13,1.434,
97796,7574,298.09068,18.67188,,6.24,-0.031,9 Sge
97804,7570,298.11820,1.00566,423.73,3.87,0.63,55Eta Aql
97816,7548,298.15715,-54.97103,172.41,5.76,0.915,
97819,7549,298.16298,-54.97644,60.533,6.50,0.1,
97845,7600,298.25520,47.80772,502.51,6.30,-0.126,
97849,7571,298.27661,-14.60320,119.05,6.47,0.149,
97870,7608,298.32240,57.52348,194.17,5.14,-0.125,23 Cyg
97871,7575,298.32807,-3.11446,80.128,5.63,0.231,
97877,7580,298.34420,4.40039,260.42,6.52,0.015,
97886,7592,298.36539,24.07961,102.56,4.57,-0.047,13 Vul
97892,7611,298.39752,59.70866,104.17,6.06,0.033,
97928,7584,298.53449,-8.57421,193.8,5.76,1.664,56 Aql
97938,7595,298.56201,8.46145,56.275,4.71,1.023,Libertas
97944,7578,298.57397,-23.94107,14.049,6.22,1.017,Gl 770
97961,7601,298.62948,24.31939,144.3,5.56,-0.018,
97966,7593,298.65688,-8.22729,147.93,5.70,-0.079,57 Aql
97967,7594,298.65859,-8.23705,155.76,6.49,-0.04,57 Aql
97970,7598,298.66751,7.14035,81.766,6.14,0.043,
97971,7558,298.66853,-61.17079,115.07,6.21,0.163,
97980,7596,298.68666,0.27363,113.9,5.60,0.098,58 Aql
97985,7606,298.70104,36.99568,369,5.79,0.773,
98012,7585,298.77128,-33.04625,366.3,6.47,1.487,
98013,,298.77165,47.54100,136.61,6.72,1.059,
98017,7607,298.77709,30.19490,262.47,6.58,-0.081,
98032,7581,298.81539,-41.86829,55.741,4.12,1.063,Iot Sgr
98036,7602,298.82831,6.40676,13.699,3.71,0.855,Alshain
98038,7599,298.83125,-6.73478,81.833,6.49,0.391,
98044,7626,298.84189,58.25019,134.41,6.10,1.021,
98045,,298.85013,-19.29286,87.566,6.87,0.375,
98055,7619,298.90751,52.43895,86.281,4.91,0.124,24Psi Cyg
98066,7597,298.95977,-26.29951,25.988,4.70,0.748,Terebellum
98068,7613,298.96568,38.48671,442.48,4.95,-0.086,22 Cyg
98073,7633,298.98077,58.84597,280.9,4.98,1.584,
98085,7609,299.00526,16.63480,,5.71,0.903,10 Sge
98086,7494,299.00680,-81.34984,227.27,6.39,1.402,
98103,7610,299.05938,11.42372,67.295,5.28,0.014,61Phi Aql
98106,,299.06736,-72.36430,23.557,8.40,1.058,GJ 1244
98110,7615,299.07657,35.08342,41.374,3.89,1.019,21Eta Cyg
98111,7634,299.07933,56.68702,76.511,6.16,0.09,
98130,,299.15411,-31.33531,19.044,8.42,1.025,GJ 1246
98138,,299.17368,30.94723,93.11,6.80,0.646,
98143,7620,299.18392,36.25060,318.47,6.03,-0.14,
98146,7632,299.18820,50.90252,104.6,6.46,0.003,
98152,,299.20462,-30.57018,85.911,6.55,0.184,
98154,,299.20738,23.77679,90.992,6.79,0.328,
98162,7604,299.23680,-27.16990,255.1,4.54,1.462,59 Sgr
98163,7586,299.24041,-57.92564,344.83,6.55,1.535,
98169,7616,299.25176,20.99829,188.68,6.62,0.075,
98174,7587,299.27623,-58.90135,85.397,5.24,0.014,
98192,,299.30587,29.82401,26.716,7.91,0.797,Gl 773.2
98194,7628,299.30778,40.36782,340.14,5.46,-0.09,
98204,,299.33184,-12.56799,18.678,9.29,1.318,Gl 773A
98206,,299.33244,24.08816,45.167,7.19,0.641,
98210,,299.35305,-6.69791,93.197,6.56,1.017,
98226,7605,299.42203,-38.05885,50.125,6.55,0.416,
98234,7622,299.43936,16.78916,139.66,5.54,-0.048,11 Sge
98253,7638,299.48382,42.26077,325.73,6.44,0.095,
98258,7614,299.48763,-15.49149,81.433,5.01,0.055,61 Sgr
98287,,299.55561,-36.68693,72.833,6.95,0.371,
98308,7654,299.61973,63.53413,136.99,6.15,0.035,
98314,,299.63590,7.92068,87.719,6.77,0.902,
98316,,299.63724,-54.93689,22.282,8.54,1.05,GJ 1247
98320,7642,299.64315,38.10569,440.53,6.33,-0.09,
98325,7640,299.65824,30.98366,142.65,5.51,-0.06,
98332,7579,299.67174,-69.16396,70.126,5.74,0.224,
98333,7666,299.67420,70.36695,138.12,6.32,0.868,
98337,7635,299.68928,19.49215,79.239,3.51,1.571,12Gam Sge
98346,7588,299.72061,-68.76258,105.71,6.38,0.164,
98351,7617,299.73507,-30.53838,58.858,6.27,1.051,
98353,7618,299.73833,-26.19577,96.061,4.84,0.882,60 Sgr
98375,7641,299.79391,23.10128,49.116,5.68,0.345,14 Vul
98379,7651,299.81392,52.05569,238.66,6.14,-0.183,
98382,,299.83365,84.66864,95.057,6.80,0.168,
98383,7646,299.83509,45.77254,138.89,5.92,0.185,
98385,7636,299.84435,1.37770,235.29,6.17,1.129,
98401,7686,299.90283,76.48139,161.29,6.20,1.61,69 Dra
98402,,299.91305,31.82650,158.98,6.64,0.0,
98406,,299.92299,-1.97040,100,6.71,0.066,
98412,7623,299.93408,-35.27631,158.98,4.37,-0.15,The1Sgr
98416,7637,299.94727,-9.95824,22.203,5.87,0.598,Gl 773.3
98421,7624,299.96393,-34.69780,48.497,5.30,0.17,The2Sgr
98425,7647,299.97997,37.04288,404.86,5.15,-0.133,25 Cyg
98438,7645,300.01378,17.51651,312.5,5.33,1.576,13 Sge
98442,,300.03409,7.76062,46.447,7.24,0.506,
98444,,300.03483,-50.21671,40.016,6.67,0.404,
98458,,300.06399,26.18789,800,6.49,1.132,
98461,7629,300.06637,-37.70172,107.76,5.95,0.989,
98470,7631,300.08432,-33.70345,21.25,5.65,0.498,Gl 773.4
98478,7603,300.09627,-66.94936,73.26,5.75,1.033,Mu 1Pav
98482,7621,300.10563,-49.35095,103.73,6.18,1.056,
98485,7627,300.11034,-43.04330,338.98,6.11,1.634,
98495,7590,300.14767,-72.91050,32.217,3.97,-0.032,Eps Pav
98505,,300.18214,22.71085,19.451,7.67,0.932,GJ 4130
98512,7630,300.20136,-45.11292,81.367,5.80,0.295,
98522,,300.23318,-74.01256,146.41,6.58,1.038,
98526,7648,300.24574,8.55773,212.31,5.90,1.529,
98533,,300.25295,-64.80788,41.477,6.83,0.412,
98543,7653,300.27519,27.75357,72.464,4.66,0.184,15 Vul
98563,7655,300.31376,37.09900,255.75,6.23,1.314,
98571,7660,300.33983,50.10469,133.16,5.06,1.122,26 Cyg
98575,7643,300.34937,-22.73731,107.64,6.01,0.981,
98579,7639,300.36156,-40.81434,99.9,6.31,0.113,
98583,7676,300.36891,64.82097,180.18,5.22,1.598,64 Dra
98589,,300.38666,-16.86900,33.145,7.34,0.654,
98609,7656,300.43629,24.80042,331.13,5.88,-0.134,
98608,7625,300.43640,-59.37589,145.77,4.95,1.356,
98624,7612,300.46845,-66.94397,72.464,5.32,1.218,Mu 2Pav
98633,7649,300.49416,-13.63722,90.992,5.69,0.079,63 Sgr
98636,7657,300.50595,24.93804,67.981,5.23,0.374,16 Vul
98643,,300.54400,-4.98979,132.1,6.70,0.162,
98658,7682,300.58410,64.63442,110.5,6.27,0.927,65 Dra
98661,,300.59210,22.15146,540.54,6.50,0.127,
98677,,300.64233,15.59207,18.972,7.15,0.714,Gl 775.1
98681,,300.65021,-50.05013,15.562,9.92,,
98682,,300.65093,-45.19602,208.33,6.56,1.228,
98688,7650,300.66448,-27.70985,137.55,4.43,1.64,62 Sgr
98698,,300.69601,3.32619,12.86,7.46,1.128,Gl 775
98701,,300.70338,31.95883,286.53,6.39,1.205,
98702,7685,300.70440,67.87356,131.41,4.51,1.313,67Rho Dra
98718,,300.76077,18.29546,63.98,6.84,0.616,
98730,,300.80247,4.73026,271,6.56,1.54,
98738,7662,300.81833,18.50099,248.14,5.99,1.42,
98754,7664,300.87507,16.03126,195.69,5.73,-0.095,
98761,7652,300.88936,-37.94070,112.36,4.77,1.417,
98767,7670,300.90559,29.89681,15.858,5.73,0.749,Gl 777A
98772,,300.91165,22.94106,147.49,6.45,1.028,
98785,7658,300.93463,-22.59559,61.125,6.44,0.503,
98792,,300.96741,23.34069,15.765,7.28,0.815,Gl 778
98809,7661,301.00500,-7.46947,75.758,6.68,0.347,
98813,,301.01110,-37.87649,27.64,6.91,0.614,
98819,7672,301.02598,17.07017,17.768,5.80,0.6,15 Sge
98823,7669,301.03464,7.27797,141.64,5.51,1.063,Tianfu
98828,,301.04187,25.79023,21.949,7.82,0.924,Gl 779.1
98842,7659,301.08162,-32.05630,89.127,4.99,1.208,
98844,7667,301.09647,-0.70931,127.88,5.67,1.301,62 Aql
98858,7684,301.11998,48.22966,183.49,6.16,0.037,
98863,7678,301.15073,32.21860,,5.62,0.76,
98872,7695,301.18548,63.89021,79.177,6.24,0.1,
98879,,301.19524,15.90315,41.203,7.33,0.544,
98890,7704,301.22253,68.02716,331.13,6.32,1.649,
98897,7677,301.24410,23.21038,118.62,6.54,0.168,
98906,,301.26116,54.43424,15.83,11.98,1.524,Gl 781
98910,7671,301.27256,-11.59941,724.64,6.38,0.543,
98915,7687,301.27810,51.83940,219.3,6.14,1.601,
98920,7679,301.28955,19.99107,49.164,5.09,1.058,16Eta Sge
98921,7683,301.29058,38.47846,18.79,6.18,0.654,GJ 1249
98922,,301.29224,2.11879,63.131,6.77,0.479,
98946,7692,301.33959,56.34142,50.71,6.19,0.437,
98953,7675,301.35974,-12.66516,124.38,6.53,0.05,65 Sgr
98954,7680,301.36060,15.50041,126.26,6.37,1.615,
98959,7644,301.38324,-67.32090,17.727,6.07,0.648,Gl 776
98960,7668,301.38345,-32.99984,261.78,6.53,-0.069,
98962,7701,301.38666,61.99542,52.687,5.40,1.191,66 Dra
99024,7681,301.55094,-4.07821,111.73,6.47,1.156,
99026,7697,301.55734,53.16569,36.563,5.81,0.445,
99031,7689,301.59082,35.97247,23.946,5.38,0.85,27 Cyg
99080,7688,301.72253,23.61443,154.56,5.08,-0.162,17 Vul
99102,7702,301.79772,50.22960,232.02,6.53,0.13,
99120,7673,301.84650,-52.88079,331.13,4.93,1.591,Xi Tel
99137,7674,301.89618,-55.01601,23.43,6.26,0.53,
99145,7699,301.92267,34.42291,531.91,6.12,0.117,
99150,,301.93730,-31.75399,14.908,12.19,1.56,Gl 781.1A
99158,7693,301.95987,9.39983,39.37,6.43,0.463,
99171,7690,302.00760,-0.67819,46.948,5.97,1.023,64 Aql
99176,7696,302.02710,16.66439,485.44,6.39,1.72,
99188,,302.03982,-52.57780,56.022,6.47,0.682,
99200,7663,302.08531,-66.35469,333.33,6.45,1.587,
99216,,302.12169,-15.03198,122.7,6.52,1.169,
99221,7694,302.13030,-10.06259,169.49,6.18,0.031,
99232,,302.15152,85.12422,41.981,7.13,0.572,
99234,7700,302.15949,10.72587,543.48,6.34,-0.136,
99240,7665,302.17736,-66.18207,6.1084,3.55,0.751,Del Pav
99255,7750,302.22217,77.71142,96.525,4.38,-0.046,1Kap Cep
99270,,302.26599,-47.06793,175.44,6.46,1.463,
99273,,302.27172,-26.22404,52.219,7.18,0.48,
99294,,302.34318,56.02683,324.68,6.49,0.938,
99303,7708,302.35674,36.83962,317.46,4.93,-0.139,28 Cyg
99316,,302.39293,16.80577,23.663,7.56,0.81,
99352,7705,302.48603,20.91503,45.249,6.51,0.394,17The Sge
99367,,302.53247,8.44340,62.735,6.57,0.524,
99385,,302.58164,-20.49343,15.615,8.91,1.296,Gl 782
99404,7711,302.63973,26.90417,129.87,5.51,0.087,18 Vul
99405,,302.64042,48.23118,245.1,6.61,1.181,
99427,,302.71791,77.23897,16.926,8.88,1.32,Gl 786
99445,7713,302.76475,21.13458,149.48,6.24,0.894,
99452,,302.77535,16.18800,20.392,7.34,0.83,Gl 783.2A
99453,7691,302.78093,-57.52424,160,6.36,0.057,
99457,7709,302.79200,-8.84234,714.29,6.39,-0.135,
99461,7703,302.79948,-36.10121,6.015,5.32,0.868,Gl 783A
99465,,302.81580,-43.66229,180.18,6.54,0.86,
99473,7710,302.82619,-0.82146,87.796,3.24,-0.066,Antinous
99479,7716,302.83757,21.87494,,6.24,-0.048,
99500,7727,302.89511,62.07854,48.356,5.70,0.53,68 Dra
99518,7718,302.94990,26.80899,432.9,5.51,1.397,19 Vul
99529,7712,302.99124,-12.39240,143.88,6.34,1.209,1Xi 1Cap
99530,,302.99601,59.69156,62.657,7.09,0.448,
99531,7719,303.00293,26.47881,246.91,5.91,-0.107,20 Vul
99570,7706,303.09936,-42.78006,100.1,6.20,1.228,
99572,7715,303.10779,-12.61750,27.701,5.84,0.476,2Xi 2Cap
99579,7726,303.13218,51.46357,106.16,6.01,1.139,
99585,7717,303.14635,0.86705,180.51,6.25,0.042,
99623,,303.26307,11.85085,137.17,6.51,1.192,
99624,,303.26841,-0.33080,202.43,6.47,1.532,
99631,7720,303.30784,-1.00934,216.92,5.44,1.43,66 Aql
99639,7730,303.32520,46.81567,187.27,4.80,0.1,30 Cyg
99655,7740,303.34932,56.56772,48.828,4.28,0.114,33 Cyg
99663,7742,303.36496,60.64057,177.94,5.81,1.476,
99666,,303.38490,-47.71323,196.85,6.47,1.249,
99668,,303.39111,-38.44805,63.857,6.90,0.458,
99675,7735,303.40794,46.74133,271,3.80,1.27,31 Cyg
99679,7723,303.41897,24.23902,91.491,6.58,0.304,
99680,,303.41967,53.12509,44.326,7.02,0.504,
99681,,303.42336,-34.11847,163.13,6.66,0.792,
99685,7733,303.42838,43.37901,208.77,6.13,1.489,
99701,,303.47169,-45.16402,6.1981,7.97,1.431,Gl 784
99711,,303.49935,-0.86688,19.316,7.79,0.938,
99719,7734,303.52032,36.60488,438.6,6.47,-0.014,
99738,7731,303.56054,28.69482,91.158,5.19,0.191,21 Vul
99742,7724,303.56923,15.19761,45.977,4.94,0.072,67Rho Aql
99747,7714,303.57926,-52.44577,210.08,5.65,1.497,
99762,7707,303.61223,-63.41579,70.922,6.09,0.308,
99770,7736,303.63343,36.80630,42.699,4.93,0.151,29 Cyg
99816,,303.79430,-3.50358,41.425,6.93,0.369,
99818,,303.79566,55.65646,262.47,6.56,1.041,
99824,7739,303.81623,25.59196,303.95,4.79,-0.181,
99825,7722,303.82209,-27.03298,8.9111,5.73,0.878,Gl 785
99841,7743,303.84906,33.72908,97.466,5.70,0.926,
99848,7751,303.86801,47.71421,324.68,3.96,1.451,32 Cyg
99853,7741,303.87600,23.50891,588.24,5.18,1.016,22 Vul
99870,7755,303.93019,50.23290,111.23,6.36,0.096,
99873,,303.94053,15.31714,70.175,6.86,0.259,
99874,7744,303.94224,27.81424,103.84,4.50,1.258,23 Vul
99878,7725,303.96086,-30.00528,305.81,6.30,1.513,
99889,7756,304.00255,45.57952,34.258,5.87,0.447,
99893,7752,304.01428,38.89801,130.89,6.28,0.006,
99894,,304.02503,4.58080,65.617,6.44,0.867,Chechia
99913,7746,304.08245,21.59870,101.63,6.11,1.039,18 Sge
99918,7738,304.09501,-12.33712,135.87,6.30,0.005,3 Cap
99920,7728,304.09837,-36.45358,318.47,6.30,1.467,
99926,7729,304.11019,-35.19847,44.663,6.55,0.381,
99929,7757,304.11730,37.05640,675.68,6.47,-0.097,
99951,7753,304.19619,24.67110,134.23,5.30,0.951,24 Vul
99956,,304.20942,-3.49168,64.851,6.93,0.526,
99957,,304.21013,-40.90556,49.95,7.03,0.441,
99966,,304.22802,-32.60738,39.495,7.51,0.689,
99968,7759,304.23036,40.36507,483.09,5.27,1.65,
99985,,304.25190,8.96320,68.166,6.51,0.31,
99994,,304.28970,-67.45531,74.46,6.72,0.23,
100013,,304.35491,39.59354,403.23,6.57,-0.066,
100016,7762,304.37108,42.72206,588.24,6.32,1.632,
100017,7783,304.37877,66.85369,17.569,5.91,0.602,Gl 788
100018,7760,304.38138,29.14756,127.06,6.24,1.01,
100027,7747,304.41195,-12.50821,174.52,4.30,0.928,5Alp1Cap
100035,,304.43267,-51.91694,59.382,6.68,0.474,
100044,7763,304.44667,38.03293,,4.77,0.377,34 Cyg
100045,,304.45695,-40.18476,80.064,6.72,0.518,
100046,,304.45922,54.32247,55.741,6.73,0.451,
100062,7748,304.50582,-21.80996,96.993,5.86,1.002,4 Cap
100064,7754,304.51356,-12.54485,32.447,3.58,0.883,Algedi
100069,7767,304.52911,40.73208,595.24,5.83,0.073,
100072,,304.54170,-4.72867,39.667,7.27,0.567,
100097,7781,304.60314,55.39710,90.498,5.76,0.118,
100103,,304.61229,-72.97933,212.31,6.57,1.411,
100108,7769,304.61937,36.99980,62.5,5.58,0.056,36 Cyg
100122,7770,304.66280,34.98277,970.87,5.14,0.66,35 Cyg
100128,,304.68178,-61.90671,104.6,6.60,0.015,
100142,7777,304.70695,46.32219,793.65,6.46,-0.123,
100145,,304.71112,26.99124,286.53,6.61,1.653,
100151,7745,304.73322,-47.71077,300.3,6.28,1.657,
100155,,304.73974,39.00418,,6.35,1.871,
100165,7732,304.76252,-63.23074,130.72,6.27,1.045,
100184,7749,304.82415,-47.58029,30.769,6.13,0.469,
100195,7761,304.84834,-19.11853,343.64,5.28,1.394,7Sig Cap
100201,,304.85750,-20.95076,101.52,6.84,0.33,
100208,7771,304.87207,13.21677,218.34,6.20,1.648,
100221,7792,304.90294,62.25747,115.87,5.71,-0.043,71 Dra
100223,,304.90429,-46.42812,17.915,8.73,1.167,Gl 787
100232,7768,304.93027,-1.07851,120.48,6.05,1.093,
100233,,304.93830,-25.22860,40.241,7.20,0.594,
100239,7782,304.95134,37.13251,238.1,6.60,-0.004,
100250,7786,304.98351,46.83732,354.61,6.49,-0.084,
100256,7774,305.00079,13.54809,80.321,5.96,0.299,
100261,7804,305.02497,68.88032,205.34,5.59,1.472,
100266,,305.06038,-34.58530,62.189,6.62,0.592,
100268,7784,305.06342,39.40323,180.51,6.22,0.06,
100269,,305.06406,15.54289,81.967,6.77,0.568,
100274,7778,305.08551,14.56926,170.07,6.17,0.926,
100276,7780,305.08919,17.79293,167.22,5.82,1.5,
100283,7772,305.10894,-6.36173,196.08,6.63,1.552,
100288,7764,305.11615,-29.19722,136.05,6.56,0.179,
100295,7791,305.12766,53.59569,606.06,6.23,1.547,
100300,7758,305.13464,-55.05088,282.49,6.27,1.617,
100310,7773,305.16589,-12.75908,77.64,4.77,-0.047,Alshat
100321,,305.18196,82.36805,57.274,7.03,0.459,
100325,7775,305.19394,-14.78489,104.06,6.09,-0.016,
100332,7765,305.21622,-35.67368,112.99,6.46,1.311,
100345,7776,305.25280,-14.78137,100.2,3.05,0.79,Dabih
100357,7805,305.29800,63.98012,215.05,5.69,1.561,
100365,,305.31451,15.10429,122.7,6.59,0.031,
100379,,305.36825,-66.74969,44.623,6.49,0.505,
100384,,305.37317,30.59027,114.29,6.77,0.261,
100390,,305.38353,22.84885,540.54,6.55,1.518,
100396,,305.39819,-67.31284,52.274,6.91,0.558,
100412,7766,305.42147,-49.99942,31.017,6.26,0.549,GJ 9691
100434,7795,305.51274,41.13214,403.23,6.38,1.016,
100435,7789,305.51430,24.44610,305.81,5.50,-0.09,25 Vul
100437,7798,305.52234,45.79499,124.22,5.58,1.077,
100453,7796,305.55710,40.25668,561.8,2.23,0.673,Sadr
100469,7779,305.61458,-42.04955,66.138,5.60,0.002,Kap1Sgr
100486,7797,305.65545,31.26497,176.99,6.09,1.363,
100491,,305.67151,-78.96091,108.34,6.64,0.021,
100500,,305.68758,19.85000,49.213,7.13,0.726,
100501,7800,305.68874,41.02601,259.07,5.95,1.632,
100511,7793,305.71819,14.55110,26.254,6.16,0.498,
100515,7802,305.73134,42.98354,102.99,6.20,0.957,
100523,,305.75136,-35.37740,60.753,7.01,0.374,
100524,7788,305.75329,-9.65471,160,6.29,0.913,
100526,,305.75562,54.67287,71.787,6.67,0.23,
100541,7794,305.79456,5.34299,75.586,5.30,0.983,
100559,,305.86260,10.36315,163.13,6.70,1.043,
100570,,305.90973,-5.26620,45.188,6.75,0.426,
100574,7807,305.93487,37.47645,414.94,5.87,-0.173,
100587,7806,305.96506,32.19017,76.628,4.43,1.331,39 Cyg
100591,7787,305.97159,-42.42287,95.511,5.64,0.201,Kap2Sgr
100651,7815,306.13483,53.55193,649.35,6.49,-0.025,
100664,7803,306.15624,1.06841,247.52,6.14,-0.036,
100672,,306.17398,1.36856,234.74,6.41,1.605,
100697,7698,306.22839,-83.31062,75.7,6.15,0.203,
100714,7818,306.27086,59.60010,251.26,6.44,0.094,
100738,7801,306.36178,-28.66327,153.85,5.86,1.101,
100751,7790,306.41188,-56.73509,54.825,1.94,-0.118,Peacock
100754,7811,306.41887,21.40964,145.77,5.68,0.921,
100758,7809,306.42719,-2.80038,161.03,6.10,1.193,
100762,7810,306.43381,10.05600,230.41,6.32,1.571,
100764,7799,306.44977,-40.79618,104.82,6.08,1.364,
100779,7813,306.50486,19.86549,180.18,6.45,1.037,
100781,,306.50665,13.91161,364.96,6.35,1.453,
100787,,306.51984,-46.66001,68.306,6.74,0.274,
100797,,306.56388,2.95716,117.37,6.64,0.919,
100807,7816,306.59647,17.31556,310.56,6.23,1.005,
100808,7827,306.59780,56.63870,189.04,6.38,0.018,
100843,,306.70175,81.43415,173.31,6.55,0.985,
100852,7808,306.72078,-37.40290,37.327,6.24,0.961,
100859,7828,306.75936,49.38337,37.566,5.73,0.339,43 Cyg
100866,7823,306.78239,34.32907,,6.39,0.48,
100876,,306.80913,20.47649,434.78,6.44,1.03,
100881,7814,306.83004,-18.21172,167.22,5.08,-0.049,10Pi Cap
100896,,306.86467,-2.10308,45.788,6.71,0.519,
100907,7826,306.89276,38.44033,81.433,5.63,0.072,40 Cyg
100923,,306.92364,-27.74771,14.841,11.41,1.504,Gl 791
100925,,306.93435,-30.86784,19.524,6.61,0.724,Gl 790
100933,,306.96578,65.75578,90.992,6.56,0.147,
100947,,307.00535,-25.60645,84.388,6.78,0.383,
100953,7820,307.03142,8.43745,94.518,6.23,1.074,
100963,,307.04924,22.12899,28.233,7.09,0.642,
100965,7901,307.06031,81.42271,139.66,5.38,1.01,75 Dra
100969,7824,307.06996,2.93716,124.22,6.20,0.899,
100970,,307.07760,18.76950,38.521,6.87,0.662,
100977,7821,307.10377,-3.35779,184.84,6.12,-0.049,68 Aql
101011,7819,307.18162,-15.74150,197.63,6.41,0.999,
101017,7817,307.19473,-35.59586,218.34,6.09,-0.094,
101022,,307.20821,-1.73456,31.676,6.82,0.547,
101027,7822,307.21506,-17.81369,30.266,4.77,0.386,11Rho Cap
101036,,307.24577,-17.43475,144.3,6.71,0.689,
101040,,307.25289,-17.87541,125.47,6.55,1.08,
101044,7930,307.26180,83.62542,91.241,6.19,0.163,
101059,,307.29876,4.45660,36.657,7.08,0.512,
101067,7835,307.33496,36.45473,793.65,5.90,0.407,42 Cyg
101070,7833,307.33810,20.08770,69.93,6.58,0.233,
101076,7834,307.34889,30.36856,235.85,4.01,0.404,41 Cyg
101084,7843,307.36295,56.06819,265.96,5.89,-0.052,
101082,7908,307.36397,81.09128,63.735,5.96,0.942,74 Dra
101090,7825,307.38058,-22.39157,165.29,6.13,1.543,
101093,7850,307.39522,62.99410,41.841,4.21,0.199,2The Cep
101101,7831,307.41251,-2.88553,61.275,4.91,1.16,69 Aql
101123,7830,307.47460,-18.58318,66.357,5.94,0.062,12Omi Cap
101133,7841,307.49967,45.92856,129.37,6.43,1.137,
101134,7868,307.50300,72.53170,216.92,6.23,1.353,
101138,7844,307.51475,48.95157,278.55,4.94,-0.087,45Ome1Cyg
101160,7836,307.57485,10.89592,227.79,6.03,-0.019,1 Del
101164,,307.58326,49.78017,108.93,6.57,1.029,
101180,,307.63200,65.44956,7.9955,10.54,1.542,Gl 793
101206,,307.71968,49.21320,147.28,6.65,0.051,
101211,7832,307.73667,-29.11267,209.21,6.35,0.227,
101213,7839,307.74230,20.60615,86.281,6.21,0.138,
101214,7847,307.74679,36.93584,,6.21,0.969,44 Cyg
101221,7837,307.76794,-15.05617,116.82,6.10,0.797,
101243,7851,307.82840,49.22030,122.4,5.44,1.566,46Ome2Cyg
101245,7854,307.83807,52.30953,115.21,6.20,1.018,
101260,7879,307.87668,74.95462,121.36,5.18,0.1,73 Dra
101268,,307.90110,34.33037,45.914,6.47,0.422,
101285,7860,307.94379,56.77986,234.74,6.14,1.431,
101300,7849,307.99254,25.80498,87.032,6.37,0.281,
101308,,308.02132,-5.24238,147.28,6.62,1.2,
101318,,308.03772,22.82433,657.89,6.51,0.864,
101325,,308.05635,65.39922,137.93,6.57,1.097,
101339,,308.08506,2.13281,354.61,6.47,1.514,
101345,7845,308.09873,-9.85338,24.402,5.66,0.689,
101382,,308.21531,41.89848,22.051,7.08,0.796,Gl 793.1
101384,7842,308.21816,-24.94383,114.16,6.35,0.001,
101421,7852,308.30320,11.30326,101.32,4.03,-0.123,Aldulfin
101427,7785,308.32341,-80.96486,160,5.76,1.122,
101432,,308.34545,-41.52477,39.888,6.80,0.666,
101467,7867,308.45230,41.77266,92.081,6.50,0.994,
101473,7857,308.47376,10.05973,132.98,6.54,0.103,
101474,7866,308.47578,35.25085,847.46,4.61,1.593,47 Cyg
101475,7870,308.47851,46.69387,132.28,5.78,-0.14,
101477,7846,308.47946,-44.51605,71.736,5.12,0.999,Nu Mic
101483,7858,308.48767,13.02726,72.411,5.39,0.093,3Eta Del
101489,,308.49969,4.89866,290.7,6.42,1.016,
101505,7862,308.54160,20.98519,279.33,6.49,-0.138,
101507,7855,308.54874,-13.72109,32.808,6.11,0.543,GJ 4147
101516,,308.59128,25.06382,15.547,11.53,-0.097,Gl 794
101552,7856,308.69745,-30.47347,179.86,6.42,-0.075,
101556,7876,308.71002,51.85422,,6.19,0.318,
101558,7853,308.73114,-38.08989,66.756,6.45,0.264,
101570,,308.77632,-71.18878,239.23,6.41,1.305,
101588,,308.82510,41.89017,169.49,6.63,0.93,
101589,7871,308.82723,14.67421,67.476,4.64,0.12,4Zet Del
101607,,308.87352,6.94708,227.27,6.53,-0.055,
101608,7865,308.88440,-16.52588,71.124,6.19,0.218,
101612,7848,308.89504,-60.58175,27.793,4.75,0.291,Phi1Pav
101623,,308.94921,-44.33761,142.05,6.36,0.958,
101626,7838,308.96537,-69.61059,191.94,6.09,1.293,
101641,7874,309.03474,25.88265,195.69,6.40,0.158,26 Vul
101645,,309.06622,16.81473,271,6.59,1.4,
101684,,309.15972,-63.12096,50.813,6.34,0.413,
101692,7873,309.18180,-2.54996,398.41,4.91,1.606,70 Aql
101716,7880,309.26946,26.46195,97.371,5.59,-0.05,27 Vul
101719,,309.28299,61.36458,59.102,7.03,0.401,
101746,7878,309.32659,0.09698,166.94,6.21,-0.076,
101750,,309.33750,75.60040,27.586,7.46,0.859,GJ 1255A
101756,7888,309.34825,38.32867,111.98,6.21,1.011,
101765,7885,309.38241,31.57254,261.78,6.32,-0.089,48 Cyg
101768,7887,309.38631,31.52191,49.261,6.51,0.371,
101769,7882,309.38724,14.59509,30.931,3.64,0.425,Rotanev
101772,7869,309.39174,-47.29150,30.148,3.11,0.998,Alp Ind
101773,7859,309.39697,-61.52992,58.139,4.86,0.447,Rho Pav
101787,,309.43287,-41.22763,91.241,6.62,0.434,
101800,7883,309.45466,11.37768,57.937,5.42,0.05,5Iot Del
101808,7877,309.46760,-25.10922,47.529,6.38,0.328,
101810,7886,309.47803,18.26858,116.82,6.22,1.162,
101818,,309.49536,42.84564,60.606,7.03,0.495,
101839,,309.57057,48.07011,110.86,6.61,0.934,
101843,7812,309.57752,-81.28906,195.69,5.89,1.692,
101847,7884,309.58451,-1.10512,103.41,4.31,0.949,71 Aql
101867,7891,309.63057,21.20117,71.378,4.81,-0.03,29 Vul
101868,7894,309.63297,24.11596,160.26,5.06,-0.133,28 Vul
101870,7895,309.64579,23.68049,625,5.91,0.953,
101875,,309.66732,38.63509,27.159,6.76,0.61,Gl 794.3
101882,7892,309.68328,13.31513,617.28,5.69,1.509,8The Del
101899,7904,309.74801,30.33426,108.58,5.68,1.088,
101900,7916,309.75077,56.00485,129.53,6.45,0.403,
101905,,309.76069,-49.33143,34.928,7.33,0.626,
101906,,309.76788,-16.55954,52.604,7.18,0.483,
101909,7899,309.77070,15.83820,413.22,5.99,-0.145,
101911,,309.77442,-4.92949,74.405,6.46,1.016,
101916,7896,309.78242,10.08620,30.12,5.07,0.702,7Kap Del
101919,7903,309.79437,21.81744,220.26,6.08,-0.043,
101921,7890,309.80521,-2.41297,549.45,6.23,-0.09,
101923,7889,309.81799,-14.95476,348.43,5.24,-0.129,14Tau Cap
101936,7897,309.85371,0.48645,71.48,5.15,1.06,1 Aqr
101948,,309.88738,42.24855,32.331,6.81,0.507,
101949,7911,309.88881,40.57966,283.29,6.07,-0.134,
101955,,309.90711,4.97202,16.722,7.88,1.241,Gl 795A
101958,7906,309.90952,15.91207,77.821,3.77,-0.057,Sualocin
101965,7872,309.96556,-62.90780,138.7,6.22,1.099,
101966,7907,309.96615,11.24965,33.523,6.39,0.559,
101983,7875,310.01020,-60.54889,24.661,5.11,0.544,Phi2Pav
101984,7900,310.01227,-18.13866,177.94,5.15,1.647,15Ups Cap
101986,7919,310.01324,43.45888,137.55,5.97,1.186,
101997,7898,310.04888,-23.77387,14.382,6.36,0.719,Gl 796
101998,,310.05216,-2.65511,161.29,6.61,1.048,
102011,7925,310.07452,60.50526,32.906,6.02,0.443,
102014,7893,310.08261,-33.43184,72.622,5.47,1.118,
102018,,310.09302,-24.11803,40.177,7.21,0.607,
102026,7905,310.13550,-16.12418,100.4,5.79,0.997,
102029,,310.14713,15.64325,71.633,6.76,0.458,
102032,7902,310.14955,-26.64514,107.18,6.51,0.594,
102033,7917,310.15114,29.80555,74.239,6.02,0.163,
102040,7914,310.18807,19.93554,20.947,6.43,0.611,Gl 797A
102057,,310.23176,-42.39669,164.2,6.25,0.934,
102062,7922,310.25151,39.08232,308.64,6.51,-0.105,
102066,7921,310.26058,32.30729,244.5,5.53,0.871,49 Cyg
102080,7918,310.31754,14.58288,155.52,6.01,1.235,10 Del
102092,7909,310.34853,-31.59829,138.89,5.75,1.551,
102094,7910,310.35110,-25.99991,173.31,6.29,1.224,
102096,,310.35273,-42.13378,350.88,6.28,1.584,
102098,7924,310.35798,45.28034,432.9,1.25,0.092,Deneb
102125,7864,310.43262,-75.35080,44.267,6.51,0.62,Mu 2Oct
102128,,310.43845,-75.34640,48.544,7.18,0.64,
102141,,310.46304,-32.43523,10.695,10.27,1.55,Gl 799A
102155,7926,310.48542,41.71688,335.57,5.68,-0.107,
102157,7881,310.48779,-66.76068,240.96,5.14,-0.061,Ups Pav
102158,7923,310.49235,17.52149,148.81,6.24,0.942,
102162,7863,310.51096,-76.18059,101.11,5.99,0.45,Mu 1Oct
102177,7929,310.55262,50.34003,390.62,5.41,-0.107,51 Cyg
102186,,310.57813,-52.69926,12.149,8.83,1.324,Gl 798
102203,,310.62254,-5.30124,30.647,7.61,0.711,
102208,8002,310.64633,82.53116,108.11,5.75,0.0,76 Dra
102216,7938,310.66537,60.60132,189.39,6.17,0.034,
102226,,310.70568,20.84461,25.044,8.26,0.889,
102230,7915,310.72065,-39.55883,280.9,6.30,1.073,
102253,7945,310.79583,66.65745,42.79,5.59,0.218,4 Cep
102258,7940,310.80702,57.11400,,6.34,0.282,
102264,,310.81668,-29.42391,22.306,6.95,0.671,GJ 4157
102276,7932,310.85080,35.58780,,6.48,1.251,
102281,7928,310.86473,15.07458,68.446,4.43,0.302,11Del Del
102299,,310.91717,5.39020,102.35,6.69,0.109,
102333,7920,311.00949,-51.92097,24.172,4.51,0.278,Eta Ind
102358,7944,311.09186,56.48841,336.7,5.91,1.643,
102370,7967,311.13777,69.75181,132.8,6.50,0.973,
102388,7939,311.21878,25.27062,99.602,4.92,1.183,30 Vul
102395,7913,311.23971,-66.20321,41.425,3.42,0.163,Bet Pav
102401,,311.26665,44.49907,12.32,10.79,1.491,Gl 806
102409,,311.28960,-31.34090,9.9098,8.81,1.47,Gl 803
102412,,311.29886,-35.16642,111.61,6.80,0.63,
102414,7931,311.30467,-27.24728,145.35,6.50,0.946,
102419,,311.31240,-15.79825,58.893,6.98,0.359,
102422,7957,311.32216,61.83878,14.265,3.41,0.912,3Eta Cep
102431,7955,311.33817,57.57973,27.293,4.52,0.535,GJ 9706
102435,,311.34938,-30.47821,60.241,6.78,0.333,
102453,7942,311.41565,30.71972,61.652,4.22,1.051,52 Cyg
102485,7936,311.52390,-25.27090,14.678,4.13,0.426,16Psi Cap
102487,7937,311.54161,-21.51403,80.841,5.91,0.066,17 Cap
102488,7949,311.55267,33.97026,22.292,2.48,1.021,Aljanah
102490,,311.55543,15.90732,36.456,7.09,0.794,
102496,7935,311.57751,-36.12015,67.843,6.49,0.433,
102497,7933,311.58357,-39.19926,99.502,5.48,-0.078,
102499,7962,311.58849,52.99530,136.61,6.34,1.131,
102506,,311.61282,-50.80553,209.21,6.54,1.162,
102507,,311.61414,-26.86869,54.615,7.01,0.414,
102521,,311.64279,-17.16290,35.932,7.66,0.62,
102530,7958,311.66082,46.53169,132.45,6.30,0.064,
102531,7947,311.66193,16.12413,37.951,5.15,0.495,12Gam1Del
102532,7948,311.66460,16.12430,38.73,4.27,1.042,12Gam2Del
102540,,311.69290,-64.90943,147.28,6.70,1.075,
102561,7946,311.76485,-2.48691,239.23,6.28,1.558,
102571,7956,311.79478,34.37412,136.43,4.93,1.294,
102585,7966,311.83653,45.57993,353.36,6.41,1.606,
102589,7963,311.85224,36.49072,235.85,4.53,-0.083,54Lam Cyg
102599,8016,311.88975,80.55226,122.25,5.36,1.144,
102610,,311.90779,12.98625,40.161,7.43,0.587,
102618,7950,311.91897,-9.49578,63.694,3.78,0.0,Albali
102624,7951,311.93432,-5.02770,179.53,4.43,1.639,3 Aqr
102631,7954,311.94950,3.30647,144.93,6.38,-0.013,
102633,7953,311.95139,6.00821,131.41,5.57,-0.01,13 Del
102635,7969,311.95538,47.83187,179.86,5.60,1.466,
102642,7972,311.97057,52.40717,42.517,6.29,0.883,
102660,,312.05700,-19.26030,82.237,6.81,0.422,
102670,,312.07673,-44.19683,160.77,6.47,1.161,
102693,7943,312.12126,-43.98854,35.423,5.11,0.361,Iot Mic
102712,7978,312.17808,51.91033,222.72,6.26,-0.071,
102724,7977,312.23456,46.11413,714.29,4.81,0.571,55 Cyg
102755,,312.30025,35.56356,238.66,6.60,1.622,
102766,,312.31770,32.28479,24.05,8.25,0.939,
102770,,312.32182,-0.56334,303.95,6.24,1.401,
102771,7993,312.32247,64.04226,662.25,6.45,0.025,
102772,7961,312.32339,-25.78124,295.86,5.86,-0.069,
102773,7934,312.32599,-68.77652,92.593,5.41,1.122,Sig Pav
102780,7964,312.33560,-18.03586,307.69,6.20,1.402,
102790,7952,312.37063,-46.22683,126.58,4.90,1.494,Zet Ind
102801,,312.40298,51.31430,64.185,6.65,0.372,
102804,,312.40701,50.12708,411.52,6.50,1.624,
102805,7973,312.40737,12.54513,30.619,6.01,0.42,15 Del
102807,,312.41271,13.96294,50.839,7.12,0.455,
102819,7974,312.45108,7.86418,153.37,6.32,0.019,14 Del
102827,7983,312.47769,46.66134,492.61,6.33,-0.066,
102831,7965,312.49200,-33.77972,116.01,4.89,1.004,Alp Mic
102833,7975,312.49623,5.54456,126.74,6.20,0.986,
102843,7984,312.52042,44.05930,40.967,5.06,0.198,56 Cyg
102851,,312.54397,29.38412,20.991,8.32,1.068,Gl 808.2
102869,,312.62559,-24.98282,52.521,6.84,0.49,
102878,7981,312.65440,18.05129,114.55,6.63,0.036,
102891,7976,312.67407,-12.54491,80.972,5.87,1.075,
102901,7970,312.69645,-32.05460,198.41,6.42,1.513,
102910,,312.73332,34.75402,227.79,6.64,1.024,
102916,7971,312.75317,-37.91333,180.18,5.52,1.38,
102945,7982,312.85728,-5.62663,60.717,5.99,0.464,4 Aqr
102949,7988,312.86766,28.25051,369,5.66,0.616,
102950,7968,312.87520,-51.60818,143.06,5.06,1.125,Iot Ind
102954,,312.89004,-27.24476,137.55,6.74,0.509,
102959,,312.90103,-27.99526,98.522,6.84,0.26,
102962,7959,312.91021,-62.42934,76.336,5.67,0.203,
102963,,312.91174,-29.44198,58.207,7.12,0.489,
102970,,312.93451,74.78033,30.331,7.81,0.685,GJ 1255-
102978,7980,312.95538,-26.91913,258.4,4.12,1.633,18Ome Cap
102989,7979,312.99483,-33.17797,147.93,6.06,0.029,Bet Mic
102993,7996,313.00162,32.84889,531.91,6.42,-0.138,
103004,7995,313.03202,27.09698,57.803,4.56,0.835,31 Vul
103005,7985,313.03623,-5.50706,199.2,5.55,-0.076,5 Aqr
103036,,313.12462,18.02733,156.74,6.55,0.982,
103039,,313.13760,-16.97474,5.7133,11.41,1.653,
103045,7990,313.16348,-8.98332,48.216,4.73,0.325,6Mu Aqr
103071,7989,313.25480,-23.78320,107.76,6.32,0.876,
103077,7994,313.27332,-11.57366,44.15,6.38,0.661,
103079,7999,313.28070,29.64910,122.7,6.36,1.085,
103089,8001,313.31146,44.38726,161.03,4.80,-0.134,57 Cyg
103094,8003,313.32735,45.18167,308.64,5.48,1.088,
103096,,313.33245,62.15439,7.0487,8.55,1.483,Gl 809
103103,7991,313.35399,-30.71895,174.52,6.35,1.1,
103108,8004,313.35994,42.41020,140.45,6.67,-0.017,
103127,7987,313.41741,-39.80987,122.7,5.34,1.318,
103145,8005,313.47456,33.43789,184.16,5.47,1.522,
103154,7998,313.49328,-6.88946,66.756,6.44,0.361,
103164,,313.52017,-4.54218,99.8,6.78,0.264,
103168,7997,313.52738,-27.92524,314.47,6.41,1.634,
103191,8007,313.59331,28.52200,320.51,6.55,-0.147,
103200,8008,313.64016,28.05762,178.57,5.03,1.481,32 Vul
103206,7992,313.64626,-50.72734,278.55,6.23,-0.098,
103213,,313.66636,46.23119,118.62,6.67,0.067,
103219,8043,313.68456,75.92557,124.38,5.99,0.946,
103224,,313.69558,-18.79279,101.01,6.66,0.297,
103226,8000,313.69925,-17.92289,111.86,5.78,1.122,19 Cap
103227,7986,313.70247,-58.45416,187.62,3.67,1.25,Bet Ind
103256,,313.77855,13.17675,22.416,8.82,1.054,GJ 1259
103260,,313.78428,-52.11986,43.725,7.02,0.607,
103261,8006,313.78446,-1.37303,83.472,6.55,0.286,
103262,,313.78521,1.81321,112.36,6.70,0.377,
103294,8011,313.90287,13.72154,147.06,5.19,1.119,17 Del
103298,8012,313.91071,12.56856,60.496,5.54,0.131,16 Del
103301,8010,313.91949,4.53272,141.64,6.04,0.824,
103311,,313.94863,-17.11418,45.662,7.27,0.544,
103312,8020,313.95752,47.41766,,5.68,0.408,
103330,,314.00910,27.57553,152.44,6.66,1.112,
103343,8022,314.05327,51.07502,287.36,6.61,-0.097,
103346,8029,314.07087,56.88752,292.4,6.23,-0.172,
103347,8014,314.07606,-3.56169,270.27,6.57,-0.078,
103348,,314.07831,42.76872,81.037,6.68,1.117,
103359,8025,314.10611,50.72860,51.282,5.83,0.337,
103360,8026,314.10789,49.19585,234.74,5.92,1.054,
103371,8023,314.14491,44.92472,,5.96,0.02,
103388,,314.19419,-10.44850,15.316,11.38,1.563,Gl 811.1
103389,8013,314.19718,-26.29638,21.968,5.70,0.507,Gl 811
103391,,314.19771,1.71518,76.923,6.89,0.997,
103401,8015,314.22511,-9.69754,167.5,5.49,1.474,7 Aqr
103413,8028,314.29339,41.16714,114.81,3.94,0.027,58Nu Cyg
103414,8017,314.29407,0.46378,93.985,6.06,1.217,
103422,,314.30455,35.31173,255.75,6.62,1.48,
103441,,314.35551,22.36273,13.778,11.98,1.533,Gl 813
103455,,314.41524,26.40508,31.626,6.93,0.584,
103458,,314.41744,-44.12937,22.139,6.52,0.587,Gl 812.1
103460,8018,314.41935,-16.03154,54.855,5.89,0.18,
103510,,314.56486,30.39594,158.23,6.54,1.032,
103511,8032,314.56814,22.32591,138.7,5.30,1.419,33 Vul
103516,,314.57796,23.04634,151.52,6.57,0.88,
103519,8035,314.58101,44.47171,79.302,5.55,0.973,
103527,8030,314.60807,10.83929,75.301,5.51,0.934,Musica
103530,8040,314.62514,50.46179,331.13,5.59,-0.144,
103532,8036,314.62896,41.93993,152.91,6.17,-0.079,
103545,8024,314.67433,-14.48313,87.184,5.95,0.244,
103559,,314.73181,44.06045,201.61,6.65,1.073,
103569,8034,314.76866,4.29348,54.083,5.30,0.464,1Eps Equ
103571,,314.77130,4.29461,56.561,5.24,0.457,
103596,,314.85257,42.32447,246.31,6.47,-0.077,
103598,8049,314.85565,59.43859,188.68,5.54,1.411,
103616,8033,314.90058,-19.03528,164.2,6.26,-0.11,20 Cap
103632,8047,314.95647,47.52095,434.78,4.74,-0.084,59 Cyg
103635,8037,314.96187,16.82434,48.1,6.62,0.376,
103640,,314.97845,-13.05163,87.719,6.61,0.177,
103641,,314.98014,40.25882,40.95,6.58,0.584,
103646,8031,314.99867,-36.12964,40.258,6.10,0.4,
103652,8038,315.01659,7.51620,75.815,5.98,0.283,
103655,,315.02182,40.07028,15.29,10.12,1.52,Gl 815A
103654,,315.02210,-69.57944,39.604,6.86,0.627,
103673,8027,315.08964,-51.26531,28.011,5.76,0.48,
103675,8044,315.11536,19.32958,160.51,5.69,1.588,
103681,,315.13606,-5.47735,121.36,6.53,0.056,
103682,8041,315.14100,-4.73026,27.226,6.21,0.635,11 Aqr
103687,,315.16842,-35.29190,61.843,6.70,0.981,
103693,,315.18091,-53.73907,232.02,6.26,1.563,
103703,,315.21569,-17.53090,160.51,6.07,1.267,
103705,,315.22152,-36.05397,121.36,6.64,1.057,
103728,,315.28472,-13.52999,213.22,6.55,0.852,
103732,8053,315.29553,46.15577,467.29,5.38,-0.206,60 Cyg
103734,8051,315.30360,36.02601,191.94,6.01,0.994,
103738,8039,315.32275,-32.25777,70.225,4.67,0.89,Gam Mic
103749,,315.35882,40.61795,53.763,7.14,0.503,
103752,8019,315.36675,-68.20959,79.745,6.36,0.101,
103768,,315.41282,-32.52448,20.313,9.37,1.239,GJ 9714
103777,8045,315.43866,-26.88099,92.937,6.04,0.073,
103779,,315.44773,44.18691,70.126,6.76,0.315,
103800,,315.49434,-6.31875,14.382,11.23,1.527,Gl 816
103810,8065,315.53751,56.66961,282.49,5.83,-0.058,
103813,,315.55210,7.17976,80.972,6.72,0.5,
103814,8042,315.55296,-43.00215,82.237,6.64,0.663,
103819,,315.57381,-42.99741,82.169,6.90,0.959,
103822,,315.58733,39.50903,223.71,6.50,1.51,
103828,8062,315.60084,44.79098,299.4,6.18,1.687,
103836,8046,315.61310,-38.53097,67.34,5.93,1.106,
103851,,315.64677,-9.99562,370.37,6.55,1.521,
103859,,315.66939,45.88477,19.47,7.69,0.97,Gl 816.1A
103863,,315.67896,3.35025,165.56,6.62,1.077,
103871,8064,315.70257,45.84889,400,6.50,-0.124,
103882,8048,315.74149,-38.63145,35.373,5.32,0.424,Zet Mic
103889,8054,315.74844,-0.92474,500,6.50,-0.094,
103891,8057,315.75747,14.73003,245.7,6.33,1.68,
103892,8056,315.76260,1.53206,70.822,6.24,0.479,
103894,8063,315.77015,38.65742,220.26,6.10,1.011,
103902,8050,315.79245,-27.73159,292.4,6.25,0.945,
103910,,315.80883,-56.96343,12.721,12.88,1.653,GJ 9716
103929,8072,315.85862,50.35191,111.86,6.37,0.986,
103931,,315.87294,-1.57967,47.371,6.91,0.423,
103949,8074,315.93115,46.86315,80,6.32,0.259,
103956,8078,315.94837,53.28590,114.29,5.93,1.001,
103963,8071,315.96723,41.62817,96.339,6.34,0.39,
103981,8058,316.01969,-5.82307,153.85,5.53,0.683,12 Aqr
103998,,316.05872,-50.43536,263.85,6.59,1.387,
104019,8060,316.10125,-19.85499,49.505,4.82,0.169,22Eta Cap
104026,,316.13307,-46.25558,57.904,7.06,0.582,
104031,8066,316.14438,5.50286,235.85,5.63,1.65,3 Equ
104041,8067,316.17350,2.94227,151.06,6.41,1.051,
104043,8021,316.17931,-77.02377,43.535,5.13,0.49,Alp Oct
104048,8068,316.18906,2.26977,121.07,6.34,0.965,
104060,8079,316.23276,43.92785,258.4,3.72,1.609,62Xi Cyg
104085,8055,316.30935,-54.72704,112.11,5.17,1.201,Mu Ind
104092,,316.33227,7.06930,15.058,8.27,1.119,Gl 818
104101,8077,316.36134,5.95820,48.924,5.94,0.538,4 Equ
104105,8112,316.37175,78.12639,123.46,5.91,-0.065,
104128,,316.45224,15.32722,49.677,6.64,0.476,
104139,8075,316.48677,-17.23286,49.727,4.08,-0.01,Udang
104148,8070,316.50475,-30.12512,92.421,5.69,1.047,Del Mic
104171,8099,316.59735,71.43180,48.733,5.88,0.386,
104172,8082,316.59782,26.92436,126.1,6.13,1.026,
104174,8076,316.60282,-32.34162,100.6,5.20,1.104,
104177,8069,316.60631,-41.38596,218.34,5.55,1.35,Eta Mic
104185,8084,316.62601,31.18466,518.13,5.77,0.554,
104194,8089,316.65039,47.64840,316.46,4.56,1.569,63 Cyg
104202,,316.66600,3.80312,72.202,6.48,0.88,
104204,,316.67284,-20.18026,161.29,6.54,1.28,
104214,8085,316.72191,38.74941,3.4865,5.20,1.069,61 Cyg
104217,8086,316.72744,38.74206,3.498,6.05,1.309,61 Cyg
104234,8080,316.78196,-25.00585,139.86,4.49,1.604,24 Cap
104239,,316.79322,-13.92293,17.575,7.12,0.901,Gl 819A
104265,,316.84113,-0.76513,212.77,6.58,1.076,
104269,,316.85286,-59.99195,79.302,6.77,0.642,
104276,,316.87459,-19.08825,175.44,6.69,0.919,
104281,8088,316.89018,15.65866,147.71,6.27,1.008,
104293,,316.92692,-2.05220,78.555,6.86,0.21,
104296,,316.93550,-45.37947,95.511,6.45,0.245,
104297,8083,316.93623,-17.45590,119.9,6.18,-0.035,
104308,,316.96338,-54.21652,70.872,6.69,0.247,
104313,,316.97439,-48.94013,128.53,6.70,-0.015,
104338,,317.03921,-0.98967,90.253,6.88,0.263,
104357,8090,317.11725,6.98936,357.14,6.14,1.669,
104364,8073,317.13625,-63.92826,156.99,5.75,1.18,
104365,8087,317.14009,-21.19367,55.127,5.30,0.0,25Chi Cap
104371,8094,317.16202,30.20564,115.74,5.60,-0.048,
104382,7228,317.19178,-88.95650,86.133,5.45,0.283,Polaris Australis
104385,8052,317.19862,-76.21247,187.27,6.57,1.229,
104395,,317.23922,-5.58188,181.16,6.58,1.174,
104396,,317.24111,47.27100,68.493,6.97,0.395,
104430,,317.31671,-0.23492,100.81,6.65,0.175,
104432,,317.32256,-13.30251,12.168,10.87,1.49,Gl 821
104436,,317.33241,-82.02726,23.838,6.98,0.619,
104440,8061,317.34078,-73.17297,19.767,5.67,0.59,Gl 818.1A
104441,,317.34305,-36.70594,77.22,6.47,0.52,
104449,8109,317.37001,63.29567,291.55,6.53,-0.111,
104452,8091,317.38747,-20.55666,51.6,6.25,0.385,27 Cap
104459,8093,317.39853,-11.37169,48.852,4.50,0.926,13Nu Aqr
104469,,317.43356,-44.20982,137.74,6.53,1.145,
104471,,317.44119,19.21075,44.131,6.96,0.507,
104481,8095,317.49277,2.94368,75.245,6.44,0.375,
104483,8103,317.49429,45.50256,281.69,6.60,-0.144,
104508,,317.54167,-43.38273,217.86,6.56,-0.079,
104516,8106,317.56485,53.56310,135.87,5.75,-0.111,
104521,8097,317.58541,10.13158,36.298,4.70,0.262,5Gam Equ
104526,,317.60542,-54.57376,34.77,7.07,0.687,
104537,8107,317.62899,47.69222,423.73,6.46,0.007,
104538,8098,317.63047,10.04892,135.87,6.07,0.022,6 Equ
104557,8096,317.69557,-9.35407,103.63,6.27,1.161,
104587,,317.79547,45.45591,30.404,7.83,0.78,GJ 4183
104597,8081,317.83702,-72.54435,120.34,6.18,1.087,
104604,,317.84498,-52.33925,48.426,6.98,0.575,
104634,8102,317.92224,-14.47238,125.47,6.47,0.316,
104642,8119,317.95099,59.98661,,5.64,0.11,
104644,,317.95633,-43.61365,14.804,11.98,1.586,GJ 9724
104653,,317.98691,30.61914,147.93,6.54,0.951,
104659,,317.99598,17.72775,34.364,7.37,0.525,
104680,8100,318.05709,-40.26936,31.666,5.83,0.45,GJ 9726
104732,8115,318.23410,30.22692,43.879,3.21,0.99,64Zet Cyg
104733,,318.24017,30.80951,26.932,7.32,0.666,
104738,8104,318.26265,-39.42492,32.96,5.25,0.46,
104750,8110,318.32218,-27.61933,112.49,5.41,1.425,
104752,8108,318.32900,-36.42353,112.11,5.97,0.967,
104755,8092,318.33526,-70.12627,273.97,5.06,1.578,Omi Pav
104756,8174,318.33997,81.23097,161.29,6.12,0.092,
104765,8120,318.36010,36.63326,471.7,6.07,0.223,
104771,8116,318.36994,15.98240,87.642,6.27,0.238,
104788,8133,318.42696,64.40395,42.753,6.38,0.625,
104791,,318.44639,70.02761,112.99,6.67,0.882,
104809,,318.50742,-29.66352,29.727,7.38,0.689,
104822,8126,318.54285,29.90096,546.45,6.18,1.105,
104838,,318.56939,-45.78276,63.816,6.89,1.011,
104858,8123,318.62006,10.00698,18.488,4.47,0.529,7Del Equ
104872,8121,318.65438,0.09226,289.86,6.38,1.574,
104884,,318.69234,16.47919,78.493,6.95,0.292,
104887,8130,318.69776,38.04532,20.342,3.74,0.393,65Tau Cyg
104914,8122,318.77758,-17.34514,111.11,6.05,0.978,
104925,8117,318.80987,-40.50606,171.23,6.20,1.138,
104941,,318.86345,42.02638,67.431,6.60,0.903,
104962,8136,318.90490,47.97400,452.49,6.45,-0.129,
104963,8127,318.90792,-20.65170,197.24,5.17,1.161,28Phi Cap
104965,,318.92129,-57.63135,91.827,6.54,0.308,
104968,8168,318.92669,77.01230,291.55,5.92,1.531,
104974,8128,318.93684,-15.17150,187.62,5.31,1.639,29 Cap
104978,8114,318.94107,-53.26308,131.23,5.73,0.191,
104980,8124,318.94493,-36.21071,215.98,6.13,1.38,
104987,8131,318.95596,5.24784,58.343,3.92,0.549,Kitalpha
105002,,318.99840,-13.20269,150.38,6.62,1.093,
105017,,319.07136,44.23822,414.94,6.36,0.979,
105019,,319.07406,-9.21466,507.61,6.45,1.612,
105034,8138,319.12341,42.25179,221.73,6.23,1.251,
105038,,319.13527,9.39382,16.388,7.88,1.02,Gl 824
105046,8132,319.16447,-1.60776,209.21,6.48,0.981,
105064,8147,319.25849,53.99769,136.05,6.12,0.049,
105079,8134,319.30641,-13.27899,194.17,6.41,0.035,
105080,8150,319.30934,55.79800,369,6.00,1.447,
105090,,319.31587,-38.86736,3.9462,6.69,1.397,Lacaille 8760
105091,8153,319.32830,58.61149,840.34,6.42,0.194,
105101,8144,319.34659,42.68357,260.42,6.17,-0.094,
105102,8143,319.35398,39.39468,884.96,4.22,0.098,67Sig Cyg
105133,,319.46895,-48.71826,148.81,6.54,1.171,
105138,8146,319.47948,34.89690,196.85,4.41,-0.103,66Ups Cyg
105140,8135,319.48449,-32.17254,55.866,4.71,0.07,Eps Mic
105143,8137,319.48869,-17.98514,163.67,5.40,-0.118,30 Cap
105148,8125,319.50198,-64.68158,157.98,6.32,-0.064,
105152,,319.51239,0.16158,19.818,8.15,0.99,Gl 825.3
105164,8141,319.54614,-4.51948,311.53,5.83,-0.13,15 Aqr
105169,8111,319.56756,-75.34676,105.49,6.61,0.032,
105181,,319.60890,-20.33548,170.65,6.62,1.043,
105184,,319.61340,-43.33465,24.42,6.75,0.637,Gl 825.2
105186,8154,319.61327,43.94595,,5.04,-0.061,68 Cyg
105193,,319.63512,61.18439,311.53,6.43,1.543,
105199,8162,319.64445,62.58557,15.038,2.45,0.257,Alderamin
105200,,319.64532,11.56882,47.664,7.01,0.605,
105202,,319.65490,8.95966,41.806,7.27,0.488,
105214,,319.68333,-61.35280,31.726,6.60,0.689,Gl 825.1
105224,8149,319.71678,11.20337,289.02,5.97,1.612,
105228,8142,319.72582,-28.76582,110.13,6.40,0.966,
105229,8155,319.73054,41.04052,617.28,6.15,0.257,
105237,,319.75015,39.74934,143.88,6.68,-0.028,
105254,,319.79670,17.82222,51.813,6.70,0.366,
105259,8164,319.81537,58.62350,591.72,5.51,1.114,
105266,,319.83557,-47.05459,153.14,6.66,1.067,
105269,8157,319.84242,38.23747,662.25,5.89,0.505,
105268,8171,319.84257,64.87185,609.76,5.19,-0.045,6 Cep
105282,8161,319.86978,49.51029,167.22,5.75,-0.119,
105312,8148,319.94027,-26.35288,17.97,6.56,0.737,Gl 825.4A
105319,8140,319.96644,-53.44943,30.285,4.39,0.191,The Ind
105334,8145,320.03952,-45.02189,581.4,6.15,2.387,
105341,,320.05761,-19.85229,16.221,9.09,1.34,Gl 826.1
105344,8158,320.05863,22.02619,233.1,6.29,-0.106,
105357,,320.10594,60.68723,72.307,6.73,0.504,
105370,8179,320.13948,60.75641,124.38,6.11,1.005,
105382,8151,320.19012,-40.80947,60.459,4.80,0.029,The1Mic
105390,8166,320.20853,32.45222,65.617,6.45,0.802,
105406,8170,320.25594,40.34507,27.012,6.39,0.533,
105411,8165,320.26825,23.85597,82.919,5.58,1.057,
105412,8160,320.26799,-4.56013,90.909,5.87,0.912,16 Aqr
105413,8163,320.27010,7.35450,200.8,5.81,1.663,9 Equ
105425,8152,320.31916,-49.93825,110.13,6.40,1.327,
105430,,320.33523,46.72983,87.566,6.73,0.176,
105431,,320.33994,10.33228,47.893,6.72,0.535,
105432,8169,320.34141,32.61273,186.57,6.05,0.062,
105439,,320.34849,-51.75262,46.339,6.75,0.654,
105476,,320.45459,-29.16607,323.62,6.53,1.37,
105478,,320.45967,1.36162,93.284,6.79,0.366,
105497,8185,320.50170,49.38885,100.91,5.68,1.1,
105500,,320.50716,4.34561,151.52,6.69,1.1,
105502,8173,320.52165,19.80451,47.778,4.08,1.108,1 Peg
105515,8167,320.56164,-16.83454,60.314,4.28,0.888,32Iot Cap
105526,,320.58876,77.09026,138.12,6.56,0.088,
105534,,320.61141,-3.13013,88.653,6.67,0.384,
105548,,320.64974,2.91851,217.86,6.53,0.651,
105557,,320.67468,76.55506,39.588,6.85,0.64,
105558,8182,320.67522,30.30988,112.23,6.07,1.079,
105561,8186,320.69514,38.63428,161.03,6.63,0.028,
105570,8178,320.72339,6.81114,101.42,5.16,0.064,10Bet Equ
105574,8175,320.73440,-9.31933,224.22,5.99,1.516,17 Aqr
105576,8172,320.75205,-22.66905,237.53,5.63,1.641,
105606,,320.84407,-41.55251,37.341,7.61,0.741,
105607,8189,320.84592,37.40655,98.425,6.55,0.51,
105637,8193,320.95163,37.35148,281.69,6.46,1.472,
105646,,320.98289,-25.20248,266.67,6.47,1.123,
105652,8190,320.99508,24.27414,51.813,5.70,0.314,
105660,8194,321.03104,25.31242,174.83,6.20,0.026,
105662,8184,321.03303,-22.74710,137.74,6.38,1.026,
105665,8183,321.03997,-20.85187,73.368,5.38,1.176,33 Cap
105668,8187,321.04788,-12.87811,47.103,5.48,0.297,18 Aqr
105678,8156,321.06975,-69.73388,403.23,6.28,2.607,
105683,,321.08652,-24.42250,68.776,6.73,0.357,
105685,8177,321.08679,-46.61471,101.01,6.30,0.235,
105689,8197,321.09639,24.52839,146.63,6.35,1.057,
105695,8191,321.10235,10.17425,113.64,6.33,0.474,
105696,8180,321.10339,-41.00670,119.76,5.76,-0.036,The2Mic
105703,8198,321.14168,26.17456,68.634,5.67,0.323,
105712,,321.16877,-68.22783,20.421,6.98,0.723,GJ 1262
105727,8239,321.20594,80.52483,111.11,5.97,0.95,
105729,8192,321.21531,-3.39836,63.573,6.38,0.334,20 Aqr
105733,8206,321.23102,49.32313,184.84,6.57,0.003,
105761,8195,321.30428,-9.74855,91.827,5.71,0.208,19 Aqr
105766,,321.31979,70.47754,26.406,7.26,0.619,GJ 4194
105767,8199,321.32065,-3.55675,119.05,5.48,1.451,21 Aqr
105768,8159,321.32509,-71.79906,171.82,6.09,1.265,
105769,8208,321.33125,46.71434,33.467,5.59,0.335,
105811,8209,321.44593,36.66739,,5.93,0.033,69 Cyg
105815,,321.45229,-23.82210,168.35,6.51,1.019,
105819,8203,321.46494,0.53434,74.239,6.45,0.162,
105841,8188,321.56433,-54.66046,66.845,6.10,0.366,Gam Ind
105854,8200,321.59520,-37.82943,80.841,5.64,1.185,
105856,,321.60452,-12.09549,68.54,6.70,1.022,
105858,8181,321.61058,-65.36620,9.2618,4.21,0.494,Gam Pav
105860,8210,321.61109,19.37564,46.361,6.08,0.235,
105864,8205,321.61689,1.10336,49.505,6.12,0.481,
105881,8204,321.66678,-22.41133,118.2,3.77,1.002,34Zet Cap
105891,8218,321.68734,52.89854,137.36,6.01,-0.109,
105898,8216,321.71502,48.83517,126.1,5.29,0.108,
105905,,321.74228,-56.12526,23.004,8.65,0.924,Gl 827.1
105911,,321.75527,-44.80857,23.507,7.49,0.876,Gl 828A
105913,8202,321.75681,-42.54793,56.433,5.50,0.392,
105918,,321.77757,16.12415,33.367,6.72,0.529,
105928,8207,321.81176,-21.19621,171.82,5.78,1.44,35 Cap
105932,,321.82023,-6.84428,16.345,11.09,1.5,Gl 828.2
105933,,321.82054,5.39157,93.197,6.78,0.336,
105942,8215,321.83902,37.11680,400,5.30,-0.14,70 Cyg
105949,8224,321.85538,59.75008,311.53,6.11,1.72,
105966,8217,321.91689,27.60859,58.343,5.39,0.049,35 Vul
105972,8227,321.94230,66.80910,246.91,5.42,-0.099,7 Cep
106003,8220,322.03433,32.22533,44.723,5.75,0.333,
106007,8212,322.05811,-11.56828,35.868,6.61,0.49,
106021,8219,322.10349,8.19565,235.29,6.39,1.64,
106032,8238,322.16493,70.56072,210.08,3.23,-0.201,Alfirk
106036,,322.17613,25.92134,240.96,6.56,1.293,
106039,8213,322.18081,-21.80718,52.466,4.50,0.889,36 Cap
106044,8196,322.18681,-69.50539,126.26,5.47,1.553,
106052,8226,322.21971,55.41870,390.62,6.14,0.1,
106053,,322.22015,11.08483,105.04,6.65,0.38,
106062,8223,322.24906,22.17944,204.08,5.84,1.37,
106064,8221,322.24965,17.90591,145.14,6.42,1.393,
106065,8211,322.25049,-53.70591,117.92,6.39,1.14,
106067,8214,322.26558,-31.23856,94.607,6.52,0.036,5 PsA
106081,,322.31412,28.58300,97.847,6.75,1.086,
106093,8228,322.36224,46.54059,66.445,5.22,0.965,71 Cyg
106103,,322.39374,6.58138,193.42,6.41,1.179,
106106,,322.40326,17.64329,6.7047,10.33,1.62,Gl 829
106122,,322.44462,45.89449,29.104,7.93,0.759,
106140,8225,322.48705,23.63884,120.77,4.52,1.618,2 Peg
106143,8222,322.49823,-19.14783,118.06,6.57,0.413,
106147,,322.51141,-12.51007,18.406,9.11,1.261,Gl 830
106171,8237,322.58468,52.95800,158.48,6.02,0.08,
106184,,322.60765,44.87499,123.76,6.77,0.33,
106199,,322.66820,-14.29121,88.968,6.63,1.202,
106213,,322.69928,-62.16760,37.313,7.14,0.596,
106227,8243,322.74705,60.45943,462.96,5.53,0.102,
106230,,322.75533,59.41817,50.429,6.86,0.681,
106243,8231,322.79012,12.13748,151.29,6.10,-0.047,
106255,,322.82749,-9.79066,8.2974,11.96,1.703,Gl 831A
106256,,322.82575,52.19554,155.52,6.69,0.962,
106267,8242,322.86442,52.61986,529.1,6.17,0.9,
106278,8232,322.88973,-5.57117,164.74,2.90,0.828,Sadalsuud
106306,,322.95897,23.84518,137.93,6.43,1.064,
106320,8129,323.01201,-84.81007,208.33,6.42,1.405,
106327,8229,323.02447,-41.17931,142.86,5.29,1.109,Xi Gru
106340,8230,323.06072,-33.94462,154.32,5.97,0.051,6 PsA
106346,,323.07114,48.44383,409.84,6.58,-0.001,
106355,8240,323.11255,23.39458,170.36,6.69,-0.066,
106363,8235,323.13858,-24.59042,67.935,6.43,0.2,
106393,8246,323.23578,49.97763,151.06,5.77,-0.042,
106395,,323.24302,20.71149,56.529,7.02,0.529,
106407,,323.28673,40.82431,28.818,7.78,0.81,
106419,8233,323.32340,-52.73777,300.3,6.43,1.481,
106420,8248,323.32452,45.85401,408.16,6.27,1.805,
106424,8201,323.33784,-80.03936,116.82,6.47,0.044,
106429,8236,323.34801,-44.84870,200.4,5.57,1.044,
106440,,323.39162,-49.00901,4.9537,8.66,1.521,Gl 832
106474,8176,323.47703,-82.68308,217.39,6.35,0.089,
106481,8252,323.49525,45.59184,37.893,3.98,0.885,73Rho Cyg
106488,,323.53184,-4.36816,84.746,6.69,0.252,
106500,8241,323.57151,-42.92468,114.55,6.32,1.093,
106518,8259,323.61442,51.69846,408.16,6.17,-0.015,
106527,8250,323.64156,22.75452,63.251,6.45,0.513,
106544,,323.67820,1.82916,276.24,6.41,1.398,
106550,,323.69130,18.32893,304.88,6.47,1.254,
106551,8255,323.69394,38.53405,70.972,4.87,1.085,72 Cyg
106559,8245,323.71272,-20.08427,27.1,5.70,0.423,37 Cap
106564,8244,323.72084,-29.69612,364.96,6.42,-0.097,
106566,,323.72145,-51.82718,131.41,6.72,0.885,
106568,,323.72906,-20.25272,55.525,6.74,0.498,
106586,,323.80704,-34.32971,53.735,6.86,0.492,
106590,8247,323.81648,-23.45431,111.98,6.39,1.098,
106592,8251,323.82342,-3.98331,128.21,5.79,1.11,
106595,8257,323.82960,28.19761,71.124,6.25,0.357,
106604,,323.85800,68.21929,189.75,6.47,-0.083,
106605,8258,323.86264,24.45216,197.63,6.22,0.141,
106642,8262,324.01033,45.37459,174.83,5.96,1.341,
106643,,324.02100,15.08199,136.99,6.50,0.94,
106654,8253,324.04569,-26.17152,58.445,5.73,0.234,8 PsA
106661,8261,324.05827,30.05542,110.86,6.36,1.24,
106696,,324.17125,-50.84539,14.62,7.14,0.879,Gl 833
106703,8256,324.20329,-33.04790,73.91,6.10,0.226,7 PsA
106711,8266,324.23740,40.41352,65.833,5.04,0.198,74 Cyg
106723,8260,324.27012,-19.46601,323.62,4.51,-0.18,39Eps Cap
106741,,324.33796,-18.44118,51.813,7.19,0.396,
106752,8272,324.36615,44.69655,168.92,6.19,0.218,
106755,,324.37129,4.68246,86.43,6.54,0.327,
106758,8263,324.39066,-0.39056,112.87,6.22,0.056,
106771,8275,324.41170,54.04219,165.02,6.16,0.991,
106782,,324.42993,-45.58590,53.763,7.20,0.473,
106783,8265,324.43185,6.61839,87.642,6.19,0.046,3 Peg
106786,8264,324.43796,-7.85420,54.764,4.68,0.175,Bunda
106787,8267,324.43928,19.31861,98.425,5.46,0.321,5 Peg
106801,8279,324.48011,62.08194,,4.76,0.246,9 Cep
106811,,324.50145,27.72374,13.317,9.83,1.495,Gl 835
106818,8249,324.51177,-64.82417,180.51,6.22,0.021,
106856,8270,324.63308,5.77174,54.705,5.66,0.265,4 Peg
106872,8274,324.68817,25.49883,129.37,6.18,1.026,
106881,8234,324.73415,-79.44258,64.433,6.17,0.46,
106886,8281,324.74009,57.48904,606.06,5.74,0.2,
106897,8276,324.75493,20.26545,39.746,5.77,0.314,
106907,8268,324.77545,-33.67886,44.964,6.28,0.949,
106913,,324.79218,-27.30657,25.648,6.75,0.623,Gl 836.1
106938,8273,324.86712,-10.57690,94.162,6.07,1.034,
106942,,324.88137,-0.05111,43.975,6.66,0.514,
106944,8277,324.88860,2.24356,69.444,5.10,1.034,25 Aqr
106955,,324.92699,-42.44559,233.1,6.64,0.273,
106978,8269,324.99885,-52.35901,173.91,6.20,0.584,
106985,8278,325.02272,-16.66231,48.146,3.69,0.32,Nashira
106999,8284,325.04623,43.27384,123.76,5.09,1.601,75 Cyg
107019,,325.11378,-34.53482,160,6.71,1.085,
107022,,325.12495,-74.07428,22.022,7.07,0.755,
107030,8271,325.14044,-55.73798,221.24,6.33,1.06,
107041,8290,325.18044,54.87215,219.78,6.16,1.116,
107070,,325.27572,26.75067,26.94,7.45,0.686,
107089,8254,325.36879,-77.39005,21.2,3.73,1.008,Nu Oct
107095,8283,325.38693,-14.04761,33.234,5.16,0.672,42 Cap
107097,8291,325.39275,40.80522,152.21,6.07,0.068,76 Cyg
107112,8282,325.44257,-25.10152,205.76,6.51,1.185,
107119,8317,325.47978,71.31142,55.928,4.55,1.108,11 Cep
107128,8285,325.50288,-23.26286,70.721,5.24,0.991,41 Cap
107129,8297,325.50451,35.51020,625,5.98,2.5,
107136,8301,325.52360,51.18962,529.1,4.69,-0.119,Azelfafage
107140,8298,325.53482,45.76570,209.64,6.11,1.415,
107144,8287,325.54213,1.28525,342.47,5.66,1.446,26 Aqr
107151,8289,325.56438,5.68014,223.71,5.30,1.653,7 Peg
107162,8300,325.59564,41.07702,126.42,5.73,0.055,77 Cyg
107173,8292,325.63732,10.82431,214.59,6.06,-0.115,
107186,8304,325.66170,49.60026,311.53,6.10,0.993,
107188,8288,325.66459,-18.86632,90.171,4.72,0.868,43Kap Cap
107191,,325.66863,63.72137,36.153,6.88,0.531,
107197,8312,325.68905,59.27084,335.57,6.10,1.349,
107225,,325.75885,-43.49610,39.541,6.67,0.559,
107230,8324,325.76709,72.32008,74.963,5.18,1.063,
107232,8295,325.76832,-14.39971,133.51,5.88,0.255,44 Cap
107235,8306,325.77697,41.15497,196.85,5.51,1.615,
107238,8293,325.80638,-19.62096,108.58,6.23,0.269,
107253,8307,325.85686,38.28359,84.175,5.69,-0.01,79 Cyg
107259,8316,325.87691,58.78005,,4.23,2.242,Garnet Star
107271,,325.91571,7.52866,136.99,6.47,1.114,
107297,,325.99212,22.81529,177.94,6.43,1.295,
107299,,325.99620,-57.32525,45.496,6.49,0.484,
107300,,326.00181,-57.28305,45.269,6.86,0.477,
107302,8302,326.00403,-14.74937,52.994,5.96,0.219,45 Cap
107310,8309,326.03565,28.74263,22.237,4.49,0.512,78Mu 1Cyg
107315,8308,326.04650,9.87501,211.42,2.38,1.52,Enif
107326,,326.07993,28.78160,86.207,6.89,0.411,
107336,,326.09943,-4.73090,111.11,6.66,0.068,
107339,,326.10591,46.86283,47.71,6.61,0.413,
107344,8299,326.12274,-38.55253,265.96,6.28,1.129,
107348,8313,326.12790,17.35002,284.09,4.34,1.161,9 Peg
107350,8314,326.13053,14.77194,17.886,5.96,0.587,Gl 836.7
107354,8315,326.16138,25.64504,34.223,4.14,0.425,10Kap Peg
107374,8327,326.22201,62.46057,917.43,5.94,0.312,
107380,8305,326.23669,-33.02578,62.617,4.35,-0.053,9Iot PsA
107382,8311,326.25106,-9.08243,242.72,5.10,1.108,46 Cap
107398,,326.30166,52.26758,,6.40,1.901,
107409,8303,326.32797,-49.49876,128.37,6.46,1.148,
107412,,326.34126,-12.78335,38.344,6.69,0.439,
107418,8334,326.36220,61.12081,,4.25,0.474,10Nu Cep
107423,8286,326.37006,-71.00885,227.79,6.02,-0.099,
107427,,326.37394,-21.55852,13.78,10.95,0.448,
107445,8320,326.43541,35.85731,151.52,6.44,0.997,
107462,,326.48526,25.58342,195.69,6.57,-0.081,
107472,8321,326.51819,22.94888,427.35,5.29,1.381,12 Peg
107487,8318,326.56779,-9.27594,363.64,6.00,1.629,47 Cap
107488,8329,326.56917,43.06077,353.36,6.52,0.278,
107502,8325,326.59974,25.56350,111.23,6.28,1.212,
107516,,326.63270,-2.21276,113.64,6.52,1.47,
107517,8319,326.63375,-11.36595,86.356,5.57,-0.002,48Lam Cap
107522,,326.64889,-57.70338,18.629,8.77,1.322,Gl 836.9A
107527,,326.67538,-11.69784,62.893,6.99,0.471,
107531,,326.69268,13.71962,115.87,6.67,0.202,
107533,8335,326.69836,49.30957,338.98,4.23,-0.12,81Pi 2Cyg
107555,8342,326.75360,70.15088,152.91,6.45,-0.007,
107556,8322,326.76016,-16.12729,11.867,2.85,0.18,Deneb Algedi
107558,8330,326.76983,17.19404,48.45,6.18,0.35,
107575,8328,326.80818,2.68612,174.52,5.63,0.012,11 Peg
107585,,326.85337,-4.60865,97.371,6.85,0.07,
107586,8339,326.85543,60.69269,140.45,5.53,1.575,12 Cep
107596,8332,326.90933,-5.91680,69.589,6.17,0.23,
107608,8326,326.93397,-30.89830,98.425,5.02,0.042,10The PsA
107620,,326.98020,-52.93064,33.124,7.59,0.66,
107625,,327.00011,-40.25608,23.697,8.62,0.96,GJ 9754
107637,8336,327.03500,36.58039,177.94,6.25,1.545,
107649,8323,327.06544,-47.30362,15.995,5.57,0.601,Gl 838
107664,8338,327.12231,38.64858,145.56,6.10,-0.072,
107690,,327.22677,-56.27401,204.08,6.55,-0.077,
107702,,327.25791,-5.40375,122.4,6.66,1.027,
107705,,327.27269,-72.10249,16.316,9.53,1.42,GJ 1264
107710,,327.28380,66.79203,98.039,6.49,0.391,
107723,8347,327.32922,61.27276,271.74,6.18,1.685,
107734,8341,327.36195,20.46245,358.42,6.27,-0.097,
107749,8345,327.41706,41.14879,,6.48,0.381,
107750,8337,327.42092,-12.72287,138.31,6.31,0.223,
107763,8343,327.46122,30.17422,84.246,5.07,0.01,14 Peg
107773,8331,327.50054,-64.71254,103.63,5.62,1.018,
107775,,327.50808,-47.72513,163.4,6.54,1.007,
107788,8344,327.53623,17.28585,33.422,5.34,0.394,13 Peg
107797,8340,327.55408,-16.84491,217.86,6.38,1.42,
107813,,327.62826,32.65760,104.71,6.79,1.137,
107820,,327.64773,-8.98256,121.51,6.54,1.281,
107835,8333,327.69672,-69.62942,166.67,5.52,1.378,Omi Ind
107843,8280,327.72620,-82.71890,125.47,5.27,0.756,Lam Oct
107856,8349,327.77074,39.53666,311.53,6.20,-0.068,
107877,,327.85245,-23.27062,40.145,6.85,0.487,
107886,,327.89052,0.77055,124.69,6.60,0.912,
107887,8348,327.89270,19.82668,161.55,5.78,-0.1,
107893,8361,327.90521,65.75271,87.566,6.37,0.281,
107896,,327.91733,19.30692,91.912,6.82,0.5,
107901,8346,327.92392,-18.62294,64.683,6.19,0.374,
107919,,327.96629,11.09126,69.832,6.66,0.29,
107920,,327.97069,42.34388,29.334,7.85,0.798,Gl 838.3A
107929,,328.00189,55.79197,207.04,6.56,0.007,
107930,8357,328.00431,55.79674,460.83,5.70,-0.081,
107947,,328.04040,-62.05236,45.331,7.22,0.51,
107952,,328.05408,79.55177,389.11,6.51,1.581,
107956,8350,328.07576,21.27316,274.73,6.27,1.601,
107962,,328.08853,-3.17466,184.16,6.62,-0.055,
107974,,328.12369,-9.41793,49.579,7.20,0.445,
107975,8354,328.12467,28.79354,27.45,5.52,0.426,15 Peg
107993,,328.18732,-3.99202,160.77,6.66,0.911,
107995,,328.19534,73.70227,84.602,6.64,0.108,
108022,8356,328.26570,25.92514,193.8,5.09,-0.155,16 Peg
108028,,328.27230,20.93052,23.041,8.18,0.937,
108036,8351,328.32402,-13.55177,26.617,5.08,0.378,51Mu Cap
108039,,328.33257,53.99718,232.02,6.61,0.39,
108058,8355,328.40015,-10.31162,377.36,6.57,-0.12,
108060,8358,328.40575,19.66844,72.307,5.69,0.011,
108084,,328.47791,28.34193,104.6,6.78,0.27,
108085,8353,328.48212,-37.36485,64.725,3.00,-0.084,Aldhanab
108090,8359,328.49070,6.86480,140.45,6.14,0.786,
108102,8360,328.54322,-4.27618,89.686,5.71,1.185,
108119,8364,328.57259,19.71812,102.99,6.36,0.938,
108127,,328.59180,12.75106,120.05,6.61,0.004,
108129,,328.59361,-85.03356,131.93,6.59,1.157,
108133,,328.61061,80.30856,226.76,6.43,1.453,
108144,8363,328.64964,-3.30127,59.207,6.24,0.466,
108156,,328.68757,32.32857,19.956,7.73,0.911,Gl 840
108159,,328.68917,-46.99273,14.635,11.99,1.56,Gl 838.6
108158,,328.68953,-73.43848,39.557,7.43,0.696,
108165,8371,328.72149,56.61123,,5.74,0.655,13 Cep
108174,,328.74867,53.93560,47.619,6.92,0.486,
108195,8352,328.79735,-61.88661,46.468,5.92,0.393,
108209,8374,328.83582,61.54181,,6.17,1.599,
108212,,328.83747,20.84901,165.02,6.68,1.042,
108213,,328.83852,36.14622,143.27,6.72,1.158,
108220,,328.86445,-70.11537,101.11,6.65,0.051,
108226,8375,328.87914,65.32081,314.47,5.84,-0.037,
108232,,328.89242,-70.06830,93.371,6.63,0.262,
108258,,328.98072,-46.92796,59.524,6.55,0.481,
108259,8365,328.98181,-30.60592,129.87,6.41,0.927,
108268,,329.01432,-52.46376,190.84,6.50,0.925,
108281,8362,329.05853,-57.89959,142.86,6.17,0.215,Pi Ind
108294,8366,329.09488,-37.25366,102.99,5.45,0.084,
108296,8372,329.09994,21.23986,403.23,6.39,1.698,
108317,8383,329.16310,63.62556,751.88,5.11,1.547,
108339,8373,329.23488,12.07649,122.85,5.54,0.054,17 Peg
108347,8367,329.25895,-37.74684,143.68,6.18,0.321,
108348,8377,329.25927,48.66857,330.03,6.51,-0.074,
108354,,329.27091,-76.21134,145.99,6.68,0.984,
108364,8384,329.29623,66.15615,529.1,6.41,-0.056,
108378,,329.35080,66.13908,598.8,6.55,1.614,
108405,,329.42174,-51.00616,15.972,10.36,1.51,Gl 841A
108420,8395,329.46276,74.99671,347.22,6.32,1.56,
108431,8368,329.47940,-54.99258,57.67,4.40,0.297,Del Ind
108453,8376,329.55544,-5.42492,53.937,6.33,0.378,
108456,8423,329.55606,82.86948,29.904,6.92,0.517,
108461,,329.58457,82.87106,29.824,7.45,0.698,
108468,,329.60136,-12.66466,33.411,7.16,0.64,
108471,,329.61388,14.02219,232.02,6.53,1.378,
108473,,329.61840,3.77692,56.085,6.95,0.577,
108478,8369,329.62532,-59.01214,67.114,6.13,0.469,Kap1Ind
108484,,329.64565,-44.06261,73.099,6.54,0.897,
108490,,329.67027,29.81263,28.752,6.95,0.501,
108494,8378,329.68246,-21.18295,322.58,6.06,1.621,
108505,8388,329.72298,62.69799,284.09,5.96,1.64,
108506,8382,329.72910,-4.37311,36.887,6.24,0.971,
108513,,329.74870,19.02030,64.683,6.50,1.013,
108535,8400,329.81277,73.17990,36.724,5.04,0.439,16 Cep
108543,8379,329.82460,-38.39510,132.63,5.50,0.996,
108553,8389,329.84524,57.65852,178.89,6.58,0.022,
108569,,329.89248,-59.75282,11.986,9.74,1.479,Gl 842
108612,8385,330.03303,6.71744,328.95,6.00,-0.112,18 Peg
108626,8381,330.10098,-55.88349,166.67,6.02,-0.061,
108632,8391,330.11126,33.00593,68.776,6.46,0.463,
108661,8386,330.20926,-28.45374,250.63,5.43,-0.095,12Eta PsA
108681,,330.24622,-36.55632,118.76,6.71,1.096,
108691,8390,330.27090,0.60472,219.3,5.60,1.279,28 Aqr
108693,8392,330.27228,13.11982,77.22,5.61,0.336,20 Peg
108699,8393,330.28848,8.25716,165.84,5.65,1.44,19 Peg
108706,,330.30456,28.30691,8.9023,11.99,1.718,GJ 4247
108736,,330.40209,-53.09358,35.778,7.12,0.572,
108752,,330.45432,16.46745,16.184,10.65,1.498,Gl 844
108758,8403,330.46077,52.88225,306.75,5.79,-0.106,
108759,8370,330.46934,-77.66254,99.701,6.39,0.231,
108766,8397,330.50572,10.97381,598.8,6.36,-0.104,
108772,8406,330.51906,58.00037,934.58,5.55,0.017,14 Cep
108782,,330.54281,1.40023,10.245,9.17,1.453,Gl 846
108784,8394,330.54937,-17.90347,89.928,6.28,1.002,
108797,8396,330.60938,-16.96484,270.27,6.39,0.447,29 Aqr
108809,,330.63736,-32.13375,30.139,6.63,0.504,
108814,,330.66042,15.98649,144.93,6.71,-0.047,
108845,8407,330.73611,44.64986,151.06,5.57,-0.029,
108849,8380,330.76566,-76.11843,62.578,5.94,0.399,
108868,8401,330.81858,-6.52241,93.11,5.55,0.959,30 Aqr
108870,8387,330.83229,-56.78598,3.6224,4.69,1.056,Eps Ind
108874,8402,330.82851,-2.15536,133.51,4.74,-0.1,31Omi Aqr
108875,8404,330.82930,11.38655,193.05,5.83,-0.05,21 Peg
108903,,330.89731,-55.97696,48.054,6.88,0.564,
108917,8417,330.94702,64.62797,29.595,4.26,0.379,Kurhah
108924,8416,330.97064,63.11992,130.04,5.26,1.557,18 Cep
108933,,331.02799,44.34512,178.57,6.56,0.078,
108950,,331.09425,-38.87631,50.429,7.23,0.718,
108952,8405,331.09932,-29.91653,636.94,6.45,1.603,13 PsA
108969,8412,331.14382,32.94174,284.9,6.36,1.121,
108975,8408,331.15319,-26.82236,377.36,5.97,-0.167,
108991,8410,331.19759,-0.90634,68.12,5.29,0.231,32 Aqr
109005,8426,331.25204,62.78567,92.937,5.27,1.413,20 Cep
109009,,331.26443,14.81592,165.56,6.38,1.523,
109017,8428,331.28663,62.27981,632.91,5.07,0.24,19 Cep
109023,8415,331.29721,26.67369,119.33,5.75,1.249,
109033,8421,331.31878,46.74484,304.88,6.16,1.611,
109056,8419,331.39446,28.96398,106.38,5.69,-0.048,23 Peg
109068,8413,331.41980,5.05853,83.264,4.86,1.443,22Nu Peg
109074,8414,331.44599,-0.31985,160.51,2.95,0.969,Sadalmelik
109079,8422,331.46019,45.11250,196.46,6.50,-0.025,
109081,8409,331.46244,-59.63607,150.6,5.62,1.468,Kap2Ind
109082,8427,331.46341,48.23149,,6.26,-0.088,
109102,8424,331.50814,45.01435,186.57,5.09,1.568,
109110,,331.52223,-5.35803,35.149,7.57,0.674,
109111,8411,331.52871,-39.54335,74.239,4.47,1.349,Lam Gru
109121,8429,331.55107,45.24869,97.752,6.19,0.078,
109122,,331.55490,-14.89601,59.032,7.12,0.445,
109124,8434,331.55649,56.34340,197.63,6.38,-0.091,
109139,8418,331.60929,-13.86968,53.706,4.29,-0.075,33Iot Aqr
109144,,331.63821,1.85713,51.23,7.24,0.537,
109155,,331.66201,2.43946,150.83,6.51,-0.062,
109162,,331.67503,53.13065,30.202,7.80,0.788,
109176,8430,331.75270,25.34511,11.726,3.77,0.435,24Iot Peg
109190,8442,331.79017,58.84072,208.33,6.34,0.877,
109205,8443,331.85661,53.30744,,6.17,0.389,
109209,8435,331.86912,19.47553,61.958,5.74,0.331,
109212,8436,331.87485,18.00071,306.75,6.31,1.605,
109214,,331.87580,-68.02348,44.444,6.99,0.585,
109220,,331.89706,-14.49075,136.8,6.70,0.14,
109240,8438,331.95961,21.70293,186.57,5.79,-0.077,25 Peg
109245,,331.97179,-70.28571,29.797,6.67,0.544,
109268,8425,332.05813,-46.96097,30.969,1.73,-0.07,Alnair
109272,8445,332.06786,49.79699,357.14,6.41,1.579,
109276,8441,332.07183,25.54352,88.183,6.08,0.311,
109281,,332.07825,24.15678,70.225,6.57,0.842,
109285,8431,332.09583,-32.98847,41.649,4.50,0.054,14Mu PsA
109289,8433,332.10805,-34.04384,130.04,4.99,1.499,Ups PsA
109303,8448,332.17012,45.74225,42.772,6.11,0.763,
109306,8437,332.17767,-33.12569,78.003,6.37,0.205,
109316,,332.19762,-13.30046,47.483,6.91,0.469,
109332,8439,332.24580,-18.51959,714.29,5.80,-0.154,35 Aqr
109349,,332.28837,2.73402,102.77,6.64,0.076,
109352,8449,332.30683,33.17234,88.496,5.58,0.985,27Pi 1Peg
109375,,332.37066,-23.65911,176.68,6.36,0.921,
109378,,332.37444,-7.54865,21.561,6.54,0.773,Gl 848.4
109388,,332.41811,-4.64073,9.0959,10.41,1.531,Gl 849
109400,8468,332.45162,72.34121,120.92,4.79,0.919,24 Cep
109404,8444,332.48209,-34.01497,63.371,5.37,0.241,
109408,8440,332.49108,-48.10766,198.02,6.43,1.38,
109410,8454,332.49686,33.17822,80.645,4.28,0.471,29Pi 2Peg
109412,8446,332.50062,-28.29244,128.04,6.44,0.147,
109422,8447,332.53640,-32.54841,18.278,4.94,0.489,15Tau PsA
109427,8450,332.54994,6.19787,28.297,3.52,0.086,Biham
109434,8473,332.56380,72.11127,157.98,6.36,-0.053,
109439,8455,332.57924,19.61634,59.242,6.18,0.688,GJ 4261
109442,8451,332.58795,-3.89409,148.15,6.28,-0.006,
109445,8456,332.59182,14.62986,135.69,6.36,1.08,
109458,8459,332.62577,20.97798,208.33,6.45,0.099,28 Peg
109460,,332.63238,-10.82039,137.55,6.64,1.113,
109466,8453,332.64062,-4.26685,101.94,5.98,0.981,
109470,,332.65455,-37.74978,59.347,7.08,0.451,
109471,8458,332.65598,11.62454,208.77,5.78,1.617,
109472,8452,332.65617,-11.56494,137.93,5.43,-0.117,38 Aqr
109474,8474,332.66193,70.13257,33.591,5.52,0.391,
109477,8420,332.67648,-75.88143,136.99,6.54,1.182,
109488,,332.70659,-55.45713,52.604,7.22,0.663,
109492,8465,332.71362,58.20126,256.41,3.39,1.558,21Zet Cep
109493,8460,332.71543,30.55300,129.7,6.30,0.227,
109509,8457,332.75990,-21.23279,56.338,6.10,0.503,
109514,,332.77005,48.67738,222.72,6.64,-0.046,
109521,8463,332.79104,50.82339,56.148,5.38,0.152,
109527,,332.79963,36.25633,22.899,7.23,0.812,Gl 850
109550,,332.86318,-43.84253,124.69,6.62,0.993,
109555,,332.87535,18.42619,11.617,10.25,1.465,Gl 851
109556,8469,332.87742,59.41449,606.06,5.05,0.192,22Lam Cep
109572,8472,332.95272,56.83936,37.355,5.24,0.534,
109577,8461,332.96388,16.04055,54.945,5.93,0.951,
109584,8432,332.97956,-76.11602,88.183,6.13,1.001,
109585,8476,332.98674,59.08458,117.92,6.29,1.123,
109592,8479,333.00840,60.75910,112.11,5.37,1.184,
109595,,333.00936,-38.30282,75.815,6.90,0.387,
109602,8466,333.03372,24.95064,,5.97,1.5,
109620,8483,333.09352,63.29104,290.7,5.76,1.645,
109624,8462,333.10733,-14.19396,42.052,6.04,0.386,39 Aqr
109631,,333.12448,-40.20316,82.713,6.59,0.955,
109638,,333.14979,8.55325,14.961,11.99,1.553,GJ 9773
109646,,333.18141,-6.46892,36.179,7.44,0.535,
109647,8467,333.18279,-4.72068,89.047,6.39,0.498,
109654,8475,333.19926,34.60459,79.114,5.34,1.134,
109659,8493,333.21974,73.30719,210.97,6.11,1.006,
109667,8464,333.23952,-26.32779,63.452,6.19,0.169,
109691,,333.29174,18.27981,231.48,6.50,1.374,
109693,8546,333.29252,86.10796,78.678,5.27,-0.03,
109694,,333.29463,86.22136,229.89,6.59,1.186,
109696,,333.29787,25.94057,127.88,6.59,1.025,
109730,8482,333.41123,28.60802,74.85,5.87,1.169,
109737,8470,333.43512,-25.18090,77.399,5.58,0.497,
109745,8487,333.45508,45.44061,77.16,5.53,0.021,
109746,8490,333.45712,63.16234,400,6.13,-0.089,
109754,8485,333.46968,39.71493,147.93,4.50,1.385,
109786,8480,333.57513,-21.07457,71.582,5.33,0.812,41 Aqr
109788,,333.57667,17.18934,165.84,6.50,1.288,
109789,8478,333.57813,-27.76691,153.61,5.45,-0.121,16Lam PsA
109810,,333.62157,7.97615,224.22,6.65,-0.039,
109821,8477,333.66059,-41.38167,22.051,6.23,0.648,Gl 851.2
109822,,333.65925,-15.81853,38.081,6.55,0.89,Gl 851.3
109831,8489,333.68484,42.95391,82.372,5.72,0.014,
109838,,333.69651,-24.00470,63.735,6.89,0.376,
109842,,333.70006,24.31496,47.824,7.00,0.48,
109843,,333.70238,22.52342,220.26,6.62,0.919,
109857,8494,333.75816,57.04359,26.199,4.18,0.278,23Eps Cep
109902,8484,333.89598,-44.45150,191.2,6.10,0.988,
109908,8486,333.90380,-41.34670,84.246,4.79,0.79,Mu 1Gru
109926,,333.97519,54.67289,21.538,7.50,0.81,GJ 4268A
109937,8498,333.99240,37.74874,190.48,4.14,1.447,1 Lac
109939,8491,333.99928,8.54957,118.76,6.21,0.019,
109972,8506,334.11058,57.22024,189.04,5.88,0.95,
109973,8488,334.11068,-41.62723,81.367,5.11,0.93,Mu 2Gru
109977,8503,334.12353,27.80403,119.9,6.38,0.982,
109984,8495,334.14022,-1.59639,80.71,6.16,0.194,
109990,8492,334.15610,-25.89816,176.06,6.14,1.11,
110000,8496,334.20018,-12.83144,179.86,5.34,1.132,42 Aqr
110003,8499,334.20847,-7.78329,57.471,4.17,0.979,Ancha
110009,8500,334.21902,-9.04007,113.25,5.80,1.158,
110014,,334.23446,-14.65698,44.405,7.16,0.476,
110018,8497,334.24931,-23.14025,142.25,6.17,1.051,
110023,8504,334.27708,-5.38716,94.787,5.75,0.878,44 Aqr
110035,,334.31306,12.89849,31.037,7.04,0.606,
110055,,334.36800,49.12696,228.83,6.46,1.046,
110066,,334.41402,-48.65049,25.202,8.40,0.961,GJ 4270
110078,8471,334.46113,-77.51155,38.491,5.49,0.312,Psi Oct
110091,8507,334.51780,-0.23766,41.981,6.39,0.441,
110103,8511,334.55258,62.80439,282.49,5.75,1.256,25 Cep
110109,8501,334.56434,-53.62707,13.786,5.36,0.614,Gl 853A
110116,8525,334.58502,76.48803,250.63,6.62,0.012,
110130,8502,334.62556,-60.25959,61.237,2.87,1.39,Lang-Exster
110161,,334.70676,-68.31310,49.14,7.26,0.65,
110171,8510,334.73417,37.76929,73.529,6.19,0.27,
110179,8508,334.75308,-13.30499,113.38,5.96,1.075,45 Aqr
110219,,334.89337,-16.70436,46.254,7.28,0.526,
110256,8481,335.00631,-80.43975,89.127,5.09,1.276,Eps Oct
110266,,335.02604,56.91801,227.79,6.55,-0.057,
110273,8512,335.04964,-7.82110,270.27,5.35,-0.048,46Rho Aqr
110298,8513,335.11491,5.78950,390.62,5.37,-0.037,30 Peg
110311,8509,335.15109,-57.50978,357.14,6.41,1.404,
110314,,335.16154,58.40990,185.53,6.46,0.99,
110316,8519,335.16467,50.98081,423.73,6.40,1.195,
110323,,335.17641,14.03229,157.23,6.55,0.934,
110341,8514,335.23249,8.18674,30.931,6.18,0.451,
110346,8517,335.25024,26.93516,225.73,6.46,1.526,
110351,8523,335.25642,46.53657,170.07,4.55,-0.1,2 Lac
110355,,335.26597,-62.54830,69.979,6.61,0.533,
110371,8522,335.33058,28.33053,213.22,4.78,-0.01,32 Peg
110386,8520,335.37948,12.20519,497.51,4.82,-0.132,31 Peg
110391,8516,335.39820,-21.59823,52.438,5.12,1.057,47 Aqr
110395,8518,335.41407,-1.38733,50.201,3.86,-0.057,Sadachbia
110405,,335.43829,66.70627,268.82,6.62,0.667,
110408,8528,335.46195,42.07816,170.36,6.38,-0.086,
110412,,335.47014,40.66642,165.02,6.54,1.3,
110434,,335.52173,15.65147,147.06,6.68,-0.019,
110443,,335.56785,-54.56062,13.532,8.98,1.329,GJ 1267
110478,8521,335.68416,-45.94794,163.13,6.42,2.231,Pi 1Gru
110487,,335.70951,36.65905,136.99,6.45,1.052,
110497,8535,335.75074,57.28461,310.56,6.18,-0.112,
110498,8537,335.75213,62.41936,227.79,6.04,0.035,
110504,,335.77925,55.96323,,6.44,2.215,
110506,8524,335.78303,-45.92849,40,5.62,0.372,Pi 2Gru
110518,,335.83514,-14.95130,65.531,7.02,0.462,
110526,,335.87112,32.45943,15.511,10.70,1.57,Gl 856A
110529,8529,335.87851,-24.76266,80.321,5.53,0.979,49 Aqr
110532,8530,335.88396,-7.19442,143.06,5.92,0.998,
110538,8538,335.89013,52.22905,52.111,4.42,1.015,3Bet Lac
110548,8532,335.91480,20.84823,33.704,6.20,0.518,33 Peg
110566,8536,335.97588,38.57361,52.882,6.18,0.485,
110578,8533,336.02868,-4.83702,124.38,5.79,-0.033,51 Aqr
110602,8534,336.11275,-13.52937,140.45,5.76,0.97,50 Aqr
110609,8541,336.12913,49.47639,689.66,4.55,0.092,4 Lac
110618,8515,336.14646,-72.25541,28.703,5.28,0.66,Nu Ind
110629,,336.16330,-41.44034,45.809,6.64,0.471,
110640,,336.18977,22.55113,21.584,8.83,1.18,Gl 857.1A
110649,8531,336.23457,-57.79742,20.563,5.31,0.665,Gl 857
110661,,336.26398,51.25588,303.95,6.52,1.681,
110668,8527,336.29359,-70.43162,49.456,5.78,0.396,
110672,8539,336.31926,1.37740,239.81,4.80,-0.171,52Pi Aqr
110696,8543,336.41958,18.44432,194.17,6.26,1.201,
110712,8526,336.46275,-75.01569,23.047,6.12,0.599,
110719,8526,336.48441,-75.01455,18.285,9.35,1.12,
110724,,336.50074,80.70159,139.66,6.68,1.105,
110725,8557,336.50331,70.77090,153.61,5.47,1.216,
110746,8542,336.54459,-23.68245,120.63,6.29,-0.021,
110753,,336.56018,-2.78898,46.49,6.94,0.461,
110778,8544,336.64279,-16.74214,20.202,5.55,0.618,53 Aqr
110780,,336.64457,-7.37755,78.989,6.85,0.32,
110785,8548,336.65577,4.39377,38.153,5.76,0.519,34 Peg
110787,8578,336.67683,78.78585,63.171,5.83,0.171,28Rho1Cep
110790,8549,336.68982,37.44371,458.72,6.46,-0.132,
110807,8554,336.74653,56.43356,289.86,6.59,-0.092,
110817,8561,336.77212,65.13227,,5.52,0.302,26 Cep
110821,,336.77808,-1.30915,107.3,6.77,0.652,
110828,,336.79539,61.91221,166.67,6.61,1.032,
110838,8540,336.83297,-64.96635,76.923,4.51,-0.029,Del Tuc
110843,,336.85242,-49.36595,35.386,7.48,0.73,
110849,8553,336.86041,39.81003,657.89,6.16,-0.136,
110873,8555,336.94270,31.84004,265.96,6.00,1.442,
110882,8551,336.96468,4.69566,45.475,4.78,1.039,35 Peg
110893,,336.99963,57.69588,4.001,9.59,1.613,Kruger 60
110896,,337.01463,44.12058,319.49,6.56,1.653,
110907,,337.04637,27.01881,162.87,6.48,0.986,
110919,8568,337.08117,64.08516,112.61,6.30,1.113,
110935,8547,337.15637,-67.48906,43.122,5.56,0.208,
110936,8552,337.16336,-39.13179,87.413,5.47,0.959,Nu Gru
110960,8558,337.20797,-0.01997,28.169,3.65,0.406,55Zet1Aqr
110986,8562,337.28327,9.12903,182.82,5.60,1.578,36 Peg
110988,,337.28850,58.40410,271,6.31,-0.033,
110992,8564,337.29261,26.76320,384.62,5.79,1.252,
110991,8571,337.29275,58.41520,265.25,4.07,0.778,27Del Cep
110996,,337.31340,-30.01841,16.062,7.65,1.08,Gl 862
110997,8556,337.31738,-43.49556,94.877,3.97,1.022,Del1Gru
111022,8572,337.38260,47.70689,505.05,4.34,1.679,5 Lac
111041,8569,337.43349,35.72563,116.96,6.56,0.057,
111043,8560,337.43932,-43.74922,101.21,4.12,1.57,Del2Gru
111045,8563,337.44171,-27.10728,39.872,5.95,0.362,
111056,8591,337.47071,78.82429,75.132,5.45,0.093,29Rho2Cep
111058,,337.47280,52.41661,124.07,6.51,0.996,
111062,8566,337.49140,4.43169,51.867,5.51,0.385,37 Peg
111066,8565,337.50617,-12.91512,79.681,6.41,0.356,
111068,8574,337.50754,32.57264,110.5,5.64,-0.031,38 Peg
111072,8575,337.52714,49.35641,111.23,6.41,1.166,
111075,,337.53495,31.21579,207.47,6.59,0.063,
111086,8567,337.57229,-14.58573,193.42,6.36,-0.047,56 Aqr
111104,8579,337.62192,43.12338,526.32,4.52,-0.086,6 Lac
111123,8573,337.66173,-10.67795,88.81,4.82,-0.053,57Sig Aqr
111138,8570,337.72404,-26.07375,132.45,6.43,1.083,Zet PsA
111143,,337.75170,-49.43327,40.634,6.81,0.603,
111169,8585,337.82272,50.28249,31.456,3.76,0.031,Stellio
111170,8581,337.82630,-6.55515,25.413,6.15,0.565,Gl 862.1
111171,8580,337.82674,-2.91128,119.9,6.15,1.083,
111188,8576,337.87635,-32.34607,43.783,4.29,0.011,17Bet PsA
111191,8584,337.89314,29.54276,119.76,6.33,0.209,
111196,8505,337.90752,-85.96725,99.404,5.76,1.02,Ups Oct
111200,8583,337.92216,-10.90556,71.582,6.39,0.29,58 Aqr
111206,,337.93851,-35.29045,132.98,6.60,0.948,
111242,8599,338.06777,76.22644,240.96,5.70,0.02,
111247,8589,338.07794,54.03703,212.31,6.41,1.043,
111259,8588,338.10990,39.77973,209.64,5.88,0.166,
111274,,338.14191,-6.46718,36.403,6.94,0.668,
111278,8586,338.14781,20.23002,50.251,6.43,0.35,39 Peg
111282,,338.16432,13.04454,85.324,6.56,0.344,
111296,8587,338.19545,15.86326,183.15,6.35,1.19,
111310,8582,338.25015,-61.98212,88.968,4.91,1.612,Nu Tuc
111313,,338.25925,9.37797,12.71,10.36,1.501,Gl 863
111314,8595,338.26155,69.91354,77.7,6.01,0.334,
111325,8598,338.31993,70.37371,125.79,6.26,0.018,
111349,,338.37766,-35.44454,31.387,7.80,0.721,GJ 9787
111355,,338.39423,40.81902,256.41,6.54,1.238,
111362,8594,338.41922,56.62474,105.6,5.72,0.966,
111379,,338.47140,61.77813,173.01,6.55,0.175,
111391,,338.50202,-25.24243,16.077,11.25,1.494,
111394,8590,338.51214,-1.57427,106.61,5.88,0.977,60 Aqr
111398,,338.52756,-9.60849,308.64,6.54,1.195,
111449,8592,338.67345,-20.70822,22.681,5.21,0.446,59Ups Aqr
111497,8597,338.83908,-0.11750,51.467,4.04,-0.083,62Eta Aqr
111504,8577,338.85998,-78.77159,290.7,6.15,1.368,
111515,8596,338.90156,-23.99109,92.937,5.97,0.984,
111532,8615,338.94116,73.64319,54.885,5.08,0.395,31 Cep
111539,,338.95335,-17.46042,149.25,6.39,1.42,
111541,,338.95706,20.27433,96.246,6.61,1.11,
111543,8607,338.96661,56.07057,111.73,6.37,0.107,
111546,,338.96786,39.63433,662.25,5.73,-0.16,
111548,8593,338.97036,-57.88375,67.024,6.22,0.212,
111550,8606,338.97242,50.07079,520.83,6.29,-0.071,
111565,,339.03145,-54.61062,31.427,7.58,0.67,Gl 863.3
111567,8604,339.03292,35.57750,143.06,6.11,0.997,
111571,,339.04034,-0.84168,17.117,9.98,1.411,Gl 864
111594,8600,339.12209,-40.58269,68.306,6.28,0.119,Sig1Gru
111600,8601,339.14769,-31.66379,109.65,5.82,1.074,
111601,8605,339.15138,11.69664,125.16,6.42,0.027,
111616,,339.17739,-43.47097,54.407,6.75,0.529,
111627,8609,339.20285,35.65242,259.74,6.28,1.392,
111643,8602,339.24519,-40.59103,65.833,5.85,0.06,Sig2Gru
111649,8608,339.27020,12.57682,312.5,6.30,1.431,
111660,8625,339.30370,75.37181,214.13,5.80,1.594,
111674,8613,339.34348,51.54512,52.632,4.64,0.254,9 Lac
111685,,339.37458,39.38101,19.543,9.41,1.367,GJ 4287
111701,,339.41217,63.76934,110.5,6.66,1.154,
111710,8610,339.43910,-4.22806,65.574,5.04,1.14,Situla
111718,,339.44890,-39.85711,89.525,6.54,0.539,
111748,,339.54856,45.82780,50.813,7.06,0.582,
111753,8617,339.57250,45.18294,169.78,6.38,0.771,
111761,8612,339.59226,-7.89756,119.33,6.23,0.783,
111766,,339.62113,-65.37851,13.18,11.50,1.593,Gl 865
111795,8621,339.65790,56.79563,138.31,5.11,1.537,
111797,8627,339.66273,63.58447,88.028,5.19,0.083,30 Cep
111801,8614,339.68615,-28.74821,127.55,6.46,1.034,
111802,,339.68982,-20.62113,8.6949,9.06,1.466,Gl 867A
111805,,339.69758,44.31390,38.197,6.82,0.581,
111807,,339.70855,4.53020,100.81,6.82,0.2,
111809,8616,339.71443,-33.08135,129.87,5.66,0.037,
111810,8618,339.71913,19.52226,114.42,5.84,0.922,40 Peg
111815,,339.73165,-38.47734,291.55,6.58,1.423,
111833,8611,339.78501,-52.69197,135.69,6.67,0.357,
111841,8622,339.81532,39.05027,529.1,4.89,-0.207,10 Lac
111843,,339.81678,-10.02780,68.681,6.93,0.619,
111864,,339.88050,37.35362,143.47,6.65,0.95,
111868,,339.89232,51.15564,88.653,6.79,0.44,
111869,8626,339.89304,37.59282,305.81,6.03,0.854,
111879,8619,339.93407,-28.32566,112.49,6.30,1.006,
111884,8624,339.94589,19.68113,205.76,6.33,0.035,41 Peg
111888,,339.96153,4.11611,24.102,8.48,0.938,
111898,,339.99753,-83.25173,105.37,6.68,0.319,
111910,,340.03325,-9.35924,53.39,6.89,0.513,
111925,8633,340.07668,53.84593,112.36,5.94,0.946,
111934,8623,340.09299,-30.65887,212.77,5.88,1.297,
111944,8632,340.12849,44.27631,102.04,4.50,1.318,11 Lac
111954,8628,340.16391,-27.04362,149.25,4.18,-0.105,18Eps PsA
111960,,340.18062,-29.67448,13.55,7.83,1.143,Gl 868
111965,8629,340.19981,-3.55424,34.566,6.32,0.52,
111967,8620,340.20371,-57.42232,261.1,5.98,1.45,
111974,8631,340.21948,14.54916,33.795,5.72,0.723,
111977,,340.22718,66.52343,29.326,7.46,0.635,
111978,,340.22973,-31.99006,27.563,7.41,0.789,Gl 869
112029,8634,340.36550,10.83136,62.657,3.41,-0.086,Homam
112031,8640,340.36938,40.22545,411.52,5.25,-0.137,12 Lac
112032,8638,340.38044,30.96586,299.4,6.36,1.579,
112041,8643,340.40010,41.54912,91.743,5.93,0.998,
112051,8641,340.43921,29.30764,91.575,4.80,-0.013,43Omi Peg
112067,8642,340.48940,14.51639,84.962,5.92,1.114,
112078,,340.52511,-5.10197,210.97,6.28,1.569,
112098,8648,340.58672,53.90875,384.62,6.14,1.634,
112102,8637,340.59202,-29.36105,211.42,6.12,1.522,19 PsA
112117,8635,340.65368,-47.21081,23.635,5.99,0.584,Gl 871A
112122,8636,340.66672,-46.88458,54.259,2.07,1.61,Tiaki
112127,8639,340.67947,-44.24804,108.58,6.06,0.956,
112144,8651,340.73103,37.80273,321.54,6.43,-0.119,
112158,8650,340.75056,30.22124,65.703,2.93,0.852,Matar
112168,8645,340.76422,-8.31144,146.63,6.45,0.166,
112170,8652,340.76799,47.16875,775.19,6.39,0.45,
112179,8647,340.80944,-6.96294,114.16,6.40,-0.039,67 Aqr
112183,,340.81437,56.40833,71.839,6.91,0.314,
112190,,340.83876,-6.40082,21.519,8.11,0.966,GJ 4291
112203,8644,340.87490,-41.41435,70.621,4.84,1.027,Rho Gru
112211,8649,340.89681,-18.83038,132.8,4.68,1.358,66 Aqr
112222,8653,340.92789,10.93937,42.427,6.51,0.502,
112229,,340.96132,3.88684,42.974,7.41,0.515,
112241,8654,341.02173,39.46535,212.31,5.93,1.49,
112242,8656,341.02284,41.81923,78.678,5.11,0.96,13 Lac
112245,,341.02411,64.57067,25.145,7.50,0.719,
112259,8646,341.06865,-60.49962,145.99,6.29,0.568,
112300,8661,341.20467,52.51721,291.55,6.43,1.541,
112305,,341.22074,39.20103,238.1,6.47,1.498,
112324,,341.26527,58.14705,35.436,6.45,0.43,
112325,,341.26849,-2.65664,12.534,9.44,0.66,
112358,8660,341.36740,19.36656,113.38,6.27,1.057,45 Peg
112355,8294,341.37336,-88.81829,102.77,6.55,0.292,
112362,,341.38503,-25.23693,87.032,6.52,0.181,
112368,,341.39371,30.44256,59.988,6.37,0.933,
112374,8655,341.40778,-53.50012,127.23,4.84,1.18,Eta Gru
112381,8657,341.41996,-46.54733,241.55,5.52,1.302,
112405,8630,341.51538,-81.38161,45.767,4.13,0.208,Bet Oct
112408,,341.51968,-55.06360,153.61,6.62,1.189,
112414,8658,341.53321,-48.97882,38.023,6.63,0.636,
112417,8666,341.54246,44.54605,56.915,5.84,0.358,
112426,,341.58457,50.20997,29.674,7.87,0.803,Gl 871.2
112428,,341.58776,46.21508,392.16,6.55,1.51,
112432,8659,341.61777,-49.68579,235.29,6.49,1.162,
112440,8667,341.63281,23.56565,111.98,3.97,1.07,47Lam Peg
112447,8665,341.67324,12.17289,16.297,4.20,0.502,46Xi Peg
112449,8662,341.68194,-46.93945,78.37,6.56,0.314,
112460,,341.70790,44.33399,5.1224,10.29,1.54,Gl 873
112491,,341.78879,-32.67546,28.074,7.58,0.744,
112501,8668,341.82987,-34.16172,109.53,6.28,1.145,
112504,,341.83641,-16.14636,33.956,7.35,0.684,
112508,8677,341.84681,58.48303,308.64,6.33,0.017,
112512,,341.85489,-17.55076,45.106,6.80,0.5,
112515,,341.86145,-44.96516,32.468,7.22,0.598,
112519,8702,341.87067,83.15383,96.061,4.77,1.257,
112527,,341.88581,83.69703,19.673,7.53,0.867,
112529,8670,341.88803,-19.61338,77.882,5.24,0.941,68 Aqr
112533,,341.89871,-65.56025,226.24,6.49,1.208,
112542,8673,341.92820,-14.05643,97.371,5.68,-0.016,69Tau1Aqr
112554,8671,341.94650,-38.22210,67.981,6.72,0.48,
112559,,341.95909,-4.22903,32.031,6.67,0.654,
112567,8674,341.98415,-25.91203,134.23,6.31,0.913,
112581,,342.02873,-37.75666,40.29,7.49,0.589,
112590,8678,342.04600,37.41669,103.31,5.82,1.024,
112603,8669,342.08891,-61.68436,133.16,6.36,1.059,
112615,8676,342.12586,-10.55548,111.61,6.19,0.274,70 Aqr
112623,8675,342.13859,-51.31686,39.526,3.49,0.083,Eps Gru
112635,8683,342.18436,62.93841,180.18,6.07,1.194,
112641,8682,342.19955,54.41489,228.83,6.14,-0.083,
112655,,342.23031,-63.71840,277.78,6.51,-0.047,
112670,8687,342.25313,68.57023,63.694,6.19,0.44,
112694,8672,342.32274,-70.34798,105.49,6.35,0.071,
112697,,342.32322,50.97671,62.775,6.75,0.552,
112714,8681,342.38391,10.47862,64.558,6.55,0.289,
112716,8679,342.39792,-13.59263,97.371,4.05,1.57,71Tau2Aqr
112725,8664,342.42061,-77.05105,96.805,6.73,0.109,
112724,8694,342.42030,66.20041,35.348,3.50,1.053,32Iot Cep
112731,8688,342.44281,55.90278,121.8,5.43,1.167,
112746,8680,342.49677,-32.80546,68.871,6.34,0.317,
112748,8684,342.50077,24.60158,32.531,3.51,0.933,Sadalbari
112761,8692,342.54206,50.67692,413.22,6.23,1.129,
112763,,342.54417,-41.49011,28.074,7.77,0.741,GJ 9797
112774,,342.58095,-7.09011,14.13,9.86,1.452,Gl 875
112778,8690,342.59071,41.95339,348.43,5.91,0.062,14 Lac
112781,8663,342.59483,-80.12385,151.06,5.32,-0.126,Xi Oct
112803,8691,342.66306,19.14120,154.8,6.52,1.104,
112812,,342.69288,52.06144,31.387,7.22,0.59,
112832,8685,342.75898,-39.15683,236.97,5.43,1.444,
112833,8736,342.76227,85.37374,133.33,5.89,1.34,
112862,8693,342.83725,-29.53631,98.912,5.99,0.907,21 PsA
112864,8696,342.84402,61.69674,72.727,5.61,0.775,
112870,,342.85980,13.96998,21.281,8.29,0.849,GJ 9798
112876,,342.87275,62.97218,77.579,6.65,0.759,
112895,8686,342.93740,-59.88136,143.68,6.47,1.132,
112909,,342.97284,31.75421,14.539,11.66,1.5,Gl 875.1
112915,,343.00250,57.71691,23.878,8.01,1.043,
112917,8699,343.00838,43.31242,99.701,4.95,1.559,15 Lac
112924,8689,343.04165,-63.18867,125.47,6.14,1.025,
112932,,343.08618,10.41436,59.312,6.86,0.398,
112935,8697,343.10030,9.83566,27.278,5.16,0.487,49Sig Peg
112948,8695,343.13140,-32.87550,66.05,4.46,-0.037,22Gam PsA
112950,,343.13697,3.55223,172.71,6.64,0.171,
112958,,343.14855,-19.03796,68.54,6.99,0.495,
112961,8698,343.15365,-7.57960,118.06,3.73,1.626,Shatabhisha
112970,,343.17585,67.99017,58.997,6.98,0.42,
112974,,343.19379,-10.05887,39.154,6.74,0.524,
112986,8705,343.21769,50.41228,263.85,6.46,-0.047,
112997,8703,343.25945,16.84119,89.525,5.86,1.132,
112998,8707,343.26574,60.10103,389.11,6.01,1.748,
113009,8706,343.29740,40.16736,304.88,6.33,-0.074,
113020,,343.31966,-14.26370,4.6887,10.16,1.597,Gl 876
113031,8704,343.36961,-11.61651,253.16,5.80,-0.082,74 Aqr
113044,8700,343.40778,-48.59829,32.616,6.03,0.621,Tau1Gru
113048,8708,343.41732,44.74916,56.915,5.79,0.282,
113080,,343.52352,-19.17515,130.89,6.37,1.515,
113084,8712,343.52903,40.37691,93.197,5.82,1.136,
113086,,343.53089,19.89204,43.328,7.02,0.53,
113105,,343.57536,17.79500,144.93,6.60,1.001,
113116,8748,343.60183,84.34618,109.05,4.70,1.418,
113127,8710,343.64217,-7.20463,206.19,6.20,1.284,78 Aqr
113131,8714,343.64844,16.94183,418.41,6.39,1.729,
113136,8709,343.66255,-15.82082,49.237,3.27,0.066,Skat
113137,8701,343.66472,-70.07371,26.745,6.04,0.66,Rho Ind
113148,8711,343.68948,-16.27196,41.186,5.53,1.111,77 Aqr
113159,,343.72824,-22.36895,43.141,6.76,0.469,
113167,8715,343.74786,1.06490,108.23,6.11,0.192,1 Psc
113174,8718,343.76099,37.07683,39.017,5.91,0.397,
113184,8716,343.79566,-4.98790,83.403,5.72,0.881,
113186,8717,343.80696,8.81617,95.694,4.91,-0.003,50Rho Peg
113189,8713,343.81208,-36.38858,179.86,6.40,1.313,
113190,,343.81692,-48.49175,44.543,6.67,0.458,
113191,,343.81757,-48.46580,47.687,7.04,0.56,
113204,,343.87748,-20.13940,212.77,6.36,1.429,
113222,8723,343.93543,36.35139,191.2,5.73,-0.051,
113229,,343.94708,-75.45867,8.6155,10.42,1.485,Gl 877
113234,8719,343.96473,-31.63323,404.86,6.09,1.358,
113240,,343.97652,-41.09676,126.1,6.72,1.013,
113246,8720,343.98708,-32.53963,47.259,4.20,0.952,23Del PsA
113249,,343.99318,62.43227,283.29,6.53,1.82,
113281,8725,344.09846,41.60388,390.62,5.60,-0.149,16 Lac
113283,8721,344.10008,-31.56557,7.6092,6.48,1.094,Gl 879
113288,8726,344.10832,49.73354,490.2,4.99,1.778,Tengshe
113296,,344.14513,16.55343,6.8451,8.68,1.507,Gl 880
113307,8722,344.19919,-47.96922,74.627,5.72,0.226,Tau3Gru
113311,8724,344.21445,11.84834,98.814,6.53,0.17,
113327,8731,344.26875,48.68407,251.89,5.34,-0.102,
113331,,344.27857,-3.24522,85.763,6.60,0.218,
113345,8727,344.32166,-4.81009,119.05,6.31,0.948,
113354,,344.35710,43.01282,183.82,6.64,1.569,
113357,8729,344.36655,20.76883,15.608,5.45,0.666,Helvetios
113360,8730,344.38668,3.81024,114.29,6.28,1.122,
113368,8728,344.41257,-29.62224,7.7036,1.17,0.145,Fomalhaut
113371,8733,344.41974,39.30878,471.7,6.17,-0.148,
113387,,344.45045,73.13350,168.92,6.54,1.067,
113402,,344.49744,-59.08950,74.46,6.70,0.344,
113421,8734,344.56476,-2.39539,19.857,6.17,0.744,
113433,8735,344.59859,-1.41021,104.17,6.38,0.366,
113445,8737,344.64616,9.35686,32.563,6.43,0.64,
113447,8732,344.64587,-35.52323,74.349,6.15,0.582,
113465,8738,344.67761,7.34007,90.09,6.35,0.052,
113498,8745,344.78751,59.81466,330.03,6.46,0.012,
113501,8744,344.79314,52.65453,220.75,6.31,1.414,
113503,8739,344.79922,11.72884,94.34,5.76,0.293,52 Peg
113521,8742,344.86440,0.96293,91.659,5.43,0.982,2 Psc
113531,8741,344.89864,-13.07090,272.48,6.12,1.459,
113532,8740,344.89899,-29.46231,95.785,5.51,0.271,
113561,8752,345.02125,56.94537,,5.10,1.011,
113562,8743,345.02411,-25.16418,210.53,5.66,1.253,
113576,,345.06735,-22.52435,8.2176,7.88,1.379,Gl 884
113579,,345.08033,-26.15375,30.76,7.47,0.655,
113583,,345.08312,-8.88053,96.899,6.81,0.428,
113593,8746,345.10264,-25.62685,120.34,6.30,1.124,
113603,8755,345.14330,45.37481,568.18,6.51,0.299,
113610,8750,345.15795,0.18587,179.53,6.22,0.892,3 Psc
113621,8753,345.17673,31.08296,135.5,6.60,-0.04,
113622,8751,345.17876,3.01180,136.61,5.85,1.343,
113638,8747,345.22015,-52.75414,33.378,4.11,0.96,Zet Gru
113640,8758,345.22812,38.70784,320.51,6.57,-0.116,
113657,8749,345.28145,-50.95003,149.7,5.68,1.411,
113664,,345.31161,80.78179,135.5,6.68,0.241,
113669,8754,345.33075,-28.85396,163.93,5.55,1.349,
113673,8756,345.34602,-22.79089,120.77,6.27,0.126,
113674,8757,345.34851,-7.06115,151.75,6.23,1.418,81 Aqr
113684,8761,345.37799,57.10546,303.95,6.24,1.499,
113686,8759,345.38212,-4.71146,452.49,5.94,0.992,
113699,,345.41415,4.46115,39.541,7.06,0.586,
113705,,345.43158,3.53091,126.26,6.44,0.97,
113718,,345.46476,-3.84873,17.036,7.48,0.943,Gl 886
113719,,345.46438,34.61254,82.372,6.74,0.398,
113726,8762,345.48025,42.32598,210.53,3.62,-0.099,Alfarasalkamil
113750,,345.54717,44.57286,121.07,6.43,0.959,
113781,8763,345.63565,-6.57401,446.43,6.18,1.59,82 Aqr
113783,8765,345.63905,31.78160,114.42,6.56,0.342,
113784,8760,345.64206,-36.42088,126.26,6.46,0.938,
113787,,345.64656,16.23243,392.16,6.56,1.206,
113788,8766,345.65154,42.75780,129.2,5.09,0.094,2 And
113792,,345.65748,-18.54170,100.4,6.78,1.0,
113797,8770,345.68288,55.23638,260.42,6.51,-0.079,
113801,8764,345.68439,-20.87071,73.475,5.97,0.946,
113802,8768,345.68812,44.05875,325.73,6.37,-0.02,
113821,,345.73659,-47.84832,163.93,6.64,-0.046,
113829,,345.77076,20.91858,24.716,6.65,0.62,
113852,8778,345.83900,58.56385,87.336,6.43,0.898,
113860,8767,345.87420,-34.74941,29.42,5.12,0.305,Pi PsA
113864,8779,345.88692,67.20921,126.74,5.25,1.248,
113881,8775,345.94351,28.08279,60.096,2.44,1.655,Scheat
113884,,345.96078,21.59827,26.062,7.22,0.631,
113889,8773,345.96922,3.82004,125.16,4.48,-0.115,Fumalsamakah
113896,8772,345.98864,-4.79486,29.386,6.68,0.581,
113902,8771,345.99849,-41.47890,95.329,5.79,1.069,
113904,8776,346.00324,6.61634,88.653,6.42,0.417,
113919,8780,346.04553,50.05209,54.171,4.64,1.058,3 And
113947,,346.13605,63.24067,156.49,6.63,1.025,
113952,,346.15172,31.30746,64.475,6.77,0.398,
113957,8774,346.16502,-53.96491,111.61,5.37,1.453,Kap Gru
113963,8781,346.19022,15.20526,40.883,2.49,-0.002,Markab
113969,8769,346.21740,-68.82023,53.447,5.53,0.395,
113980,,346.25067,4.22540,44.663,7.07,0.472,
113989,,346.27290,68.41706,29.542,7.49,0.646,GJ 9808
113994,8784,346.27620,16.56284,36.219,6.43,0.886,
113996,8782,346.29078,-7.69380,64.226,5.44,0.312,83 Aqr
113998,8783,346.30356,-17.07925,198.02,6.15,1.37,
114005,8785,346.32346,1.30713,117.23,6.39,0.928,
114028,,346.37979,14.45167,36.684,7.10,0.597,
114031,,346.38766,14.95906,105.82,6.80,0.006,
114046,,346.46296,-35.85307,3.2759,7.35,1.483,Lacaille 9352
114081,8788,346.57556,18.51777,43.554,6.16,0.482,
114092,,346.61897,61.44013,112.99,6.75,0.477,
114096,8792,346.63281,19.91085,27.949,6.44,0.544,
114104,8797,346.65339,59.41976,346.02,4.84,-0.06,1 Cas
114119,8789,346.67017,-23.74311,66.313,4.48,0.892,86 Aqr
114131,8787,346.71975,-43.52036,40.437,4.28,0.423,The Gru
114132,8790,346.72341,-38.89229,87.336,5.62,0.006,Ups Gru
114139,,346.74154,-30.04814,66.667,6.57,0.435,
114144,8795,346.75108,9.40949,100.81,4.54,1.559,55 Peg
114152,,346.77093,35.63649,197.24,6.38,1.158,
114155,8796,346.77808,25.46826,181.49,4.76,1.285,56 Peg
114159,8791,346.78932,-49.60614,398.41,6.33,1.452,
114162,8801,346.79188,52.81660,108.93,6.12,1.06,
114163,8803,346.79353,59.72739,418.41,6.41,-0.03,
114167,8793,346.81161,-50.68668,45.704,5.81,0.486,
114187,8798,346.86552,32.82534,163.4,6.13,0.137,
114189,8799,346.86963,21.13425,39.401,5.97,0.259,
114200,8804,346.91363,46.38723,106.95,5.30,1.409,4 And
114210,8805,346.93890,49.29578,34.341,5.68,0.449,5 And
114212,8808,346.94892,63.63347,409.84,6.25,-0.025,
114222,8819,346.97435,75.38750,75.643,4.41,0.802,33Pi Cep
114227,8811,346.98834,64.22253,324.68,6.21,1.084,
114233,,347.02900,3.32899,15.858,10.90,1.49,Gl 889.1
114237,8806,347.05172,44.56185,186.57,6.51,0.168,
114254,8802,347.08779,-28.82370,82.44,5.60,0.882,
114258,8786,347.09832,-79.48069,73.475,6.11,0.145,
114268,8794,347.14818,-73.58612,184.16,6.18,1.419,
114273,8807,347.17050,2.12788,81.5,5.42,0.908,5 Psc
114291,,347.21476,-25.83062,38.625,6.74,0.476,
114341,8812,347.36165,-21.17241,82.988,3.68,1.202,Safina
114347,8815,347.38107,8.67716,239.81,5.05,1.484,57 Peg
114348,,347.38529,29.66963,235.29,6.59,1.155,
114361,,347.42190,-67.73282,14.983,8.29,1.201,GJ 1279
114365,8822,347.43392,59.33269,534.76,5.68,0.315,2 Cas
114366,8813,347.43595,-28.08857,199.2,5.88,1.311,
114367,,347.43639,-67.87628,52.521,6.47,0.394,
114371,8816,347.45646,-14.51055,104.28,6.43,0.01,
114373,,347.46849,39.46921,113.51,6.66,0.227,
114375,8817,347.47873,-22.45761,154.56,4.71,0.674,89 Aqr
114377,,347.48221,67.24206,180.51,6.66,0.021,
114378,,347.48793,14.42655,24.826,6.54,0.607,
114379,,347.48883,47.95837,23.68,7.91,0.9,GJ 4315A
114382,8814,347.48933,-42.86129,33.411,5.83,0.475,
114385,,347.49513,47.95941,24.981,7.11,0.658,
114389,8821,347.50608,9.82208,248.14,5.39,-0.068,58 Peg
114407,8818,347.54055,-40.59155,281.69,5.90,1.565,
114408,8809,347.55051,-66.85764,63.613,6.47,0.956,
114411,,347.56540,-25.93132,16.085,11.27,1.566,Gl 891
114416,,347.58541,-68.83890,20.942,8.70,1.004,GJ 1280
114420,,347.58840,49.01832,45.393,7.29,0.674,
114421,8820,347.58960,-45.24671,56.18,3.88,0.998,Iot Gru
114424,,347.60298,-7.81200,35.137,7.33,0.604,
114428,,347.61276,-60.56440,97.752,6.72,0.214,
114430,8825,347.61352,43.54423,27.647,5.91,0.45,6 And
114449,8824,347.67765,17.59437,155.52,5.68,1.33,
114453,8823,347.69415,-29.52514,110.25,6.53,0.282,
114456,,347.70874,45.51227,24.301,6.98,0.75,
114489,,347.80864,5.00432,172.41,6.66,1.434,
114512,,347.91166,47.09870,45.914,7.21,0.694,
114520,8826,347.93412,8.72012,74.294,5.15,0.139,59 Peg
114526,8827,347.95502,26.84731,70.175,6.19,0.937,60 Peg
114550,8810,348.05185,-80.91270,227.27,6.43,1.498,
114570,8830,348.13740,49.40621,24.588,4.53,0.302,Honores
114607,8831,348.26662,29.44152,116.55,6.34,0.924,
114622,8832,348.31647,57.16835,6.5462,5.57,1.0,Gl 892
114641,8833,348.36044,11.06500,105.93,5.85,1.004,
114670,,348.45096,15.36763,43.821,7.37,0.561,
114686,,348.49732,19.63390,179.21,6.47,1.151,
114699,8829,348.52608,-62.70000,29.351,6.12,0.787,
114702,,348.53112,-8.92433,39.062,7.55,0.544,
114703,,348.53169,-8.93133,25.432,8.20,0.651,
114708,,348.53373,-70.05819,53.648,6.90,0.733,GJ 4318
114714,8837,348.55987,50.61789,123.61,6.32,-0.005,
114724,8834,348.58066,-6.04900,61.958,4.22,1.545,90Phi Aqr
114725,8838,348.59049,29.77183,104.38,6.41,0.448,
114742,8839,348.65202,24.10290,176.06,6.36,1.167,
114745,8844,348.65433,74.23127,138.89,5.89,-0.01,
114750,8836,348.66738,-10.68872,193.42,6.13,1.504,
114769,,348.72810,65.42405,52.111,7.23,0.429,
114775,8835,348.74417,-41.10540,76.57,5.77,1.16,
114810,,348.84785,-56.69188,92.678,6.57,0.29,
114822,8840,348.89274,-3.49638,71.225,5.56,0.062,
114831,8851,348.90716,70.88808,116.28,5.55,0.263,
114834,,348.91778,1.30825,40.717,6.76,0.537,
114842,,348.93631,-29.84755,100.91,6.52,1.064,
114844,8842,348.94287,28.24790,265.96,6.51,0.833,61 Peg
114855,8841,348.97289,-9.08774,45.935,4.24,1.107,91Psi1Aqr
114863,8845,348.99117,24.77095,44.484,6.57,0.415,
114868,,349.00302,35.39969,79.051,6.87,0.288,
114886,,349.07551,30.67021,24.021,8.07,0.871,GJ 4320
114899,,349.10607,-55.52693,59.242,6.93,0.446,
114921,8846,349.16579,-44.48917,89.206,5.92,1.053,
114924,8853,349.17607,53.21348,20.504,5.58,0.556,GJ 4324
114937,8847,349.20765,-41.19440,158.98,6.49,1.07,
114939,8850,349.21225,-7.72650,187.97,4.93,1.613,92Chi Aqr
114948,8843,349.23988,-62.00120,20.538,5.64,0.521,GJ 1282
114952,,349.24641,-7.16078,40.984,6.71,0.415,
114969,,349.28647,-28.43827,751.88,6.24,1.556,
114971,8852,349.29141,3.28229,42.301,3.70,0.916,6Gam Psc
114981,8857,349.31937,45.16417,77.519,6.44,1.077,
114984,8867,349.32861,75.29903,183.82,6.35,0.049,
114996,8848,349.35747,-58.23573,23.057,3.99,0.41,Gam Tuc
115011,,349.40538,18.30477,134.05,6.73,0.392,
115015,8856,349.41701,-11.71294,121.36,6.33,0.058,
115022,8860,349.43598,49.01530,172.71,4.82,1.668,8 And
115033,8858,349.47590,-9.18251,123.15,4.41,-0.144,93Psi2Aqr
115036,8861,349.48335,45.48892,179.86,6.48,-0.037,
115038,,349.48578,-13.79517,248.14,6.59,1.264,
115054,8859,349.54109,-40.82436,35.411,5.54,0.445,Phi Gru
115062,8855,349.58335,-67.47118,196.46,6.15,1.356,
115064,,349.59594,-24.99845,12.018,11.57,,
115065,8864,349.59718,41.77368,129.53,5.98,0.215,9 And
115087,,349.65234,-58.30635,40.617,7.50,0.632,GJ 9819
115088,8872,349.65600,68.11145,62.267,4.75,0.836,34Omi Cep
115102,8863,349.70599,-32.53203,55.866,4.41,1.109,Gam Scl
115115,8865,349.74032,-9.61075,80.192,4.99,-0.022,95Psi3Aqr
115120,8870,349.76000,45.13675,132.98,6.51,0.174,
115121,,349.76373,-28.38785,250.63,6.49,1.535,
115123,,349.77273,-60.52066,19.399,8.93,1.154,GJ 1283
115126,8866,349.77777,-13.45855,21.119,5.20,0.787,94 Aqr
115129,8849,349.78567,-79.47241,142.65,6.34,0.913,
115142,8868,349.84990,-5.12435,34.165,5.56,0.386,96 Aqr
115144,8869,349.85045,-18.07538,427.35,5.96,1.534,
115147,,349.85889,79.00352,19.205,7.53,0.893,
115148,8873,349.86422,34.79318,305.81,6.32,-0.053,
115152,8874,349.87417,48.62532,87.719,5.44,1.014,11 And
115171,8875,349.92289,48.38094,114.94,6.29,1.123,
115178,8871,349.92977,-33.70805,181.82,6.35,1.308,
115191,8876,349.96837,42.07804,147.49,5.81,1.512,10 And
115214,,350.04845,23.09115,243.31,6.63,1.41,
115218,8881,350.05989,61.97013,324.68,6.39,1.678,
115220,,350.06604,-3.91914,48.733,6.64,0.52,
115227,8878,350.08577,5.38131,132.63,5.05,1.204,7 Psc
115245,8886,350.14391,62.21326,657.89,6.41,1.605,
115250,8880,350.15934,23.74034,49.579,4.58,0.18,Salm
115257,8879,350.17037,-5.90798,113.12,6.17,1.089,
115261,8884,350.18375,44.11617,75.245,6.25,0.152,
115271,8882,350.20646,30.41492,128.7,5.58,1.501,63 Peg
115272,8877,350.20900,-50.30656,86.207,6.04,0.423,
115280,8885,350.22185,38.18233,41.964,5.77,0.468,12 And
115288,,350.24007,17.25262,75.358,6.67,0.329,
115312,8883,350.31457,-26.98677,101.32,5.65,0.817,
115316,,350.33976,-4.67277,98.232,6.79,0.14,
115331,,350.40153,44.09788,21.524,7.36,0.801,Gl 894.4
115332,,350.40609,17.29038,10.989,11.70,1.524,GJ 4333
115341,,350.43501,45.17606,20.483,8.12,1.056,
115355,8887,350.47888,31.81246,254.45,5.35,-0.101,64 Peg
115360,8888,350.49275,26.60890,69.93,6.59,0.4,
115366,,350.52082,28.69481,79.491,6.74,0.392,
115389,,350.61908,25.91848,467.29,6.38,1.54,
115395,8894,350.63553,60.13349,526.32,5.56,1.679,
115404,8890,350.66321,-15.03934,65.359,5.19,0.203,97 Aqr
115407,8891,350.66880,20.82872,175.13,6.28,-0.033,65 Peg
115417,,350.70274,20.55895,37.383,6.62,0.6,
115433,8889,350.73636,-60.05584,260.42,6.08,1.603,
115438,8892,350.74263,-20.10058,50.1,3.96,1.082,98 Aqr
115444,8893,350.76903,12.31391,119.05,5.09,1.315,66 Peg
115445,,350.77038,-10.76424,19.124,7.80,0.881,Gl 894.5
115462,,350.84198,-55.55340,199.6,6.57,1.269,
115476,8897,350.88311,0.29133,206.61,6.33,1.583,
115496,8896,350.93925,-43.12443,301.2,6.12,1.464,
115500,8899,350.94798,32.53130,68.446,6.70,0.452,
115510,8895,350.97705,-53.80874,118.62,6.13,0.258,
115522,,351.01659,-21.77441,62.539,6.46,0.433,
115527,,351.02640,-7.55076,30.12,7.62,0.682,
115528,8900,351.03273,-18.68801,96.339,6.18,1.02,
115530,,351.03696,41.61287,293.26,6.37,1.702,
115537,8898,351.05521,-51.89117,180.51,5.75,1.611,
115544,,351.06861,3.71551,223.71,6.62,1.152,
115547,,351.07853,-72.16520,41.911,6.88,0.541,
115550,,351.08709,86.41779,128.21,6.61,0.55,
115562,,351.12727,57.85431,12.962,10.03,1.465,Gl 895
115590,8904,351.20938,62.28281,240.96,4.96,1.676,4 Cas
115591,8903,351.21180,32.38488,145.14,5.56,-0.075,67 Peg
115620,8901,351.33093,-56.84898,89.047,5.60,1.063,
115623,8905,351.34490,23.40410,52.247,4.42,0.617,Alkarab
115669,8906,351.51162,-20.64201,86.881,4.38,1.46,99 Aqr
115678,,351.54915,70.68548,103.84,6.66,0.297,
115681,,351.55131,-27.42459,161.81,6.58,1.0,
115696,,351.61386,40.38654,90.334,6.81,0.95,
115697,,351.61435,8.64384,50.891,7.10,0.602,
115709,,351.64781,-21.74084,116.96,6.43,1.036,
115713,8907,351.65235,-52.72160,30.769,5.53,0.409,Omi Gru
115715,,351.66771,45.33814,36.285,7.36,0.644,
115724,,351.68186,2.47837,147.06,6.72,1.108,
115738,8911,351.73314,1.25561,47.059,4.95,0.036,8Kap Psc
115746,8938,351.74985,87.30750,102.14,5.56,0.25,
115755,8913,351.78075,42.91201,91.996,5.75,-0.007,13 And
115756,8908,351.78105,-66.58089,298.51,6.47,1.455,
115759,8910,351.78791,-50.15724,140.25,6.22,-0.08,
115768,8912,351.81163,1.12261,112.99,6.26,1.013,9 Psc
115769,8909,351.81235,-58.47611,96.339,5.63,0.983,
115770,8918,351.81870,70.35978,65.359,5.60,0.163,
115806,8915,351.91827,25.16728,110.62,5.99,-0.066,69 Peg
115830,8916,351.99207,6.37899,45.537,4.27,1.062,10The Psc
115833,8914,352.00287,-35.54449,172.71,6.34,1.201,
115836,8862,352.01490,-87.48221,149.03,5.50,1.278,Tau Oct
115839,8917,352.02163,-11.44975,125.47,6.37,0.902,
115856,,352.09809,19.88558,108.7,6.67,0.248,
115906,8921,352.25277,-9.26610,287.36,6.20,1.438,
115907,8920,352.25340,-44.49807,161.29,6.43,1.177,
115908,8919,352.25397,-63.11066,118.48,5.66,-0.142,
115915,8922,352.27366,23.04808,136.05,6.45,1.088,
115919,8923,352.28872,12.76055,53.619,4.54,0.939,70 Peg
115930,,352.32051,-54.50141,193.05,6.53,1.072,
115945,,352.36245,-1.79121,279.33,6.35,1.125,
115951,,352.37633,-1.03590,38.212,6.88,0.62,
115953,8924,352.38367,-4.53275,47.304,6.26,1.123,
115990,8926,352.50804,58.54892,190.48,4.89,-0.122,
115996,8925,352.53086,49.13314,277.01,6.19,1.464,
116003,,352.55593,-20.39097,16.202,11.09,1.5,GJ 1284
116005,,352.55716,31.70582,25.893,8.34,0.889,GJ 4339
116030,8927,352.66482,38.66225,208.77,6.07,0.992,
116060,8928,352.75476,-6.28808,460.83,6.39,1.259,
116063,,352.76109,-69.07674,30.647,7.10,0.595,
116069,,352.77764,2.36337,50.531,7.17,0.448,
116076,8930,352.82235,39.23620,79.177,5.22,1.029,Veritate
116085,,352.83997,59.16552,16.932,6.76,0.839,Gl 895.4
116097,8929,352.86228,-44.84358,104.93,6.02,1.014,
116102,,352.87554,28.66617,115.87,6.53,0.985,
116106,8931,352.88126,-4.08741,26.116,6.50,0.531,GJ 9829
116118,8932,352.92518,-21.36946,76.162,6.24,0.319,100 Aqr
116119,8933,352.92930,28.40349,129.03,6.41,0.035,
116131,,352.96524,-41.75238,201.21,6.57,1.222,
116132,,352.96732,19.93726,6.182,10.05,1.19,Gl 896A
116141,,352.98329,-25.74414,134.41,6.57,1.004,
116146,8934,352.98986,-1.08588,206.61,6.39,1.177,13 Psc
116161,,353.04798,65.73916,136.05,6.65,0.23,
116164,,353.05291,7.08489,76.687,6.80,0.505,
116181,8936,353.10327,34.95234,208.77,6.66,-0.045,
116187,,353.12095,23.84361,197.24,6.41,1.492,
116215,,353.20579,-16.84564,15.156,8.59,1.29,Gl 898
116228,,353.23529,46.12368,261.78,6.61,1.67,
116231,8937,353.24268,-37.81827,53.362,4.38,-0.095,Bet Scl
116247,8939,353.31927,-20.91450,90.009,4.70,0.02,101 Aqr
116250,8935,353.33148,-77.38533,31.437,5.82,0.681,GJ 4340
116259,,353.35003,42.84663,34.941,7.14,0.585,GJ 9830
116264,8940,353.36706,22.49877,159.49,5.33,1.481,71 Peg
116277,,353.39496,17.81883,48.193,6.81,0.666,
116292,8941,353.42913,45.05810,183.82,6.25,0.986,
116307,8942,353.48121,20.84093,277.78,6.10,1.654,
116310,8943,353.48826,31.32528,168.35,4.97,1.383,72 Peg
116317,,353.51388,0.17941,13.978,11.16,1.454,Gl 899
116323,8944,353.53757,-1.24757,64.935,5.91,0.299,14 Psc
116338,,353.60487,5.47055,78.989,6.90,0.428,
116354,8947,353.65643,40.23644,80.321,5.55,0.096,15 And
116355,8948,353.65919,33.49733,88.968,5.63,1.042,73 Peg
116360,,353.67172,37.79990,53.05,7.22,0.579,
116365,8950,353.69475,38.02400,232.56,6.18,1.586,
116368,8946,353.70567,-15.24601,113.9,5.95,1.35,
116370,,353.70987,-42.68429,71.429,6.65,0.218,
116380,8952,353.74598,71.64204,645.16,5.86,1.681,
116383,,353.74826,24.42582,119.76,6.67,1.083,
116384,,353.75115,1.60540,19.026,9.59,1.329,Gl 900
116387,,353.75895,-56.82535,95.785,6.73,0.383,
116389,8949,353.76898,-42.61507,76.278,4.69,0.078,Iot Phe
116416,,353.85679,31.16131,23.809,7.90,0.845,GJ 4343
116421,,353.87018,31.01717,32.96,6.86,0.604,
116422,,353.86908,1.31314,86.058,6.47,1.151,
116427,,353.88018,32.19787,133.69,6.53,0.926,
116428,8951,353.88363,-7.46443,144.3,6.40,0.874,
116436,,353.91685,-27.49049,38.506,6.66,0.56,
116465,8953,353.98309,24.56101,278.55,6.44,1.703,
116478,,354.02490,18.44273,36.603,7.64,0.7,
116482,,354.04018,-26.87631,65.92,6.57,0.274,
116495,8954,354.09702,2.10222,30.979,5.68,0.449,16 Psc
116505,8955,354.12714,32.90422,72.046,6.35,0.459,
116510,,354.14172,-44.89283,78.37,6.92,0.2,
116539,8956,354.27240,-31.87114,304.88,6.51,1.253,
116542,,354.27755,30.67802,51.072,7.21,0.616,
116582,8962,354.38351,44.42899,247.52,5.81,-0.064,
116584,8961,354.39084,46.45815,26.406,3.81,0.984,Udkadua
116591,8958,354.41483,-13.06024,81.9,5.66,1.025,
116592,8960,354.41557,16.82550,112.74,6.26,0.025,74 Peg
116602,8959,354.46240,-45.49235,61.387,4.74,0.082,
116611,8963,354.48667,18.40067,71.378,5.49,0.01,75 Peg
116613,8964,354.49332,46.19944,23.332,6.58,0.665,GJ 4351
116616,,354.50103,48.99652,49.068,7.11,0.665,
116624,,354.51262,-15.09511,118.48,6.38,1.078,
116631,8965,354.53415,43.26807,153.14,4.29,-0.083,Rasalnaqa
116653,8957,354.59889,-76.86955,161.81,5.99,0.907,
116679,,354.68198,-62.88549,164.74,6.63,0.926,
116699,,354.73199,-45.61186,61.69,7.03,0.3,
116709,8967,354.78474,50.47173,129.2,5.35,-0.061,18 And
116714,8971,354.79235,75.29288,79.114,5.95,0.124,
116727,8974,354.83730,77.63228,14.102,3.21,1.031,Errai
116728,8972,354.83817,74.00263,100.4,5.98,0.889,
116737,8966,354.86642,-46.63780,78.864,6.07,0.24,The Phe
116740,,354.87896,28.24650,49.826,7.04,0.658,
116745,,354.90497,-72.72216,11.421,7.09,0.989,Gl 902
116758,8968,354.94611,-14.22218,43.592,4.97,0.257,102Ome1Aqr
116763,,354.96372,-32.74341,18.57,7.18,0.802,Gl 902.1
116768,8970,354.97933,9.67729,54.407,5.99,0.212,
116771,8969,354.98766,5.62629,13.714,4.13,0.507,17Iot Psc
116777,,355.00454,27.51497,145.14,6.66,1.032,
116781,8973,355.01175,37.65264,90.826,6.49,0.355,
116805,8976,355.10204,44.33393,51.626,4.15,-0.071,Kaffalmusalsala
116819,,355.15768,-18.98890,27.1,7.59,0.731,
116820,8975,355.15899,-32.07312,89.445,5.30,0.965,Mu Scl
116824,8977,355.16917,36.72077,43.668,6.24,0.424,
116838,,355.21433,20.36588,26.021,8.27,1.113,Gl 904.1A
116849,,355.27281,46.21826,66.313,6.97,0.477,
116851,8978,355.27909,-24.16048,291.55,6.61,1.592,
116852,,355.28475,-32.07126,44.464,7.11,0.667,
116853,8979,355.28713,-11.68065,107.07,5.89,0.984,
116876,8981,355.36163,49.51241,228.83,6.26,0.182,
116889,8980,355.39371,-18.02708,232.02,5.36,1.58,103 Aqr
116901,8982,355.44085,-17.81653,257.07,4.82,0.822,104 Aqr
116912,8985,355.47733,57.25995,285.71,6.24,1.025,
116918,8983,355.48622,7.25055,99.404,5.89,0.101,
116928,8984,355.51168,1.78004,32.69,4.49,0.2,18Lam Psc
116941,8986,355.56113,44.99171,227.27,6.43,1.5,
116948,8989,355.58725,64.51539,289.02,6.52,1.878,
116957,8987,355.61594,-15.44803,82.781,5.27,1.344,
116962,8990,355.63095,61.67936,134.95,6.40,1.25,
116971,8988,355.68059,-14.54490,45.537,4.49,-0.032,105Ome2Aqr
116972,,355.68275,16.33572,112.74,6.30,0.97,
116991,,355.77102,51.93933,163.93,6.44,1.034,
116994,,355.77474,-46.31213,141.44,6.63,0.901,
117020,8991,355.84317,10.33154,189.75,5.09,1.692,77 Peg
117029,,355.86183,58.08030,45.872,7.14,0.645,
117073,8997,355.99784,29.36145,68.776,4.93,0.935,78 Peg
117075,8993,356.00517,-45.08312,69.204,6.08,0.978,
117081,,356.03066,-27.19607,15.733,9.01,0.535,
117088,8996,356.05014,-64.40445,223.21,5.73,1.393,
117089,8998,356.05032,-18.27694,116.14,5.24,-0.084,106 Aqr
117105,8994,356.10477,-70.49023,46.533,6.06,0.91,
117107,8999,356.12111,-26.24663,68.776,6.23,0.495,
117125,8995,356.16965,-78.79144,148.59,5.74,1.108,
117133,9000,356.20159,55.79969,149.93,6.46,0.992,
117173,,356.34078,10.17984,68.073,6.54,0.168,
117182,,356.37219,20.41544,159.24,6.56,0.5,
117218,9002,356.50383,-18.67834,73.206,5.28,0.299,107 Aqr
117219,9001,356.50516,-40.18256,67.476,6.32,0.21,
117221,9003,356.50851,46.42028,307.69,4.97,1.086,20Psi And
117226,,356.53146,60.46537,18.162,9.75,2.108,
117245,9004,356.59799,3.48681,275.48,4.95,2.508,19 Psc
117258,,356.64213,-8.99687,38.58,7.23,0.551,
117265,9005,356.65304,66.78224,456.62,5.95,-0.049,
117299,9010,356.75799,57.45136,492.61,5.55,1.63,
117301,9008,356.76426,58.65199,53.333,4.88,1.122,5Tau Cas
117314,9009,356.81631,-11.91113,93.545,5.74,1.068,
117315,9006,356.81664,-50.22646,185.19,5.18,-0.164,Sig Phe
117320,,356.83725,-48.27559,40.161,6.89,0.659,
117340,9011,356.88771,46.83256,319.49,6.08,-0.135,
117371,9013,356.97814,67.80681,92.937,5.05,0.007,
117374,,356.98462,-66.56742,45.935,6.73,0.446,
117375,9012,356.98560,-2.76160,97.087,5.49,0.941,20 Psc
117394,,357.05054,8.24559,57.637,6.66,0.324,
117420,9014,357.13533,-6.38043,243.9,6.09,1.452,
117430,9017,357.16268,64.87645,168.63,6.41,0.062,
117444,,357.20054,-47.65002,174.22,6.65,0.989,
117445,9015,357.20569,2.21441,54.705,6.47,0.461,
117447,9018,357.20905,62.21452,,5.43,0.67,6 Cas
117450,9019,357.22475,59.97897,117.37,6.33,-0.007,
117452,9016,357.23140,-28.13027,42.141,4.59,0.001,Del Scl
117463,,357.25482,3.18117,25.68,8.38,0.929,
117472,9020,357.29961,58.96320,77.16,6.36,0.408,
117473,,357.30219,2.40122,5.9776,8.98,1.46,Gl 908
117481,,357.33138,-27.85425,34.014,6.95,0.511,
117491,9022,357.36449,1.07613,93.11,5.77,0.167,21 Psc
117494,9021,357.38171,-15.86128,120.19,6.21,1.212,
117500,9025,357.41412,28.84239,88.339,5.95,0.187,79 Peg
117503,9024,357.42066,36.42528,129.7,5.86,0.806,
117507,9023,357.43631,-62.83949,193.05,6.59,1.471,
117510,9026,357.45664,-25.33134,98.328,6.44,0.097,
117528,,357.52501,-11.10317,62.5,6.78,0.413,
117541,9027,357.56137,-9.97414,91.158,5.93,1.133,
117542,,357.56202,-29.40173,25.432,7.88,0.839,GJ 1291A
117551,9028,357.59246,51.62166,40.617,6.47,0.403,
117567,9029,357.63869,-14.40149,139.47,5.70,1.488,
117571,,357.64848,-47.37694,118.76,6.49,1.025,
117622,,357.82772,40.19850,54.466,6.78,0.419,
117628,9030,357.83853,9.31335,259.07,5.77,1.661,80 Peg
117629,9031,357.83891,-18.90916,97.752,5.17,-0.122,108 Aqr
117659,,357.92937,-40.82768,90.498,6.65,1.096,
117673,,357.96839,37.89123,72.569,6.95,0.434,
117681,9034,357.98780,77.59938,38.941,6.56,0.43,GJ 9843
117683,9033,357.99099,2.93038,229.36,5.59,1.527,22 Psc
117689,9032,358.02777,-82.01882,81.301,5.10,0.934,Gam1Oct
117710,9035,358.09748,21.67110,197.24,6.13,1.616,
117712,9038,358.10299,75.54459,10.891,6.36,0.977,Gl 909A
117718,9036,358.12203,19.12029,141.84,5.06,1.587,81Phi Peg
117722,9037,358.12497,-14.25122,86.356,5.85,1.252,
117730,9039,358.15461,10.94732,56.022,5.30,0.186,82 Peg
117734,,358.16618,-18.56187,88.028,6.83,0.09,
117735,,358.16751,21.74254,146.63,6.68,0.947,
117756,9040,358.21053,-8.99676,189.04,5.76,1.171,
117761,9041,358.23152,-3.15548,137.36,5.93,1.069,24 Psc
117762,,358.23433,36.95426,51.44,6.52,0.571,
117770,,358.25383,17.89977,156.01,6.57,1.412,
117774,9042,358.26982,2.09063,126.26,6.29,-0.003,25 Psc
117797,9043,358.33685,-24.22926,88.106,6.23,0.188,
117815,,358.41631,-65.94713,25.595,6.64,0.589,
117828,,358.45700,-75.63253,9.993,9.99,1.466,
117844,,358.51679,39.28251,180.51,6.62,0.68,
117860,9044,358.58919,-27.04291,81.235,6.34,0.197,
117863,9045,358.59597,57.49938,,4.51,1.19,7Rho Cas
117880,9046,358.66065,-40.30006,27.701,6.03,0.572,
117887,9047,358.69426,0.10931,195.31,5.78,1.466,
117893,,358.70532,74.41009,239.81,6.59,0.018,
117915,,358.76668,28.63368,39.904,7.51,1.007,GJ 4375
117917,,358.76626,-9.46058,74.184,6.73,0.337,
117927,9048,358.78247,7.07097,127.06,6.22,-0.066,26 Psc
117931,9049,358.81911,-31.92147,271,6.09,-0.093,
117939,9051,358.84591,25.95499,178.57,6.52,1.488,
117953,,358.88508,3.50145,30.175,7.72,0.751,
117954,,358.88583,52.73558,133.69,6.61,1.202,
117956,9053,358.88949,47.35580,434.78,6.01,1.17,
117957,9052,358.89101,57.41217,,6.03,0.155,
117978,,358.94040,-13.15258,143.88,6.60,1.172,
117979,,358.94850,48.22026,145.14,6.69,1.094,
117986,,358.97782,15.23029,202.84,6.45,1.56,
117990,,358.99327,21.16595,86.655,6.75,0.321,
118008,,359.04432,-39.05233,21.968,8.24,0.973,GJ 4377
118027,9056,359.11494,83.19112,90.662,6.57,0.064,
118029,9054,359.12478,-24.73722,150.38,6.31,0.921,
118048,9055,359.17293,22.64809,224.72,6.18,1.635,
118071,9057,359.26513,42.65823,322.58,6.01,0.712,
118076,9058,359.28397,-26.62345,296.74,6.26,1.452,
118077,9059,359.28534,55.70571,70.972,5.57,0.478,
118081,,359.29215,-20.83364,145.77,6.45,0.979,
118092,9060,359.33262,-62.95658,66.05,5.95,0.101,
118114,9061,359.38738,-82.16980,93.545,5.72,1.055,Gam2Oct
118116,9063,359.38970,60.02360,387.6,6.47,0.029,
118121,9062,359.39591,-64.29823,47.438,5.00,0.06,Eta Tuc
118127,,359.40976,-33.18911,68.027,7.01,0.505,
118131,9064,359.43971,25.14140,145.99,4.63,1.584,84Psi Peg
118133,,359.44254,11.47438,94.518,6.65,0.04,
118162,,359.52846,50.44768,24.528,6.72,0.694,GJ 4382
118177,,359.58813,35.01304,125.31,6.70,0.251,
118178,9065,359.58843,-15.84748,190.84,6.28,1.079,1 Cet
118179,,359.59020,-63.00299,84.46,6.86,0.825,
118209,9067,359.66824,-3.55598,71.891,4.88,0.93,27 Psc
118212,,359.68054,46.72915,17.541,9.57,1.355,Gl 913
118214,9070,359.69348,46.41318,436.68,6.55,-0.093,
118224,9068,359.70515,32.38170,621.12,6.53,-0.126,
118234,9069,359.73233,-52.74581,88.106,5.13,1.121,Pi Phe
118243,9071,359.75223,55.75493,,4.88,-0.071,8Sig Cas
118256,,359.79027,-42.23688,89.365,6.78,0.215,
118261,,359.80713,-26.04875,22.994,8.69,1.042,
118268,9072,359.82788,6.86332,31.99,4.03,0.419,28Ome Psc
118277,9073,359.86623,-29.48517,226.24,5.59,1.599,
118278,,359.86839,-20.03471,25.094,7.47,0.741,
118281,9074,359.87208,33.72388,28.927,5.81,0.539,GJ 4384A
118298,,359.91936,-5.89305,157.98,6.55,1.043,
118322,9076,359.97891,-65.57713,114.42,4.49,-0.075,Eps Tuc
,,0.66718,-34.22684,13.298,14.90,0.46,GJ 3001
,,1.16847,-40.70515,9.5969,12.84,1.63,GJ 1001
,,1.41440,45.81159,11.751,9.02,1.45,Gl 4B
,,1.55916,58.43750,20.284,7.20,0.78,Gl 4.1B
,,1.68233,-7.53930,4.6992,13.75,1.98,GJ 1002
,,2.09904,-57.08891,13.514,12.07,1.54,GJ 3009
,,2.22562,20.84003,10.638,13.54,,GJ 3010
,,3.06514,50.42348,11.025,14.36,0.42,GJ 1004
,,3.95250,13.55564,11.588,12.58,1.66,Gl 12
,,4.06410,19.86400,15.267,13.22,1.6,GJ 1006B
,,4.57740,44.02350,3.568,11.06,1.79,Gl 15B
,,5.11878,33.08726,12.516,16.05,1.98,GJ 3028
,,6.17549,-27.14783,7.5301,15.42,,GJ 2005
,,7.16511,-6.66461,13.369,12.19,1.48,GJ 1012
,,7.22148,50.37658,13.158,13.15,,GJ 3036
,,8.08104,67.23615,10.128,12.40,,Gl 22B
,,8.14715,7.49176,11.628,12.70,,GJ 3039
,,8.18466,-63.03121,20.921,6.00,,GJ 9015B
,,8.80989,-3.59307,21.048,6.40,,Gl 23B
,,9.33568,-24.76659,15.533,6.40,,Gl 25B
,,9.74168,30.61722,12.579,11.06,1.53,Gl 26
,,10.35637,-22.35074,9.9206,14.53,0.62,GJ 2012
,,10.86009,-41.29366,9.901,13.10,,GJ 3049
,,11.08416,9.12682,12.346,13.80,,GJ 3052
,,11.25111,-15.27281,13.889,14.20,,GJ 3053
,,11.45018,-41.90975,16.023,9.06,1.27,Gl 32B
,,12.25533,57.81737,5.9527,7.51,1.39,Gl 34B
,,12.63622,24.81669,14.085,13.30,,GJ 3061B
,,15.32551,61.36696,10.822,10.83,1.57,Gl 47
,,15.49926,54.18071,15.152,15.12,1.84,GJ 3069
,,15.81981,62.36682,9.0171,13.66,1.68,Gl 51
,,16.22048,-18.12429,10,14.46,1.87,GJ 1028
,,16.40276,28.49236,12.563,14.80,1.89,GJ 1029
,,17.03092,54.92040,7.5529,11.00,,Gl 53B
,,17.07270,-28.80649,13.158,13.42,1.7,GJ 1031
,,17.85658,15.43927,8.4746,14.36,,GJ 3076
,,17.98090,4.91857,15.48,12.89,1.62,GJ 3077A
,,17.98922,4.90189,15.48,13.91,1.7,GJ 3078B
,,18.11628,-1.85684,10.101,14.09,,GJ 3079
,,18.59219,-7.90963,24.384,7.85,0.78,Gl 54.2B
,,18.74577,-68.81917,21.115,8.20,,Gl 55.1B
,,18.93033,-68.87441,20.433,7.20,,Gl 55.3B
,,20.02979,84.15857,13.661,14.77,1.79,GJ 1035
,,20.68772,0.53265,14.451,13.97,1.76,GJ 3093A
,,20.68772,0.53265,14.451,15.00,,GJ 3094B
,,21.40149,9.75792,14.925,13.13,1.68,GJ 3097
,,23.75362,-29.90915,23.646,8.00,,Gl 60B
,,24.58986,57.23148,11.074,11.19,1.39,Gl 63
,,24.49619,-4.99521,12.285,12.84,0.35,Gl 64
,,24.75298,-17.94978,2.6267,12.57,1.85,Gl 65A
,,24.75298,-17.94978,2.6267,12.70,,Gl 65B
,,25.28397,63.81358,13.038,10.07,0.47,GJ 3106
,486,24.94753,-56.19640,7.8223,5.76,0.88,p Eri
,,25.74700,-67.29895,12.658,13.88,0.44,GJ 3112
,,27.95457,64.43503,14.925,11.37,,GJ 3117A
,,27.95453,64.43170,14.925,14.50,,GJ 3118B
,,27.76677,-6.11881,10,14.60,,GJ 3119
,,28.98460,-51.60787,17.486,10.70,,Gl 81B
,,29.80200,3.51812,10.753,14.00,,GJ 1041B
,,30.45345,73.54326,10.526,14.12,1.9,GJ 3125
,,30.05345,13.05304,4.4683,12.28,1.8,Gl 83.1
,,30.39503,63.77069,10,11.03,1.54,GJ 3126
,,30.56005,10.33736,8.9286,15.61,2.02,GJ 3128
,,30.83607,-21.22842,12.987,11.21,1.46,GJ 3131
,,31.73691,45.18607,18.083,10.28,1.49,Gl 84.2A
,,32.22044,49.45052,14.286,12.47,1.54,GJ 3136
,,32.55684,11.53528,11.111,12.72,,GJ 3140
,,34.12971,13.59494,8.4602,15.79,1.98,GJ 3146
,,34.28941,35.44340,10.352,15.99,,GJ 3147
,,34.14363,-30.96788,11.364,13.00,,GJ 3149B
,,34.59357,56.56192,24.39,8.27,0.92,Gl 92.1
,,36.94177,4.43226,16.606,9.50,,Gl 98B
,,38.40239,24.92588,9.7656,12.96,1.7,Gl 102
,,39.06465,6.87166,7.2088,11.66,1.6,Gl 105B
,,39.89194,-11.87107,27.034,5.60,,Gl 105.4B
,,39.96032,-34.13267,15.152,11.75,1.52,GJ 1050
,,40.82276,3.23739,25.138,6.30,,Gl 106.1B
,,41.04326,49.22984,11.232,10.06,1.48,Gl 107B
,,41.64455,16.42087,14.992,16.86,2.02,GJ 3181
,,42.15123,54.38817,10.309,15.32,0.93,GJ 3182
,,44.30830,-24.96744,22.477,8.20,,Gl 120.1B
,,45.45958,-16.58977,7.6336,11.80,,GJ 3193B
,,46.01819,-20.37648,15.385,12.84,1.59,GJ 3198
,,47.66598,73.77435,12.063,14.64,1.79,GJ 1053
,,47.25014,10.02511,11.877,14.85,1.72,GJ 1055
,,48.01774,-28.98636,14.112,6.70,,Gl 127B
,,47.62881,-68.59937,10.152,14.73,0.62,Gl 127.1B
,,48.12001,-38.08903,16.667,11.46,1.56,Gl 130
,,48.34278,4.77563,8.4674,13.80,1.82,GJ 1057
,,48.54815,28.67966,14.925,16.77,2.15,GJ 3208
,,48.17843,-54.11416,10.989,14.75,0.52,GJ 3210
,,48.58699,0.65518,14.265,10.90,,GJ 3211
,,49.04889,58.16945,13.461,11.20,,Gl 130.1B
,,49.29644,45.37370,15.152,12.39,,GJ 3213
,,50.44801,-6.67306,15.873,11.37,1.5,GJ 3218
,,51.42619,5.86578,12.987,14.70,,GJ 3224
,,52.62594,20.09948,16.026,10.79,1.39,GJ 3232
,,53.08149,38.06303,15.385,7.28,,GJ 3233
,,53.66399,-4.84198,15.152,13.10,,GJ 3235
,,54.17155,3.49260,14.286,13.86,,GJ 3237
,,53.99556,-44.51190,4.2918,13.03,1.9,GJ 1061
,,54.56365,-11.48504,15.432,13.01,1.66,GJ 1062
,,55.84438,-9.56375,15.152,14.70,,GJ 3247
,,56.08287,24.87653,19.418,8.85,1.71,GJ 9126
,,56.75517,41.43015,20.45,8.75,0.9,GJ 1064B
,,56.76744,23.99672,20.576,8.38,0.29,GJ 9131
,,56.83551,8.69795,12.547,14.51,1.87,GJ 3250
,,57.68401,-6.09424,9.5329,12.79,1.7,GJ 1065
,,57.74910,-0.87771,14.663,18.02,,GJ 3252
,,58.17124,17.01919,9.6154,13.70,,GJ 3253
,,58.60863,-9.15983,14.925,11.22,1.53,GJ 3256
,,59.36964,-1.15753,15.77,11.61,1.47,Gl 157B
,,61.83519,-24.48496,12.346,12.40,,GJ 3263
,,63.05602,64.73544,11.834,13.71,1.69,GJ 3266
,,63.24374,52.61288,13.28,13.50,1.67,Gl 164
,,62.61458,-53.60396,12.5,13.58,1.93,GJ 1068
,,63.84282,-7.65750,5.0444,9.52,0.03,Gl 166B
,,63.84282,-7.65750,5.0444,11.17,1.67,Gl 166C
,,64.32608,8.82378,10.526,13.82,,GJ 3270
,,65.53031,19.25991,9.6154,12.90,1.7,GJ 3275
,,65.54124,19.48347,14.265,15.04,1.0,Gl 168.1
,,65.25316,-48.65786,8.1301,14.36,0.52,GJ 2034
,,65.55550,-57.44355,15.385,11.80,,GJ 3279
,,66.47193,12.19774,12.346,15.50,,GJ 3285
,,66.05087,-57.07093,25,7.30,,GJ 9155B
,,67.32441,14.23285,12.658,13.50,,GJ 3292
,,67.77890,58.98145,5.5139,12.44,0.31,Gl 169.1B
,,67.60224,39.85098,10.428,13.91,1.73,Gl 170
,,69.55049,28.21846,10,12.53,1.65,GJ 3304
,,69.40842,-2.49158,14.706,10.59,1.45,GJ 3305
,,69.45279,-8.81875,9.5147,13.77,0.33,GJ 3306
,,69.54324,-14.30220,24.39,7.30,,GJ 9160B
,,70.07579,-58.94369,30.96,7.40,,Gl 175B
,,71.10885,27.86304,12.987,11.26,1.53,GJ 3309
,,72.71012,22.12555,14.006,15.21,1.95,GJ 1072
,,73.14260,40.70766,12.92,13.43,1.61,GJ 1073
,,73.37282,-55.85160,10.526,12.15,1.6,GJ 2036B
,,75.31319,24.87543,15.873,11.51,1.48,GJ 3320
,,75.48717,-6.94505,6.135,12.10,,GJ 3323
,,75.61638,-21.25524,8.5193,10.50,,Gl 185B
,,76.06238,11.05806,13.699,13.75,,GJ 3326
,,76.86341,18.64714,15.868,5.70,,Gl 188B
,,76.70745,-21.58188,12.048,10.29,1.52,GJ 3331A
,,76.70328,-21.58186,12.048,11.66,1.51,GJ 3332B
,,76.95397,17.98430,12.346,11.78,1.66,GJ 3333
,,77.58957,48.84368,13.889,11.39,1.53,GJ 3336
,,79.16889,46.00084,12.938,0.96,,Gl 194B
,,79.34652,45.84191,13.106,10.20,1.5,Gl 195A
,,79.34652,45.84191,13.106,13.70,,Gl 195B
,,79.22304,-78.29313,13.021,11.91,1.48,GJ 1077
,,83.32313,44.81849,15.175,12.21,1.6,GJ 1081
,,83.71501,13.88011,12.392,11.81,1.59,GJ 3356
,,83.97995,-7.64487,12.658,12.80,1.63,GJ 3357
,,85.10706,24.80435,10.341,14.85,1.88,GJ 1083A
,,85.55335,-5.46377,12.804,15.28,1.86,GJ 2045
,,86.21215,32.39292,20.833,8.15,,GJ 3363
,1982,86.10885,-22.42020,8.9694,6.13,0.94,Gl 216B
,,87.83205,-0.17199,11.05,14.55,0.48,GJ 1086
,,88.79016,-4.16976,6.4599,14.45,1.05,Gl 223.2
,,89.10558,5.36456,7.9936,14.10,0.6,GJ 1087
,,89.97876,58.57363,13.158,13.56,,GJ 3372B
,,90.29194,59.60097,7.5643,11.71,1.6,GJ 3378
,,90.01487,2.70709,5.3677,11.33,1.68,GJ 3379
,,90.08382,-31.02936,14.966,9.10,,Gl 225.2B
,,90.08382,-31.02936,14.966,8.30,,Gl 225.2C
,,90.62154,49.86397,9.2764,14.47,1.87,GJ 3380
,,91.08861,18.69647,19.608,7.98,,GJ 3383
,,92.72947,10.32000,10.779,12.50,,Gl 228B
,,92.73297,-43.40963,13.333,12.32,1.59,GJ 1088
,,94.83600,-6.65629,14.793,13.06,1.7,Gl 231.3
,,96.17248,23.43500,8.3333,13.06,1.76,Gl 232
,,97.34909,-2.81223,4.1171,14.60,,Gl 234B
,,97.95978,41.49808,11.111,14.83,,GJ 3396
,,99.50076,-61.53280,21.739,8.30,,GJ 3401B
,,100.54559,3.58001,15.625,12.06,,GJ 3404A
,,100.55814,3.59161,15.625,13.33,,GJ 3405B
,,101.28838,-16.71524,2.6371,8.44,-0.03,Gl 244B
,,102.27111,37.11772,13.193,13.76,1.66,GJ 1092
,,103.07497,-5.18843,8.7002,10.09,1.5,Gl 250B
,,103.65912,13.17987,25.641,7.68,0.72,GJ 9220B
,,104.48365,62.32544,7.7519,13.65,,GJ 3417
,,104.55071,14.22174,20.833,8.28,,GJ 3418
,,104.32237,-35.50650,43.197,7.10,,Gl 255B
,,104.44931,-44.29079,8.0244,11.70,,Gl 257B
,,104.86776,19.34963,7.758,14.83,1.93,GJ 1093
,,105.47160,-6.45205,12.658,15.27,0.88,Gl 261
,,105.97938,52.70709,9.1659,13.30,1.84,GJ 3421
,,105.84648,34.70004,13.333,13.17,,GJ 3423
,,106.90774,48.68929,15.385,13.40,,GJ 3426
,,109.07420,33.15388,14.903,14.48,1.75,GJ 1096
,,109.37124,-46.97778,14.773,7.90,,Gl 269B
,,110.02988,21.98459,18.034,8.20,,Gl 271B
,,112.05309,-18.79399,11.628,13.65,,GJ 3442
,,112.68591,48.20249,11.561,13.56,1.71,Gl 275.2A
,,112.70228,48.17574,11.561,14.63,0.99,Gl 275.2B
,,113.02425,-8.88003,21.739,8.60,,GJ 3450B
,2890,113.65241,31.89052,15.805,2.85,,Castor B
,,113.65590,31.87034,15.805,9.07,1.49,Gl 278C
,,113.57498,0.98630,14.663,11.93,1.47,GJ 1099
,,114.10442,7.08033,6.1728,13.22,,GJ 3454
,,114.82509,5.22682,3.4974,10.70,,Gl 280B
,,115.01324,-3.60190,14.197,8.94,1.33,Gl 282B
,,115.08522,-17.41325,8.9286,13.00,0.24,Gl 283A
,,115.08522,-17.41325,8.9286,16.42,1.83,Gl 283B
,,119.06877,83.39057,12.484,13.09,1.68,GJ 1101
,,117.97763,-0.00278,8.7873,13.50,1.68,GJ 1103A
,,117.98181,-0.00113,8.7873,15.00,,GJ 1103B
,,117.94122,-13.89605,16.672,6.17,0.65,Gl 291B
,,118.19897,25.92803,21.739,8.60,1.04,GJ 3464
,,118.06738,-34.70401,18.024,8.60,,Gl 292B
,,118.72366,-29.34800,12.5,13.38,,GJ 3466A
,,118.28039,-67.79186,6.9109,14.08,0.66,Gl 293
,,119.53821,7.28527,14.286,13.77,,GJ 3467
,,119.47380,-60.29783,16.192,9.88,1.34,Gl 294B
,,120.00738,-40.03829,18.868,9.66,1.34,Gl 296
,,121.49857,26.28118,17.241,10.21,1.46,GJ 3478
,,122.05281,21.10408,16.949,11.00,,GJ 3482B
,,122.98944,8.77573,6.7568,12.83,1.77,Gl 299
,,123.16962,-21.55145,5.8824,12.10,1.6,Gl 300
,,124.05261,-35.88203,14.085,11.00,,GJ 3490B
,,123.41943,-76.14670,15.873,11.85,,GJ 3492
,,126.48104,69.03881,12.516,15.67,2.09,GJ 3497
,,126.83184,-44.98603,11.494,11.85,,GJ 3500
,,127.45866,26.77853,3.6258,14.81,2.06,GJ 1111
,,127.90719,19.40008,8.7719,13.32,,GJ 2069B
,,128.98028,68.06929,13.123,11.67,1.57,GJ 3506
,,128.61000,-1.14390,15.152,12.73,1.62,GJ 2070
,,129.78514,-22.66013,19.92,6.80,,Gl 314B
,,130.34251,59.49903,9.98,15.05,1.93,GJ 3512
,,130.24557,-23.45507,11.494,11.98,1.52,Gl 317
,,130.38815,-32.94162,8.9047,11.88,0.22,Gl 318
,,130.71711,9.55372,13.342,11.79,1.54,Gl 319C
,,131.17410,-54.70807,24.45,5.00,,Gl 321.3B
,,132.75114,34.82511,23.256,7.60,,GJ 3516
,,133.17021,28.31727,12.531,13.14,1.64,Gl 324B
,,133.89898,70.79638,11.312,8.70,1.39,Gl 325A
,,133.89880,70.79595,11.312,8.90,,Gl 325B
,,133.40015,-3.49008,8.5616,18.80,,GJ 3517
,,133.52296,-13.12357,14.556,12.52,1.61,Gl 326A
,,133.52296,-13.12357,14.556,12.80,,Gl 326B
,,133.83485,-23.87026,12.195,14.00,,GJ 3518
,,134.98026,72.96439,13.736,14.32,1.7,GJ 3520
,,134.56351,19.76329,5.2274,14.06,1.84,GJ 1116A
,,134.56351,19.76495,5.2274,14.92,1.93,GJ 1116B
,,134.80853,48.04358,14.637,10.80,,Gl 331B
,,134.80853,48.04358,14.637,11.00,,Gl 331C
,,134.73354,8.47540,4.4643,10.89,1.67,GJ 3522
,,135.14166,46.58648,10.352,13.32,1.72,GJ 1119
,,135.16331,41.78362,16.431,6.18,0.65,Gl 332B
,,134.88504,-47.43561,13.736,12.19,1.56,Gl 333
,,135.71939,68.06283,10.173,12.65,,GJ 3526
,,135.32267,15.26438,18.182,9.49,,GJ 1120B
,,136.76262,-22.14667,12.195,14.30,,GJ 3533
,,137.60315,67.13682,20.462,8.44,,Gl 335B
,,137.47398,5.20474,22.727,8.38,1.01,GJ 3538
,,138.07570,14.99670,20.479,7.30,,Gl 337B
,,138.99873,53.42545,10.341,13.85,0.34,Gl 339.1
,,139.09557,-18.62314,12.5,10.75,1.55,GJ 3543
,,139.47513,28.56205,17.529,8.10,,Gl 340B
,,139.58067,27.31931,19.231,9.55,1.34,GJ 3546
,,140.37301,73.11472,11.494,15.02,1.9,GJ 3550
,,139.32720,-68.68945,33.523,6.13,,Gl 340.1B
,,139.20739,-77.83872,8.1301,13.10,1.64,GJ 1123
,,141.94423,-6.07008,31.24,6.60,,Gl 344B
,,142.28863,-2.75043,17.1,7.18,0.87,Gl 348B
,,142.67646,-40.46562,18.556,4.65,,Gl 351B
,,142.83093,-13.48754,10.532,10.80,,Gl 352B
,,143.22298,51.67870,13.486,13.80,,Gl 354B
,,143.91815,35.81045,11.179,13.00,,Gl 356B
,,145.25870,22.02498,12.165,14.23,1.78,Gl 359
,,145.60775,55.98574,14.43,12.50,1.53,Gl 363
,,145.72289,-68.88552,6.2112,12.78,1.73,GJ 1128
,,146.04905,-27.76903,117.79,5.60,,Gl 366.1B
,,146.20004,-18.21215,10.204,12.60,1.59,GJ 1129
,,147.02743,60.25786,12.346,12.73,1.64,GJ 3567
,,148.48080,20.94651,10.204,14.05,,GJ 3571
,,152.37993,51.28403,13.333,13.47,1.66,GJ 3586
,,153.75375,-56.16451,11.111,15.10,0.68,GJ 3592
,,154.90265,19.87026,4.9044,9.40,1.54,Gl 388
,,157.61020,56.00027,13.87,8.69,1.33,Gl 394
,,158.91593,69.45042,13.227,11.93,1.55,GJ 3612
,,159.00774,5.12082,13.699,12.60,1.6,Gl 398
,,159.73235,-20.68264,14.493,16.46,,GJ 3614
,,160.41586,37.61054,10.395,12.98,1.68,GJ 1134
,,161.33888,38.51288,14.11,12.20,,Gl 400B
,,161.13621,-61.19359,4.4883,13.92,1.82,GJ 3618
,,161.41225,-19.11378,12.937,16.50,,Gl 401B
,,162.05206,-11.33673,4.5249,15.60,2.1,GJ 3622
,,162.44379,35.54633,9.7656,13.02,1.66,GJ 1138
,,163.02129,13.99895,11.947,12.67,1.65,Gl 403
,,164.12226,7.01532,2.3906,13.45,2.0,Wolf 359
,,164.39825,-7.52318,12.005,14.31,0.32,GJ 1140
,,165.32940,3.00573,13.908,14.07,1.73,GJ 3637
,,166.40261,43.52149,4.8323,14.40,2.09,Gl 412B
,,167.76017,30.44575,11.926,9.98,1.52,Gl 414B
,,167.96630,33.53646,12.195,12.38,,GJ 3647
,,168.15772,18.93260,14.706,10.77,1.5,GJ 3649
,,168.82093,73.47585,14.678,11.40,,Gl 420B
,4375,169.54677,31.52878,10.417,4.33,0.59,Alula Australis
,4374,169.54677,31.52878,10.417,4.80,,Alula Australis B
,,170.36205,-20.45416,13.158,11.00,,Gl 425B
,,170.45524,-13.21844,14.245,19.57,,GJ 3655
,,171.05652,21.36056,13.477,14.24,0.28,Gl 427
,,171.17118,-61.64715,12.89,8.30,,Gl 428B
,,172.23327,10.17888,15.674,12.56,1.6,GJ 3666
,,172.31847,18.28549,8.7719,13.79,,GJ 3667
,,172.78141,-14.95432,12.82,14.29,1.81,GJ 3668
,,173.09109,61.08311,27.518,7.10,,Gl 431.1B
,,173.62595,-32.83323,9.5383,15.00,,Gl 432B
,,174.68652,45.10797,23.288,8.40,0.96,Gl 433.2B
,,175.82439,-51.83985,8.4034,10.36,1.53,Gl 438
,,176.64004,-40.49555,9.2396,15.00,,Gl 442B
,,176.91972,0.25433,15.625,13.25,,GJ 3685A
,,177.75563,48.37673,8.2102,13.25,1.84,GJ 1151
,,178.23023,37.71962,9.1567,12.00,,Gl 451B
,,178.47111,6.99778,14.164,17.89,1.72,GJ 3693
,,178.53485,9.80604,10.406,12.77,1.69,Gl 452.1
,,178.75061,-56.09591,30.931,7.70,,Gl 452.5B
,,181.38617,69.53907,13.158,13.07,,GJ 3704
,,182.52108,-15.07153,8.9286,12.06,1.58,GJ 3707
,,182.82047,-19.97202,13.514,12.62,1.68,GJ 3709B
,,183.08892,54.48801,15.316,13.33,1.61,Gl 458B
,,183.56864,0.62135,8.4602,13.73,1.77,GJ 1154A
,,184.75167,11.12520,6.5402,13.81,1.88,GJ 1156
,,185.10777,0.58386,15.873,10.10,1.47,Gl 461A
,,185.76453,-46.62682,14.493,13.62,1.61,GJ 1157
,,186.65474,-66.21271,12.048,13.97,0.4,GJ 2092
,,187.22134,-10.66467,12.048,10.96,1.51,GJ 3727A
,,187.21717,-10.66467,12.048,11.00,,GJ 3728B
,,187.26278,41.73056,14.286,12.90,,GJ 3729
,,187.37838,-56.00052,15.385,13.27,1.62,GJ 1158
,,188.32167,9.02071,4.3066,13.04,1.83,Gl 473A
,,188.32167,9.02071,4.3066,13.30,,Gl 473B
,,188.90655,-34.90483,16.129,11.91,1.6,GJ 1161B
,,189.70675,-38.37486,7.1942,12.74,1.69,GJ 3737
,4826,190.41257,-1.44924,11.83,3.52,,29Gam Vir
,,192.52274,55.09932,15.152,12.31,0.03,GJ 3753
,,195.14072,5.68553,8.1433,13.40,1.75,Gl 493.1
,,195.94012,-20.58335,28.662,6.40,,Gl 496B
,,196.75938,20.81540,6.4103,12.58,1.62,GJ 2097
,4969,197.49583,17.52898,14.325,5.17,,42Alp Com
,,198.24724,-47.46958,14.793,17.05,1.4,GJ 3770
,,199.21256,17.01591,11.227,9.60,,Gl 505B
,,199.50632,2.23432,14.706,12.97,,GJ 3775
,,199.93928,47.77706,10.372,9.80,,Gl 508B
,,200.73729,24.46480,13.793,12.93,1.62,GJ 3779
,,200.90695,-25.91261,12.658,12.90,,GJ 3780
,,200.88726,29.23712,18.529,9.80,,Gl 509B
,5055,200.98494,54.92047,24.155,3.95,0.13,79Zet UMa
,,202.08800,-2.35866,14.16,13.69,1.68,Gl 512B
,,202.51119,-8.70840,14.837,14.25,1.65,Gl 514.1
,,202.62993,19.15721,14.472,14.73,1.8,GJ 1171
,,202.94379,29.27375,7.9365,11.95,1.57,GJ 3789
,,203.18606,16.81020,13.763,12.30,,Gl 516B
,,204.13513,3.67964,8.1833,14.65,0.95,Gl 518
,,205.54116,-16.00607,12.195,13.50,,GJ 3800
,,206.20023,-54.10653,13.85,12.50,1.54,Gl 524
,,206.92734,-32.43228,14.493,9.12,1.36,GJ 1177B
,,206.81512,17.45578,15.596,11.00,,Gl 527B
,,207.05649,23.61286,11.99,15.32,1.96,GJ 1179A
,,207.01500,23.57944,11.99,15.65,1.1,GJ 1179B
,,207.25256,2.79116,14.706,11.19,1.57,GJ 3809A
,,207.26542,26.97836,13.652,8.03,,Gl 528B
,,208.15302,14.41893,16.129,11.63,1.5,GJ 3813
,,209.56054,12.57844,13.158,12.26,1.66,GJ 3817
,,209.79327,-19.83576,8.9286,13.00,,GJ 3820
,,210.63388,46.34028,11.223,9.85,1.48,Gl 537A
,,210.63388,46.34028,11.223,9.95,,Gl 537B
,,213.27111,-12.02684,11.628,13.86,1.53,Gl 540.2
,,213.88332,4.65689,13.928,14.30,1.72,GJ 1182
,,213.82200,45.01564,16.313,11.60,,GJ 3836
,,214.05200,51.37590,27.027,8.23,0.82,GJ 9474B
,,214.26488,31.71159,8.6957,13.10,,GJ 3839
,,215.02851,-9.62180,10.977,12.90,1.59,Gl 545
,,216.29846,51.83048,14.571,11.50,1.5,Gl 549B
,,217.17986,33.17670,10.526,19.74,,GJ 3849
,,217.74141,-54.10290,16.393,11.63,1.51,Gl 552.1
,,217.67490,59.71778,9.6805,17.88,,GJ 3855
,,218.04330,16.01323,14.925,13.61,,GJ 3856
,,219.21296,58.34739,14.085,11.74,,GJ 3861
,,220.62242,-64.97608,16.401,8.47,1.15,Gl 560B
,,221.50315,-25.44528,30.432,7.14,,Gl 561.1B
,,221.85328,-17.70607,14.493,16.48,0.94,GJ 3866
,,222.84732,19.09925,6.6997,6.97,1.16,Gl 566B
,,223.11822,12.39173,16.393,11.61,1.52,GJ 3871
,,223.46813,23.55593,10.222,12.70,,Gl 568B
,,223.61367,35.54877,11.628,12.31,,GJ 3873
,,224.16006,-28.16538,6.2112,17.05,1.34,GJ 3877
,,224.46791,56.65482,11.186,15.53,1.95,GJ 1187
,,225.94868,47.65369,12.757,5.96,,Gl 575B
,,226.85040,24.93457,16.077,10.09,1.41,Gl 579
,,227.51800,19.35692,14.493,13.35,,GJ 3893
,,228.03678,-52.10871,38.462,6.69,0.5,GJ 9512B
,,227.96289,-10.24010,14.706,14.26,1.66,GJ 3894
,,228.15948,45.72761,13.889,13.35,,GJ 3898
,,228.45995,-1.35202,17.301,7.35,,Gl 580B
,,229.79838,-12.75336,13.333,12.58,1.52,GJ 3900
,5728,230.79945,30.28620,18.622,5.96,,2Eta CrB
,,230.96255,17.46526,11.751,13.68,1.78,Gl 585
,,233.83487,17.71319,14.245,12.41,1.58,Gl 589A
,,233.83487,17.71319,14.245,14.99,1.81,Gl 589B
,,234.14587,-37.90104,12.255,12.80,1.6,Gl 590
,,234.24372,-14.13233,13.089,12.70,1.58,Gl 592
,,234.00867,39.80214,21.81,7.60,,Gl 593B
,,235.00670,43.49219,13.643,12.48,1.57,GJ 1194A
,,235.01086,43.49054,13.643,13.80,,GJ 1194B
,,236.00790,2.51309,14.671,12.00,,Gl 596.1B
,,236.87178,-37.91844,15.244,12.78,0.33,Gl 599B
,,238.88166,35.19969,10.87,13.68,,GJ 3928
,,240.71460,20.58762,10.06,12.56,1.63,Gl 609
,5978,241.09161,-11.37461,24.331,4.84,0.45,Graffias
,5977,241.09161,-11.37461,24.331,5.00,,Xi Sco
,,241.09152,-11.37275,24.331,7.30,0.75,GJ 9540C
,,241.21198,39.15811,14.366,14.23,1.72,Gl 611B
,,243.29596,-70.15892,14.286,13.75,,GJ 3943
,,243.32421,13.52676,24.36,7.50,,Gl 615.1B
,6064,243.66899,33.85672,21.687,6.72,,17Sig CrB
,,245.01798,-37.53071,8.4724,14.15,1.79,Gl 618B
,,246.38387,26.02624,15.152,12.24,,GJ 3953
,,246.69812,-17.39376,11.905,14.30,,GJ 3954
,,247.22069,18.41336,19.531,7.85,,Gl 627B
,,247.82712,40.86395,10,14.79,1.72,GJ 3959
,,248.75257,43.29340,15.038,14.82,0.42,GJ 3965
,,248.59315,57.16024,14.493,12.90,1.6,Gl 630.1A
,,248.60136,57.16695,14.493,15.00,0.49,Gl 630.1B
,,248.86413,35.01561,11.494,12.95,,GJ 3966
,,249.02142,8.81056,15.337,13.80,1.65,GJ 1204
,,250.20137,-46.00725,9.5602,12.68,1.61,Gl 633
,,250.02195,0.70492,11.198,13.69,1.7,GJ 3967
,,250.32236,31.60121,10.796,5.40,,Gl 635B
,,250.09043,67.60203,13.298,15.65,1.95,GJ 3971
,,252.73889,22.45063,10,14.08,1.75,GJ 3976
,,253.86781,-8.33760,5.7395,9.90,,Gl 644B
,,253.89711,-8.39584,5.7395,16.78,1.99,Gl 644C
,,254.27551,-4.35041,9.5785,12.28,1.6,GJ 1207
,,254.60548,13.96687,12.987,13.13,,GJ 3981
,,255.84955,51.40584,9.5057,13.56,1.75,GJ 3988
,6370,256.33071,54.46909,23.256,5.63,0.47,Alrakis
,,256.91850,7.36709,12.82,14.01,1.88,GJ 1210
,,257.59175,-15.72692,25.793,3.40,,Gl 656.1B
,,257.96757,-1.85375,10.802,12.20,,Gl 660B
,,258.03107,45.66551,6.3223,10.40,,Gl 661B
,6402,258.83601,-26.60321,5.9852,5.07,0.85,Guniibuu B
,,258.82791,4.96161,12.92,14.67,1.74,Onkaria
,,258.96087,18.99884,14.493,10.36,1.55,GJ 3997
,,259.75572,-46.63660,8.7866,8.69,1.41,Gl 666B
,,259.43307,11.66878,12.69,15.10,1.88,GJ 1215
,,259.73444,-34.99289,6.9711,7.20,,Gl 667B
,,259.73895,-34.99766,6.9711,10.24,1.57,Gl 667C
,,259.97132,26.50097,12.047,12.97,1.64,Gl 669B
,,260.24881,-21.11528,17.397,8.90,,Gl 670B
,,262.37743,-80.17590,12.346,12.10,,GJ 4004
,,262.04942,-62.45888,12.82,12.68,1.48,GJ 1218
,,261.54384,1.80492,13.569,10.90,0.67,GJ 4006
,,262.59765,-1.06471,16.447,6.20,,Gl 678B
,,263.74187,61.87539,14.088,8.06,1.1,Gl 684B
,,264.51376,-30.01733,16.667,10.94,1.47,GJ 4013
,,262.84533,82.09197,14.104,14.18,1.76,GJ 1220
,,266.52481,24.64930,14.451,12.67,1.51,GJ 4026
,,266.60612,27.71576,8.3998,10.35,1.49,Gl 695B
,,266.60612,27.71576,8.3998,10.80,,Gl 695C
,,267.49660,22.68336,14.881,20.10,,GJ 4029
,,267.06282,70.87497,6.1425,14.15,0.4,GJ 1221
,,269.05000,4.83253,21.739,8.00,,GJ 4035
,,269.26323,15.77754,14.085,12.21,,GJ 4038
,6734,270.76803,-8.18171,52.029,5.24,0.38,69Tau Oph
,,270.69112,37.51546,11.976,14.85,1.77,GJ 1223
,,271.36485,2.49826,5.086,6.00,1.15,Gl 702B
,,271.88705,-15.96579,7.5358,13.63,1.79,GJ 1224
,,271.75812,30.56058,15.654,8.45,1.1,Gl 704B
,,273.27821,26.02962,13.158,13.32,,GJ 4044
,,274.07733,1.52094,15.873,12.52,1.61,Gl 708.3
,,274.51674,38.77551,11.364,11.87,1.58,GJ 4048A
,,274.51257,38.77549,11.364,13.53,1.77,GJ 4049B
,,274.73090,66.19219,7.2833,13.48,1.83,GJ 4053
,,275.52690,6.33969,14.472,12.58,1.48,Gl 712
,,275.32889,61.01415,12.804,15.65,0.97,GJ 4054
,,275.87018,28.16697,13.889,12.49,1.61,GJ 4055
,,276.02205,1.68341,13.889,11.84,1.56,GJ 4056
,,275.62618,62.04806,8.244,13.41,1.76,GJ 1227
,,277.55019,-58.27629,14.451,9.85,1.48,Gl 714
,,277.58778,54.78939,14.881,15.50,0.49,GJ 1228
,,277.99385,40.68401,12.658,11.99,,GJ 4062
,,278.65064,40.12192,8.0645,11.42,1.42,GJ 4063
,,278.85998,45.76081,15.477,13.02,1.6,Gl 720B
,,279.08061,13.60675,11.236,12.46,,GJ 4065
,,280.28740,24.78446,7.3529,12.40,1.71,GJ 1230A
,,280.28739,24.78612,7.3529,14.00,,GJ 1230B
,,280.40533,39.70266,15.625,13.42,,GJ 4069
,,280.68454,13.90314,10.417,12.81,,GJ 4071
,,280.84130,40.67207,14.124,18.23,,GJ 4073
,,282.40130,-57.43182,11.111,12.70,,GJ 4078
,,283.42466,-38.61606,13.298,12.70,1.53,Gl 732A
,,283.42444,-38.61613,13.298,16.00,,Gl 732B
,,283.72711,10.97313,16.103,9.44,1.36,Gl 734A
,,283.72711,10.97313,16.103,12.30,,Gl 734B
,,284.37945,-55.99311,12.636,10.00,,Gl 737B
,,284.25538,32.90084,14.979,7.70,,Gl 738B
,,285.04161,70.66507,13.369,13.20,0.05,Gl 742
,7227,286.60270,-37.06474,17.892,5.00,,Gam CrA
,,286.92500,32.54365,8.1566,11.86,1.7,Gl 747A
,,286.92500,32.54365,8.1566,12.16,,Gl 747B
,,287.12337,32.27840,12.346,11.80,,GJ 4098
,,287.46492,17.66566,10.684,13.52,1.85,GJ 1232
,,290.00369,-82.56410,15.873,12.70,,GJ 4102
,7294,288.02369,49.85492,22.988,6.57,0.65,GJ 9648A
,,289.17894,-45.89172,15.765,10.10,,Gl 750B
,,289.24215,5.14863,5.8734,17.52,2.2,Gl 752B
,,290.19678,-45.55959,5.6915,12.23,1.68,Gl 754
,,289.74280,38.72193,11.682,14.57,0.44,GJ 1234
,,290.13763,-7.66476,11.226,12.12,1.63,Gl 754.1B
,,290.41106,20.86587,10.163,13.38,1.71,GJ 1235
,,290.51058,7.04279,10.929,12.35,1.69,GJ 1236
,,291.28609,28.35394,14.925,12.48,1.56,GJ 4109
,,291.06401,75.55450,11.025,15.37,1.94,GJ 1238
,,296.38731,33.60068,20.371,8.54,,Gl 765.4B
,,296.44127,27.12478,10.741,12.91,1.72,Gl 766A
,,296.44127,27.12478,10.741,13.40,,Gl 766B
,,296.59945,32.01519,13.351,11.10,1.52,Gl 767B
,,296.61602,33.72988,20.859,8.56,1.04,Gl 767.1B
,,297.78744,46.48154,11.919,12.83,1.64,GJ 1243
,,298.47333,44.41453,4.717,13.41,1.9,GJ 1245A
,,298.47750,44.41455,4.717,14.01,1.98,GJ 1245B
,,298.82631,6.40496,13.708,11.40,,Gl 771B
,,299.12273,-1.04322,11.614,13.70,0.28,Gl 772
,,299.56524,2.03356,15.848,11.95,1.55,GJ 4129
,,301.01064,-65.60169,13.405,11.35,1.48,Gl 774A
,,301.01064,-65.60169,13.405,12.82,1.56,Gl 774B
,,300.95875,5.99482,12.674,12.09,1.6,GJ 1248
,,301.02832,54.46567,18.518,7.72,0.94,GJ 4134
,,301.93824,-31.75458,14.601,12.50,1.63,Gl 781.1B
,,302.79868,-36.10264,6.0518,11.50,,Gl 783B
,,302.85540,38.39909,24.39,7.95,0.86,GJ 4138
,,306.52033,58.57218,9.2937,14.04,1.79,GJ 1253
,,307.44964,9.68857,8.7566,13.05,1.65,Gl 791.2
,,307.85967,38.56055,15.06,13.48,1.76,Gl 792
,,308.41006,61.75125,16,12.52,1.52,GJ 1254
,,309.90513,4.97080,18.581,9.40,,Gl 795B
,,311.68445,-81.72696,12.658,11.50,,GJ 4154
,,310.14147,15.49813,9.8425,13.43,1.72,GJ 1256
,,310.46431,-32.43675,10.225,11.00,,Gl 799B
,,312.90452,-79.31394,15.552,11.85,1.5,Gl 808
,,313.38765,10.61610,13.85,13.97,1.73,GJ 4169
,,313.91124,-14.03562,12.674,12.45,1.59,Gl 810A
,,313.90719,-14.06564,12.674,14.55,1.72,Gl 810B
,,315.02026,40.06976,15.104,11.90,,Gl 815B
,,316.10274,-19.85564,48.45,6.50,,Gl 816.2B
,,317.33906,-73.17593,18.734,6.40,,Gl 818.1B
,,316.79418,-13.92312,17.646,10.20,,Gl 819B
,,318.62086,10.00609,18.481,5.40,,Gl 822B
,,318.69831,38.04519,20.921,6.42,0.6,Gl 822.1B
,,319.02134,29.86409,15.385,12.68,,GJ 4185A
,,319.01298,29.86240,15.385,13.49,,GJ 4186B
,,319.96443,-53.45067,23.866,6.90,,GJ 9733B
,,319.94034,-26.35409,18.727,9.60,,Gl 825.4B
,,322.82856,-9.79045,8.0115,14.90,,Gl 831B
,,323.09178,24.56065,12.346,12.66,,GJ 4201
,,323.45218,1.78428,14.577,13.35,1.68,GJ 4203A
,,323.45218,1.78428,14.577,14.50,,GJ 4204B
,,324.75306,-24.15913,13.947,13.43,1.56,Gl 836
,,325.66824,20.99788,12.563,13.24,0.17,Gl 836.5
,8310,326.03264,28.74308,22.401,6.09,,78Mu 2Cyg
,,326.25433,-5.78743,15.152,12.81,1.64,GJ 4216
,,326.64963,-57.70399,19.026,9.60,,Gl 836.9B
,,326.66841,-0.17627,12.225,12.65,1.61,GJ 1263
,,327.95291,13.60438,14.706,13.93,,GJ 4228
,,329.23008,-1.90223,13.333,14.64,1.76,GJ 4239
,,330.50315,-19.48332,12.484,12.03,1.59,Gl 843
,,330.62036,-37.08235,10,11.80,1.65,GJ 4248
,,332.80617,-2.54492,15.873,12.14,1.56,GJ 4262
,,333.42617,-17.68708,10.438,13.57,1.73,GJ 1265
,,334.32855,-8.80428,10.194,13.40,1.7,Gl 852A
,,334.32855,-8.80428,10.194,14.40,1.9,Gl 852B
,,334.56484,-53.62752,13.611,9.90,,Gl 853B
,,336.12182,-72.25698,28.902,6.10,,Gl 855.1B
,,335.77775,-17.60745,7.4571,13.25,1.84,GJ 4274
,,335.87018,32.45821,16.082,11.60,,Gl 856B
,,336.27126,-47.86872,11.905,12.51,,GJ 9780
,,336.31808,59.41303,14.925,12.91,,GJ 4276
,8545,336.64458,-16.74242,20.08,6.21,0.62,53 Aqr
,,336.76349,6.82614,13.889,13.22,1.66,GJ 4279
,,337.03182,12.24835,16.129,10.10,,GJ 1269B
,,337.00901,57.69662,4.0077,11.30,1.8,Gl 860B
,,337.22537,-13.42231,10.881,17.14,2.16,GJ 4281
,,337.44447,41.48092,13.831,13.25,1.65,GJ 1270
,,339.49012,-65.82232,6.8027,11.45,,GJ 4285
,,339.59697,-29.35056,14.085,10.92,,GJ 4288A
,,339.60112,-29.35222,14.085,12.64,,GJ 4289B
,,339.63843,-15.30254,3.3979,12.66,1.98,EZ Aqr
,,339.68862,-20.62087,8.6423,11.45,1.6,Gl 867B
,,341.67424,12.17328,16.25,11.70,,Gl 872B
,,341.88159,44.55280,17.857,9.60,,GJ 4296
,,343.13220,-32.87648,23.585,8.60,,GJ 9800B
,,343.47219,-6.78226,8.0515,15.65,1.9,GJ 1276
,,343.59480,60.99300,14.085,12.76,1.6,Gl 878
,,344.12707,-60.05117,11.111,14.08,1.79,GJ 1277
,,343.99124,17.79887,15.385,10.50,1.49,GJ 4306
,,346.84409,68.66759,15.748,12.45,1.54,GJ 4312
,,347.47958,-22.45736,47.619,5.90,,GJ 9812B
,,349.36629,19.61375,12.82,12.10,1.59,GJ 4326
,,349.77814,-13.45453,20.738,7.61,0.91,Gl 894.2B
,,352.19754,5.24677,13.755,13.04,0.16,Gl 895.2
,,352.34404,41.47333,14.881,11.87,1.52,GJ 4337A
,,352.33986,41.46999,14.815,12.44,1.61,GJ 4338B
,,352.96805,19.93732,6.2477,12.40,1.65,Gl 896B
,,353.19327,-16.75225,12.903,11.40,,Gl 897B
,,353.79423,-2.39037,7.215,14.69,1.96,GJ 1286
,,354.21292,-36.48114,12.346,13.72,1.62,GJ 4350
,,354.53285,-16.23738,14.925,11.34,1.57,GJ 4352
,,355.47568,44.17492,3.1686,12.29,1.9,Ross 248
,,355.71733,30.82196,12.21,14.36,1.77,GJ 1288
,,355.77318,36.53717,8.1301,12.57,1.6,GJ 1289
,,356.38251,-16.17177,9.009,14.50,,GJ 4360
,,357.63056,-9.55950,15.152,13.45,,GJ 4367
,,357.64990,9.94912,12.987,11.50,1.45,GJ 4368
,,358.08540,75.54386,10.79,11.70,,Gl 909B
,,359.43118,23.30397,13.87,11.72,1.54,GJ 1292
,,359.96079,-34.11199,12.82,12.80,,GJ 4387
,,0.54089,-43.16597,7.8003,13.05,0.07,Gl 915
,,45.45984,-16.59078,7.6336,10.96,1.69,GJ 3192
,,225.25416,20.55778,15.873,12.10,1.45,GJ 3885
,1704,78.38875,-8.14778,,6.37,,
,2322,95.90708,-52.18111,,5.98,,
,2366,97.79208,17.46639,,6.20,,
,2950,115.02917,16.93861,71.429,6.02,,
,4210,161.26500,-59.68417,,6.21,,Eta Car
,5343,214.01750,18.91194,,5.98,,
,6263,253.54917,-41.85028,,6.45,,
,6660,268.43958,-34.78611,,6.38,,
