# M4 (NGC 6121) members from Gaia DR3 (CDS I/355), generated by tools/stars/make_m4.py.
# Gaia data: ESA/Gaia/DPAC, licence CC BY-NC 3.0 IGO (non-commercial use only).
# Centre RA 245.896744, Dec -26.525749 deg, distance 1850 pc (Baumgardt & Vasiliev 2021).
# Depths drawn from a King profile (c = 1.65, r_c = 0.624 pc, r_t = 27.88 pc; Harris 2010).
# Extinction removed: A_V = 1.31, A_G = 1.034, E(BP-RP) = 0.541; V and B-V via Pecaut & Mamajek 2013.
east_pc,north_pc,away_pc,abs_vmag,bv
1.3143,-10.0825,-5.5641,5.643,0.604
1.8782,-9.8424,-5.5411,6.705,0.739
-0.8028,-9.9485,-3.7785,6.665,0.816
0.6407,-9.6311,-6.8593,4.534,0.497
1.5009,-9.8025,9.2274,5.647,0.599
0.9216,-9.2095,-2.9094,5.874,0.644
0.0130,-9.9768,0.0549,4.322,0.524
-0.1686,-9.8118,2.1147,4.926,0.557
-0.1004,-9.7469,0.6934,6.115,0.696
0.1127,-9.5694,6.2913,6.583,0.818
-0.2868,-9.7137,7.5768,5.113,0.574
-0.2120,-9.4371,-0.5097,0.124,0.801
-0.3317,-9.2419,-6.2375,6.520,0.864
-0.2523,-9.4149,5.8130,6.059,0.839
-0.0547,-8.9952,6.0792,6.819,1.003
-0.0417,-9.3532,1.7593,6.839,0.865
0.0519,-9.2299,-8.8899,5.515,0.589
-0.0420,-9.1324,-0.3715,6.243,0.701
0.6707,-9.0367,7.4007,4.144,0.514
1.0001,-8.5442,0.0204,6.201,0.747
0.4382,-8.7851,-0.4609,5.221,0.561
0.2386,-8.6802,2.3063,6.095,0.715
5.1407,-9.3918,-12.0724,6.727,0.858
4.9697,-8.8878,-0.4948,5.204,0.584
5.6976,-8.8074,0.3329,4.974,0.580
5.1472,-8.8054,10.9357,6.734,0.866
6.7884,-8.2647,3.0845,6.684,0.875
6.3624,-7.7032,7.5403,6.852,0.882
6.6539,-7.1644,-0.9354,3.908,0.618
6.9765,-6.7966,10.9692,3.815,0.659
7.4916,-6.4582,17.4731,-0.178,0.904
8.4948,-6.1111,-4.8338,5.474,0.585
7.8785,-5.8143,-7.9075,6.507,0.817
2.8357,-9.9130,-2.7039,5.863,0.731
2.7738,-10.1180,13.0796,3.861,0.549
3.9810,-9.7667,4.9134,6.450,0.803
3.6713,-9.7597,4.1001,6.623,0.839
3.7529,-9.2867,-11.5244,6.193,0.783
2.8593,-9.5719,17.8374,6.553,0.859
2.6593,-9.4757,-6.9651,6.738,0.873
2.7504,-9.3712,-1.8822,6.540,0.864
2.8602,-9.4273,12.4584,5.547,0.620
2.4928,-9.3352,23.2313,5.467,0.580
3.1129,-9.1261,6.8538,5.885,0.685
3.5025,-8.5795,-4.8125,6.663,0.859
3.0413,-8.7791,-6.1233,3.643,0.724
2.6640,-8.6865,0.8218,6.610,0.864
3.1628,-8.5013,-1.7657,6.646,0.867
3.1780,-8.1868,-1.9416,5.918,0.704
4.1193,-8.5879,-7.2432,6.446,0.769
5.0736,-8.6374,-0.6305,4.574,0.564
5.0762,-8.4656,-6.0709,4.777,0.573
5.3868,-7.9631,-0.7493,5.294,0.626
4.9155,-8.1808,7.8982,4.362,0.569
4.7667,-7.7654,-0.8017,4.313,0.563
3.6391,-8.6224,2.3249,6.402,0.790
3.7160,-8.4612,-2.0738,4.375,0.538
4.1452,-8.3903,4.7509,6.587,0.768
4.0859,-8.2377,-3.6574,6.617,0.710
4.0713,-7.8724,-6.9954,4.149,0.573
4.0199,-7.8855,3.9338,4.883,0.578
3.3731,-8.2379,4.6333,6.232,0.757
3.4783,-8.3068,1.3670,6.061,0.729
3.6312,-7.9147,1.5766,0.827,0.655
4.5635,-7.8806,-3.4902,4.801,0.572
4.3306,-7.7835,-1.0656,5.435,0.623
4.2248,-7.6915,-2.2330,6.899,0.896
4.5604,-7.3638,4.6061,4.987,0.590
4.1367,-7.0772,11.3000,5.605,0.679
2.0895,-9.1062,-2.6745,5.589,0.591
2.1230,-8.5858,-4.2633,6.323,0.726
1.9117,-8.8073,1.9430,6.756,0.815
1.5690,-9.1081,4.4373,5.533,0.575
1.4816,-8.6580,-0.7179,4.858,0.539
1.9962,-8.2870,13.1969,6.825,0.941
1.9796,-8.2817,-6.1156,6.791,0.858
1.9589,-8.4782,-1.1766,5.826,0.616
1.7094,-8.5354,2.4969,5.939,0.677
2.4754,-8.6110,5.6534,2.881,0.764
2.8822,-8.3247,0.7025,6.601,0.844
2.5882,-8.1647,5.1132,0.680,0.686
2.2576,-8.3382,1.5275,4.829,0.571
2.1328,-7.8836,2.5187,4.659,0.548
2.7747,-7.8224,7.1559,-1.053,1.170
2.5277,-7.8163,-0.0070,3.993,0.572
2.6162,-7.7157,-3.4097,4.896,0.569
2.4960,-7.6830,-6.4035,2.347,0.859
1.2621,-8.7212,-2.3394,5.319,0.573
1.4915,-8.0301,-4.5346,5.288,0.570
1.5328,-8.2667,0.4382,4.037,0.498
1.4187,-8.0882,-0.1896,3.868,0.506
1.5947,-7.9332,10.9233,4.621,0.496
1.2654,-7.5270,4.2693,6.704,0.849
2.2830,-7.5674,4.1980,5.745,0.650
2.3392,-7.3500,1.8152,6.451,0.791
1.6334,-7.5245,2.0635,4.840,0.519
1.4036,-7.4878,-9.1182,4.649,0.471
1.8729,-6.9957,-8.9289,0.257,0.931
2.0854,-7.1821,-3.3680,6.410,0.827
1.7717,-7.1621,-3.2274,6.777,0.870
1.6906,-7.0073,-2.2568,6.123,0.730
3.2484,-7.7449,10.6123,5.737,0.667
3.3056,-7.1178,0.1525,6.316,0.758
2.9403,-7.1237,-2.3666,5.504,0.640
3.0231,-7.0241,-1.7757,3.933,0.596
3.6559,-7.1281,6.7376,6.803,0.867
4.1750,-6.8471,-2.3243,6.530,0.839
4.3967,-6.7695,4.1946,6.095,0.722
4.1113,-6.6258,-5.4059,3.913,0.665
3.1866,-6.8069,4.4587,6.403,0.796
3.3184,-6.8315,13.9199,1.946,0.871
3.5545,-6.5411,-1.3919,4.186,0.440
3.7044,-6.3469,-5.5824,6.694,0.839
3.9389,-6.3109,-0.0886,5.055,0.585
3.9162,-6.2984,-17.6806,4.540,0.566
3.7799,-6.1861,2.6036,4.918,0.574
2.6860,-7.0938,15.4967,6.036,0.744
2.4293,-6.9195,-5.4606,6.789,0.876
2.5533,-7.3732,4.7193,5.186,0.598
2.6969,-6.7908,1.2106,6.210,0.758
2.8363,-6.7637,-2.2870,6.592,0.860
2.8929,-6.8306,1.8137,5.624,0.674
3.0177,-6.6835,1.9947,5.258,0.641
2.5660,-6.7255,0.6270,4.100,0.576
2.2330,-6.7450,1.8110,6.556,0.859
2.2111,-6.9024,1.6294,6.834,0.881
2.1819,-6.5621,0.4508,6.542,0.818
2.5426,-6.2683,-8.3207,5.918,0.688
2.6978,-6.5616,-0.1610,5.561,0.677
2.4586,-6.3521,-1.9623,5.884,0.672
3.3716,-6.3789,0.4264,5.902,0.138
3.3727,-6.3608,0.3090,4.409,0.622
3.3558,-5.9108,-9.0093,6.359,0.792
2.9606,-6.0749,1.1529,6.638,0.863
2.9961,-5.9645,-1.8763,3.830,0.652
2.5758,-6.1414,-8.1174,5.447,0.634
2.5921,-6.0750,3.5493,4.823,0.571
3.1709,-5.9316,2.9399,3.943,0.594
3.2451,-5.8093,4.1063,4.206,0.570
3.5656,-5.8655,-1.5866,6.194,0.763
6.0207,-7.4481,9.8203,6.165,0.783
5.3769,-7.2693,-3.8074,5.127,0.605
5.6063,-6.9203,2.6991,5.989,0.734
6.1244,-7.0859,-0.4060,5.602,0.728
6.3770,-6.7515,-5.9615,5.464,0.658
6.2786,-6.1522,0.7597,6.029,0.720
4.8636,-7.1886,-6.4948,6.508,0.863
4.6321,-6.7091,-6.1808,4.411,0.570
5.0547,-6.4625,0.0232,4.867,0.570
5.7070,-6.2214,-4.3715,5.345,0.652
5.9508,-6.1977,-4.8135,6.074,0.808
5.9501,-5.8973,-4.6060,5.399,0.642
5.9271,-6.3277,-12.2980,3.766,0.763
5.7900,-6.0747,-0.7252,4.933,0.586
5.5709,-5.5643,1.5992,6.770,0.889
5.6958,-5.4502,-6.5850,6.146,0.843
6.9940,-6.6968,-12.6267,4.333,0.572
7.2775,-6.1099,4.7280,5.889,0.715
6.5165,-6.2582,-17.6009,5.468,0.657
6.8260,-6.1583,-1.9547,6.020,0.755
6.5975,-6.2881,-10.1837,5.303,0.628
7.0281,-5.7196,2.8136,4.184,0.580
7.9707,-5.5122,-9.9332,6.495,0.801
7.5190,-5.4619,4.5345,6.853,0.882
7.4262,-5.3167,-6.6474,3.840,0.664
7.2255,-5.2249,-0.2227,5.926,0.750
7.5150,-4.9858,7.3611,6.873,0.961
6.3212,-6.0215,9.3019,6.232,0.716
6.5952,-5.7872,8.1494,6.613,0.862
6.3133,-5.7210,1.4034,6.212,0.819
6.2406,-5.5125,-1.8221,6.861,0.905
6.0740,-5.5425,-4.4951,6.329,0.824
6.1043,-5.4638,-1.3671,4.352,0.570
6.3694,-5.3618,-1.8534,4.333,0.575
7.0102,-4.8315,-0.1984,5.433,0.632
7.2940,-4.9365,5.1216,4.936,0.567
7.4185,-4.7219,6.9814,6.302,0.803
6.7112,-4.6590,5.4372,5.519,0.694
7.0313,-4.5733,8.3834,6.646,0.866
6.8240,-4.5307,1.9957,6.682,0.877
6.8509,-4.3505,12.2946,3.184,0.803
4.3200,-6.5441,1.2954,6.397,0.839
4.4170,-6.7639,-1.8989,5.805,0.655
4.3985,-6.7155,-5.8402,4.898,0.565
4.3514,-6.2434,0.1430,4.780,0.577
4.4033,-6.1825,-2.0434,6.205,0.796
4.4223,-6.1100,-2.8767,6.170,0.764
4.8064,-6.3363,4.6085,4.604,0.571
4.7268,-5.8357,-1.0450,4.383,0.606
4.6155,-5.8883,-4.1102,5.218,0.653
4.5410,-6.1424,5.9158,5.683,0.656
3.9043,-6.1417,-4.4530,6.690,0.842
4.1726,-6.1406,-1.2566,4.375,0.581
4.2997,-5.9513,-0.5680,5.964,0.714
4.2454,-5.8633,-1.5308,-0.431,1.054
4.3898,-5.6963,2.1924,4.039,0.595
4.3791,-5.6087,9.2220,4.322,0.567
5.0521,-5.9226,-6.6507,4.214,0.582
5.3225,-5.2003,-4.9723,5.655,0.695
5.1156,-5.4229,-10.6098,4.887,0.616
4.7160,-5.3689,-10.0596,5.349,0.679
5.1396,-5.1764,-0.1161,6.801,0.880
5.0388,-5.3829,0.7011,6.029,0.731
4.9030,-5.0206,-4.7393,4.114,0.666
5.0599,-4.8969,3.7218,5.625,0.714
5.0486,-4.8485,9.0548,5.928,0.721
3.8285,-5.7001,-6.5783,6.915,0.968
3.8020,-5.9208,1.2426,4.424,0.593
3.7395,-5.7392,-4.7295,5.879,0.750
3.6127,-5.6120,-5.2733,5.459,0.659
3.7412,-5.4833,6.4726,4.180,0.569
4.2397,-5.3723,0.8125,5.340,0.632
3.5291,-5.4777,-1.8082,5.569,0.673
3.3324,-5.4555,-1.8509,5.940,0.692
3.4830,-5.7257,2.5236,3.613,0.765
3.7615,-5.4169,-3.8372,4.903,0.580
3.6749,-5.4683,-7.3376,5.138,0.581
3.6837,-5.4112,-3.6398,4.977,0.575
3.5783,-5.3483,-4.3463,4.977,0.594
3.4791,-5.3164,-5.7157,4.630,0.570
3.9331,-5.0187,-5.3871,5.689,0.682
3.9081,-4.9083,10.8047,4.349,0.575
3.7628,-4.9020,0.8688,3.117,0.843
3.7268,-4.8710,1.2187,4.120,0.601
4.1782,-5.1165,3.9106,6.504,0.873
4.5500,-5.2247,-2.5394,3.878,0.771
4.5694,-5.1535,-5.3043,5.581,0.698
4.2808,-5.0609,-2.9940,5.593,0.667
4.1778,-5.0516,1.8305,5.217,0.622
4.2963,-4.9663,4.9115,6.126,0.744
4.4409,-4.7915,-0.9789,6.378,0.789
5.0404,-4.7505,-5.2072,4.285,0.618
4.0970,-4.7170,-0.0297,5.971,0.722
4.1101,-4.9159,-3.3530,6.344,0.730
4.4159,-4.3010,-2.9942,5.982,0.715
4.5926,-4.2847,0.0018,6.752,0.875
4.3055,-4.3497,0.3312,6.317,0.801
4.3736,-4.2385,-11.0799,6.526,0.896
4.4672,-4.1345,-4.8623,6.133,0.759
5.6856,-5.3306,10.7782,6.342,0.775
5.5486,-5.2727,-2.8148,6.792,0.860
5.6926,-5.0561,1.2912,5.438,0.684
5.8934,-4.8120,2.9826,6.106,0.781
5.4504,-4.5918,-11.4002,5.951,0.767
5.1555,-4.8475,5.5870,6.561,0.870
5.9567,-4.4584,0.3683,6.330,0.782
5.4883,-4.4466,-3.8168,6.097,0.794
5.7592,-4.2038,-5.7241,3.893,0.578
5.5967,-4.2260,-4.3637,5.769,0.711
6.3560,-4.6287,6.6729,5.450,0.686
6.4707,-4.3859,7.4343,5.983,0.738
6.3992,-4.3337,-7.8503,5.332,0.623
6.3680,-4.2361,4.3965,4.736,0.577
6.0361,-4.1937,-16.5166,3.753,0.723
5.9790,-3.9602,-13.1817,4.782,0.561
6.0019,-3.9113,1.3416,5.676,0.633
5.9449,-4.0243,-1.5889,6.610,0.834
6.2337,-4.0170,1.5659,6.261,0.751
6.0036,-4.0885,-3.9376,4.670,0.549
6.1567,-3.9399,-1.3808,5.338,0.589
5.9885,-4.0377,4.0446,4.527,0.554
6.3440,-3.7450,7.4319,5.555,0.639
6.2645,-3.9961,1.1755,5.590,0.682
6.3083,-3.8671,-4.7796,3.861,0.619
6.2380,-3.7078,-10.8177,4.441,0.562
6.2583,-3.6102,4.4508,4.875,0.569
4.9667,-4.6394,1.8005,6.387,0.781
5.1061,-4.2474,-5.1431,6.339,0.806
5.0610,-4.1087,2.5623,6.336,0.791
5.2775,-4.4018,-13.0640,5.226,0.610
5.3385,-4.3317,0.1308,5.885,0.671
5.3676,-4.2369,-7.5568,5.437,0.629
5.3613,-4.1803,4.8589,5.168,0.583
5.4743,-3.9257,0.2712,6.754,0.894
5.1336,-4.1157,-3.9701,4.959,0.582
5.4673,-3.8823,2.6138,5.006,0.572
5.2888,-3.9730,-2.2683,5.303,0.593
5.2558,-3.9620,-1.0848,4.665,0.549
4.7369,-3.9400,3.4294,5.978,0.717
4.7253,-4.3837,-2.3590,6.530,0.862
4.5331,-4.1850,12.5448,5.018,0.597
4.8301,-3.9058,2.6520,5.057,0.600
4.6334,-3.9293,-3.9528,3.016,0.801
5.1820,-3.8832,-7.6102,6.200,0.711
5.2061,-3.7296,-5.6587,6.600,0.868
5.1725,-3.8347,-0.0140,6.881,0.866
4.9927,-3.8652,-5.6630,5.805,0.717
5.6619,-3.4825,-5.6176,4.562,0.512
5.4619,-3.4334,-0.2570,6.578,0.805
5.2965,-3.1494,1.8655,6.542,0.839
5.4361,-3.6560,-5.3795,6.114,0.733
5.0960,-3.3731,1.7996,4.612,0.554
5.5103,-3.1327,2.5122,5.787,0.632
5.6825,-2.9928,-2.8632,6.031,0.707
5.6701,-2.7976,1.3288,5.905,0.668
5.5168,-3.0513,0.0353,6.369,0.758
5.7238,-2.7972,-1.7759,4.591,0.500
9.0596,-5.8075,-8.1092,5.828,0.665
9.1350,-5.2192,1.3055,5.999,0.660
9.1587,-5.4376,3.6288,4.222,0.477
8.8852,-5.0148,-8.8071,4.769,0.519
8.6885,-5.0198,2.3867,5.601,0.584
8.9365,-5.0955,0.4080,6.038,0.655
9.2741,-4.6238,3.2067,6.828,0.743
9.6800,-4.2258,1.1713,4.648,0.448
8.7929,-4.8062,4.7848,6.446,0.752
7.7780,-4.9536,6.7333,4.760,0.575
9.0200,-4.2984,-1.4341,5.652,0.578
7.8823,-4.0029,-4.9206,4.579,0.516
7.6041,-3.5582,-3.8404,6.107,0.759
7.5690,-3.4654,-2.1931,6.737,0.879
7.4455,-3.8883,1.2653,5.946,0.750
7.6319,-3.6359,-2.4421,5.496,0.579
8.0195,-3.8139,-9.4845,6.552,0.752
8.3622,-3.6181,0.1995,6.167,0.705
8.4352,-3.5447,-9.3275,5.542,0.568
8.1408,-3.0935,2.7683,6.565,0.794
9.1085,-3.5628,3.0551,5.266,0.551
9.9514,-2.7941,3.2621,4.705,0.454
9.9517,-2.4148,-4.6335,6.795,0.829
10.1854,-2.4748,-4.0693,4.808,0.467
10.2028,-2.3973,2.7518,4.859,0.472
10.1432,-2.6379,-1.0295,3.948,0.433
9.1324,-2.9637,-0.5439,6.665,0.744
9.4180,-2.3681,-4.0436,6.593,0.793
9.4400,-2.1569,1.8697,5.941,0.661
9.2184,-2.1171,-6.7311,6.034,0.673
8.9772,-2.1462,-4.2233,4.655,0.470
9.2751,-1.8768,-7.2546,5.183,0.520
9.7657,-1.7530,-7.3026,6.771,0.860
7.1939,-3.6180,-1.1348,5.996,0.694
6.3863,-3.4371,-0.4095,6.658,0.807
6.3767,-3.3954,-4.1617,4.884,0.550
6.9332,-3.2656,6.2494,6.758,0.743
6.9402,-3.3758,1.4737,4.582,0.506
7.1821,-3.1241,-1.4421,4.995,0.539
7.0410,-3.1541,0.2046,4.847,0.516
7.7260,-3.1935,1.2645,5.051,0.553
7.4752,-3.0339,0.5231,3.932,0.481
7.3986,-2.7668,-7.5509,3.841,0.517
7.6530,-2.4279,0.3836,6.356,0.719
7.6565,-2.4732,-0.7378,6.394,0.791
7.4739,-2.2396,-2.9715,6.562,0.763
7.6162,-2.4293,8.0224,6.381,0.752
6.4474,-3.1303,2.6876,5.345,0.573
6.1925,-3.0990,2.2496,6.146,0.771
6.4186,-2.9201,-0.2023,6.326,0.764
6.3478,-2.9242,-0.3363,4.949,0.548
6.1585,-3.0501,-3.1060,5.536,0.598
6.6695,-2.8389,2.4405,6.885,0.872
6.8435,-2.6731,-8.6630,6.412,0.736
6.8108,-2.5874,-5.3300,6.412,0.802
6.5090,-2.5766,1.0036,6.754,0.770
6.5020,-2.8812,-1.2965,4.634,0.512
6.7346,-2.5348,-0.9813,4.074,0.494
6.0970,-2.7863,-0.8862,6.322,0.712
6.3225,-2.5654,-5.2934,5.910,0.644
6.2294,-2.4762,3.0558,6.041,0.699
6.2871,-2.6652,4.8697,4.708,0.522
6.4204,-2.3085,0.2650,5.791,0.584
7.0145,-2.5288,4.6204,6.777,0.843
7.0713,-2.5639,-5.7657,5.156,0.554
6.7536,-2.3970,1.2761,5.192,0.555
7.3557,-2.2885,-0.7197,6.323,0.701
7.3301,-1.8867,-6.1992,5.289,0.572
6.7238,-2.0885,-1.3165,3.683,0.553
6.9159,-2.0509,5.5934,6.291,0.731
7.1621,-1.7702,8.2148,6.548,0.861
6.8328,-1.8153,-2.3984,5.678,0.581
7.0367,-1.8737,-3.5153,4.772,0.498
6.8436,-1.6616,-4.2711,5.280,0.558
8.3608,-2.3874,1.2039,4.249,0.466
8.4496,-1.9865,-4.7459,4.823,0.501
8.4757,-2.2339,4.8324,5.969,0.666
8.5555,-2.1488,4.5751,6.807,0.860
8.5971,-2.1034,0.4228,6.274,0.708
8.7717,-1.9862,10.7002,5.304,0.563
8.0002,-2.0286,-2.9196,6.267,0.747
7.6611,-1.9843,-4.7072,6.330,0.727
8.8985,-2.0117,5.5000,6.187,0.694
8.8695,-1.8592,-1.5653,6.771,0.865
9.0719,-1.6413,4.1564,5.853,0.582
9.3120,-1.2584,-3.4696,6.006,0.665
8.3702,-1.3674,-1.5747,5.596,0.571
8.6287,-1.3661,3.0089,6.097,0.664
8.8256,-1.1366,-2.8602,5.040,0.494
8.9041,-1.0077,-4.2395,4.235,0.432
8.6972,-1.0619,2.2412,4.910,0.489
7.6198,-1.5417,-6.7227,6.136,0.704
8.0382,-1.1843,0.4122,6.493,0.732
8.0825,-1.3674,-0.4684,5.464,0.572
7.9051,-1.3052,-1.9168,5.351,0.551
7.7485,-1.3017,4.2898,3.469,0.686
7.3784,-1.3143,-5.2913,6.828,0.916
7.2514,-1.3355,0.2868,6.820,0.870
7.6372,-0.9852,-4.8571,6.386,0.741
7.5894,-0.9146,0.6438,5.535,0.592
7.5773,-0.8194,-7.2623,6.176,0.682
7.4344,-1.2115,-3.8658,6.823,0.877
7.4855,-1.2258,3.7208,4.046,0.498
7.6435,-1.0295,-2.1334,6.059,0.645
8.1201,-0.8896,5.9018,5.662,0.570
8.4433,-0.8118,-1.5671,4.543,0.474
8.6291,-0.5414,5.3962,5.434,0.561
8.5010,-0.6164,0.5497,5.012,0.498
8.5296,-0.8172,-6.6098,6.348,0.846
7.7895,-0.5800,-3.7749,6.099,0.656
7.7629,-0.6890,-7.4015,6.193,0.699
8.0169,-0.8415,-3.2607,4.837,0.479
7.6993,-0.7476,11.1945,3.886,0.489
8.3156,-0.2210,2.6125,6.662,0.762
8.1128,-0.2405,-1.4758,6.103,0.630
8.2731,-0.6022,1.3421,6.380,0.738
8.2014,-0.4654,-4.7309,4.270,0.439
10.6016,-1.5701,7.5499,6.724,0.738
10.1972,-1.8596,-2.1967,5.373,0.530
10.2614,-1.5827,-5.6272,3.706,0.436
10.2133,-1.3830,5.9097,4.203,0.436
9.8071,-1.5630,-0.7882,6.487,0.741
9.8160,-1.4000,7.9927,6.230,0.684
10.2329,-1.2063,1.2344,6.634,0.769
10.5767,-0.8513,-6.9095,4.822,0.440
10.4636,-0.4772,-3.8961,4.695,0.447
9.3785,-0.9725,-2.5179,6.377,0.729
9.2508,-0.8367,-1.3668,6.383,0.724
9.2769,-0.5624,12.3411,4.909,0.485
9.3180,-0.2819,10.0308,3.506,0.571
9.9998,-0.4429,-5.0386,6.876,0.880
10.4555,0.2132,3.8545,6.226,0.554
10.3946,-0.0323,-2.6996,6.279,0.752
9.7914,-0.1501,6.2499,3.977,0.437
10.1196,0.2703,5.0019,5.099,0.513
9.3841,-0.1401,-0.8027,5.449,0.542
9.0747,-0.2144,-9.1779,4.368,0.437
8.6048,0.1170,2.9913,5.435,0.550
8.5262,-0.2639,-1.3510,6.651,0.752
8.3734,-0.0957,-1.7270,4.976,0.485
8.7449,0.2761,1.6473,6.265,0.749
9.5280,0.4849,-2.0604,5.357,0.551
9.1190,0.4921,-3.5003,4.395,0.470
9.6296,1.0686,0.2055,6.415,0.722
9.3334,0.9446,-3.0443,6.075,0.618
9.5555,0.8373,-9.0266,6.302,0.724
10.7454,0.2618,-8.9293,4.230,0.435
10.4538,0.9268,-2.7951,5.218,0.499
10.1817,0.9453,-4.7286,6.856,0.835
10.1450,0.7376,1.3755,3.472,0.590
9.6169,1.1834,-5.4433,5.791,0.589
9.8719,1.3743,-2.9841,5.810,0.603
10.1419,1.6299,5.9128,6.657,0.764
10.1314,1.4444,1.3648,5.125,0.495
10.5230,2.1690,6.4572,6.214,0.680
-2.9698,-10.0366,-0.8562,4.962,0.547
-3.5358,-10.0094,6.9855,6.684,0.826
-3.8677,-9.4961,0.9841,5.070,0.614
-4.0173,-9.2309,-6.9127,6.606,0.878
-4.8235,-9.6097,10.6810,6.141,0.781
-4.9335,-9.0052,16.8110,5.871,0.758
-4.5988,-9.1461,-0.0603,5.456,0.655
-3.9549,-8.6937,-0.7640,4.113,0.571
-4.7294,-9.0279,-3.3237,4.617,0.572
-4.2545,-8.5600,-0.0129,4.466,0.576
-2.2551,-9.8521,1.4246,5.745,0.624
-1.8349,-9.9721,6.5664,5.754,0.631
-1.0078,-9.6259,12.0947,4.745,0.560
-1.0988,-9.2723,-1.2682,6.052,0.718
-1.6062,-9.7617,1.9899,6.127,0.685
-1.7128,-9.3829,-6.4932,5.608,0.574
-1.0764,-9.0589,-4.0031,6.099,0.756
-1.1670,-9.2540,4.8841,6.855,0.885
-2.7123,-9.9153,-4.1206,5.697,0.642
-2.1343,-9.4882,9.7664,5.755,0.635
-2.2406,-9.3976,-3.2195,4.530,0.506
-2.3490,-9.4486,9.2756,5.426,0.573
-2.7444,-9.0601,2.8548,6.482,0.863
-2.5552,-9.2900,1.0326,6.015,0.667
-1.9198,-8.6793,-8.1205,6.482,0.734
-0.7696,-9.0325,-2.8243,6.894,0.876
-0.2208,-8.9202,1.0880,5.664,0.624
-0.5002,-8.9505,9.3446,4.710,0.566
-1.0755,-8.6157,-9.8713,6.031,0.814
-0.7177,-8.3692,3.8701,5.321,0.643
0.3922,-7.9994,1.0644,5.745,0.650
0.4368,-8.1016,-5.3708,6.268,0.758
-0.4167,-8.3516,-7.6566,5.934,0.677
-0.4353,-8.1405,-10.1803,5.717,0.659
-0.2613,-7.8135,-1.5788,6.402,0.814
-1.0493,-8.5004,-0.1422,-1.991,1.388
-0.8730,-8.1758,1.4481,6.128,0.758
-0.9132,-7.8578,4.6288,3.400,0.790
-1.6020,-8.0572,11.4433,5.797,0.655
-1.7014,-7.9134,-3.1321,2.956,0.769
-1.4839,-7.7702,3.5645,6.382,0.783
-1.1214,-7.6764,0.2325,6.165,0.744
-1.3086,-7.5556,-5.0430,5.958,0.737
-1.3316,-7.8007,5.2205,5.054,0.581
-1.4762,-7.8921,0.8510,5.008,0.572
-1.7455,-7.9319,1.5151,5.444,0.591
-0.7447,-7.6841,-0.3508,5.423,0.599
-0.7364,-7.6408,-0.4945,6.001,0.698
-0.3946,-7.2673,4.9840,6.177,0.725
-0.2216,-7.5262,3.4860,4.163,0.527
-1.1957,-7.4698,7.3059,6.844,0.877
-1.0875,-7.5597,1.3785,4.688,0.566
-0.8020,-7.4991,7.5054,4.643,0.560
-0.7906,-6.9785,-0.2928,6.545,0.767
-0.8093,-7.0162,-17.8351,6.411,0.797
-0.5868,-7.3071,-5.0432,5.513,0.609
-0.5295,-7.1179,12.8418,4.502,0.534
-0.5721,-6.8730,-2.1350,4.775,0.559
-3.1869,-9.3041,-10.9040,6.136,0.657
-3.1601,-9.3131,-4.9892,4.250,0.561
-2.8815,-9.0452,-1.1300,6.407,0.749
-3.0364,-8.7196,-7.0900,6.087,0.716
-3.0143,-8.3706,-5.0719,6.259,0.772
-3.2792,-8.4448,-8.5250,5.701,0.633
-2.6301,-8.3617,-4.4266,5.159,0.564
-2.2301,-8.3941,4.8432,5.364,0.581
-2.1028,-8.2199,-2.4764,6.846,0.874
-2.0775,-8.1844,-5.4560,6.214,0.724
-2.1011,-7.9899,-13.2353,4.021,0.532
-2.3743,-7.9799,-18.2596,4.184,0.508
-2.9161,-8.3718,-2.0415,6.582,0.859
-2.5200,-7.5563,11.8074,5.842,0.648
-2.7506,-7.8523,-3.8217,3.689,0.670
-3.7293,-8.3052,-0.3456,5.676,0.676
-3.8806,-8.2491,4.6711,6.032,0.720
-3.6055,-8.0378,6.9962,6.712,0.863
-3.5181,-7.8794,-0.2375,4.987,0.579
-3.8491,-7.5377,1.8759,6.530,0.838
-3.2078,-7.9319,-2.5249,5.668,0.685
-3.3212,-7.6718,2.7988,5.093,0.575
-2.7087,-7.3536,-0.7705,5.800,0.614
-3.5219,-7.6224,-2.7015,6.364,0.752
-3.7303,-7.4341,-1.8728,6.168,0.725
-3.4750,-7.6436,2.2941,6.550,0.781
-3.6502,-7.4837,-0.8716,3.005,0.782
-3.0619,-7.0941,-0.7450,3.720,0.618
-3.3201,-7.0536,-10.9231,6.047,0.717
-3.3968,-7.0463,2.0467,5.063,0.569
-1.9823,-7.8227,1.4298,6.446,0.816
-1.5946,-7.1343,22.6299,6.174,0.861
-1.4456,-7.4339,-3.5870,4.956,0.575
-1.4977,-7.4506,-6.2561,5.389,0.608
-1.5506,-7.4294,-3.3695,5.947,0.718
-1.5301,-7.2266,-1.0339,4.909,0.566
-2.3524,-7.6445,4.5255,6.798,0.875
-2.1507,-7.4461,-1.7661,5.655,0.618
-1.9739,-7.4626,0.1716,6.311,0.791
-2.0502,-7.3708,-22.2573,5.390,0.809
-2.4601,-7.4983,-1.0771,2.330,0.771
-1.9134,-7.2098,-3.9716,6.228,0.723
-1.8473,-7.0131,5.2813,6.829,0.877
-1.2219,-7.3459,-6.0625,6.637,0.869
-1.1798,-7.2164,-4.7502,5.737,0.695
-1.4263,-7.1677,-10.8956,5.388,0.601
-1.3225,-7.0238,-0.5500,4.499,0.561
-0.8792,-6.7287,4.0861,6.617,0.836
-0.8149,-6.7025,8.2035,4.837,0.573
-1.1948,-6.8742,-2.6984,4.104,0.563
-1.0523,-6.7700,0.7938,6.102,0.693
-1.1590,-6.8600,1.4295,6.331,0.851
-0.9816,-6.8926,-4.5946,5.707,0.630
-1.0130,-6.7808,-2.9429,4.681,0.546
-1.7119,-6.8497,8.9043,4.615,0.539
-1.5417,-6.4585,1.4378,6.542,0.832
-1.2418,-6.4878,-3.8018,4.369,0.534
-1.1969,-6.4387,2.8956,4.804,0.561
-1.4011,-6.4626,-7.5090,5.397,0.581
-2.7982,-7.0383,0.6908,1.738,0.810
-2.1103,-6.7749,-1.8843,5.600,0.608
-2.3540,-6.6129,-0.5833,5.478,0.584
-2.8647,-6.7881,-3.2199,5.498,0.585
-2.6061,-6.3630,-5.2813,5.701,0.594
-2.4463,-6.2135,-1.6726,4.773,0.547
-2.0115,-6.5017,3.3720,4.598,0.521
-1.7810,-6.4792,-2.9277,6.063,0.730
-1.6239,-5.8052,6.1073,6.118,0.739
-1.5998,-6.0627,4.5677,6.181,0.710
-1.5819,-6.2536,1.4082,6.514,0.796
-1.5142,-6.0423,7.7951,4.960,0.563
-1.5587,-5.9494,-1.2155,5.723,0.661
-1.6291,-5.8997,-4.5365,4.295,0.509
-1.7269,-5.9067,-0.8649,6.315,0.741
-1.7399,-6.1533,-7.0391,5.234,0.566
-1.4402,-6.2010,-0.7116,5.330,0.569
-2.0930,-6.1277,-0.0460,5.201,0.567
-2.1075,-5.7542,1.8602,6.456,0.802
-2.0096,-5.8608,15.6756,5.113,0.544
-1.7883,-5.5897,2.7297,6.633,0.848
-1.9239,-5.6054,-5.8736,5.536,0.610
-6.0606,-8.5851,2.6324,6.072,0.732
-4.6992,-8.0859,-0.8311,6.786,0.865
-5.3380,-8.2211,6.4654,5.281,0.611
-5.4973,-8.1053,-3.9512,5.150,0.633
-5.1455,-7.9029,0.8321,6.071,0.757
-5.1889,-7.7946,-6.4735,6.527,0.826
-5.0992,-7.7339,3.3462,5.074,0.616
-6.2228,-8.1683,-2.4915,5.980,0.754
-5.4461,-7.7205,8.5922,6.813,0.919
-5.4530,-7.5044,1.8388,5.643,0.704
-5.8931,-7.4251,-2.8589,6.807,0.785
-6.0585,-7.1292,3.1440,6.889,0.879
-6.8626,-7.0707,5.1379,6.768,0.875
-6.4662,-7.3105,1.5634,6.420,0.851
-6.2482,-6.9623,1.7441,5.651,0.700
-6.4715,-7.0228,1.6727,5.084,0.578
-5.8914,-6.7567,9.5429,6.009,0.735
-6.4772,-6.4783,6.7648,5.516,0.649
-7.5756,-7.3184,-1.4594,4.896,0.574
-7.9221,-6.9594,2.0790,5.822,0.728
-6.8873,-6.2972,-2.8676,7.022,1.423
-6.7887,-6.3473,6.8007,6.809,0.880
-6.8148,-6.0005,1.2524,6.438,0.787
-6.7294,-6.0422,5.5686,4.808,0.577
-7.2169,-6.0407,4.8288,6.425,0.845
-4.0956,-7.7101,-6.4204,6.190,0.755
-4.2347,-7.4629,2.3671,4.943,0.589
-4.2346,-7.3307,7.4591,5.115,0.611
-4.6649,-7.6322,-1.7397,5.793,0.706
-4.7101,-7.0838,6.5248,6.173,0.762
-3.7309,-6.8866,1.0035,6.763,0.861
-3.5769,-7.1018,4.5099,5.634,0.656
-4.0008,-7.0537,6.9797,5.691,0.675
-3.4217,-6.7135,3.2666,6.409,0.835
-3.4226,-6.6788,1.8788,5.938,0.722
-4.1541,-6.8428,2.8717,6.732,0.884
-4.0766,-6.6249,-0.0773,6.858,0.876
-3.7086,-6.5356,11.7357,4.483,0.585
-3.9286,-6.3603,-0.0678,6.394,0.785
-3.7951,-6.5892,1.3915,6.614,0.867
-3.6714,-6.4938,1.3262,5.044,0.593
-3.9533,-6.5345,0.7160,5.665,0.665
-3.8232,-6.2886,5.8648,6.880,0.881
-4.7237,-6.6958,-3.1156,4.931,0.626
-4.6906,-6.6678,-0.4893,4.696,0.630
-4.6607,-6.6439,0.9698,6.144,0.784
-4.8238,-6.5191,-3.9076,4.079,0.630
-5.1729,-6.7890,-2.6112,5.802,0.695
-5.3984,-6.5645,-7.5436,4.307,0.576
-5.1901,-6.6812,-1.5824,4.782,0.582
-5.3871,-6.5211,-5.5852,4.889,0.578
-5.1805,-6.4761,0.1684,5.897,0.745
-5.1342,-6.3499,-2.7581,6.557,0.796
-5.1742,-6.2752,3.2306,6.759,0.881
-5.3586,-6.4308,4.5237,6.859,0.906
-5.0575,-6.5500,3.5619,2.908,0.837
-5.1574,-6.5633,-0.9210,5.628,0.675
-5.2043,-6.6227,-0.0453,6.782,0.887
-5.0722,-6.1192,0.0964,5.903,0.732
-4.2873,-6.3796,1.9506,5.969,0.732
-4.6005,-6.4366,1.7884,5.161,0.602
-4.0847,-6.2909,3.8773,5.208,0.627
-4.1766,-6.0280,-3.7844,4.034,0.648
-4.6555,-6.1234,-5.5224,6.163,0.745
-4.5496,-6.1553,0.6904,2.430,0.864
-4.5977,-5.9707,-0.4673,5.093,0.604
-4.7321,-5.8335,5.7406,5.632,0.667
-4.9061,-5.9458,4.4454,4.276,0.608
-4.4466,-5.5207,6.7331,6.133,0.808
-4.4023,-5.9153,-1.4347,4.654,0.579
-3.3649,-6.4401,0.1863,6.103,0.758
-3.3581,-6.5276,-6.2787,4.527,0.561
-3.2042,-6.2914,-8.5395,4.539,0.562
-2.6449,-6.0880,-3.9027,5.746,0.697
-2.8882,-5.8754,2.2300,5.986,0.741
-3.6003,-5.9146,-0.9855,4.371,0.575
-3.6610,-5.9290,0.3064,4.509,0.576
-2.5057,-5.8074,-6.2002,5.924,0.700
-2.7505,-5.7505,2.0235,6.914,0.964
-2.4555,-5.9559,2.8130,5.402,0.608
-2.5800,-5.8013,3.1888,5.183,0.575
-2.6855,-5.5569,-0.7278,4.989,0.566
-2.2648,-5.3754,4.2332,5.753,0.687
-2.2128,-5.3165,1.6811,2.601,0.761
-2.5522,-5.1521,-0.8850,5.642,0.638
-2.5982,-5.0963,1.0903,6.540,0.829
-2.3182,-5.1558,0.7374,5.277,0.601
-2.3243,-5.0325,-2.1435,4.515,0.509
-2.3861,-5.0670,-9.8915,4.528,0.544
-2.5197,-4.9430,2.4097,5.866,0.656
-2.5843,-4.8648,0.8789,0.878,0.195
-3.6469,-5.9009,7.0586,6.564,0.842
-3.5918,-5.7456,-0.9311,5.433,0.665
-3.9271,-5.9387,-15.4015,5.392,0.696
-3.8029,-5.6162,-5.0194,4.711,0.592
-3.6670,-5.3274,1.0603,6.513,0.865
-3.4144,-5.5400,1.2123,4.998,0.448
-3.5525,-5.4090,2.3812,6.881,0.894
-3.3997,-5.5093,6.6483,0.987,0.190
-3.4109,-5.4837,8.6819,4.998,0.506
-3.4665,-5.4125,-3.8979,4.447,0.572
-3.5842,-5.4151,5.6562,3.668,0.815
-4.1766,-5.5322,6.6801,6.181,0.758
-3.8471,-5.4218,12.3508,5.318,0.659
-4.2026,-5.2789,-0.4741,6.040,0.702
-4.1362,-5.6648,3.1573,5.218,0.632
-4.0588,-5.4399,-3.3586,4.905,0.595
-3.5208,-5.0807,9.7143,6.871,0.912
-3.7189,-4.9746,2.1834,6.124,0.722
-3.2880,-5.0891,1.7878,6.353,0.792
-3.0522,-4.9424,2.2885,6.735,0.879
-3.1690,-5.2885,-3.5327,4.811,0.580
-3.2999,-5.2222,7.2342,4.657,0.571
-3.1971,-5.0765,-6.3837,6.868,0.927
-3.3241,-4.9022,0.0670,6.713,0.864
-2.8859,-4.9533,3.5551,2.332,0.809
-2.7897,-4.8055,-2.4979,3.768,0.682
-3.0757,-4.8535,15.7611,5.744,0.678
-2.9198,-4.7188,1.1289,5.322,0.605
-2.7926,-4.7228,5.1553,3.107,0.805
-3.3772,-4.9419,-0.9112,5.026,0.577
-3.5391,-4.9651,10.4230,6.006,0.704
-3.5042,-4.7361,-7.8835,6.179,0.733
-3.5158,-4.5600,-2.3366,5.868,0.708
-3.3445,-4.5413,5.1263,6.246,0.795
-3.2024,-4.4571,11.1449,6.502,0.847
-3.1772,-4.2655,2.2356,5.733,0.740
-3.1216,-4.6387,-1.1569,6.470,0.799
-3.3136,-4.4064,5.0785,6.573,0.784
-3.0131,-4.4655,2.6493,6.105,0.720
-3.3329,-4.4225,-1.0729,4.971,0.571
-5.7896,-6.5956,-0.1426,5.424,0.648
-5.4296,-6.0009,-7.8029,5.974,0.745
-5.5674,-5.9845,2.0287,5.808,0.809
-5.2123,-6.1384,7.3305,5.600,0.679
-5.6072,-6.1834,-4.3367,5.099,0.620
-5.9534,-6.2938,-1.3688,6.391,0.838
-5.7200,-5.8888,-3.5193,6.528,0.864
-5.9456,-5.6713,1.7246,5.863,0.746
-5.0861,-5.7825,2.3846,6.474,0.824
-5.1878,-5.9627,-6.1539,5.673,0.696
-5.3758,-5.7798,-3.7056,0.959,0.761
-4.7336,-5.4906,5.0350,5.973,0.746
-4.8253,-5.3957,2.5492,5.378,0.653
-4.7310,-5.1919,3.2994,6.484,0.859
-5.5425,-5.6033,3.3909,6.241,0.775
-5.2312,-5.5013,-1.8011,6.609,0.876
-5.1503,-5.4435,-1.2003,6.720,0.866
-5.4237,-5.4023,0.9724,5.340,0.686
-4.8896,-5.1970,-1.7572,5.696,0.714
-5.0956,-4.9844,-6.2230,6.727,0.880
-5.2207,-5.2769,-5.8654,3.118,0.865
-4.9942,-4.9785,1.5496,5.832,0.747
-5.2141,-4.9790,-0.1657,1.730,0.896
-6.3829,-5.7079,-1.1875,3.865,0.715
-6.4850,-5.6795,-1.7597,3.984,0.651
-6.6130,-5.7057,-4.1346,5.301,0.629
-5.8200,-5.3821,2.8562,6.282,0.874
-6.8173,-5.4079,1.2874,4.806,0.600
-5.7247,-5.1272,3.5126,5.836,0.765
-5.8567,-5.0626,5.3225,6.225,0.735
-5.7744,-5.3472,4.0176,5.770,0.764
-5.8358,-5.2296,-0.7462,5.666,0.712
-5.7416,-4.9863,-3.9144,6.721,0.903
-5.8478,-4.8896,-1.6048,6.202,0.755
-5.3477,-4.8800,-1.7078,6.293,0.829
-5.1893,-4.7491,2.3349,5.830,0.773
-5.2756,-4.7526,4.3189,1.499,0.934
-5.2864,-4.7078,2.0272,5.192,0.694
-5.5841,-4.6935,2.2799,4.745,0.634
-5.4579,-4.5170,1.1738,4.518,0.647
-5.6899,-4.6110,-0.7841,5.342,0.683
-4.4063,-5.3381,1.1497,5.564,0.669
-4.3568,-5.3024,-11.1387,6.292,0.635
-4.2921,-4.9707,1.1855,6.494,0.850
-4.5449,-5.0738,-1.7254,5.557,0.710
-4.2719,-4.6343,10.7248,6.316,0.817
-4.0464,-4.8177,2.1257,5.884,0.739
-4.0826,-4.5560,3.7153,4.315,0.582
-4.1606,-4.6892,-2.2559,6.203,0.793
-4.7733,-4.8437,1.5620,5.725,0.722
-4.5204,-4.7949,1.3947,4.360,0.598
-4.6095,-4.8049,1.5015,6.138,0.839
-4.7607,-4.4721,2.4677,6.006,0.726
-4.6188,-4.7650,-1.8791,4.170,0.644
-4.9089,-4.6258,4.4372,4.311,0.644
-4.7886,-4.4539,-4.2768,5.594,0.674
-4.4532,-4.6265,0.9840,6.055,0.777
-4.6119,-4.4872,-4.9914,5.798,0.709
-4.6243,-4.4673,-4.3865,6.580,0.866
-4.7373,-4.4193,0.7616,5.833,0.720
-4.4705,-4.1219,3.4918,4.769,0.625
-3.6276,-4.4192,2.0939,6.492,0.866
-3.5228,-4.3959,-4.1059,6.187,0.747
-3.8517,-4.5819,-1.4542,4.390,0.578
-3.9606,-4.5362,8.0516,5.245,0.594
-3.8761,-4.1294,4.3352,5.654,0.635
-3.5004,-3.8715,-2.6433,6.514,0.803
-3.5418,-3.8377,9.6886,6.640,0.809
-3.4651,-4.3068,4.0199,4.974,0.577
-3.6509,-4.1403,1.4851,5.568,0.671
-3.6006,-4.0913,-4.6288,4.899,0.573
-3.6287,-3.8979,5.4743,5.485,0.613
-3.7604,-4.1203,3.2028,5.268,0.582
-4.0985,-4.2757,-2.5039,6.624,0.874
-4.0477,-4.2166,-15.9798,5.820,0.713
-4.2777,-3.9120,-12.7091,5.958,0.750
-4.0957,-4.1083,2.6425,5.208,0.630
-4.1098,-3.8346,0.9094,5.662,0.677
-3.8113,-3.7092,-10.5281,6.284,0.750
-4.0602,-3.6933,-3.5327,6.615,0.863
-3.9720,-3.6981,5.9771,5.861,0.709
-3.8282,-3.5875,-2.5428,5.112,0.583
-5.2488,-4.3332,-2.3117,4.209,0.713
-4.6859,-3.9568,1.7436,6.161,0.822
-4.4869,-4.0966,10.3916,6.822,0.863
-4.8465,-4.0704,3.1503,4.081,0.727
-4.9405,-4.0806,-3.2118,6.033,0.771
-4.6961,-3.8848,6.2904,5.689,0.729
-5.0489,-4.0316,-1.4918,4.225,0.659
-5.6577,-4.1097,5.4719,4.799,0.595
-5.6410,-4.0521,2.5177,4.905,0.625
-4.8399,-3.7854,0.3812,6.567,0.882
-5.3093,-3.7899,-1.5867,6.553,0.888
-4.8497,-3.8089,8.7658,6.874,0.913
-5.0618,-3.9715,-0.0247,6.702,0.872
-5.1096,-3.4211,3.7111,6.818,0.919
-4.6109,-3.8138,-3.6460,6.717,0.891
-4.5594,-3.5520,9.4421,6.307,0.797
-4.3733,-3.6606,0.0540,6.220,0.804
-4.3700,-3.4972,-1.5898,6.638,0.733
-4.6053,-3.6999,-0.3666,4.241,0.645
-4.2176,-3.2695,5.8974,6.151,0.756
-4.3511,-3.4327,-0.4731,6.246,0.750
-4.0934,-3.4521,1.2891,4.815,0.582
-4.3803,-3.4074,3.9052,4.803,0.576
-4.4075,-3.3693,2.2738,4.194,0.579
-4.1211,-3.1021,-4.2503,5.366,0.623
-4.2408,-3.3143,-2.3814,4.186,0.579
-4.5676,-3.4469,-4.7859,5.749,0.724
-4.5484,-3.3379,-0.4051,4.666,0.575
-4.6729,-3.2789,1.4516,4.493,0.609
-4.2261,-3.1114,-2.5285,6.534,0.860
-4.6133,-3.0140,3.5863,6.420,0.778
-4.3395,-2.9829,-3.6316,5.630,0.624
-4.3705,-3.1219,0.4042,5.192,0.608
-4.4631,-3.0688,-5.5575,5.221,0.594
-4.5054,-2.8871,5.4424,6.185,0.818
0.8638,-7.7521,-8.0874,6.922,1.024
0.5113,-7.7881,7.0333,5.122,0.548
1.0183,-7.2067,-2.0805,6.436,0.781
0.6374,-7.4684,-0.0878,-0.549,0.997
0.2548,-7.2568,0.2912,6.468,0.731
0.6109,-7.2945,-7.4716,5.468,0.576
0.5603,-7.2233,5.1374,4.479,0.494
0.5657,-7.0928,7.6494,5.966,0.699
0.5194,-7.0813,2.0487,6.809,0.744
0.5621,-6.9586,-0.6520,5.692,0.619
0.6519,-6.8933,-3.3359,5.828,0.634
0.5442,-6.9019,-2.2160,5.930,0.646
0.7241,-7.0744,-1.1448,3.316,0.707
1.0150,-7.0821,-5.0517,4.894,0.532
1.0364,-7.0486,0.2384,6.559,0.831
1.0958,-7.1752,-4.4959,5.888,0.664
1.2922,-6.8855,5.2689,5.917,0.699
1.5259,-6.5809,0.8620,4.962,0.520
1.4475,-6.6890,-6.5833,6.336,0.771
1.6418,-6.9065,-3.0086,3.913,0.560
1.5278,-6.8366,7.3158,5.314,0.571
1.3003,-6.8156,1.8323,5.176,0.566
0.7618,-6.6983,-0.6953,5.996,0.696
0.9042,-6.5969,-4.0134,6.161,0.763
0.9823,-6.9971,1.8794,6.710,0.872
1.0684,-6.8955,3.2873,5.432,0.579
0.9345,-6.8755,-1.3568,5.432,0.571
0.8800,-6.8196,-4.6227,5.215,0.566
0.7909,-6.8180,-4.7457,6.131,0.758
1.0070,-6.5396,2.2273,5.033,0.567
1.1287,-6.4743,-4.5505,6.138,0.754
1.3199,-6.4916,5.7270,5.399,0.582
1.4418,-6.3889,-6.9021,4.876,0.546
1.1024,-6.4408,2.1375,4.549,0.524
1.2375,-6.2521,1.1320,5.551,0.593
1.2096,-6.2358,-3.7366,4.806,0.547
1.2717,-6.1398,0.3318,5.506,0.594
0.3771,-6.7559,-6.1855,6.472,0.790
0.2829,-6.8145,1.7427,5.916,0.689
0.1725,-6.7766,-0.5055,5.099,0.566
0.0455,-6.8318,0.7626,5.542,0.603
0.0988,-6.6911,1.6116,4.720,0.491
-0.4214,-6.7909,13.8668,6.439,0.837
-0.4703,-6.6835,-1.0641,5.366,0.593
-0.4386,-6.6542,4.5263,5.209,0.545
0.1453,-6.2943,-9.6510,6.127,0.701
0.1102,-6.4849,-10.2646,4.306,0.498
0.0440,-6.4766,1.9399,4.990,0.543
-0.1945,-6.5463,-4.4974,3.788,0.561
-0.0485,-6.1403,-6.3199,5.935,0.667
0.4165,-6.4330,-5.0903,6.867,0.868
0.6318,-6.2204,5.4098,5.636,0.666
0.6531,-6.5351,0.4748,4.156,0.520
0.4896,-6.5384,1.3030,4.795,0.543
0.8054,-6.3003,0.1444,3.722,0.593
0.4842,-6.5076,-1.2440,5.159,0.564
0.5539,-6.2099,1.0846,4.973,0.562
0.9341,-6.1216,1.5469,4.980,0.566
1.0354,-6.0468,-3.2591,5.815,0.652
0.8268,-5.9700,-0.4635,3.656,0.692
0.5407,-6.1366,-0.9005,5.875,0.658
0.5962,-6.1062,11.4659,5.170,0.567
0.2673,-6.0866,0.0657,6.341,0.743
0.7234,-5.9017,-1.1508,6.891,0.879
0.3529,-5.7622,1.8978,6.825,0.862
0.8263,-5.6535,4.0590,6.541,0.742
0.6513,-5.9032,5.6468,3.666,0.704
0.6311,-5.8057,0.1963,4.941,0.576
1.9660,-6.2081,-1.3265,6.119,0.683
1.6968,-6.4146,-10.7561,6.012,0.730
2.2781,-5.8897,-5.1119,5.029,0.561
2.2195,-6.2186,1.3168,4.984,0.569
1.6662,-6.1966,-6.5915,2.887,0.742
1.7359,-6.1191,-4.3187,1.282,0.860
1.5376,-6.0425,3.8390,2.242,0.105
1.4623,-5.9514,2.7132,5.657,0.656
2.0896,-5.7307,4.9090,6.456,0.843
1.9543,-5.7154,-3.5962,6.764,0.876
2.0959,-5.8214,-6.8680,4.333,0.562
1.8037,-5.7628,-2.4466,5.764,0.664
1.6717,-5.8088,3.5352,5.289,0.572
1.6650,-5.7646,-18.0348,1.659,0.816
2.5744,-5.8609,-2.7518,6.397,0.777
2.5102,-5.8017,-3.3802,6.079,0.725
2.6717,-5.5972,-7.3989,6.569,0.803
2.3569,-5.7228,-4.7267,6.177,0.712
2.3840,-5.9364,-2.3392,5.647,0.644
2.4555,-5.6712,1.3360,4.740,0.561
2.3410,-5.7084,2.8028,4.276,0.541
2.5091,-5.4329,-8.0715,5.608,0.605
2.9292,-5.5027,0.1190,6.842,0.866
2.9487,-5.4246,-1.2233,6.333,0.736
2.9082,-5.2584,0.0917,5.542,0.578
2.7493,-5.3608,3.2926,5.188,0.575
2.8286,-5.1686,0.3856,3.903,0.582
2.7898,-5.1933,3.3066,4.965,0.563
2.0216,-5.4745,2.9609,6.432,0.869
2.4642,-5.3684,-1.0639,4.567,0.548
2.2520,-5.1756,0.3417,4.741,0.543
2.7839,-5.0807,-0.7537,6.801,0.870
2.7640,-5.0583,3.7795,6.235,0.707
2.6149,-5.1111,-1.8529,5.005,0.561
2.6354,-4.8956,5.6838,3.497,0.734
2.5327,-4.9383,-0.3777,6.122,0.719
2.9524,-5.2167,-12.0827,6.437,0.790
1.4986,-5.7849,3.4063,4.801,0.540
1.2089,-5.9248,-1.6260,5.211,0.588
1.3191,-5.8215,1.6641,5.747,0.637
1.3933,-5.7595,-5.3512,5.458,0.598
1.2963,-5.6888,-3.7471,5.126,0.562
1.1142,-5.6842,2.2298,4.504,0.500
1.8016,-5.4742,-1.0590,5.936,0.682
1.4439,-5.3687,2.7250,6.140,0.698
1.3747,-5.3465,-0.7455,5.993,0.612
1.3649,-5.3136,2.6373,5.683,0.581
1.6177,-5.6607,-1.0066,4.330,0.514
1.6464,-5.6094,-1.6755,4.747,0.537
1.4101,-5.5313,-4.3015,6.503,0.858
1.3457,-5.3352,-2.2273,4.581,0.491
1.6924,-5.4384,-3.5683,5.872,0.659
1.5638,-5.2736,-4.0755,5.941,0.632
1.5201,-5.1540,-0.8696,4.466,0.501
1.3555,-5.4190,-6.9273,4.579,0.498
0.8758,-5.6849,-4.7679,6.776,0.888
1.0160,-5.2689,2.8484,6.776,0.879
1.0247,-5.5813,-3.5023,4.578,0.502
0.9193,-5.3607,-0.0479,4.899,0.559
0.7309,-5.3153,-3.6130,4.763,0.520
1.1067,-5.0093,4.2739,5.636,0.601
1.4081,-5.2191,-0.3169,5.619,0.571
1.2633,-5.2945,-3.4540,3.927,0.498
1.2887,-5.0246,2.3732,2.971,0.717
1.1173,-4.9880,9.3437,4.741,0.547
1.3465,-4.9509,-3.5368,4.631,0.504
1.2476,-4.8915,1.4881,4.889,0.521
2.0526,-5.0422,3.5563,5.986,0.714
1.9834,-5.2595,-0.5372,3.768,0.587
2.0652,-5.1955,0.4243,5.752,0.678
2.0728,-5.0873,-5.4549,4.232,0.552
2.0557,-4.9827,5.7816,4.404,0.558
1.8953,-4.8833,-0.4991,5.252,0.579
1.7429,-4.9432,3.4456,6.855,0.870
2.2094,-5.0197,-10.8020,5.863,0.666
2.2878,-4.7776,-0.5631,5.995,0.711
2.2022,-4.5930,-1.9270,5.597,0.638
2.2688,-4.9588,-7.3376,4.423,0.538
2.4062,-4.7107,-0.3197,5.799,0.658
2.2438,-4.5993,1.8125,5.034,0.563
1.5903,-4.7521,-1.0565,5.941,0.690
1.7093,-4.6677,1.0336,4.728,0.538
1.3738,-4.6580,-12.0728,6.078,0.709
1.7996,-4.7162,-4.4252,6.235,0.742
1.4754,-4.8798,-0.5421,6.721,0.876
1.4603,-4.9121,1.2062,4.738,0.525
1.7816,-4.6730,-4.4703,4.537,0.553
1.4001,-4.6346,7.0325,5.694,0.637
1.6828,-4.5204,-0.8058,5.931,0.709
1.7878,-4.6284,-0.0029,6.800,0.871
2.0271,-4.3831,-3.1873,6.439,0.999
1.7513,-4.4335,2.8106,6.233,0.753
2.0144,-4.5002,8.8657,5.339,0.579
2.0288,-4.3584,5.5513,4.065,0.562
1.7270,-4.4508,2.2228,5.922,0.697
1.6627,-4.3524,0.9373,4.743,0.565
-0.5523,-6.5581,18.3792,6.055,0.656
-0.4485,-6.4472,-2.0566,6.648,0.827
-0.7166,-6.3885,1.6304,5.860,0.660
-0.6644,-6.6825,-5.2240,4.291,0.548
-0.8023,-6.5930,1.9106,5.073,0.567
-0.9009,-6.5018,-3.4582,6.845,0.899
-0.2776,-6.0999,-1.1272,6.738,0.876
-0.2426,-6.2690,-6.0665,5.290,0.571
-0.1494,-6.1900,-3.7806,5.438,0.583
-0.5227,-5.9621,-6.5936,4.526,0.532
-1.0780,-6.1251,1.4897,6.771,0.844
-0.7919,-6.0466,4.8054,4.836,0.516
-1.0206,-6.1551,7.8176,5.562,0.608
-1.1720,-6.0666,-0.2395,5.461,0.580
-1.1885,-6.0044,-2.6240,4.909,0.548
-0.6420,-5.8496,-2.9843,5.446,0.580
-0.5396,-5.8977,-4.3566,5.019,0.543
-0.4974,-5.9247,-3.9324,6.169,0.716
-0.5867,-5.7228,-2.3401,5.763,0.588
-0.4959,-5.6799,5.8359,5.572,0.593
-0.6653,-5.7962,5.0545,4.001,0.547
-0.5916,-5.7038,10.9740,4.659,0.561
-0.6310,-5.7204,2.6126,5.087,0.546
-0.5641,-5.6276,0.9967,6.180,0.700
-0.8972,-5.6794,-7.3017,5.658,0.641
0.2253,-5.8295,-1.8636,6.843,0.884
-0.1429,-5.9295,-0.8252,5.636,0.605
-0.0451,-5.8144,-7.5899,5.277,0.569
0.5608,-5.3866,3.0479,5.240,0.590
0.3204,-5.4110,2.4791,6.346,0.726
0.4295,-5.5330,3.3265,4.043,0.545
0.1465,-5.5864,2.7593,3.685,0.687
0.3553,-5.4365,-0.4804,4.335,0.536
0.4754,-5.3027,-0.9042,4.793,0.564
0.0248,-5.4580,-0.9274,5.329,0.578
0.0932,-5.3712,-0.9651,5.985,0.711
0.1085,-5.3486,-5.7710,5.918,0.713
-0.1126,-5.4623,10.1374,6.528,0.806
-0.2642,-5.3815,-1.3737,6.173,0.710
-0.3523,-5.3163,-1.5521,4.549,0.542
-0.4608,-5.2655,-5.1464,5.766,0.604
-0.1578,-5.4375,-3.1147,6.584,0.806
-0.3304,-5.4260,-2.8058,4.618,0.522
-0.2851,-5.2779,-2.7281,4.027,0.525
-0.1076,-5.2579,3.6960,5.801,0.654
0.0399,-5.1356,-0.7997,6.707,0.837
0.0232,-5.0949,-0.4056,4.469,0.518
-0.0520,-5.0617,6.5396,6.691,0.863
-0.0227,-4.9878,3.0023,5.176,0.570
0.0073,-4.8058,-10.1041,5.052,0.546
-0.3091,-5.0518,0.6372,6.209,0.724
-1.1312,-5.6655,-6.5629,6.390,0.769
-1.4865,-5.6534,3.1440,6.763,0.873
-1.3150,-5.8593,7.3694,5.534,0.581
-1.0091,-5.6880,-1.6586,6.709,0.857
-1.1186,-5.4937,3.1522,6.337,0.780
-1.1879,-5.4826,-5.8447,6.373,0.753
-1.0724,-5.4702,-3.2383,6.058,0.659
-0.8180,-5.2564,3.1341,6.212,0.737
-1.0830,-5.4400,0.8874,5.973,0.657
-0.8207,-5.5475,12.3947,4.986,0.547
-1.4719,-5.5963,-1.8501,6.607,0.815
-1.7509,-5.4152,4.8570,5.125,0.565
-1.8389,-5.3493,-10.1133,6.838,0.867
-1.3370,-5.3868,-11.0433,6.442,0.767
-1.7180,-5.2076,-1.0060,5.139,0.574
-1.3263,-5.4107,1.4542,6.340,0.772
-1.7024,-5.5063,-8.3297,5.804,0.628
-1.7247,-5.3826,7.2744,5.492,0.584
-1.6704,-5.2034,-3.1484,6.001,0.699
-1.3845,-5.2851,3.7862,5.658,0.629
-1.3725,-4.9360,-7.5249,6.602,0.815
-1.1726,-4.9956,6.9256,6.398,0.700
-1.0939,-5.2057,1.8325,5.203,0.567
-1.1554,-5.1203,-3.6633,4.163,0.527
-1.2470,-5.1348,-2.0052,5.315,0.612
-1.2051,-5.0791,4.1303,5.348,0.580
-1.1555,-5.0260,5.9916,5.416,0.573
-1.4012,-5.1220,-4.7566,4.602,0.532
-1.2093,-4.9379,-1.4551,4.887,0.553
-1.4734,-5.1030,-7.2288,5.225,0.575
-1.3072,-4.7992,-2.6059,5.765,0.629
-1.3892,-4.8543,0.2805,5.306,0.571
-0.7793,-5.1667,-4.3232,5.949,0.681
-0.6409,-5.0179,0.8828,5.867,0.676
-0.5791,-4.8913,-0.4009,6.543,0.679
-0.3968,-5.0937,-3.7507,5.337,0.587
-0.7269,-5.2107,2.4702,4.948,0.564
-0.5516,-5.0549,0.9912,5.183,0.575
-0.8239,-5.0071,2.1710,4.066,0.496
-0.8092,-4.9382,-5.4531,5.573,0.632
-0.2722,-4.9750,-1.1176,6.064,0.731
-0.3376,-4.8583,-2.3997,6.529,0.816
-0.4805,-4.7170,-2.4479,5.442,0.601
-0.3498,-4.5976,0.7968,5.659,0.626
-0.1014,-4.8128,1.9141,5.877,0.435
-0.0672,-4.7664,0.3312,4.652,0.544
-0.2010,-4.7707,-0.6069,5.406,0.592
-0.3462,-4.7057,-3.8483,5.516,0.652
-0.2799,-4.6015,3.9322,5.178,0.576
-0.4260,-4.6981,3.8717,3.702,0.626
-0.5387,-4.7175,-15.5912,6.297,0.766
-0.8018,-4.6852,-0.2742,6.206,0.745
-0.7739,-4.7953,5.2814,4.240,0.528
-0.7903,-4.6133,-4.7498,5.554,0.622
-0.9441,-4.6831,-8.0431,4.478,0.516
-1.0357,-4.6841,2.4324,5.011,0.558
-0.7614,-4.6762,2.7226,6.274,0.770
-0.6213,-4.5709,-1.1055,6.132,0.740
-0.8799,-4.4550,0.6656,6.496,0.867
-0.6030,-4.3760,2.4678,6.788,0.863
-0.7164,-4.2897,-0.6663,6.420,0.752
-0.4460,-4.5110,-5.3337,4.078,0.533
-0.3637,-4.3835,-0.5819,4.178,0.530
-0.4935,-4.4626,0.4232,5.259,0.592
-0.5430,-4.4823,3.4598,5.146,0.575
-0.6156,-4.4844,-4.1768,6.122,0.761
-0.6635,-4.4167,-1.8070,6.607,0.863
-0.5974,-4.2806,1.4682,4.740,0.553
-0.6948,-4.2894,1.8939,5.569,0.635
-0.6847,-4.2461,0.5184,6.265,0.762
-0.9568,-4.4018,0.6622,4.619,0.552
0.6593,-4.8582,0.8205,6.660,0.876
0.8813,-5.0686,-2.6708,6.680,0.762
0.4605,-5.2390,1.5995,5.409,0.599
0.5683,-5.1162,1.6036,4.227,0.537
0.4376,-5.2045,-2.1616,5.928,0.690
1.0181,-4.5830,-13.2068,6.543,0.788
0.7928,-4.6471,3.1642,6.063,0.678
1.0096,-4.8108,-0.2191,6.767,0.862
1.0251,-4.8773,1.0545,4.881,0.559
0.9827,-4.7870,2.1036,4.631,0.498
1.0564,-4.7117,5.2139,4.798,0.539
0.9868,-4.6663,-0.0611,4.625,0.539
0.9143,-4.5155,-7.4771,5.320,0.568
1.2005,-4.7700,0.3399,4.362,0.493
1.0045,-4.5079,-0.9464,5.847,0.671
0.1143,-4.8406,2.0023,6.809,0.866
0.4065,-4.6696,2.1504,6.739,0.873
0.1565,-4.5685,7.0202,5.222,0.582
0.4526,-4.9129,-0.4646,4.527,0.557
0.2785,-4.8909,8.1620,5.268,0.585
0.2720,-4.8032,0.1819,6.454,0.824
0.0314,-4.7953,-0.0744,4.453,0.529
0.2336,-4.6010,-1.6697,5.364,0.576
0.5667,-4.5525,-0.8067,6.501,0.783
0.5923,-4.3948,1.9147,5.390,0.600
0.5555,-4.3161,1.4461,5.780,0.600
0.7228,-4.2527,-5.6900,6.223,0.726
0.7490,-4.5104,-1.1282,6.700,0.858
0.6224,-4.3265,-2.8463,6.674,0.749
0.5685,-4.2965,1.3299,6.790,0.862
0.6845,-4.6607,-4.7965,4.305,0.511
0.8530,-4.3687,0.6818,4.976,0.545
0.6443,-4.4654,-1.8648,6.781,0.877
0.4468,-4.3900,2.7287,6.386,0.845
0.6306,-4.1909,-1.2147,4.117,0.509
0.5674,-4.1602,1.0564,4.537,0.510
1.5171,-4.4342,-16.3013,6.217,0.728
1.4537,-4.3608,-0.5081,6.080,0.760
1.0352,-4.3238,3.1791,6.311,0.745
1.2611,-4.3797,-1.1799,5.162,0.567
1.3916,-4.2290,2.7271,6.866,0.878
1.2716,-4.6604,-1.3217,4.278,0.495
1.3243,-4.6144,13.9692,6.053,0.717
1.1526,-4.4474,0.6521,3.820,0.553
1.3694,-4.2460,2.8240,5.101,0.570
1.0714,-4.2798,-1.3498,1.763,0.815
1.0585,-4.3729,2.8553,5.459,0.579
1.1513,-4.2726,0.3305,6.612,0.774
1.3927,-4.0995,5.6316,6.722,0.889
1.5530,-4.0032,-2.2966,6.678,0.832
1.6461,-4.2152,0.8280,5.941,0.775
1.7289,-4.0308,0.5396,5.283,0.613
1.6668,-3.9380,1.0335,4.520,0.577
1.5328,-4.1687,1.2722,5.334,0.580
1.4360,-4.2233,1.4108,5.013,0.569
1.6132,-3.9354,-4.9443,5.764,0.676
1.0691,-4.1704,2.1839,6.192,0.750
0.9189,-3.7914,0.1150,5.658,0.651
1.0780,-4.2200,-0.9232,5.615,0.623
1.0467,-4.2290,-8.6547,5.545,0.607
0.9462,-4.1727,1.8640,4.681,0.513
1.0580,-3.9743,-0.8129,6.156,0.728
1.0132,-3.8570,0.2480,5.305,0.585
0.8661,-4.2287,1.2664,5.390,0.579
1.0255,-4.0046,2.1493,6.292,0.748
0.8484,-4.1099,0.7999,6.266,0.750
0.7795,-4.1069,1.0711,6.483,0.765
0.7960,-4.0505,3.6206,3.947,0.543
0.9323,-4.3296,-1.0210,6.816,0.859
1.2369,-4.0262,0.9606,6.648,0.859
1.3236,-3.7983,-3.5750,6.653,0.869
1.1681,-3.6921,-0.7728,5.989,0.666
1.3648,-3.8813,2.5436,6.405,0.739
1.3815,-3.8644,1.0407,5.113,0.563
1.2673,-3.7933,1.8481,6.345,0.765
1.3366,-3.7413,1.2527,4.380,0.544
1.1827,-3.6819,3.1326,6.810,0.746
0.0008,-4.5004,0.0353,5.583,0.599
-0.2794,-4.4472,5.5410,6.190,0.752
0.0510,-4.3862,1.2038,6.376,0.820
-0.2066,-4.3290,8.5741,5.439,0.602
0.1183,-4.5561,3.2234,1.553,0.856
0.1248,-4.3874,0.4536,5.002,0.564
-0.2292,-4.5058,0.0498,5.031,0.557
-0.0258,-4.2095,2.4166,5.102,0.566
0.3075,-4.3656,0.6541,6.872,0.881
0.0723,-4.0688,2.2757,6.334,0.818
0.4963,-3.9942,2.2211,5.530,0.615
0.1058,-4.0859,-5.8277,6.868,0.869
0.0848,-4.0421,0.7335,6.180,0.769
0.3832,-4.3055,0.5099,4.959,0.549
0.3965,-4.2072,0.8781,4.636,0.546
0.4194,-4.1760,2.2978,5.553,0.625
0.5740,-4.0430,-1.0546,0.833,0.876
0.2486,-4.2569,5.5501,4.945,0.563
0.4546,-4.0510,-8.4428,4.945,0.550
0.2111,-4.2201,-4.8025,4.174,0.517
0.2447,-4.1370,0.1282,4.750,0.537
0.4396,-3.9999,2.0787,6.172,0.697
0.1668,-4.1488,0.7943,4.901,0.535
0.1044,-4.1465,-3.5173,6.005,0.687
0.1399,-4.0604,-1.6044,4.908,0.534
0.2201,-4.0025,1.4208,4.285,0.504
0.2596,-3.9652,3.4624,5.703,0.629
0.0994,-4.0196,-0.0848,5.295,0.583
0.1210,-3.9227,2.4891,4.867,0.547
-0.4069,-4.2612,-0.2261,5.887,0.681
-0.2960,-4.2537,1.8663,5.871,0.683
-0.6478,-4.0724,-2.5585,6.563,0.863
-0.2543,-4.2956,9.0702,4.592,0.531
-0.3742,-3.9015,9.7021,5.417,0.602
-0.4086,-3.8941,0.1179,4.701,0.564
-0.3006,-3.7931,0.2251,5.853,0.698
-0.3397,-3.7880,-1.7423,4.774,0.557
-0.0399,-3.8518,3.6428,6.080,0.748
0.0524,-3.5800,3.6633,6.579,0.840
0.1152,-3.7809,-4.8201,6.529,0.881
0.0124,-3.6720,0.9117,6.768,0.858
0.0110,-3.6333,-3.5460,6.154,0.741
0.1906,-3.7994,0.6319,6.549,0.761
0.0751,-3.8895,-2.0683,5.347,0.579
0.0779,-3.8160,-4.0042,3.711,0.690
-0.0024,-3.7487,-3.7143,3.112,0.759
0.0695,-3.6652,-2.9086,6.087,0.727
-0.2276,-3.8489,1.2433,6.183,0.765
-0.0086,-3.6709,-0.0988,6.081,0.697
-0.0873,-3.7005,1.9054,5.409,0.602
-0.0619,-3.6454,-1.6712,6.269,0.712
-0.0044,-3.5539,3.1476,6.846,0.871
-0.0464,-3.5380,-1.0206,5.154,0.643
-0.0384,-3.5557,3.1002,1.880,0.809
-0.1048,-3.5918,-5.8185,5.719,0.629
-0.1923,-3.6119,-1.5873,5.309,0.584
0.1578,-3.6435,-1.8502,6.755,0.867
0.7500,-3.8780,4.1419,6.614,0.813
0.5863,-3.7709,4.0536,3.043,0.772
0.4722,-3.6865,6.8963,5.971,0.670
0.5714,-3.4766,-1.2647,6.771,0.858
0.4491,-3.7153,2.5976,6.073,0.704
0.7953,-3.7986,-1.2644,2.721,0.761
0.5779,-3.7063,-2.3814,3.679,0.708
0.3257,-3.7135,-0.4811,4.401,0.525
0.5624,-3.8918,-1.3925,6.564,0.856
0.4342,-3.6854,-3.0697,3.972,0.566
0.9538,-3.6547,2.5475,3.916,0.568
0.8995,-3.6789,-3.9259,6.052,0.709
0.9924,-3.1960,5.8313,6.740,0.858
1.1088,-3.4986,-4.8893,4.857,0.573
1.1253,-3.5078,-5.1489,1.957,0.858
1.1294,-3.4260,-2.2725,2.109,0.836
0.8500,-3.5885,0.9170,6.868,0.859
0.8512,-3.5622,0.9353,6.041,0.705
1.0792,-3.3699,-1.7018,6.207,0.787
0.8761,-3.4491,-4.0060,4.446,0.493
0.8574,-3.4420,2.1569,5.504,0.573
0.8683,-3.3703,-1.0040,4.433,0.549
0.9722,-3.2963,2.2076,6.559,0.878
0.8822,-3.2342,0.3506,4.571,0.541
0.1385,-3.4687,-0.8408,5.501,0.619
0.3638,-3.2319,0.5166,6.524,0.915
0.5368,-3.3429,3.8430,6.388,0.786
0.1325,-3.3913,1.3260,6.579,0.813
0.3560,-3.5524,-3.5982,5.151,0.522
0.1732,-3.2759,-2.1294,6.066,0.681
0.2629,-3.6917,-1.7719,-0.356,0.879
0.2920,-3.6478,6.7978,5.377,0.616
0.5286,-3.4760,-0.1232,5.913,0.652
0.1948,-3.4898,-0.5339,4.883,0.568
0.4171,-3.2486,-0.9769,5.649,0.638
0.2445,-3.2197,-0.5979,4.399,0.543
0.3203,-3.1168,1.2413,5.436,0.635
0.3815,-3.5991,-0.8935,4.663,0.487
0.3649,-3.5327,0.8791,5.483,0.464
0.3322,-3.5055,0.5435,6.800,0.791
0.2232,-3.2369,-0.7591,4.786,0.551
0.1550,-3.2669,-1.5227,4.295,0.550
0.5773,-3.1527,-1.9270,6.393,0.807
0.5449,-3.2195,3.2802,6.816,0.871
0.4629,-2.9408,-1.5938,5.674,0.687
0.4159,-2.9496,-1.4810,5.699,0.726
0.7250,-2.8619,-0.3458,6.271,0.752
0.8377,-3.1196,0.3308,5.504,0.663
0.6068,-2.9223,-0.6944,6.340,0.677
0.5627,-2.9083,-0.1694,6.065,0.725
0.3856,-2.9667,0.9427,6.513,0.817
0.5688,-2.8346,0.8635,5.836,0.691
0.5362,-2.8447,-0.2718,5.865,0.678
0.6582,-3.2368,0.4648,6.096,0.686
0.5968,-3.2460,4.9922,5.127,0.561
0.8721,-3.0300,2.1563,5.545,0.605
0.6839,-3.1494,-6.4790,0.341,0.934
0.6785,-2.9560,0.5443,4.151,0.552
0.5209,-3.0135,-1.5722,5.235,0.591
0.6736,-2.9040,-1.2569,4.198,0.558
0.6287,-2.9070,2.8741,4.070,0.564
0.3527,-3.0970,1.4407,5.531,0.655
0.5000,-2.9685,6.8865,3.816,0.630
0.4981,-2.8990,-0.6257,4.240,0.565
0.6922,-2.9599,1.0844,6.373,0.775
0.6863,-2.8500,0.1523,5.963,0.690
3.2974,-4.9588,0.7043,6.203,0.746
2.9892,-5.0938,5.2104,6.664,0.864
3.1211,-5.0085,-0.0095,6.750,0.899
3.2496,-5.2590,3.3676,5.069,0.573
3.1128,-5.0346,1.8972,5.355,0.605
2.9672,-5.1186,-9.3858,5.242,0.580
3.3034,-5.0664,1.3046,4.135,0.574
3.5903,-4.5763,-0.2479,5.228,0.721
3.5921,-4.8379,-2.3887,6.050,0.745
3.5987,-4.8090,8.3353,5.042,0.622
3.3400,-4.9407,0.7448,5.060,0.585
3.6732,-4.7074,-4.7911,1.073,0.913
3.3286,-4.5982,-4.3194,5.081,0.587
2.8234,-4.4552,-3.4537,-0.976,1.025
2.9375,-4.7385,0.2047,5.951,0.690
2.9555,-4.9027,3.3153,6.212,0.763
2.7252,-4.9267,2.8052,6.505,0.825
2.7396,-4.8880,-10.8268,5.445,0.635
2.7312,-4.6662,3.3129,4.833,0.574
3.2845,-4.5611,-0.0647,5.561,0.648
3.3900,-4.4296,4.5849,6.462,0.846
3.2407,-4.4437,1.1693,2.445,0.847
3.2400,-4.3854,-1.3754,5.253,0.618
3.0999,-4.3987,-7.8782,5.060,0.572
3.1561,-4.2997,12.9168,1.987,0.861
3.2464,-4.1936,-1.2065,4.398,0.572
3.1957,-4.1512,3.9386,4.902,0.577
3.8710,-4.6237,-3.1545,6.170,0.750
3.6418,-4.3083,-2.2970,5.950,0.720
3.7890,-4.5808,5.6638,6.034,0.746
3.6005,-4.5517,-9.4676,6.041,0.707
3.8680,-4.5838,0.0046,5.964,0.734
3.7345,-4.5770,-3.1785,2.530,0.852
4.0386,-4.3623,9.0695,4.846,0.573
3.8995,-4.3488,1.6037,5.625,0.682
3.8344,-4.3860,1.2368,5.351,0.635
3.6587,-4.3391,2.2427,5.737,0.689
3.9715,-4.2474,-1.6691,6.012,0.732
3.8820,-4.0439,1.9576,6.715,0.863
4.3049,-4.1390,-2.4755,5.119,0.582
4.2089,-3.9141,-0.5837,5.640,0.659
4.1167,-3.9341,2.1292,4.299,0.572
3.3595,-4.2106,0.7497,6.610,0.873
3.5600,-3.9495,-0.7077,6.826,0.873
3.3957,-4.3348,-3.4044,6.742,0.871
3.4474,-4.2710,2.3826,5.393,0.644
3.3888,-3.8697,1.1780,4.755,0.580
3.6630,-3.7659,-1.0611,5.853,0.738
3.8509,-3.8469,3.2311,4.327,0.585
3.8325,-3.6817,-0.2909,4.579,0.568
3.8019,-3.4805,-2.7241,1.905,0.869
2.4993,-4.6652,-2.4244,5.897,0.685
2.4403,-4.6210,7.3273,6.680,0.866
2.7371,-4.4790,11.2188,6.795,0.865
2.6809,-4.4338,5.4782,5.329,0.578
2.6019,-4.4179,1.5649,5.375,0.584
2.4667,-4.4848,2.7634,5.736,0.665
2.6116,-4.3403,-6.8434,5.247,0.601
2.5770,-4.3475,-2.6653,4.529,0.553
2.5179,-4.3537,0.2426,3.974,0.576
2.3974,-4.4137,2.5532,4.170,0.566
2.2988,-4.3733,8.9601,5.012,0.571
2.4156,-4.2383,5.8650,6.143,0.734
2.8981,-4.1337,-0.0454,6.365,0.777
2.9382,-3.9259,4.6904,6.755,0.883
2.6652,-3.9637,-0.8092,5.727,0.657
2.5783,-4.1058,-0.2480,5.949,0.681
2.9423,-4.2243,-2.0091,4.740,0.565
2.6189,-4.0634,11.3092,4.142,0.543
2.8359,-3.8855,0.8894,3.563,0.717
2.5635,-4.0257,-1.7445,-0.622,1.033
2.2090,-4.2705,0.9082,6.357,0.787
2.4005,-4.1584,-3.6719,5.498,0.622
2.0479,-3.9859,1.9320,6.853,0.930
2.4448,-4.0500,-0.9877,6.625,0.707
2.4622,-4.0216,-1.5944,2.121,0.819
2.0664,-4.2642,-2.6820,5.284,0.607
2.3695,-4.0338,2.3459,5.851,0.671
2.0393,-4.1167,-4.0591,5.438,0.603
1.9674,-4.1298,0.2415,3.753,0.756
2.2152,-3.8441,0.5612,4.469,0.555
2.2641,-4.0764,2.6421,5.922,0.862
2.5838,-3.8173,-18.0412,6.048,0.700
2.6671,-3.6833,-0.2491,6.350,0.828
2.6564,-3.8778,1.3066,4.548,0.544
2.7107,-3.6728,0.1200,3.996,0.568
2.6004,-3.6873,4.6950,4.958,0.564
2.4208,-3.7916,-9.4135,5.402,0.602
2.5157,-3.6656,-7.2713,3.711,0.666
2.4030,-3.6943,2.0197,5.589,0.625
2.3891,-3.6148,-1.8659,4.469,0.535
2.4052,-3.5837,-2.1028,4.980,0.559
3.2851,-3.8910,-7.2822,6.813,0.871
3.1155,-3.7777,-0.5621,5.434,0.636
3.1904,-3.6772,3.5728,5.612,0.687
3.0937,-3.6704,0.4284,6.882,0.870
3.3153,-3.8899,1.5156,5.906,0.732
3.3259,-3.6965,-1.7526,6.430,0.782
3.3069,-3.5697,2.4504,5.336,0.597
3.0107,-3.7108,0.9381,4.916,0.564
3.3983,-3.6526,0.7147,6.136,0.743
3.5342,-3.5038,-0.9708,6.341,0.796
3.5545,-3.3446,-2.5052,6.822,0.863
3.5651,-3.2502,1.2314,6.262,0.683
3.3810,-3.6233,1.6333,6.762,0.927
3.5942,-3.2536,2.7968,6.913,0.917
3.7199,-3.4591,0.5120,4.167,0.573
3.3957,-3.6048,0.6188,5.084,0.592
3.4984,-3.3715,1.1844,5.697,0.674
3.3844,-3.4284,-5.0844,3.886,0.635
3.5470,-3.1724,2.2010,4.906,0.569
3.4868,-3.5467,-8.3039,6.191,0.763
2.5965,-3.4471,-1.6360,5.466,0.590
2.9432,-3.4412,-1.8741,6.826,0.807
2.7199,-3.4238,-0.6734,6.446,0.784
2.8415,-3.7196,-0.4242,6.443,0.690
2.8530,-3.6486,1.6792,5.251,0.574
2.7579,-3.6096,2.1266,5.067,0.574
2.7268,-3.5652,-3.8785,4.589,0.561
2.9729,-3.3381,-3.3582,4.381,0.556
2.7806,-3.3634,1.9475,4.082,0.548
2.6687,-3.2964,-3.6282,3.919,0.547
3.2567,-3.2422,2.8871,6.557,0.862
3.1912,-2.9937,-0.3828,6.718,0.870
3.1931,-3.2447,2.8242,5.700,0.669
3.1501,-3.1913,0.5354,5.209,0.575
3.1955,-3.0924,2.7344,5.087,0.567
3.2147,-2.8492,0.0230,6.038,0.734
3.1394,-2.7437,-1.6016,6.776,0.876
2.5180,-3.3956,-3.3313,6.744,0.791
4.2316,-3.7753,2.9990,6.252,0.737
4.4168,-3.9795,4.6993,4.738,0.572
4.5910,-3.6590,-5.1527,5.256,0.591
4.5470,-3.8666,-2.6075,5.238,0.629
4.3700,-3.7303,-0.8880,4.200,0.560
4.9140,-3.4530,0.6401,6.558,0.784
4.7090,-3.4349,-4.7361,6.693,0.857
4.7545,-3.3043,-3.9459,5.858,0.673
4.9438,-3.3824,5.2704,3.743,0.640
4.7248,-3.3090,2.7330,4.060,0.566
4.8106,-3.2322,-4.2231,3.872,0.566
4.0284,-3.2514,0.0242,6.356,0.796
4.1708,-3.1885,-4.6067,6.088,0.716
4.0397,-3.6335,-0.6288,6.416,0.853
4.0396,-3.6672,-3.4694,4.337,0.569
4.1506,-3.5633,8.4335,6.149,0.756
3.8878,-3.3050,2.8660,6.435,0.777
4.1081,-3.2888,1.5643,5.048,0.573
4.2294,-3.4634,2.1028,4.410,0.553
4.4141,-3.0876,-2.5078,6.175,0.758
4.7014,-3.0384,2.7537,5.213,0.577
4.4805,-3.1697,0.4753,4.488,0.564
4.2892,-3.2155,-3.0379,4.043,0.556
4.5762,-3.0049,-0.9343,5.557,0.620
4.1790,-3.0531,-2.7750,6.053,0.712
4.1382,-3.0720,-3.8273,5.930,0.670
5.2880,-3.0090,-11.9919,5.618,0.646
5.0142,-3.2313,3.5064,5.461,0.609
5.0094,-3.1398,0.4943,5.853,0.668
4.9012,-3.2136,-14.9126,3.712,0.634
5.5308,-2.8281,-2.1104,6.696,0.869
5.5252,-2.7752,2.5473,4.310,0.499
5.5230,-2.7429,0.7894,5.010,0.552
5.4174,-2.7675,-1.3382,5.338,0.590
5.3070,-2.6340,-2.9496,5.460,0.591
5.2052,-2.6633,3.4799,4.092,0.453
4.7393,-2.6598,-2.0864,5.888,0.671
4.6906,-2.5556,4.7822,6.388,0.768
4.7931,-2.8660,2.7820,4.161,0.535
4.8516,-2.7947,-1.5082,3.744,0.675
5.2608,-2.4160,10.4091,6.586,0.762
5.0025,-2.4553,3.7519,5.539,0.625
5.1661,-2.2889,0.1474,6.011,0.697
5.1111,-2.6183,-0.0368,4.941,0.556
4.9592,-2.5754,15.7896,4.391,0.556
4.8911,-2.4230,-8.0172,6.545,0.792
5.1638,-2.2022,-4.2972,6.222,0.726
5.0184,-2.2200,3.7280,5.558,0.588
3.8634,-3.0825,-5.5239,6.516,0.836
3.6344,-3.0526,-6.0510,6.115,0.721
3.7038,-3.0097,-9.3596,6.644,0.869
3.8615,-3.1362,0.0662,4.401,0.570
3.8724,-3.1416,-2.2703,6.754,0.685
3.7701,-3.0285,1.4028,5.777,0.682
3.7408,-2.8205,4.7682,4.710,0.565
4.0392,-2.7504,-11.8148,6.672,0.857
4.2895,-2.6961,-4.3020,6.673,0.830
4.1593,-2.6245,-3.7652,6.110,0.749
4.1320,-2.4242,-5.1001,6.287,0.812
4.2655,-2.8166,-3.1442,5.811,0.666
4.0825,-2.7902,0.0365,5.251,0.585
4.2204,-2.6310,-2.0289,6.174,0.748
4.1638,-2.5760,-2.0322,6.458,0.791
3.8307,-2.6922,-8.1123,6.642,0.900
3.4302,-2.9345,-0.7275,6.554,0.850
3.4415,-2.9740,-2.1447,5.232,0.594
3.4839,-2.9177,1.4732,5.257,0.601
3.4183,-2.8201,1.6018,4.117,0.566
3.3682,-2.8068,1.3064,5.847,0.677
3.3031,-2.5815,-2.6077,6.342,0.861
3.7517,-2.6984,3.1775,5.096,0.577
3.5228,-2.5309,3.4955,5.159,0.579
3.4040,-2.7397,10.3914,4.831,0.568
3.7020,-2.4213,4.5036,5.351,0.622
3.5625,-2.4257,-0.5174,4.811,0.563
3.6464,-2.2508,1.2072,6.230,0.761
3.8523,-2.1416,2.7770,6.747,0.825
4.0188,-2.4655,-1.4312,6.523,0.834
3.8988,-2.5222,1.1427,6.175,0.723
3.9938,-2.4065,3.3230,5.474,0.471
3.9223,-2.5085,0.6197,5.717,0.636
4.0748,-2.3992,3.1307,5.910,0.706
4.0103,-2.4057,1.1698,4.028,0.563
3.7092,-2.6114,-0.3584,6.365,0.804
3.7894,-2.4755,-0.4049,5.204,0.572
3.9820,-2.3195,-3.4575,3.913,0.568
3.7798,-2.4577,3.6343,4.910,0.624
3.8828,-2.1919,7.9705,4.412,0.561
3.5573,-2.3528,-1.2296,5.402,0.604
3.7109,-2.2172,5.2156,6.687,0.867
3.7801,-2.1377,2.4905,6.445,0.783
3.5896,-2.4650,-0.6167,4.156,0.565
4.1494,-2.4089,3.2211,5.283,0.581
4.5346,-2.5733,13.8965,-0.593,1.033
4.6654,-2.4120,-1.0482,6.289,0.726
4.3966,-2.5405,-11.1772,4.023,0.570
4.6516,-2.3437,0.2002,4.711,0.547
4.6020,-2.3151,4.6843,5.765,0.645
4.5341,-2.3489,-5.2701,5.971,0.691
4.3130,-2.4109,2.5513,4.985,0.570
4.3813,-2.3053,6.6012,4.925,0.564
4.8891,-1.9246,1.7740,-0.196,0.935
4.8622,-2.1703,11.2745,5.356,0.571
4.8336,-2.1297,-2.5691,5.211,0.574
4.9105,-1.9486,-1.7837,5.592,0.576
4.9206,-2.0212,0.6992,5.078,0.533
4.8159,-1.9828,-0.5782,4.288,0.503
4.6916,-1.9563,2.3378,5.062,0.558
4.5365,-1.9932,1.4684,6.706,0.806
4.8057,-2.1369,2.4463,5.065,0.534
4.1217,-2.2947,15.9604,6.543,0.853
4.2773,-2.0580,1.6879,6.262,0.775
4.0972,-2.2093,0.1552,6.690,0.879
4.1785,-2.1309,-2.5305,5.236,0.640
4.0482,-2.2285,-4.0035,4.738,0.568
4.2506,-1.9365,-2.8424,4.715,0.532
4.1614,-1.8404,0.9650,5.412,0.562
4.1211,-1.8135,18.0938,5.638,0.612
3.9108,-1.9438,0.2137,0.979,0.132
4.3462,-1.6432,0.6094,5.789,0.685
4.5005,-1.6137,2.4088,6.723,0.897
4.4274,-1.9055,0.1576,6.075,0.757
4.5516,-1.7085,6.5530,5.613,0.615
4.1871,-1.7627,-0.4737,1.064,0.083
4.2746,-1.6568,7.8136,5.672,0.697
1.9970,-3.8157,5.2989,6.646,0.889
2.0694,-3.7485,3.4481,6.682,0.849
1.8714,-3.9969,3.0192,6.864,0.875
1.8876,-3.9459,1.3749,5.239,0.660
1.7297,-3.6850,4.3663,6.078,0.730
1.6596,-3.7147,12.7033,5.028,0.570
1.7236,-3.6339,14.2529,6.488,0.851
1.8902,-3.5204,-0.6620,5.992,0.746
1.8982,-3.8433,-4.2012,5.481,0.604
2.2765,-3.4132,0.9248,5.310,0.569
2.1600,-3.3434,-2.6403,5.913,0.682
2.1696,-3.1001,12.2147,6.615,0.765
2.4109,-3.3779,-3.4200,6.208,0.721
2.0826,-3.2885,-1.6026,5.294,0.296
2.1181,-3.2393,0.8166,6.648,0.745
2.3919,-3.4145,-3.8449,4.562,0.516
2.3462,-3.4051,4.8941,5.626,0.580
2.1954,-3.4266,1.1864,3.772,0.661
2.3080,-3.2812,1.3643,5.353,0.585
2.0614,-3.3707,-5.8825,5.737,0.667
2.0919,-3.2692,-0.5804,4.298,0.519
2.0368,-3.2638,1.2686,5.508,0.593
2.1287,-3.1972,0.2372,4.601,0.517
1.6752,-3.4357,4.0915,6.203,0.736
1.4382,-3.3170,0.1112,5.889,0.687
1.7411,-3.4572,-5.4590,5.181,0.668
1.7232,-3.3460,6.9342,5.785,0.653
1.5363,-3.4645,0.5716,5.746,0.655
1.4814,-3.4421,-1.0718,3.794,0.576
1.3760,-3.5116,-1.0323,6.303,0.787
1.6423,-3.2847,2.5408,5.807,0.668
1.5659,-3.3003,1.9186,3.276,0.408
1.5389,-3.1698,-4.6673,6.160,0.734
1.6794,-3.3780,12.0430,4.773,0.559
2.0186,-3.1711,-5.4247,6.416,0.771
1.9207,-2.8526,0.6866,5.723,0.683
1.9610,-3.3003,0.4991,6.158,0.771
1.9709,-3.2512,0.4709,5.541,0.582
2.1220,-3.0245,2.4592,6.707,0.967
1.8904,-3.3472,-3.5241,3.738,0.716
2.1016,-3.0503,-1.5837,3.404,0.742
1.9591,-3.1440,-0.3143,5.826,0.684
2.0834,-3.0417,-3.8543,6.313,0.655
1.8783,-3.1735,1.6172,3.720,0.654
1.7581,-3.2421,1.1756,4.192,0.533
1.7224,-3.1343,-3.3625,3.660,0.700
1.9017,-2.9185,-0.6924,5.323,0.577
1.6801,-3.0007,0.0682,5.690,0.635
1.8442,-2.8287,3.1094,5.652,0.609
2.6492,-2.8687,-6.8236,6.639,0.865
2.7462,-3.0752,2.6158,6.841,0.858
2.3002,-3.0437,-2.6076,5.282,0.571
2.7506,-3.1104,-2.9454,4.444,0.566
2.6608,-3.1504,-1.7339,4.996,0.567
2.7227,-3.1005,-0.4698,5.826,0.713
2.4633,-3.2212,-3.1973,3.610,0.655
2.5277,-3.1757,-3.0033,5.257,0.563
2.6467,-3.0430,1.9843,5.221,0.574
2.6094,-2.8735,-11.0191,6.107,0.695
2.6127,-2.8369,-1.4703,5.167,0.566
2.5250,-2.8765,-2.2310,5.966,0.701
3.0320,-2.8364,-0.5000,6.030,0.775
2.7752,-2.9665,-1.6145,5.846,0.682
2.8480,-3.0095,0.2406,4.347,0.540
2.8432,-2.8319,3.7898,5.496,0.624
2.9911,-2.7155,-0.0560,4.797,0.564
3.0638,-2.6440,-2.0068,5.049,0.569
2.8784,-2.6796,0.3903,4.302,0.532
2.7117,-2.7799,0.4238,4.273,0.535
2.7527,-2.7338,1.8148,4.308,0.517
2.9267,-2.6056,-1.0495,5.104,0.566
2.9332,-2.5668,2.2690,4.969,0.554
2.6073,-2.7732,-2.0370,4.396,0.559
2.7479,-2.6630,2.4297,6.196,0.749
2.7060,-2.6467,0.9531,5.061,0.560
2.7742,-2.4544,2.8117,5.313,0.601
2.8523,-2.7360,-4.4018,5.279,0.590
2.8509,-2.6788,1.8761,5.857,0.644
1.9950,-2.7915,-2.2568,6.112,0.712
2.0629,-2.5590,-2.3834,5.455,0.583
2.0573,-2.8931,-1.0475,6.481,0.826
2.2447,-2.9655,-2.2699,5.741,0.644
2.3001,-2.8875,-0.0562,6.192,0.718
2.4881,-2.7320,-0.6687,5.521,0.598
2.3808,-2.7520,2.0779,4.927,0.556
2.2423,-2.8426,0.0743,5.331,0.575
2.1473,-2.8899,-0.4138,4.794,0.530
2.0714,-2.9159,0.9754,5.380,0.578
2.2784,-2.7368,-4.3800,4.935,0.544
2.2304,-2.7616,0.5300,5.004,0.557
2.2733,-2.7149,-2.6152,5.241,0.564
2.3348,-2.6612,-5.2223,3.696,0.577
2.2835,-2.6035,1.0116,0.741,0.596
2.0717,-2.7034,-1.2306,3.925,0.535
2.2172,-2.5617,7.6412,3.693,0.644
2.0119,-2.6412,-2.7963,4.545,0.508
2.0739,-2.5908,-0.3263,4.741,0.515
2.2485,-2.4152,-10.8799,5.846,0.666
2.6728,-2.4506,-1.4431,3.932,0.518
2.4341,-2.4256,-4.3065,5.848,0.686
2.3092,-2.4727,5.4507,6.874,0.865
2.5975,-2.6112,-1.8602,3.603,0.674
2.7115,-2.4892,2.6964,5.699,0.698
2.5256,-2.5996,-0.6318,4.159,0.496
2.5498,-2.5109,-2.3358,6.245,0.782
2.6967,-2.3974,-3.3826,2.665,0.752
2.6494,-2.3464,0.2635,5.690,0.678
2.3177,-2.4451,2.1632,5.061,0.563
2.3648,-2.3436,-0.4538,4.725,0.499
2.4118,-2.2981,-4.9320,5.364,0.579
2.3372,-2.3261,1.3366,5.810,0.660
2.3125,-2.3421,7.2471,4.616,0.515
2.3983,-2.2464,-0.1918,6.195,0.839
2.2581,-2.3394,12.8606,5.444,0.587
2.2886,-2.3103,-2.3501,5.435,0.630
2.3080,-2.2849,-2.0444,6.203,0.767
2.4916,-2.1441,-8.9999,4.771,0.547
2.5344,-2.0712,-0.6835,5.848,0.675
1.2721,-2.9695,5.7538,6.878,0.877
1.0824,-3.0076,6.9170,5.490,0.725
1.1132,-3.0383,4.3795,6.875,0.862
1.1292,-2.9850,-0.1732,6.851,0.879
1.3015,-2.7949,-4.7302,5.755,0.661
1.3069,-3.2994,2.3927,5.709,0.659
1.2344,-3.3467,2.5865,5.363,0.599
1.4715,-3.1324,3.3427,4.789,0.560
1.4327,-3.1019,0.4569,5.178,0.573
1.2132,-3.1709,1.6978,4.257,0.565
1.3213,-3.0377,1.8805,4.382,0.533
1.2344,-3.0850,2.1657,5.639,0.655
1.3508,-2.9772,4.2838,4.236,0.549
1.2459,-3.0392,-6.5434,4.424,0.557
1.1290,-3.1090,-0.9822,5.646,0.685
1.0342,-3.1664,1.4630,5.187,0.589
1.1916,-3.0230,0.4806,6.210,0.750
0.9859,-3.1092,1.3535,6.191,0.835
1.3135,-2.8524,-1.7927,4.802,0.557
1.1591,-2.9501,0.6619,5.684,0.639
1.2232,-2.8481,-0.1483,5.525,0.642
0.9792,-3.0152,0.9497,4.511,0.569
1.1255,-2.9032,-6.4963,1.709,0.865
1.0369,-2.9736,0.5403,5.731,0.692
1.0867,-2.9355,-3.5777,5.516,0.651
1.1564,-2.8700,-2.2674,4.787,0.571
1.2237,-2.7819,2.5222,5.889,0.674
1.2969,-2.7622,-1.8373,5.975,0.678
1.5589,-2.4453,-2.6548,4.833,0.570
1.4607,-2.7885,0.3730,6.256,0.716
1.4728,-2.5851,1.0502,5.247,0.566
1.8021,-2.7136,8.6334,5.892,0.671
1.4872,-2.8055,2.1146,5.851,0.660
1.3474,-2.7703,3.3125,6.202,0.811
1.3352,-2.7547,-1.6107,6.483,0.864
1.5303,-3.0160,-1.6935,4.956,0.562
1.7805,-2.8088,0.9265,5.731,0.561
1.8197,-2.7823,1.9909,4.439,0.499
1.6904,-2.8351,0.9332,5.601,0.623
1.8480,-2.6925,-8.5376,4.096,0.533
1.4737,-2.9497,3.5113,5.295,0.584
1.8288,-2.6782,0.6973,5.212,0.570
1.7593,-2.7079,-0.8207,4.070,0.550
1.6742,-2.7439,1.5284,4.136,0.532
1.5390,-2.7919,3.9288,0.768,0.654
1.6466,-2.7135,2.9163,4.313,0.533
1.4846,-2.7383,0.6367,5.254,0.576
1.6617,-2.6126,-1.5839,5.096,0.634
1.6204,-2.6324,0.3850,1.791,0.853
1.5422,-2.6581,1.2281,4.865,0.561
1.5152,-2.6707,-3.6541,4.721,0.553
1.5293,-2.6100,3.4532,5.209,0.565
1.5512,-2.5876,-8.7554,4.497,0.643
1.2893,-2.7438,-2.8498,4.406,0.571
1.4932,-2.5778,0.1613,5.434,0.597
1.3464,-2.6777,8.9231,5.410,0.635
1.2558,-2.7166,5.2820,5.551,0.641
1.7861,-2.8194,2.8187,4.829,0.564
0.9799,-2.9019,-0.2364,6.427,0.810
0.6895,-2.7678,1.0285,5.434,0.598
1.1258,-2.6701,2.2490,6.109,0.722
0.8756,-2.5942,4.6060,6.426,0.844
0.9827,-2.6001,-0.3451,6.292,0.775
0.8020,-2.8910,-0.7522,6.651,0.858
0.8430,-2.8200,0.6162,6.457,0.849
0.8455,-2.7378,0.4283,6.711,0.903
0.7555,-2.5974,-1.5359,6.280,0.718
1.1661,-2.7432,-0.3361,5.416,0.627
0.8536,-2.9300,3.7833,5.142,0.606
0.7805,-2.9009,1.6250,6.224,0.739
0.9281,-2.7484,-4.8659,5.118,0.576
0.8942,-2.7704,-1.5669,4.792,0.566
0.7950,-2.7009,-2.7664,5.749,0.682
0.8700,-2.6434,-0.6997,4.586,0.571
0.8406,-2.6146,-5.5654,4.801,0.568
0.7862,-2.6147,-0.8932,4.992,0.561
0.8053,-2.6175,5.9771,5.223,0.577
1.3487,-2.5839,-1.1982,6.059,0.750
1.2162,-2.5272,-1.5518,5.755,0.638
1.2623,-2.4019,0.6109,6.468,0.862
1.3254,-2.2329,-0.1117,6.772,0.893
1.1923,-2.5314,-5.7018,5.817,0.688
1.3187,-2.5247,7.0987,5.835,0.671
1.1653,-2.4320,-0.6146,5.766,0.682
1.0594,-2.4805,1.4202,5.478,0.628
1.0569,-2.4270,1.2884,5.948,0.727
1.2028,-2.3535,0.0541,4.570,0.552
1.0450,-2.3846,0.5637,6.342,0.788
1.0778,-2.3543,-1.5044,6.673,0.859
1.0039,-2.3954,-0.3482,6.824,0.870
1.2096,-2.6692,-2.6559,4.896,0.571
1.4671,-2.4579,0.6312,4.237,0.535
1.5039,-2.3742,0.7454,5.184,0.571
1.2878,-2.5210,-3.3992,5.544,0.617
1.3447,-2.4304,-0.5268,3.860,0.602
1.1720,-2.4669,-1.1332,5.979,0.706
1.3873,-2.2948,-3.2553,5.833,0.684
1.2037,-2.3926,-2.1845,5.091,0.572
1.0936,-2.4483,1.4460,0.875,0.638
1.2074,-2.3365,-0.1340,4.584,0.736
1.1869,-2.2912,1.4711,5.057,0.605
1.0910,-2.3121,2.4473,5.750,0.706
1.2211,-2.2200,0.1147,5.101,0.582
1.2481,-2.1808,1.3524,5.371,0.635
1.0822,-2.2775,-1.8034,5.644,0.667
1.2818,-2.1018,-1.4933,5.645,0.670
1.2138,-2.1223,2.4282,5.864,0.855
1.1771,-2.2448,-0.1796,6.056,0.763
1.6669,-2.4898,0.0486,6.873,0.930
1.6861,-2.3728,-0.3815,6.182,0.720
1.9671,-2.3130,-0.7568,5.683,0.621
1.6584,-2.3183,0.2551,6.389,0.714
1.8746,-2.3147,2.4964,5.819,0.651
1.9354,-2.3581,-3.1797,5.853,0.660
1.9390,-2.6006,1.2402,6.630,0.878
1.8507,-2.4358,1.5664,5.583,0.772
1.8183,-2.4483,-1.1211,5.470,0.561
1.8160,-2.3368,2.2370,5.310,0.584
1.7847,-2.1704,1.7333,5.638,0.501
1.9816,-2.5995,-2.9998,5.984,0.725
1.8182,-2.6434,-2.3126,3.916,0.533
2.1689,-2.3975,-1.0264,5.948,0.672
2.1468,-2.3850,0.3900,5.681,0.654
2.0166,-2.4651,-1.3250,5.805,0.642
1.7739,-2.5929,2.4273,4.995,0.563
1.8005,-2.5592,2.5475,6.072,0.719
1.9681,-2.3819,8.2667,3.684,0.686
1.7888,-2.4863,-1.9805,0.539,0.157
1.8382,-2.4496,-4.2653,5.018,0.475
1.8888,-2.4099,-1.7508,5.880,0.657
1.7292,-2.4452,-1.0744,4.873,0.506
1.9801,-2.2132,-1.5675,4.165,0.532
1.7517,-2.3680,-0.6301,4.743,0.529
1.9013,-2.2190,-0.3201,5.294,0.577
1.8135,-2.2687,5.1110,5.404,0.577
1.7953,-2.1609,2.4160,4.360,0.572
1.7745,-2.2626,-3.1024,4.123,0.527
1.9993,-2.0708,-7.5214,5.959,0.683
2.1561,-2.0121,3.1193,5.750,0.584
1.9511,-2.0064,-3.8611,6.421,0.796
2.1435,-2.3231,-6.3873,6.365,0.780
2.3789,-1.9275,4.4752,6.868,0.878
2.1865,-2.3507,1.9240,4.336,0.503
2.4855,-2.0389,-0.8178,5.402,0.573
2.4046,-2.0762,0.0534,5.176,0.569
2.4401,-2.0392,3.4705,6.792,0.734
2.3969,-2.0567,0.4617,4.947,0.598
2.4254,-2.0210,0.2222,2.816,0.759
2.3481,-2.0320,-0.9947,6.064,0.688
2.2462,-2.1015,2.0407,5.661,0.592
2.1006,-2.1969,-0.6908,5.267,0.570
2.1626,-2.1241,0.0412,5.070,0.553
2.2710,-2.0409,2.8874,6.509,0.765
2.2089,-2.0780,0.2508,6.689,0.767
2.3626,-1.8946,-2.4330,5.305,0.568
2.3055,-1.8782,-2.2016,5.098,0.563
2.2015,-1.9178,0.8986,4.290,0.509
2.2215,-1.8769,-8.6698,3.837,0.551
2.2227,-1.8496,-1.1701,4.475,0.513
1.9158,-2.0472,-1.5779,4.999,0.570
1.9963,-1.9768,-0.5183,5.107,0.527
2.0150,-1.9617,-2.6455,6.524,0.869
2.2319,-1.7902,0.4842,4.410,0.508
2.1652,-1.8183,-4.4401,6.217,0.644
2.0485,-1.8746,3.3998,5.678,0.606
2.0951,-1.8269,10.5871,5.918,0.683
1.6218,-2.3254,0.2981,5.570,0.584
1.6359,-2.2127,0.2164,5.900,0.641
1.4136,-2.1569,2.1768,6.197,0.802
1.8538,-2.0717,-2.8135,5.784,0.689
1.4575,-2.0575,0.8927,5.183,0.632
1.7004,-1.9527,0.1884,6.496,0.874
1.4454,-1.8607,-2.0950,6.363,0.810
1.4828,-2.1300,0.2277,6.256,0.728
1.8004,-2.1204,0.3666,5.643,0.569
1.8161,-2.1074,-0.8874,6.422,0.775
1.6757,-2.0915,-0.5890,6.094,0.773
1.4752,-2.1525,1.8152,6.302,0.716
1.5508,-2.0961,-1.0185,6.460,0.763
1.6250,-2.0173,-0.1771,4.977,0.546
1.5367,-1.9230,0.9484,6.730,0.859
1.4314,-1.9928,0.0933,6.809,0.989
1.4886,-1.9392,-1.5582,5.394,0.594
1.3942,-1.9754,-0.2636,6.556,0.868
1.5425,-2.2903,-4.1874,4.286,0.526
1.5127,-2.2917,2.1945,4.248,0.669
1.5346,-2.2493,-6.2991,4.549,0.569
1.8067,-2.0340,-1.1231,6.503,0.861
1.6799,-2.1187,-3.1614,6.177,0.782
1.6226,-2.1347,1.6625,4.322,0.531
1.5944,-2.1529,1.9001,5.803,0.566
1.5887,-2.1251,0.8371,5.426,0.578
1.6317,-2.0910,-1.8503,5.224,0.564
1.5323,-2.1594,0.0200,5.054,0.573
1.6555,-2.0671,0.3830,6.407,0.702
1.5052,-2.1411,0.9985,5.761,0.663
1.3933,-2.2031,2.6078,5.215,0.605
1.7511,-1.9609,1.3079,5.877,0.702
1.6450,-2.0092,-0.5931,4.164,0.566
1.6320,-1.9447,-1.9133,-0.921,1.095
1.3922,-2.0610,-4.7435,4.301,0.561
1.5828,-1.8911,-0.4234,3.960,0.573
1.3459,-2.0256,1.2431,5.075,0.574
1.2884,-2.0628,1.0667,4.969,0.597
1.4358,-1.9403,-0.8617,3.789,0.662
1.3308,-1.9938,-0.8906,5.785,0.738
1.5527,-1.8325,3.3653,4.360,0.556
1.9295,-1.8626,0.4979,5.025,0.562
1.8901,-1.7026,1.9598,5.311,0.726
2.0040,-1.7442,0.6707,6.236,0.793
1.9882,-1.6692,2.3337,6.526,0.822
2.0337,-1.6228,-3.0118,5.729,0.659
1.9690,-1.6253,-2.0817,6.355,0.773
1.9791,-1.5278,-0.4633,5.920,0.700
2.1515,-1.7589,-0.9056,5.742,0.684
1.7262,-1.8627,0.2065,6.579,0.828
1.6625,-1.7168,0.3305,6.284,0.743
1.9980,-1.7957,1.7147,6.273,0.771
1.9662,-1.7972,1.2302,4.146,0.511
1.8154,-1.8983,-0.0605,5.831,0.670
1.7663,-1.9039,0.0086,5.941,0.688
1.9090,-1.5441,-4.9921,6.000,0.727
1.7297,-1.6639,0.8211,6.726,0.453
1.7843,-1.4843,0.3843,6.653,0.809
2.1283,-1.7654,-1.0227,5.440,0.594
2.1695,-1.7110,-0.2540,5.210,0.578
2.1038,-1.7341,-0.9113,5.700,0.629
1.9554,-1.7946,-0.5308,5.856,0.474
2.0632,-1.7370,-5.4208,6.376,0.740
1.8777,-1.8623,-3.6071,5.245,0.570
1.8025,-1.8717,8.3504,4.915,0.556
1.9220,-1.7791,2.3385,4.714,0.529
1.8532,-1.8139,-2.2394,4.364,0.517
1.6813,-1.8131,1.7574,4.484,0.537
1.9199,-1.6467,0.8353,4.771,0.535
1.8042,-1.6977,0.8756,5.282,0.580
1.8569,-1.5926,-5.9677,4.710,0.600
1.8691,-1.5424,0.5549,5.208,0.565
1.8130,-1.6101,-0.9863,4.365,0.504
1.7247,-1.6489,-1.0016,4.705,0.573
1.6473,-1.6804,-0.7326,4.542,0.499
1.6751,-1.6403,3.8632,4.575,0.528
1.6895,-1.5985,-10.1308,4.476,0.519
1.8083,-1.4786,-1.2999,4.340,0.551
1.8776,-1.3967,-2.5878,5.084,0.576
3.1305,-2.6558,3.1144,6.279,0.757
3.1885,-2.6743,3.5834,5.404,0.643
3.1246,-2.4749,1.8263,6.604,0.815
3.3918,-2.3419,0.8078,4.923,0.576
3.0335,-2.4071,0.9058,6.606,0.859
3.0937,-2.1609,2.0049,4.074,0.566
3.0604,-2.6210,3.3112,5.936,0.585
3.3009,-2.2663,7.0583,5.916,0.730
3.2170,-2.6264,1.5698,4.510,0.570
3.1920,-2.5934,0.1105,4.780,0.570
3.3208,-2.3851,1.8690,5.623,0.769
3.2810,-2.3557,-2.3463,6.171,0.765
3.0245,-2.4917,-1.0631,3.926,0.578
3.2200,-2.3177,-2.7660,5.806,0.702
3.2891,-2.2471,0.5989,4.835,0.573
3.0885,-2.3400,0.5433,-0.039,0.989
2.9929,-2.3666,-3.1455,5.807,0.670
3.0207,-2.3454,-4.7201,5.259,0.578
2.9295,-2.4021,-0.1133,6.196,0.729
2.9299,-2.3460,2.5981,6.149,0.738
3.1058,-2.1947,-0.4797,3.824,0.615
3.1321,-2.1750,0.0599,5.237,0.589
3.6286,-2.2050,-4.9401,5.977,0.715
3.2515,-2.1259,4.3119,6.028,0.706
3.4910,-1.8638,0.0994,5.102,0.572
3.4545,-1.7885,-1.9103,6.206,0.755
3.4753,-2.1524,5.6261,5.601,0.651
3.6587,-2.1322,1.3003,5.491,0.598
3.5304,-2.1394,3.3466,5.681,0.665
3.4465,-2.1693,-17.3093,1.833,0.858
3.5630,-1.8200,-6.6749,3.798,0.605
3.4580,-2.3517,0.3150,4.416,0.563
3.2421,-2.0543,8.6356,4.485,0.541
3.2503,-1.9814,-2.9366,5.965,0.735
2.7813,-2.2133,0.3647,-0.013,0.923
2.8054,-2.0844,2.1733,5.976,0.699
2.6357,-2.0688,-2.0911,3.765,0.572
2.8110,-1.8305,-0.5079,6.808,0.883
2.8751,-1.7760,-3.2700,6.880,0.882
2.6178,-2.0736,1.9567,5.270,0.495
2.8333,-2.1181,1.3603,4.180,0.532
2.9594,-2.0869,-0.4040,6.394,0.737
2.9861,-1.9483,-1.2276,5.539,0.597
2.8811,-1.9246,-9.9844,5.853,0.671
2.8227,-1.9551,1.3584,6.102,0.741
2.5880,-2.0297,-0.1670,5.700,0.583
2.8602,-2.1568,-3.0662,6.197,0.783
2.8550,-2.2248,-5.3993,5.445,0.627
2.6716,-2.1686,-10.8647,4.550,0.517
2.9520,-1.9692,-1.7010,4.082,0.560
3.0112,-1.9169,4.0151,4.744,0.568
2.6986,-2.1305,-0.4716,3.527,0.701
2.9119,-1.9168,3.8774,4.406,0.523
2.7987,-1.9795,-2.4115,5.843,0.687
2.9436,-1.8609,-0.9064,5.313,0.579
2.5659,-2.0686,0.2637,4.501,0.512
2.8561,-2.0666,-0.7208,5.075,0.573
3.3023,-1.7124,0.9954,6.823,0.861
3.2168,-1.7361,-4.5129,6.160,0.759
3.0767,-1.8230,-0.6828,6.379,0.886
3.0924,-1.7861,-0.0801,5.283,0.614
3.0530,-1.9249,1.0779,6.692,0.878
3.1546,-1.7295,-3.3591,4.687,0.566
3.1016,-1.7378,0.4174,6.334,0.752
3.2762,-1.5921,0.8283,6.567,0.867
3.1154,-1.9214,0.7151,6.136,0.747
3.2842,-1.8023,1.6999,5.479,0.623
3.2440,-1.7022,2.9999,5.653,0.667
3.2908,-1.5617,0.6795,5.277,0.593
3.2361,-1.5179,-2.1376,4.319,0.567
3.2196,-1.4861,-2.9122,4.399,0.563
3.0631,-1.5789,-9.6826,5.980,0.723
2.8406,-1.7180,0.1667,5.619,0.615
3.1387,-1.8429,-0.9691,5.814,0.684
3.0781,-1.7939,2.7345,5.224,0.561
3.0408,-1.7614,-1.2785,6.068,0.715
2.9581,-1.7229,-2.3721,4.363,0.543
2.9950,-1.6398,-6.9722,5.769,0.679
3.3529,-1.8152,-1.0832,6.365,0.821
3.8055,-1.8347,-3.4544,5.563,0.639
4.0014,-1.7434,3.2693,6.404,0.754
3.8387,-1.7460,-1.9193,5.602,0.641
3.5993,-1.7263,-2.3433,6.773,0.866
3.7628,-1.5908,-0.6293,6.412,0.820
3.8437,-1.8734,5.1358,6.670,0.850
3.8698,-1.8405,8.0697,5.268,0.574
3.9331,-1.6328,-4.4289,5.763,0.623
3.8224,-1.6728,1.3135,4.310,0.540
3.6339,-1.7715,1.8122,5.790,0.677
3.9029,-1.5518,0.0667,1.274,0.863
3.7289,-1.6432,0.7330,6.100,0.736
3.5464,-1.6869,3.5802,5.696,0.664
3.6871,-1.5433,2.6140,4.291,0.559
4.2431,-1.4087,-2.1692,6.425,0.765
4.0244,-1.2919,3.5532,6.167,0.720
3.9632,-1.3624,4.4299,4.308,0.513
4.1620,-1.2032,-9.9657,4.956,0.556
4.0171,-1.2332,0.4208,5.291,0.569
3.2724,-1.4153,0.4116,6.186,0.729
3.2170,-1.3773,-1.9745,6.582,0.743
3.2304,-1.3636,-3.2338,6.067,0.733
3.6776,-1.4130,3.8835,5.958,0.752
3.3950,-1.2174,-0.5811,6.550,0.843
3.7710,-1.3724,-7.6794,6.615,0.837
3.5604,-1.5110,6.8305,5.466,0.592
3.4632,-1.5052,0.3735,3.455,0.737
3.2979,-1.4999,-0.8862,5.199,0.591
3.5301,-1.3292,-1.3595,6.787,0.841
3.6094,-1.2706,-3.1321,6.258,0.735
3.5865,-1.2106,-2.0842,4.965,0.583
3.5403,-1.1969,-2.2181,6.216,0.727
3.2864,-1.3577,0.7856,5.378,0.572
3.4180,-1.1974,-0.0821,4.927,0.551
3.6989,-1.2698,-0.8870,4.709,0.572
3.7837,-1.1666,3.0484,2.924,0.750
3.7059,-0.8974,-0.2284,5.738,0.612
3.7278,-1.1722,2.0966,6.598,0.841
3.6485,-0.8552,-1.6260,5.205,0.570
3.8631,-1.1051,-2.6062,5.097,0.557
3.5293,-1.0208,-8.3202,5.017,0.561
3.7501,-0.8472,5.4297,4.105,0.511
3.5464,-0.9766,-3.7699,4.511,0.517
3.6750,-0.8597,-1.1367,4.948,0.538
3.7678,-0.7427,-6.6818,5.710,0.649
2.6033,-1.9537,-1.3363,6.490,0.863
2.7662,-1.7165,-0.5603,5.136,0.578
2.4171,-1.5820,-2.2474,5.401,0.599
2.5731,-1.6460,1.3403,5.471,0.608
2.5394,-1.8023,2.8366,6.840,0.892
2.7071,-1.8250,1.6285,4.041,0.565
2.7943,-1.7342,1.9394,5.196,0.642
2.4698,-1.8801,0.4251,6.118,0.859
2.6096,-1.6638,1.0919,4.978,0.634
2.6480,-1.6237,-0.1142,5.127,0.577
2.4527,-1.6343,-6.0912,5.636,0.681
2.2672,-1.7214,-0.0417,4.960,0.745
2.3703,-1.6371,-1.0181,5.381,0.572
2.2281,-1.7075,-8.0949,-0.856,0.970
2.3995,-1.5203,0.4026,5.304,0.573
2.4283,-1.4996,0.1677,4.288,0.527
2.8101,-1.1390,0.5082,5.879,0.691
2.7766,-1.5166,-4.3039,6.833,0.773
2.8875,-1.4125,-0.3984,5.172,0.578
2.9969,-1.2959,0.5306,5.605,0.671
2.8674,-1.1875,-1.0371,6.597,0.800
3.0840,-1.3910,1.0361,2.254,0.830
2.7754,-1.5477,5.7099,4.986,0.564
2.9030,-1.4302,-2.0727,4.540,0.571
2.7768,-1.4901,-6.3204,4.005,0.564
2.7266,-1.4773,0.5335,4.598,0.570
2.9261,-1.3338,3.2441,3.383,0.755
2.9501,-1.2671,-4.3995,4.334,0.532
2.8462,-1.3130,-3.6443,5.084,0.573
2.7099,-1.3993,-1.0566,4.862,0.547
2.5767,-1.4355,-0.5046,5.557,0.623
2.5930,-1.3955,5.2996,5.521,0.637
2.8342,-1.0919,5.3261,5.382,0.579
2.8082,-1.4268,-1.5480,4.528,0.549
2.7489,-1.3549,7.0592,4.628,0.531
2.7067,-1.2763,-1.4064,5.581,0.588
2.7154,-1.2119,2.3460,5.107,0.569
2.6664,-1.2457,0.8873,5.815,0.608
2.6759,-1.2145,-2.1784,2.821,0.767
2.7370,-1.5651,-0.8363,4.379,0.552
2.4349,-1.4395,-3.0791,6.450,0.836
2.3915,-1.3382,-0.6254,5.619,0.746
2.1352,-1.1298,0.9212,5.598,0.601
2.2209,-1.1092,-0.3369,6.686,0.857
2.2080,-1.4605,0.8684,-0.107,0.978
1.9445,-1.4120,0.3692,6.794,0.879
2.2299,-1.3979,-0.1755,6.331,0.731
2.2788,-1.3572,-15.1677,6.757,0.819
2.3633,-1.2982,-3.3156,6.598,0.745
1.9807,-1.4251,0.5103,5.969,0.772
2.1339,-1.2905,-0.8229,6.730,0.869
2.0847,-1.3083,2.7843,5.624,0.632
2.0871,-1.2690,-1.1159,6.057,0.833
2.2058,-1.2643,1.9578,6.748,0.695
2.1855,-1.6786,-0.0756,5.992,0.941
2.2738,-1.5646,-1.2076,5.752,0.597
2.1946,-1.6168,-2.9351,5.507,0.584
2.3312,-1.5127,0.8603,4.464,0.539
2.3681,-1.4524,1.0975,5.429,0.604
2.3026,-1.3235,-0.0487,2.869,0.761
1.9763,-1.4602,3.6293,5.636,0.643
2.3393,-1.1935,0.3595,4.987,0.560
2.2399,-1.2578,-0.2234,0.261,0.922
2.1323,-1.2131,2.8615,4.869,0.567
2.4490,-1.1873,1.7718,4.695,0.542
2.2701,-1.1252,0.5402,4.430,0.526
2.2476,-1.0522,4.2828,5.833,0.551
2.3533,-1.0850,0.5013,4.507,0.553
2.5397,-1.1560,1.9542,6.746,0.881
2.3970,-1.2206,1.5343,6.833,0.871
2.7247,-0.9475,1.4992,5.691,0.726
2.5928,-1.0671,0.9319,2.846,0.761
2.6079,-0.8031,-2.8395,6.635,0.743
2.5967,-1.1484,-2.1435,6.687,0.865
2.5632,-1.1281,-0.9809,6.252,0.786
2.5225,-1.2410,-1.1793,4.296,0.564
2.4554,-1.2368,-0.0678,3.619,0.714
2.5202,-1.1233,-0.6302,4.660,0.542
2.3590,-1.1961,-0.8541,5.073,0.547
2.4361,-1.1249,0.2804,5.372,0.608
2.6747,-0.9228,-1.0209,6.215,0.716
2.3572,-1.1180,-1.7564,5.099,0.582
2.5715,-0.9541,0.0714,6.062,0.674
2.3187,-1.0228,-0.2816,4.682,0.542
2.2487,-1.0447,-2.9561,5.448,0.604
2.3253,-0.9904,-0.8268,4.397,0.538
2.6226,-1.1225,-4.4464,3.681,0.665
2.5945,-1.0372,1.9001,0.853,0.578
2.5608,-1.0509,0.3824,5.720,0.564
2.5207,-1.0100,-3.7074,4.485,0.552
2.5215,-0.9836,1.8440,5.471,0.615
2.4078,-0.9338,-1.4482,4.765,0.565
2.4322,-0.8801,-0.8548,6.464,0.703
2.3997,-0.8305,-1.6367,4.640,0.537
2.6160,-1.0717,-1.4646,3.962,0.568
3.0029,-1.1783,-2.5363,5.755,0.651
3.0571,-1.1266,0.5159,6.753,0.867
3.0193,-1.0667,3.7906,5.838,0.656
3.1194,-0.8672,2.1819,5.020,0.553
3.1999,-0.8713,-1.6437,5.593,0.597
3.3340,-1.1216,-0.9891,6.436,0.765
3.2654,-1.2362,4.5674,6.827,0.861
3.1745,-0.8905,0.7335,6.511,0.833
3.0910,-1.3073,-3.8809,4.874,0.560
3.2629,-1.1783,-2.7788,4.032,0.537
3.0458,-1.2586,8.6536,4.433,0.538
3.2843,-0.9710,1.8977,5.036,0.562
3.1944,-1.0065,4.1210,4.716,0.561
3.1051,-1.0278,-1.0519,5.843,0.648
3.2408,-0.8986,-1.4931,3.117,0.751
3.1288,-0.9610,2.2066,5.396,0.576
2.9279,-1.0768,2.2519,3.497,0.742
3.0781,-0.9541,9.4964,5.247,0.577
2.9891,-1.0059,4.4483,6.193,0.753
2.8846,-1.0673,-2.4483,4.514,0.534
2.9957,-0.9089,0.3125,5.687,0.534
2.9945,-0.9294,1.2173,5.689,0.288
3.0099,-0.8933,-0.9943,5.118,0.541
3.0881,-1.2103,-3.4795,6.191,0.780
3.0624,-1.0510,-1.4763,5.090,0.624
3.3597,-0.8682,2.9161,6.504,0.672
3.3300,-0.8572,-0.6517,6.569,0.731
3.2587,-0.7053,-0.2277,6.658,0.810
3.6379,-0.8559,-3.2763,5.989,0.577
3.6687,-0.7974,17.9849,1.168,0.850
3.7522,-0.6959,2.7493,4.865,0.518
3.4997,-0.8391,2.6770,3.618,0.691
3.6673,-0.7004,-1.0533,4.806,0.501
3.3812,-0.8445,2.8403,3.699,0.623
3.4057,-0.7885,-3.5814,5.342,0.570
3.3051,-0.8397,0.5438,4.558,0.517
3.5013,-0.6295,-1.6265,4.303,0.521
3.4609,-0.6276,-4.4662,5.584,0.588
3.2592,-0.7544,-1.7943,5.870,0.673
3.2913,-0.7120,-2.3360,6.050,0.680
3.2357,-0.7236,1.7411,4.534,0.495
3.5410,-0.4523,-2.4780,5.304,0.541
3.5539,-0.4674,0.5695,4.546,0.519
3.2016,-0.6762,5.4769,4.095,0.501
3.4223,-0.5084,-5.7288,4.048,0.522
2.8562,-0.9006,0.6547,6.124,0.706
2.7809,-0.7805,-1.3437,6.784,0.817
2.7254,-0.7682,9.7772,6.402,0.784
2.8466,-0.5605,-4.4165,6.326,0.752
3.0039,-0.8397,-2.2347,4.529,0.550
2.9814,-0.8262,-4.7160,5.931,0.652
2.9592,-0.5616,-0.3814,5.077,0.422
2.8719,-0.9897,2.0557,5.297,0.574
2.9467,-0.9071,0.7948,6.498,0.865
2.8629,-0.9399,-0.0418,5.389,0.574
3.0488,-0.7838,-3.5694,4.448,0.520
3.0654,-0.7605,-2.4634,6.266,0.747
2.9384,-0.8116,0.1691,4.718,0.538
3.0600,-0.7237,0.4354,4.903,0.553
2.7609,-0.8468,2.1162,4.492,0.523
2.9628,-0.6239,-6.4329,5.998,0.747
2.8819,-0.6610,-5.5497,5.950,0.661
2.9378,-0.5569,0.0459,0.855,0.288
2.6550,-0.7632,0.6464,4.181,0.549
2.6524,-0.7346,-0.8965,5.769,0.633
2.6228,-0.7257,2.0459,4.247,0.509
2.7149,-0.6499,-6.2495,5.269,0.571
2.5375,-0.7165,-5.5432,4.423,0.511
3.1465,-0.5725,0.5616,6.751,0.883
3.2229,-0.2635,0.4240,5.891,0.673
2.9939,-0.2019,-0.5648,6.547,0.866
3.3404,-0.4360,4.1974,6.328,0.768
3.2614,-0.3125,2.2306,6.581,0.814
3.0396,-0.3990,2.1699,6.296,0.637
3.2298,-0.6118,0.8777,4.373,0.518
3.1408,-0.6151,0.0601,5.189,0.577
3.3064,-0.4546,1.8203,2.536,0.735
3.2131,-0.5173,-3.4568,3.522,0.671
3.1997,-0.4702,0.5054,4.157,0.494
3.1268,-0.5150,4.5291,5.397,0.570
3.3142,-0.3764,-1.7039,4.861,0.514
3.1048,-0.4985,0.8625,4.186,0.499
3.1440,-0.3982,-0.7264,6.072,0.706
3.1184,-0.3567,3.3559,4.797,0.531
3.0794,-0.3815,-4.4011,5.525,0.573
3.0564,-0.3797,-1.9574,3.847,0.526
3.0762,-0.3594,1.0590,4.244,0.484
2.9568,-0.3859,-0.6997,6.068,0.763
3.0529,-0.3184,-4.0606,5.592,0.619
3.2201,-0.1394,0.0659,5.025,0.570
2.8790,-0.3242,1.0845,4.526,0.491
-1.8071,-5.2299,0.8426,6.600,0.810
-1.9350,-5.1435,5.1305,6.226,0.759
-1.7866,-5.0912,0.2980,6.754,0.864
-1.9048,-4.9050,2.8825,4.492,0.515
-1.6796,-4.8798,-6.1061,6.797,0.862
-1.4517,-4.6351,8.9788,5.476,0.594
-1.5568,-4.5886,9.8557,5.320,0.568
-1.5370,-4.5107,1.8195,0.832,0.197
-2.2236,-5.0673,-3.6770,5.850,0.632
-2.2048,-4.7322,-1.7716,6.099,0.686
-2.1962,-4.4953,9.3666,6.284,0.621
-2.1817,-4.8943,-1.5434,4.979,0.563
-2.2891,-4.9272,-19.2400,5.018,0.571
-2.0116,-4.7305,-1.3894,3.695,0.669
-2.1194,-4.6294,-0.3156,5.438,0.575
-2.3730,-4.6745,0.2066,6.380,0.768
-2.3330,-4.5250,2.5230,4.923,0.553
-2.0210,-4.4213,3.7688,6.790,0.871
-1.8766,-4.3933,-2.2613,5.909,0.676
-1.9063,-4.2824,1.2423,5.721,0.640
-2.1937,-4.4519,4.3345,6.694,0.800
-1.7376,-4.4433,2.4570,5.745,0.630
-1.8971,-4.5274,-4.4666,0.815,0.399
-1.6937,-4.3526,0.6475,5.265,0.573
-2.0772,-4.3253,-0.4076,2.296,0.788
-2.0475,-4.2913,-0.5234,5.211,0.574
-1.8972,-4.1204,1.5329,5.093,0.556
-1.9937,-4.1581,2.6583,3.777,0.569
-1.1279,-4.5367,-1.7161,5.769,0.673
-1.2769,-4.3224,-0.7915,6.368,0.749
-1.3520,-4.4333,-6.7726,6.355,0.817
-1.2760,-4.7056,0.6470,6.086,0.712
-1.4416,-4.5178,1.8325,6.207,0.630
-1.2432,-4.3680,-0.1616,4.368,0.529
-1.3659,-4.4479,-7.6431,5.760,0.570
-1.3367,-4.3785,3.2434,6.111,0.733
-1.2534,-4.2439,-3.1415,1.413,0.863
-0.8249,-4.0951,-1.1029,6.534,0.838
-1.1573,-4.0743,-1.3057,5.393,0.580
-1.0137,-3.8191,-0.1739,5.720,0.638
-0.8864,-4.2950,1.0583,4.425,0.537
-1.0049,-4.3096,1.1659,5.406,0.567
-0.9042,-4.1957,-1.9644,4.566,0.540
-1.1023,-4.2213,-2.9763,5.037,0.622
-0.8889,-3.9729,-3.0767,5.239,0.584
-1.0278,-4.0141,-4.9580,4.425,0.539
-0.9470,-3.7883,-1.1575,4.424,0.533
-1.5994,-4.3380,-2.2635,6.312,0.769
-1.4090,-4.1761,2.6849,5.959,0.731
-1.7029,-3.9958,5.2345,5.924,0.709
-1.4458,-4.0118,12.3591,6.611,0.819
-1.5788,-3.9101,3.3110,6.394,0.797
-1.5581,-3.8211,-7.2163,5.896,0.732
-1.6750,-3.8258,-6.7446,6.365,0.628
-1.5129,-4.2861,-2.9247,5.328,0.572
-1.5286,-4.2421,0.0955,6.507,0.883
-1.4279,-4.1067,-2.1873,4.507,0.541
-1.3635,-3.9960,6.7260,5.545,0.633
-1.6745,-4.0514,-2.2318,3.297,0.739
-1.7928,-4.0620,1.6613,4.531,0.563
-1.6199,-3.9315,-0.9001,4.055,0.532
-1.5401,-3.8433,0.8999,4.599,0.537
-1.6535,-3.7962,1.9916,0.701,0.732
-1.1609,-3.8559,0.9036,6.503,0.762
-1.1243,-3.7489,1.7944,6.868,0.892
-1.2718,-3.8403,7.1195,6.632,0.787
-1.3541,-3.5479,-1.2453,5.136,0.569
-1.1553,-3.8948,0.6552,4.890,0.555
-1.1154,-3.8309,-0.8907,4.318,0.515
-1.2191,-3.8873,1.5134,4.015,0.529
-1.2660,-3.9199,-1.1130,3.892,0.564
-1.1541,-3.5440,1.8331,4.644,0.528
-1.7620,-3.9033,-6.8857,6.254,0.765
-2.5361,-4.5268,2.2857,5.893,0.681
-2.6063,-4.3217,3.6758,6.352,0.755
-2.6483,-4.6247,2.0363,2.346,0.803
-2.4936,-4.3776,0.0193,4.860,0.556
-2.4547,-4.2173,-4.2198,4.843,0.550
-2.4999,-4.2488,-5.1068,5.373,0.579
-2.7893,-4.3498,-3.3176,5.067,0.563
-2.0400,-3.9715,17.8783,4.437,0.497
-2.0673,-4.1604,2.6966,3.152,0.732
-2.0569,-4.0925,-4.5800,5.546,0.575
-2.1848,-4.1201,4.0062,4.682,0.571
-2.0548,-4.0004,-0.8569,5.493,0.580
-2.1163,-3.9459,-2.1190,5.325,0.569
-2.1990,-3.9978,4.7248,4.524,0.523
-2.5211,-4.0834,6.4694,3.592,0.705
-2.4503,-4.0150,-1.7831,5.256,0.594
-2.3241,-3.9204,-0.7760,4.972,0.566
-2.3785,-3.9010,1.0191,1.965,0.798
-2.6383,-4.1476,-3.7657,6.439,0.771
-2.8629,-4.0249,-3.9474,5.794,0.685
-2.9296,-3.9249,0.2110,6.343,0.666
-2.7077,-4.0194,-3.6019,5.842,0.697
-2.7837,-3.8666,3.1683,4.705,0.558
-2.9050,-3.9164,-6.0344,4.563,0.562
-2.4949,-3.9541,-1.0999,5.565,0.627
-2.3575,-3.7152,-8.5782,6.539,0.812
-2.3307,-3.6519,1.2863,6.703,0.881
-2.6128,-3.9768,0.5666,6.273,0.670
-2.3062,-3.7968,-1.8018,6.215,0.744
-2.5884,-3.9906,-5.4600,4.284,0.532
-2.3827,-3.7687,-0.3337,5.359,0.587
-2.6877,-3.8357,-7.3247,6.204,0.748
-2.5793,-3.6444,-0.0940,4.880,0.567
-2.4558,-3.5453,0.4973,4.486,0.533
-2.5519,-3.5004,0.5736,3.805,0.597
-2.6186,-3.4701,-1.2649,4.814,0.561
-1.9344,-3.8430,-0.9718,5.027,0.561
-1.9125,-3.7469,-3.5847,5.819,0.652
-2.0342,-3.7555,-0.5011,5.364,0.578
-1.8983,-3.5815,-1.6685,5.587,0.622
-1.8766,-3.4651,4.4452,5.999,0.687
-1.9890,-3.8943,0.7712,6.461,0.756
-1.8342,-3.7599,1.7872,6.143,0.739
-1.9010,-3.9960,-2.3437,4.116,0.527
-1.6627,-3.7410,-7.8086,5.256,0.639
-1.8161,-3.7875,-0.4075,4.004,0.528
-1.7357,-3.7166,1.7828,5.046,0.567
-1.7729,-3.7422,4.0172,5.114,0.564
-2.0284,-3.8729,-5.2118,3.321,0.721
-2.0847,-3.7083,-0.7798,3.984,0.553
-1.9388,-3.6044,1.5150,5.573,0.594
-2.0012,-3.6425,2.8472,5.261,0.580
-1.9673,-3.6164,3.8015,4.755,0.528
-1.7214,-3.5531,-1.8361,5.770,0.639
-1.4587,-3.5093,-0.5931,6.245,0.724
-1.5234,-3.2937,-2.7368,6.709,0.954
-1.5882,-3.2492,1.3548,6.615,0.758
-1.5906,-3.6723,2.3278,4.946,0.552
-1.6100,-3.5512,-0.4313,5.669,0.603
-1.4270,-3.4240,2.5255,5.728,0.659
-1.5635,-3.4926,0.0735,4.807,0.533
-1.3856,-3.3182,2.5933,4.386,0.507
-1.7357,-3.5067,-0.3975,5.077,0.562
-1.4922,-3.3143,-6.8603,3.240,0.767
-1.6593,-3.4054,0.7197,5.414,0.578
-1.6481,-3.3619,1.9168,6.116,0.722
-1.6157,-3.2381,0.0091,5.582,0.603
-1.8019,-3.2938,0.7200,5.628,0.687
-1.7348,-3.2199,7.8889,4.944,0.561
-2.1791,-3.5065,5.1604,6.396,0.788
-2.0197,-3.3663,0.9208,6.741,0.820
-2.1294,-3.3137,0.9247,2.152,0.805
-2.2807,-3.4104,6.3037,4.563,0.538
-2.0840,-3.2719,2.7469,5.425,0.593
-2.3632,-3.4358,1.1292,4.797,0.548
-2.3467,-3.3652,-0.8144,4.943,0.572
-2.2585,-3.2261,-0.1616,5.755,0.701
-2.4933,-3.3678,-3.2593,5.328,0.577
-1.9334,-3.3895,0.8841,6.866,0.865
-1.9532,-2.8335,3.1154,4.997,0.568
-1.8658,-2.8599,0.8908,5.821,0.659
-1.8578,-2.9546,-0.3868,5.566,0.654
-1.8881,-2.9976,-2.8072,5.876,0.697
-1.8919,-3.0712,-0.8674,5.981,0.763
-1.7919,-2.8999,-0.8439,6.561,0.789
-1.7544,-3.1876,-5.4547,4.888,0.562
-1.7624,-3.2197,0.2232,6.501,0.831
-1.9239,-3.2675,-1.6048,6.163,0.569
-1.9044,-2.9851,2.4992,6.181,0.587
-1.8606,-2.9120,-2.0531,6.420,0.848
-1.9403,-2.9077,-4.7937,6.037,0.734
-1.9390,-3.2529,-4.1283,5.650,0.629
-1.7100,-3.0421,-2.6106,-2.585,1.112
-2.0173,-3.2216,0.6986,4.782,0.536
-1.9891,-3.0954,-3.0185,5.447,0.588
-2.0879,-2.9035,0.5894,5.288,0.578
-0.6562,-3.9519,0.1350,6.738,0.884
-0.5836,-3.8254,5.6185,5.200,0.592
-0.6817,-3.6579,-0.0611,6.227,0.755
-0.5003,-3.6582,-3.1677,6.845,0.862
-0.5468,-3.8620,-1.3058,6.210,0.398
-0.5779,-3.7939,4.8049,6.859,0.866
-0.5419,-3.8393,-2.6705,4.046,0.601
-0.5103,-3.8011,0.9094,4.563,0.573
-0.4680,-3.6911,4.3277,6.015,0.713
-0.7157,-3.7950,4.1065,6.409,0.863
-0.8074,-3.7267,0.2620,4.725,0.560
-0.7937,-3.6901,0.4710,6.118,0.762
-0.7224,-3.6108,-1.3135,5.717,0.676
-0.6810,-3.5130,0.9394,6.514,0.828
-0.7586,-3.5244,1.8591,4.415,0.549
-0.4797,-3.4539,-2.3430,5.842,0.693
-0.2667,-3.1809,-3.0886,6.195,0.760
-0.3233,-3.1096,-2.1642,6.758,0.949
-0.3026,-3.1259,-7.4180,5.917,0.750
-0.3027,-3.6463,0.4472,6.308,0.744
-0.5096,-3.5501,0.0443,5.286,0.662
-0.1344,-3.2908,-0.0884,5.486,0.573
-0.2175,-3.2629,-7.9372,3.625,0.723
-0.2776,-3.2836,0.6302,5.301,0.589
-0.3949,-3.2852,0.3575,5.990,0.736
-0.6184,-3.4307,-5.0944,4.543,0.542
-0.5369,-3.3606,-2.2970,6.119,0.753
-0.3037,-3.1905,-4.7059,4.281,0.572
-0.3821,-3.2147,0.2575,5.922,0.725
-0.4127,-3.1903,-0.6334,6.618,0.872
-1.1631,-3.4593,-0.6540,6.616,0.748
-0.8546,-3.3735,2.9083,6.484,0.775
-1.0292,-3.2647,-0.4191,6.086,0.713
-0.8862,-3.2372,-2.5687,6.281,0.770
-0.8692,-3.3434,1.9899,6.550,0.797
-0.8980,-3.6184,8.6403,2.399,0.794
-0.8069,-3.5260,3.2233,6.127,0.747
-0.9021,-3.5383,1.7312,5.975,0.712
-0.8838,-3.4028,-1.5781,4.793,0.570
-0.8641,-3.2676,-0.0106,6.775,0.874
-1.0337,-3.3650,-4.2973,5.253,0.571
-0.9973,-3.3024,-0.1214,4.404,0.534
-0.9467,-3.2211,3.6347,5.961,0.697
-0.7844,-3.2460,0.8672,5.233,0.590
-0.7935,-3.1908,1.1839,7.033,1.130
-0.6283,-3.1848,-13.3005,4.322,0.551
-0.6116,-3.0724,1.0661,6.320,0.753
-0.8819,-2.9777,-6.4882,6.350,0.746
-0.5794,-3.3194,-1.6107,5.793,0.695
-0.5160,-3.0065,3.2806,5.466,0.715
-0.9294,-3.0889,-3.5364,4.861,0.612
-0.6519,-3.3434,0.0554,4.635,0.561
-0.5003,-3.1813,-1.6164,4.758,0.560
-0.4744,-3.0514,0.2832,4.811,0.571
-0.6791,-3.2038,1.5619,5.150,0.569
-0.5311,-3.0810,-3.9594,4.188,0.551
-0.7251,-3.1681,-2.4900,4.543,0.548
-0.5424,-3.0034,2.2678,4.808,0.568
-0.6598,-3.0208,-0.6899,5.900,0.712
-0.5523,-2.9305,-0.0428,6.823,0.867
-0.8393,-3.0806,0.2202,5.184,0.575
-0.7789,-3.0036,-4.5776,4.798,0.556
-0.8269,-3.0265,-0.4566,6.185,0.763
-0.9074,-3.0736,0.2724,4.393,0.545
-0.7427,-2.9553,2.3249,4.881,0.555
-0.5771,-2.8363,1.6538,5.191,0.577
-0.5836,-2.8144,0.6189,5.361,0.522
-0.7807,-2.9399,-0.5939,4.116,0.536
0.1193,-3.2354,2.0364,4.784,0.554
-0.1084,-3.0580,-1.1948,6.124,0.691
-0.0199,-2.8094,-2.0778,4.631,0.562
-0.0573,-3.2232,-2.6392,6.729,0.865
0.1105,-2.9354,1.2585,6.356,0.768
0.0153,-2.7909,-1.2858,5.221,0.630
-0.0410,-2.8038,5.3185,6.751,0.790
-0.0213,-2.9100,-1.2204,6.423,0.653
-0.0746,-3.3371,-0.5092,5.405,0.597
0.2725,-3.0483,0.9394,6.319,0.750
0.2069,-3.0898,0.5110,5.270,0.599
0.1485,-3.0753,1.7674,5.448,0.600
0.0068,-3.1660,2.9819,3.177,0.758
0.1676,-3.0547,0.4344,5.341,0.587
0.1334,-2.9945,-1.3192,4.217,0.551
0.1124,-3.0268,-0.9361,3.855,0.576
0.1599,-2.9381,-1.8360,6.428,0.814
0.0551,-2.9166,5.5303,5.145,0.572
-0.1071,-3.0059,-0.6784,4.523,0.567
-0.2409,-3.0608,1.0175,4.288,0.569
-0.1310,-2.9756,2.5170,5.399,0.595
-0.2845,-3.0579,-2.3067,5.586,0.654
-0.1587,-2.8967,0.5593,5.017,0.627
-0.0595,-2.7873,-1.1470,4.962,0.577
0.2681,-2.9972,-0.0162,6.872,0.870
0.5817,-2.7400,2.1503,5.183,0.585
0.3555,-2.5546,-0.5052,6.554,0.798
0.0944,-2.7109,-7.2499,5.773,0.710
0.3381,-2.9581,-1.3149,6.065,0.737
0.2893,-2.8877,-2.5222,6.369,0.889
0.3350,-2.8488,-3.3866,5.350,0.631
0.3176,-2.7764,2.9446,5.595,0.754
0.2723,-2.7700,2.2339,6.550,0.756
0.0508,-2.7864,-0.1647,6.571,0.830
0.2045,-2.6759,2.5168,6.274,0.754
0.3081,-2.9542,-1.0272,5.404,0.632
0.3230,-2.9079,0.0897,4.703,0.574
0.4989,-2.7167,-6.7109,5.803,0.642
0.3790,-2.7925,0.9193,5.283,0.608
0.5071,-2.6907,-4.3396,2.124,0.869
0.4642,-2.6980,-2.5265,4.613,0.580
0.2966,-2.7640,-1.0933,4.636,0.566
0.3501,-2.7021,-1.8150,5.990,0.709
0.3669,-2.6638,-6.3197,4.685,0.584
0.3250,-2.6864,0.9266,5.462,0.659
0.3999,-2.6074,-1.0898,5.195,0.617
0.3816,-2.5559,-5.4045,4.807,0.569
0.3440,-2.5802,0.0221,4.695,0.572
0.1749,-2.6777,-0.8792,4.100,0.586
0.2549,-2.5729,1.1121,4.466,0.574
0.3376,-2.4478,-1.2672,4.985,0.574
0.2605,-2.4247,-1.7910,5.559,0.654
-0.4211,-2.8083,-1.0460,6.588,0.862
-0.5063,-2.7748,-0.8155,5.785,0.620
-0.1960,-2.7130,0.2127,5.658,0.659
-0.4475,-2.5663,2.3702,0.840,0.899
-0.3854,-2.5970,4.2647,4.968,0.569
-0.2364,-2.8710,-7.5511,6.451,0.798
-0.2183,-2.8181,-3.3671,6.550,1.522
-0.0673,-2.7113,-0.7048,6.292,0.797
-0.5107,-2.8102,-2.3403,5.872,0.689
-0.1915,-2.5585,-3.6171,6.091,0.710
-0.5497,-2.7675,-0.5279,6.139,0.729
-0.4423,-2.6453,-0.2129,6.004,0.720
-0.4174,-2.5341,0.2238,4.146,0.567
-0.3681,-2.4472,2.0678,6.873,0.870
-0.4863,-2.6241,-2.4423,6.389,0.847
-0.3919,-2.4597,4.7200,6.213,0.737
-0.6011,-2.6744,1.4986,6.454,0.876
-0.0761,-2.7516,-1.2462,5.473,0.650
-0.2430,-2.8293,3.3842,5.748,0.620
-0.2244,-2.8356,3.2230,2.957,0.798
-0.0917,-2.6960,2.9412,5.346,0.628
-0.3371,-2.8476,-1.1412,4.652,0.574
-0.3863,-2.8534,0.1075,5.498,0.654
-0.4767,-2.7862,-0.3556,5.366,0.580
-0.2039,-2.5759,-0.1455,5.498,0.557
-0.5781,-2.7824,7.8581,4.571,0.539
-0.2326,-2.5172,5.1095,4.988,0.594
-0.5381,-2.7003,-5.9068,5.065,0.574
-0.1566,-2.8548,2.4631,4.492,0.565
-0.2044,-2.7847,0.5207,4.644,0.565
-0.1358,-2.7083,0.6947,4.085,0.570
-0.2886,-2.5457,3.3791,6.430,0.826
0.0361,-2.6483,-6.7196,5.618,0.709
-0.2411,-2.4644,0.2405,5.827,0.698
0.1108,-2.4463,-1.5413,6.844,0.871
0.0190,-2.4808,-1.5831,6.564,0.857
-0.0840,-2.2560,-0.2162,6.739,0.879
0.0073,-2.2550,-0.2502,6.657,0.858
0.0969,-2.3504,-0.6096,6.147,0.769
-0.1157,-2.1721,0.1087,6.005,0.784
0.1793,-2.4756,1.9713,5.354,0.659
0.0456,-2.5796,-1.1332,6.305,0.779
-0.0638,-2.6494,4.9602,6.010,0.768
0.1921,-2.4196,-0.0842,6.546,0.826
-0.0481,-2.5154,-5.3190,6.549,0.870
-0.0942,-2.5268,-1.5393,6.654,0.857
0.1168,-2.3797,-10.8696,6.005,0.580
-0.0344,-2.2932,0.6327,3.953,0.727
0.1130,-2.5657,-0.4208,5.475,0.632
0.0013,-2.6062,0.2732,5.994,0.716
-0.1188,-2.6000,-1.2125,4.738,0.574
0.1947,-2.3429,0.2810,5.380,0.673
0.0233,-2.4365,1.0735,5.109,0.609
-0.1516,-2.5551,-0.1398,6.748,0.876
-0.0487,-2.4507,1.4252,5.462,0.645
0.1923,-2.2816,1.8606,4.375,0.578
-0.0149,-2.2270,-0.0007,5.713,0.720
-0.1493,-2.3091,0.2123,5.958,0.743
0.0166,-2.1084,1.3545,5.291,0.679
-0.0449,-2.2267,-2.8284,5.463,0.692
-0.0005,-2.1593,-0.7867,6.246,0.767
0.2412,-2.3755,-1.6516,6.274,0.773
-0.2656,-2.3174,-1.4316,6.646,0.865
-1.3884,-3.1538,0.2968,5.460,0.617
-1.1293,-3.1238,2.7439,6.226,0.757
-1.4506,-3.1046,-1.4639,6.670,0.875
-1.2280,-3.1772,-0.3229,6.218,0.729
-1.3301,-2.8087,-0.7149,6.124,0.731
-1.1836,-3.2464,-0.5386,6.371,0.779
-1.0525,-2.9797,-3.4047,5.323,0.572
-1.1699,-2.9812,-4.0472,5.638,0.664
-1.4045,-3.0190,-5.6664,6.719,0.859
-1.2402,-3.3413,0.5056,4.759,0.540
-1.1063,-2.9845,-0.7551,6.244,0.788
-1.1544,-3.0077,0.9073,4.895,0.564
-1.1597,-2.9432,-0.1772,4.820,0.565
-1.5200,-3.0084,0.8248,4.963,0.573
-0.9724,-2.6768,-1.4383,6.453,0.785
-0.9163,-2.6202,1.0259,6.104,0.771
-0.9256,-2.4899,4.8238,6.061,0.750
-0.8898,-2.4960,-2.8539,5.669,0.673
-1.0241,-2.9782,-2.2523,6.829,0.886
-0.8894,-2.8655,0.9104,6.736,0.825
-0.9606,-2.8358,-3.2876,6.393,0.816
-0.9866,-2.7879,1.4232,4.710,0.596
-1.0349,-2.7973,4.1408,5.811,0.676
-1.1803,-2.7415,0.4783,5.885,0.717
-0.9899,-2.4550,0.5840,5.936,0.692
-0.9216,-2.9704,1.5766,5.356,0.590
-0.9648,-2.9391,-0.3808,3.720,0.664
-0.9116,-2.8639,-1.5694,4.894,0.491
-1.0237,-2.9317,2.0242,5.268,0.572
-1.0489,-2.9299,-2.5843,5.706,0.629
-0.8256,-2.7212,4.9894,5.508,0.637
-0.7933,-2.6031,0.4437,6.668,0.871
-1.0391,-2.7438,5.2420,5.906,0.696
-1.1641,-2.7644,3.7168,5.501,0.588
-0.9544,-2.6173,0.2840,4.952,0.567
-1.1427,-2.7448,-2.2924,3.904,0.571
-0.9891,-2.6247,3.1067,5.843,0.681
-1.0495,-2.6317,-7.4963,6.138,0.777
-1.1531,-2.6658,0.8504,6.114,0.904
-0.9428,-2.5060,-0.6104,4.186,0.548
-1.2124,-2.6717,2.1132,4.733,0.547
-0.9594,-2.4669,2.4444,4.765,0.568
-1.6883,-2.4843,0.3804,5.802,0.675
-1.6905,-2.6522,7.7389,5.576,0.658
-1.7454,-2.5615,-1.1519,6.436,0.790
-1.6182,-3.0351,2.2349,5.417,0.601
-1.7169,-2.9108,-3.5397,4.636,0.563
-1.8491,-2.6973,4.8048,6.376,0.793
-1.7862,-2.6330,6.8399,6.278,0.655
-1.6199,-2.4797,4.0756,6.194,0.741
-1.5306,-2.9495,0.7910,6.046,0.749
-1.5337,-2.9265,-1.0426,4.433,0.576
-1.5189,-2.8878,-2.8831,5.806,0.677
-1.5880,-2.9197,0.4493,4.254,0.565
-1.4746,-2.8128,1.1257,5.396,0.615
-1.4935,-2.8066,-4.9318,4.690,0.567
-1.5524,-2.8049,0.2501,5.292,0.595
-1.6078,-2.7826,4.2887,6.007,0.734
-1.5844,-2.7403,-2.3923,5.747,0.699
-1.6955,-2.7729,-1.2278,5.886,0.676
-1.5288,-2.5499,1.6308,5.648,0.633
-1.5800,-2.5771,1.6959,5.873,0.693
-1.7289,-2.6386,4.1342,4.650,0.567
-1.7225,-2.6026,-2.0267,4.447,0.561
-1.8115,-2.6050,-1.9027,2.537,0.820
-1.6354,-3.0196,0.1173,6.632,1.033
-1.1231,-2.5184,-8.7639,6.300,0.807
-1.2276,-2.5116,0.0355,6.868,0.877
-1.2640,-2.4724,-2.9329,6.225,0.740
-1.4503,-2.3842,0.0787,5.678,0.667
-1.2161,-2.3199,1.5571,6.726,0.864
-1.2810,-2.1253,2.1771,5.430,0.625
-1.4463,-2.5228,-1.7743,6.562,0.837
-1.3139,-2.3619,3.2409,5.067,0.591
-1.4486,-2.2341,0.9808,6.646,0.747
-1.2925,-2.7039,-2.9139,4.696,0.543
-1.1768,-2.5958,0.3872,5.538,0.611
-1.2754,-2.6298,-0.0248,5.375,0.584
-1.3116,-2.5383,-1.4074,4.253,0.544
-1.2108,-2.4492,-2.9001,4.321,0.528
-1.2588,-2.4328,-0.7667,4.905,0.566
-1.3868,-2.4109,-1.5927,5.904,0.714
-1.4273,-2.4204,-0.6148,4.234,0.567
-1.3325,-2.3533,0.7747,2.669,0.815
-1.1528,-2.2263,-0.4289,3.802,0.596
-1.5388,-2.4245,0.2512,4.570,0.614
-1.3229,-2.2653,5.3832,5.829,0.692
-1.5369,-2.3932,0.6218,5.485,0.648
-1.3531,-2.2652,-0.3422,3.986,0.575
-1.2844,-2.1821,-0.9448,4.982,0.566
-1.2180,-2.1356,0.4321,5.525,0.587
-1.2385,-2.1201,-0.6335,5.115,0.560
-1.5646,-2.3448,-6.9822,4.827,0.575
-1.4318,-2.2205,-0.9204,5.255,0.607
-1.4672,-2.5063,-0.7395,6.724,0.563
-1.0680,-2.2988,1.5101,5.810,0.680
-0.7118,-2.5458,-2.7378,2.346,0.830
-0.6669,-2.0586,3.4269,5.876,0.727
-0.5232,-2.4644,-0.4899,6.538,0.847
-0.6805,-2.4053,-2.5315,5.959,0.738
-0.6527,-2.2860,0.0797,4.991,0.575
-0.7613,-2.4522,1.7466,5.429,0.605
-0.5848,-2.6359,0.2788,5.107,0.572
-0.7881,-2.3688,-3.3796,5.798,0.803
-0.4663,-2.4766,2.2602,4.684,0.571
-0.6340,-2.5682,1.9011,6.511,0.809
-0.6220,-2.4589,0.8669,3.731,0.706
-0.8960,-2.3655,-0.1962,6.358,0.686
-0.8222,-2.2759,1.6209,5.970,0.692
-0.4167,-2.3389,3.9019,6.229,0.772
-0.5875,-2.5328,-6.1303,2.159,0.836
-0.5752,-2.3541,-0.6212,5.488,0.579
-0.5295,-2.5703,0.5478,5.819,0.645
-0.6747,-2.6653,0.9594,6.418,0.624
-0.7466,-2.5941,-2.3986,5.933,0.704
-0.6685,-2.5153,-0.1544,6.846,0.882
-0.6755,-2.6974,1.9883,5.944,0.669
-0.6144,-2.6466,-1.6599,5.062,0.510
-0.6338,-2.6208,0.9296,0.955,0.444
-0.5558,-2.3383,-0.6657,3.896,0.607
-0.7806,-2.4077,-0.0355,3.446,0.771
-0.9138,-2.4478,-2.1376,4.521,0.567
-0.8731,-2.3648,4.3608,4.436,0.560
-0.7988,-2.2956,3.3589,3.822,0.697
-0.9308,-2.3707,-2.0505,6.921,0.933
-0.7961,-2.2558,-0.9742,5.144,0.624
-0.8736,-2.2871,0.9368,4.832,0.575
-0.3713,-2.4103,-2.1520,4.858,0.577
-0.7026,-2.5245,-0.5428,6.025,0.676
-0.2605,-2.0502,-0.0678,6.912,0.971
-0.3433,-1.7369,2.0298,5.590,0.663
-0.4385,-2.0425,2.4961,5.778,0.708
-0.2540,-1.9402,-0.9189,4.913,0.588
-0.1227,-2.1453,-1.4367,6.462,0.859
-0.3119,-2.3421,-0.1322,6.389,0.877
-0.4175,-2.2633,-2.7659,5.900,0.657
-0.0795,-1.9910,1.5033,6.755,0.882
-0.3516,-1.9177,-2.4760,6.039,0.742
-0.4320,-1.9733,-1.7979,4.469,0.581
-0.5552,-2.0586,0.6098,6.705,0.864
-0.3111,-1.8877,-2.8252,5.468,0.723
-0.3912,-1.9339,0.2016,6.500,0.852
-0.2875,-1.8452,-0.0050,6.819,0.848
-0.3824,-1.9017,-1.2109,5.795,0.714
-0.3578,-1.8257,0.4620,4.968,0.609
-0.6006,-2.0104,-2.2165,6.469,0.865
-0.3389,-2.3135,4.8107,4.253,0.630
-0.3620,-2.3020,0.6988,4.911,0.612
-0.2176,-2.2483,-3.4733,6.416,0.863
-0.2841,-2.2887,-0.3089,6.186,0.763
-0.0409,-2.0450,-0.8720,4.502,0.572
-0.1311,-2.1063,0.9997,4.453,0.582
-0.2833,-2.1571,-7.0643,5.662,0.704
-0.3462,-2.1849,-0.2731,5.811,0.721
-0.3172,-2.0746,0.5123,6.387,0.797
-0.2429,-2.0179,-0.8160,6.195,0.794
-0.4763,-2.1730,-1.0826,1.280,0.588
-0.1586,-1.9466,-1.6852,1.043,0.224
-0.1725,-1.9201,-1.9376,5.491,0.574
-0.4044,-1.9851,3.9765,5.274,0.649
-0.5347,-2.0488,0.2856,3.788,0.779
-0.3445,-1.8760,0.4769,3.625,0.783
-0.2948,-1.7944,-1.8862,4.798,0.605
-0.4140,-1.8615,-1.1763,4.707,0.620
-0.4307,-1.8524,-0.7792,5.072,0.590
-0.5458,-1.9338,-1.5436,4.918,0.609
-0.3259,-1.7668,1.2731,5.709,0.687
-0.3686,-1.7554,1.1164,4.759,0.619
-0.4139,-2.2839,1.0644,5.083,0.696
-0.6254,-2.0767,0.9783,6.636,0.863
-0.7751,-2.1671,-0.5576,6.798,0.970
-0.9598,-2.1887,-1.2407,1.507,0.871
-1.0031,-2.0890,-5.7118,4.716,0.571
-1.0041,-2.2754,3.3661,4.836,0.565
-0.8084,-2.0711,0.3922,6.078,0.706
-0.8991,-1.8488,1.8918,1.040,0.197
-0.8892,-1.9233,-0.2157,6.233,0.787
-1.1374,-2.0090,-2.4692,4.560,0.575
-1.0420,-2.0741,-0.4830,5.238,0.608
-0.9456,-2.2689,-0.3009,5.997,0.729
-0.9605,-2.2312,-2.6329,6.365,0.726
-1.0217,-2.0870,0.6094,5.707,0.597
-0.9521,-1.9373,-0.6502,5.705,0.673
-1.1797,-2.0944,1.3199,6.844,0.911
-1.2360,-2.0909,-3.1404,5.666,0.588
-1.2085,-2.0217,-1.3393,5.929,0.728
-1.0307,-1.7969,4.5295,5.414,0.682
-0.7843,-1.9359,-4.1151,5.538,0.655
-1.0568,-1.9680,0.7544,6.679,0.874
-0.9321,-2.3166,-3.0764,4.553,0.566
-0.8451,-2.2364,-3.6268,4.541,0.574
-0.8651,-2.2399,-1.1647,6.498,0.709
-0.8081,-2.1569,0.7709,6.773,0.899
-0.7164,-2.0825,8.7468,5.513,0.670
-1.0078,-2.2469,0.8936,6.152,0.697
-0.7862,-2.0826,-3.8428,6.023,0.762
-0.8399,-2.1103,0.6613,5.050,0.579
-0.7976,-2.0241,-11.2238,4.901,0.396
-0.9982,-2.1554,-2.7220,4.135,0.571
-0.7889,-2.0062,1.7664,4.743,0.700
-1.0208,-2.1211,2.5630,5.748,0.676
-0.8383,-1.9735,0.9614,5.351,0.618
-0.8742,-1.9899,-1.1852,4.928,0.569
-1.1223,-2.1372,-2.4102,4.819,0.566
-1.1670,-2.1350,1.1032,5.002,0.566
-0.9763,-1.9974,-0.1227,6.431,0.829
-1.0289,-1.9885,-0.7275,5.845,0.766
-1.1019,-2.0182,1.9461,4.163,0.568
-0.9673,-1.8823,0.5714,6.804,0.907
-1.1421,-1.9559,1.2046,5.404,0.690
-1.0810,-1.8365,-5.4167,4.999,0.573
-0.7136,-2.0296,0.2682,5.788,0.699
-0.8473,-1.8559,2.2433,4.496,0.564
-0.6904,-1.9452,-0.5118,6.735,0.873
-0.7383,-1.8367,-1.1357,5.983,0.724
-0.4135,-1.6901,3.2439,6.525,0.879
-0.7261,-1.7137,1.3129,4.452,0.575
-0.7661,-1.5696,0.2180,5.433,0.650
-0.6314,-1.4123,1.1797,4.941,0.640
-0.5019,-1.8775,-6.0958,5.633,0.650
-0.3608,-1.7192,0.5384,6.103,0.752
-0.6422,-1.8980,-1.0287,6.701,0.643
-0.4082,-1.6533,-1.0796,5.734,0.697
-0.5462,-1.6641,3.0070,6.542,0.856
-0.6058,-1.6800,0.5056,6.662,0.867
-0.6887,-1.7256,0.2043,5.913,0.835
-0.6970,-1.7384,-0.0674,5.621,0.693
-0.7436,-1.6726,1.9594,6.384,0.805
-0.6892,-1.6258,-3.4313,5.193,0.662
-0.7241,-1.5980,0.7992,5.932,0.706
-0.7118,-1.5110,-0.5776,6.519,0.834
-0.6632,-1.4420,-0.8217,5.841,0.673
-0.6419,-1.8281,-0.1738,6.319,0.797
-0.7380,-1.8711,1.7601,5.603,0.665
-0.7844,-1.7548,4.7235,5.721,0.687
-0.8207,-1.7423,-0.2326,4.063,0.588
-0.5952,-1.5350,-1.2859,6.766,0.765
-0.5877,-1.5209,-0.7300,6.510,0.867
-0.8917,-1.7112,-0.3581,6.556,0.883
-0.8464,-1.6471,-1.0507,6.329,0.833
-0.5409,-1.7623,1.6580,6.730,0.937
-0.4440,-1.8076,-0.3462,5.597,0.677
-0.5340,-1.8535,-1.7462,1.209,0.571
-0.5494,-1.8439,-1.3197,5.091,0.330
-0.6778,-1.8822,3.7183,5.475,0.707
-0.6776,-1.8379,-0.9495,4.532,0.584
-0.5369,-1.7030,-1.1306,5.542,0.665
-0.4694,-1.6387,-1.0244,4.436,0.595
-0.5212,-1.6650,0.1015,3.762,0.768
-0.4690,-1.5829,0.4688,3.625,0.851
-0.5404,-1.5969,0.2567,5.011,0.599
-0.6250,-1.5757,1.6825,4.497,0.590
-0.5558,-1.4853,0.5009,3.193,0.861
-0.6840,-1.5651,1.7376,4.910,0.629
-0.5978,-1.5012,1.1810,4.013,0.698
-0.8371,-1.5746,-1.1599,2.066,0.865
-0.7430,-1.9417,-0.9691,5.098,0.633
-0.8171,-1.8702,4.0684,5.048,0.574
-0.8257,-1.7803,1.5357,4.834,0.568
-0.8808,-1.6788,0.9109,4.903,0.603
-0.9210,-1.6874,-3.0820,5.544,0.679
-0.6046,-1.8165,4.2284,4.428,0.578
-0.5727,-1.6281,-0.8912,5.659,0.690
-3.1182,-3.7262,8.8268,5.948,0.712
-3.3264,-3.6260,3.0857,6.617,0.899
-3.1730,-3.5184,3.4209,6.374,0.842
-3.0401,-3.8086,-0.8570,6.042,0.699
-3.1323,-3.6960,5.9411,5.745,0.671
-3.1729,-4.0386,1.5634,5.148,0.577
-3.2711,-3.9420,2.2163,6.645,0.807
-3.0674,-3.7014,-1.0344,6.745,0.883
-2.8661,-3.4648,5.8816,5.982,0.686
-2.6124,-3.3926,-0.4451,5.720,0.630
-2.8152,-3.1694,2.3743,6.370,0.768
-3.1622,-3.3966,3.3927,6.878,0.943
-2.8468,-3.6001,4.8724,4.002,0.560
-2.8313,-3.5156,0.9863,5.150,0.574
-2.9690,-3.5469,4.0618,4.204,0.530
-3.0544,-3.5235,4.7661,5.486,0.616
-2.7618,-3.2870,-5.7027,3.961,0.564
-2.9217,-3.2019,2.6129,5.254,0.570
-3.4139,-3.3117,-3.9077,6.149,0.712
-3.3763,-3.2193,3.3990,6.144,0.730
-3.4362,-3.1768,-0.2984,5.203,0.588
-3.4995,-3.3105,1.4136,6.726,0.695
-3.3774,-3.4668,-2.7586,4.193,0.547
-3.3744,-3.3374,-2.2871,4.351,0.544
-3.4405,-3.3454,-1.0933,5.110,0.568
-3.4237,-3.5647,-3.3491,3.842,0.602
-3.4683,-3.5308,-6.3161,4.402,0.560
-3.6661,-3.3806,-18.0960,4.730,0.568
-3.7674,-3.3503,-0.0056,6.584,0.838
-3.0295,-2.9861,2.0131,4.253,0.535
-3.1112,-2.9747,-3.1657,6.284,0.766
-3.2589,-2.8216,8.9657,6.769,1.083
-3.0964,-3.0085,2.0163,6.066,0.763
-3.2712,-2.8260,-1.3781,5.742,0.657
-3.0177,-3.1151,-0.3295,5.337,0.594
-3.2306,-3.2606,-2.4831,3.829,0.579
-3.1128,-3.0456,1.1758,4.461,0.540
-3.1677,-2.9508,-5.5519,4.985,0.567
-3.3077,-2.9923,3.3939,3.645,0.721
-2.9060,-3.0315,0.9034,5.972,0.697
-2.7224,-3.1910,3.8012,6.470,0.751
-2.5712,-3.1632,-10.1967,5.752,0.668
-2.5051,-2.8862,0.0216,6.012,0.729
-2.2725,-3.0824,1.7284,6.448,0.761
-2.6453,-3.1078,-1.1989,6.840,0.876
-2.8270,-3.0655,-2.3662,6.743,0.823
-2.5061,-3.2915,-2.0797,5.702,0.625
-2.5494,-3.2997,1.2048,5.670,0.607
-2.4459,-3.2163,4.3285,4.686,0.577
-2.3015,-3.0993,6.7984,5.600,0.619
-2.3640,-3.0350,0.1223,5.381,0.609
-2.3673,-2.9418,0.6245,4.652,0.567
-2.6633,-3.0979,0.6716,6.119,0.748
-2.6227,-2.9717,0.2674,5.598,0.634
-2.6687,-2.9332,-1.5090,5.515,0.598
-2.2591,-2.9363,0.4941,5.737,0.663
-2.3296,-2.7787,-0.6664,6.512,0.927
-2.1166,-2.8841,-0.2309,6.282,0.702
-2.1098,-2.7371,9.1232,5.265,0.594
-2.0965,-2.6393,0.6332,6.742,0.840
-2.0561,-2.8418,-0.7253,4.079,0.572
-2.1971,-2.9309,0.9007,4.772,0.547
-2.2057,-2.9137,0.1468,6.518,0.952
-2.1210,-2.7240,-3.8505,5.227,0.652
-2.4249,-2.8468,-3.2586,6.216,0.736
-2.0756,-2.5680,3.5020,4.492,0.555
-2.2262,-2.6479,-2.6311,5.019,0.564
-2.4515,-2.7852,-8.3534,5.219,0.579
-2.1172,-2.5423,1.0136,5.399,0.631
-2.3614,-2.6452,-0.7535,5.936,0.688
-2.2666,-2.5630,-1.6829,4.157,0.549
-2.3495,-2.5863,2.1971,5.132,0.594
-2.2295,-2.4865,2.9160,4.626,0.582
-2.4673,-2.6496,-1.0837,4.972,0.569
-2.2702,-2.4854,-1.8227,4.193,0.554
-2.2939,-2.4511,-0.4800,5.739,0.717
-2.2687,-2.4190,-1.8355,5.891,0.688
-2.9373,-2.9647,-0.1175,6.305,0.752
-2.8790,-2.9473,1.9687,6.759,0.863
-2.6693,-2.6284,1.8513,5.755,0.626
-2.6423,-2.7845,3.1432,5.019,0.564
-2.8224,-2.8885,-3.9498,3.693,0.687
-2.7555,-2.8301,5.6038,5.549,0.597
-2.7884,-2.8215,-2.0234,4.934,0.562
-2.9626,-2.9196,0.2868,5.203,0.570
-2.8590,-2.7505,-2.0372,6.197,0.714
-2.7310,-2.5995,3.3997,5.706,0.602
-2.8586,-2.6006,-1.9677,5.422,0.585
-2.6046,-2.6355,-0.6995,6.284,0.727
-2.7208,-2.3643,0.8738,5.656,0.662
-2.3572,-2.4151,-1.5984,6.080,0.760
-2.5514,-2.3100,5.2263,5.827,0.703
-2.7150,-2.2901,5.8121,6.240,0.810
-2.5802,-2.4957,1.8062,5.798,0.636
-2.4580,-2.4974,4.0278,5.673,0.779
-2.4317,-2.4622,-13.2930,6.641,1.029
-2.5440,-2.5167,-4.3560,6.409,0.666
-2.5411,-2.5450,4.7463,6.359,0.752
-2.6937,-2.3814,-0.2827,6.253,0.719
-2.4283,-2.5040,7.5454,4.713,0.572
-2.5946,-2.5589,2.1737,5.881,0.584
-2.3442,-2.3483,1.5166,5.233,0.586
-2.6559,-2.3634,-2.0183,3.794,0.615
-3.7072,-3.0536,-3.9845,6.682,0.873
-3.9265,-3.0537,2.1030,6.581,0.868
-4.1214,-3.0655,2.2143,6.271,0.792
-3.8586,-2.9869,-7.0479,5.586,0.575
-3.8327,-3.3715,-3.4725,4.883,0.576
-3.5457,-3.0611,0.6541,5.093,0.590
-3.7992,-2.9592,6.2783,5.087,0.586
-3.8305,-2.7905,-2.9701,6.704,0.871
-3.8676,-3.0107,-2.2250,3.862,0.626
-3.8969,-2.9174,-1.9023,4.525,0.561
-3.3495,-2.8896,-1.0842,5.750,0.673
-3.3298,-2.7799,2.8952,5.456,0.639
-3.4679,-2.8604,7.0733,5.035,0.575
-3.3429,-2.7448,0.1185,6.579,0.821
-3.6166,-2.8065,-2.1680,4.944,0.572
-3.3732,-2.5675,2.3210,4.966,0.573
-3.5093,-2.6017,-5.3576,4.847,0.569
-3.4375,-2.5009,0.1277,3.076,0.795
-3.4845,-2.5234,-2.0271,6.183,0.757
-3.3764,-2.5421,7.1124,4.252,0.562
-4.2031,-2.8044,1.7004,5.660,0.677
-3.8793,-2.7011,-1.9824,5.870,0.734
-4.0629,-2.5379,0.4370,5.399,0.576
-3.8932,-2.7140,-3.5267,6.600,0.942
-4.1740,-2.8427,-2.9380,6.325,0.868
-4.3093,-2.7960,-5.8155,4.469,0.565
-4.0289,-2.5966,6.1308,3.820,0.653
-4.0136,-2.5556,8.0459,5.191,0.590
-4.0186,-2.5261,-0.8321,4.787,0.563
-4.3835,-2.6927,0.9931,6.770,0.879
-4.1011,-2.4787,10.2380,3.885,0.609
-4.2122,-2.9118,0.3945,4.693,0.568
-4.0454,-2.7711,0.3134,4.528,0.558
-4.0708,-2.7739,-2.1397,4.004,0.574
-4.1541,-2.5786,1.2965,3.568,0.769
-3.7094,-2.4615,2.1790,6.031,0.778
-4.1236,-2.3834,-7.7343,6.081,0.741
-3.8537,-2.3813,1.3793,5.949,0.701
-3.8098,-2.3000,-0.5715,6.476,0.769
-3.6933,-2.3578,0.4327,4.435,0.565
-3.9100,-2.3598,4.0478,5.074,0.571
-3.8778,-2.1854,4.8002,4.937,0.584
-3.8199,-2.1390,1.0214,5.069,0.603
-3.9103,-2.1927,3.3412,1.379,0.875
-2.9764,-2.4343,-2.3239,5.709,0.652
-3.3892,-2.3654,-0.6170,6.727,0.876
-2.9110,-2.3935,-6.3681,5.822,0.687
-3.4225,-2.4551,-0.6768,6.598,0.840
-3.3154,-2.2539,-5.7912,6.766,0.863
-3.0471,-2.3914,2.3151,5.738,0.667
-3.0277,-2.3527,2.5942,6.008,0.674
-3.1523,-2.4390,1.8680,5.964,0.722
-3.1020,-2.3701,3.7550,4.804,0.562
-3.1968,-2.3980,0.8571,5.920,0.698
-3.2705,-2.4346,-2.3479,4.507,0.553
-3.1367,-2.3333,-3.7209,5.478,0.595
-3.2399,-2.2292,9.2546,6.604,0.827
-2.9027,-2.3418,-2.6577,4.755,0.569
-2.7891,-2.2889,1.4796,6.176,0.738
-2.7424,-2.2165,3.1014,6.340,0.769
-2.8865,-2.1736,-4.1633,5.684,0.650
-2.8298,-2.1299,-0.6651,6.452,0.780
-2.7449,-2.1354,0.1184,5.738,0.692
-2.9054,-2.1974,2.8053,6.659,0.815
-2.7615,-1.9473,7.3709,5.533,0.766
-2.7762,-1.8916,0.2544,6.323,0.795
-3.0710,-2.0815,-1.4874,6.291,0.727
-2.6211,-2.1052,-0.1377,5.545,0.517
-2.7191,-2.0650,-0.9013,3.070,0.783
-2.6276,-2.0003,0.1979,6.305,0.770
-2.7028,-1.9954,-1.1226,3.577,0.777
-2.7100,-1.9437,-2.9325,6.130,0.745
-3.0166,-2.1316,-1.8819,5.726,0.742
-2.9785,-2.1087,2.8865,5.303,0.588
-2.9043,-2.0037,1.9741,4.286,0.565
-2.9154,-1.9744,0.3927,3.857,0.641
-2.9071,-1.9466,-0.6292,4.988,0.567
-3.0970,-2.0743,-2.6022,4.856,0.553
-3.1445,-2.1007,-0.8673,5.883,0.675
-2.9954,-1.8509,3.4349,4.487,0.562
-3.3989,-2.0992,-2.2553,6.123,0.681
-3.4985,-2.0020,0.4201,5.148,0.578
-3.4137,-2.1175,2.5769,5.503,0.577
-3.4513,-2.2125,-6.4960,4.983,0.570
-3.6410,-2.2342,0.4394,4.050,0.578
-3.5013,-2.0484,-0.4410,5.047,0.573
-3.4473,-1.9766,1.3101,4.164,0.565
-3.5856,-2.0311,-1.5095,4.149,0.560
-3.4472,-1.8814,3.5168,5.166,0.613
-3.6413,-1.9745,-3.0623,4.452,0.567
-3.5119,-1.8128,-1.8652,5.825,0.684
-3.6220,-1.8632,0.7230,5.615,0.676
-3.5330,-1.7596,12.2179,2.299,0.814
-3.3614,-2.0887,-7.6282,6.464,0.843
-3.2390,-1.7354,-0.0428,6.112,0.706
-3.1966,-1.6754,-2.5916,6.165,0.756
-3.0933,-1.7292,0.3698,5.889,0.684
-3.2628,-1.7603,2.1769,6.647,0.783
-3.1819,-1.9357,8.5253,6.133,0.754
-2.9593,-1.7297,3.1076,4.575,0.582
-3.2269,-1.8380,1.1662,6.895,0.908
-2.9705,-1.6379,-0.2569,5.333,0.627
-3.1141,-1.6948,-9.1312,4.151,0.562
-3.0702,-1.6526,-0.5930,3.908,0.573
-3.2329,-1.7572,-0.3525,5.163,0.578
-3.0266,-1.5727,0.2801,5.153,0.587
-3.4030,-1.8254,2.4486,4.160,0.564
-3.3630,-1.7096,4.5573,5.256,0.596
-3.3584,-1.6413,2.5011,5.009,0.576
-3.2376,-1.5161,-2.0188,6.013,0.738
-1.9187,-2.5214,1.0278,6.042,0.713
-1.9031,-2.2863,2.1803,6.321,1.484
-1.8972,-2.1196,-0.2289,6.647,0.866
-1.7953,-2.5628,-8.5161,6.808,0.867
-1.8360,-2.5425,-1.7279,4.380,0.564
-1.9451,-2.4927,-0.6246,6.512,0.764
-2.0532,-2.4533,-1.9009,6.041,0.606
-2.0930,-2.3383,2.3715,6.294,0.767
-1.8527,-2.6290,-3.0121,1.148,0.120
-1.8704,-2.5597,-1.7439,5.587,0.635
-1.9627,-2.6129,3.6636,5.084,0.580
-2.0306,-2.6101,0.2160,4.668,0.565
-1.7888,-2.3540,0.7184,5.150,0.591
-1.9747,-2.4746,0.7280,5.896,0.716
-1.9449,-2.4352,3.0671,4.950,0.582
-1.7931,-2.3128,-3.5913,4.176,0.576
-2.0590,-2.4386,-0.9222,6.124,0.838
-1.9903,-2.3852,-0.1118,4.317,0.577
-2.0128,-2.3969,1.7250,5.252,0.578
-1.9007,-2.3036,-3.3607,0.987,0.469
-1.8748,-2.2850,6.3948,0.921,0.677
-2.1136,-2.4399,7.3085,5.114,0.580
-1.8071,-2.2199,1.7539,4.555,0.573
-2.0501,-2.3797,4.8046,5.294,0.613
-1.8345,-2.2199,0.1555,4.872,0.569
-2.1804,-2.4520,5.8790,5.099,0.585
-1.8433,-2.1849,1.5285,6.398,0.754
-1.9175,-2.2110,-0.5993,2.884,0.836
-2.0256,-2.2156,3.4549,3.007,0.800
-1.9846,-2.1800,-0.1490,5.259,0.610
-1.9374,-2.1122,-0.3517,5.742,0.681
-1.9704,-2.1117,2.5286,5.532,0.638
-2.0087,-2.2503,1.8536,6.712,0.858
-1.5443,-2.2651,-0.3648,6.198,0.785
-1.4094,-2.0813,0.0574,5.162,0.612
-1.7123,-2.0444,0.6828,6.224,0.793
-1.4373,-1.9366,0.2501,6.005,0.743
-1.6234,-1.8760,-4.1221,5.267,0.622
-1.6277,-2.2959,0.7460,6.715,0.876
-1.5821,-2.1830,4.8277,6.176,0.756
-1.5982,-2.0777,5.4131,5.960,0.795
-1.6198,-1.8390,0.1108,6.662,0.851
-1.6240,-2.3363,-2.7925,3.924,0.636
-1.4757,-2.1421,-1.2296,5.222,0.630
-1.4770,-2.0423,2.8760,4.918,0.576
-1.4610,-1.9751,-0.4172,4.169,0.579
-1.4897,-1.9877,-0.4449,4.615,0.560
-1.6875,-2.1139,-0.2687,6.116,0.794
-1.6566,-1.9967,-4.1802,4.806,0.597
-1.5340,-1.9028,-3.6625,5.185,0.579
-1.6809,-1.9676,3.6586,5.761,0.679
-1.5402,-1.8575,2.1272,4.437,0.635
-1.5342,-1.8244,-0.9236,6.090,0.747
-2.1154,-2.1347,2.2514,6.128,0.759
-2.0201,-2.0007,-2.2210,6.780,0.870
-2.0783,-1.9829,1.0920,6.077,0.727
-2.0872,-1.9152,-0.2189,6.460,0.810
-2.1576,-1.9321,2.4837,6.555,0.864
-2.3918,-2.1554,1.4894,6.678,0.739
-2.2032,-1.9307,2.5720,6.307,0.730
-2.4584,-1.9481,1.8404,6.044,0.736
-2.2592,-2.3151,6.3601,4.857,0.571
-2.0249,-2.1266,-0.1186,4.355,0.564
-2.3225,-2.2700,-0.4000,5.827,0.713
-2.2617,-2.2061,1.5907,5.015,0.579
-2.0946,-2.0862,-3.7840,3.839,0.730
-2.1893,-2.0918,2.3154,4.491,0.567
-2.3646,-2.2098,1.3356,3.881,0.630
-2.3063,-2.1243,-0.4409,3.657,0.789
-2.3996,-2.1380,-0.0294,4.953,0.594
-2.2230,-1.9962,2.1544,4.131,0.575
-2.2166,-1.9304,1.4270,4.460,0.565
-2.4539,-2.0987,-0.5429,0.661,0.711
-2.3942,-2.0464,2.9254,5.552,0.661
-2.2062,-1.8184,3.0395,3.900,0.646
-2.2304,-1.8085,-1.6995,5.243,0.583
-1.9605,-1.9332,0.9336,5.098,0.576
-1.9622,-1.9745,-4.3479,6.303,0.799
-1.9995,-1.8469,0.7083,3.086,0.791
-2.0297,-1.7154,1.8637,6.495,0.867
-1.8962,-1.8993,-1.3895,6.338,0.766
-1.8177,-1.7711,0.2790,5.526,0.616
-1.9389,-1.8347,-2.1667,6.773,0.869
-1.7087,-1.6726,0.0830,5.839,0.692
-1.7467,-1.6391,-0.0300,5.566,0.453
-1.7595,-1.6752,-4.3307,5.305,0.576
-1.9455,-1.7675,11.6875,5.806,0.691
-1.8021,-1.6441,-0.8369,6.292,0.766
-1.7620,-1.6076,-2.1442,6.042,0.699
-2.0363,-1.7525,-2.0061,6.675,0.863
-1.9452,-1.6138,10.7924,4.554,0.607
-1.8673,-1.9618,0.1560,4.632,0.565
-1.6304,-1.7146,0.2159,5.151,0.619
-1.8423,-1.8479,-0.7189,5.214,0.591
-1.7674,-1.7817,-4.7760,5.300,0.678
-1.6542,-1.6756,0.0883,4.955,0.577
-1.9220,-1.8566,-0.0513,5.225,0.569
-1.8345,-1.7616,-10.4142,5.381,0.601
-1.6761,-1.6443,2.2724,4.586,0.567
-1.8625,-1.7678,-3.1325,5.823,0.643
-2.0424,-1.8862,0.8981,4.829,0.575
-1.9219,-1.7813,-2.0698,4.642,0.567
-1.8901,-1.7553,-0.1702,5.757,0.621
-1.7365,-1.6459,3.0915,5.033,0.744
-1.9351,-1.6647,0.1227,6.044,0.732
-1.9026,-1.6247,2.7533,4.694,0.571
-1.8360,-1.5646,1.1539,4.723,0.620
-1.9548,-1.6187,-0.1491,4.359,0.592
-1.8061,-1.5269,0.6683,3.230,0.806
-1.9201,-1.5776,-2.3912,5.574,0.690
-1.9704,-1.5698,0.8455,0.693,0.765
-2.0784,-1.6255,-0.8491,5.286,0.638
-1.9913,-1.5013,0.9884,4.320,0.564
-1.3006,-2.0241,2.2464,5.646,0.731
-1.1284,-1.8432,-1.5517,5.980,0.715
-1.4077,-1.7739,1.9457,6.563,0.857
-1.5506,-1.7555,-5.4838,5.536,0.703
-1.5216,-1.6448,2.6814,4.394,0.572
-1.2131,-1.8784,0.9402,6.601,0.845
-0.9896,-1.6996,1.0052,5.086,0.687
-1.0863,-1.7716,0.1145,6.485,0.772
-1.0714,-1.7460,-0.0475,6.563,0.846
-1.3624,-1.9136,0.8558,6.494,0.869
-1.1100,-1.6086,-1.1162,5.588,0.633
-1.3860,-1.6919,-1.4785,6.734,0.859
-1.2791,-1.5555,-5.2280,3.942,0.607
-1.5639,-1.6736,2.1608,6.338,0.759
-1.3010,-1.3964,0.4500,5.397,0.394
-1.2863,-1.4191,1.9569,6.094,0.747
-1.2708,-1.7477,0.4378,5.808,0.689
-1.3434,-1.5004,-0.2095,5.820,0.861
-1.3003,-1.5818,9.4615,4.603,0.605
-1.1952,-1.9030,-1.1786,5.288,0.577
-1.0718,-1.8044,-0.5411,5.765,0.683
-1.0519,-1.7326,1.1188,4.755,0.578
-1.3491,-1.9399,0.1329,5.072,0.578
-1.2183,-1.8450,-1.1126,6.074,0.726
-1.1196,-1.7668,-9.0648,4.863,0.569
-1.1492,-1.7441,-0.0872,4.577,0.563
-1.0665,-1.6569,-1.5538,5.785,0.668
-1.2762,-1.7908,-1.1322,5.782,0.681
-1.3207,-1.8104,0.6201,5.632,0.677
-1.0914,-1.6348,4.9017,5.330,0.578
-1.3458,-1.8078,0.9771,6.188,0.744
-1.2033,-1.6053,2.5250,4.984,0.573
-1.1838,-1.5810,-2.3547,5.210,0.582
-1.2711,-1.5878,-2.7529,4.089,0.578
-1.2729,-1.4964,-2.1277,5.463,0.664
-1.2932,-1.5085,-0.7520,4.976,0.564
-1.2661,-1.9518,0.3522,6.119,0.738
-1.2054,-1.9325,-0.4795,5.655,0.612
-1.3534,-1.5446,0.0605,6.151,1.054
-1.2873,-1.7195,0.6793,4.628,0.567
-0.8854,-1.4013,-0.4552,5.920,0.761
-1.1353,-1.2557,2.3785,5.978,0.733
-1.1238,-1.2702,-1.5699,6.262,0.883
-1.0531,-1.3636,-0.4285,5.068,0.585
-0.9848,-1.1295,0.0491,5.593,0.685
-0.7223,-1.3258,1.2372,4.589,0.621
-0.7024,-1.3532,-1.0811,4.902,0.686
-1.2179,-1.3648,-0.1039,6.084,0.730
-0.8113,-1.5252,1.9214,5.894,0.703
-1.0060,-1.6583,0.9843,6.524,0.859
-0.7684,-1.4506,-3.4254,4.945,0.642
-0.7537,-1.3996,0.3574,6.275,0.637
-1.0373,-1.5762,0.6670,5.903,0.656
-1.0609,-1.5573,-0.5048,5.481,0.638
-1.0652,-1.5905,-1.2164,4.576,0.560
-0.7542,-1.3595,0.0554,6.059,0.748
-0.7821,-1.2607,2.3272,6.078,0.775
-0.9874,-1.3522,1.8650,6.264,0.730
-0.8601,-1.2629,-0.4594,4.142,0.583
-0.8720,-1.2504,-1.1549,4.016,0.585
-1.1918,-1.4798,9.8982,6.776,0.891
-0.9619,-1.1664,-1.0371,6.350,0.867
-0.9193,-1.1202,-3.4412,6.104,0.946
-1.0549,-1.2208,-5.2904,6.560,0.875
-0.9317,-1.6205,-4.1915,4.654,0.564
-0.9732,-1.5981,-0.2601,6.049,0.724
-1.0230,-1.5435,0.0525,4.329,0.563
-0.7989,-1.4184,0.3480,6.502,0.806
-1.0828,-1.4105,-0.0778,5.348,0.551
-0.9310,-1.1970,2.8168,6.497,0.831
-1.0042,-1.2655,0.5459,5.822,0.744
-1.1963,-1.2841,-0.3381,6.429,0.770
-0.9895,-1.1587,0.1934,6.546,0.859
-1.0235,-1.6541,-0.0116,5.281,0.700
-0.8850,-1.5294,-1.8982,5.406,0.634
-0.7385,-1.3818,-1.2782,5.453,0.666
-1.0912,-1.5815,1.8068,4.798,0.593
-0.7125,-1.3229,0.2039,4.482,0.581
-0.9308,-1.4380,-2.2204,4.202,0.573
-0.8575,-1.3411,0.8833,5.760,0.696
-0.9277,-1.3622,5.6723,4.607,0.524
-0.8840,-1.2444,-0.7179,4.775,0.718
-0.8241,-1.2245,-0.1996,4.076,0.643
-1.1866,-1.4393,-0.9181,5.429,0.621
-1.0219,-1.2461,-2.8775,5.922,0.695
-0.9040,-1.1613,3.6666,1.927,0.874
-1.2146,-1.3327,-1.3619,5.230,0.596
-0.9441,-1.5079,0.0597,5.765,0.562
-1.0357,-1.4608,-2.0659,3.922,0.604
-1.0206,-1.4298,0.1772,4.511,0.563
-1.1193,-1.4393,-7.5392,5.325,0.579
-1.0278,-1.3936,-2.7073,5.195,0.609
-1.0379,-1.1314,0.8908,6.647,0.868
-1.1344,-1.3511,0.8565,4.999,0.575
-1.0991,-1.3386,0.4881,4.804,0.626
-1.4368,-1.4117,0.7053,5.987,0.690
-1.7047,-1.4804,1.8693,4.631,0.564
-1.6034,-1.2606,-0.3268,5.307,0.598
-1.6555,-1.3326,-0.3853,5.986,0.724
-1.5966,-1.6738,-0.9887,6.290,0.765
-1.5178,-1.5427,1.0986,4.245,0.576
-1.6417,-1.5791,5.7019,6.613,0.951
-1.5388,-1.4987,0.5669,6.489,0.769
-1.5990,-1.5311,10.6166,5.840,0.674
-1.5773,-1.5090,1.2664,6.208,0.778
-1.6577,-1.4254,2.1359,6.807,1.069
-1.6561,-1.4461,1.7886,6.700,0.641
-1.6181,-1.4119,-0.8967,5.413,0.576
-1.7062,-1.4146,0.7084,5.992,0.838
-1.5847,-1.2749,1.6499,6.312,0.731
-1.8030,-1.3860,-3.6952,6.609,0.778
-1.6200,-1.2449,-0.4352,5.995,0.700
-1.6284,-1.1948,-0.7218,6.241,0.759
-1.6775,-1.1362,0.4323,6.450,0.855
-1.6224,-1.0658,0.1679,6.015,0.730
-1.4691,-1.3385,3.0589,6.365,0.867
-1.4760,-1.3730,-0.0414,6.264,0.782
-1.4374,-1.5318,0.5093,0.837,0.662
-1.6080,-1.6494,2.3987,4.780,0.574
-1.4858,-1.5437,-0.0473,5.958,0.718
-1.2999,-1.3805,0.0901,4.792,0.704
-1.4290,-1.4840,-1.4285,3.974,0.596
-1.6080,-1.6073,-0.0508,6.220,0.703
-1.5977,-1.5730,-0.0185,5.746,0.728
-1.6321,-1.5550,-1.6624,4.553,0.578
-1.5959,-1.4574,-1.4038,4.881,0.566
-1.5645,-1.4116,2.2939,5.574,0.656
-1.7690,-1.5097,0.3070,5.063,0.584
-1.5025,-1.3070,1.6734,5.360,0.589
-1.7146,-1.4471,4.8685,5.132,0.562
-1.6818,-1.4221,-1.5372,4.900,0.568
-1.4446,-1.2509,1.0516,3.784,0.654
-1.4674,-1.2551,-0.6776,4.549,0.556
-1.6345,-1.3001,0.3055,3.958,0.601
-1.7034,-1.3415,-0.3473,6.528,0.821
-1.5213,-1.1999,-0.4296,6.336,0.796
-1.8401,-1.4058,1.6767,5.683,0.806
-1.5834,-1.2238,-1.2623,3.663,0.736
-1.5552,-1.1680,0.3524,4.131,0.550
-1.5784,-1.1712,4.6304,6.119,0.570
-1.5842,-1.1486,0.4952,4.241,0.569
-1.5490,-1.1072,-1.0873,4.570,0.568
-1.8544,-1.3141,0.6011,5.726,0.758
-1.6988,-1.1958,-1.1847,5.534,0.626
-1.4436,-1.1302,-0.6023,4.811,0.570
-1.2596,-0.8936,7.8029,4.166,0.564
-1.4954,-0.9340,-0.5149,4.648,0.548
-1.4066,-1.1569,-1.5198,0.466,0.944
-1.1947,-1.0484,1.8314,0.182,0.972
-1.2792,-1.2283,1.4906,6.727,0.839
-1.2785,-1.2524,1.2854,6.397,0.769
-1.1768,-1.1116,0.2895,5.884,0.857
-1.0711,-1.0154,-2.0598,5.873,0.725
-1.0983,-0.9875,0.2001,6.081,0.755
-1.2397,-1.0211,0.4033,3.142,0.809
-1.1787,-0.9701,-2.6010,5.652,0.910
-1.4591,-1.1529,2.8119,5.424,0.591
-1.2002,-0.9595,-1.8112,5.668,0.652
-1.4307,-1.1085,-3.6895,4.437,0.561
-1.5052,-1.0568,-0.1628,4.893,0.642
-1.0610,-0.9922,-1.0256,6.216,0.720
-1.2845,-1.1317,2.4824,6.679,0.768
-1.3566,-1.1256,-3.0138,4.137,0.584
-1.3393,-1.0246,-0.5194,6.446,0.787
-1.3912,-1.0388,1.3655,5.463,0.573
-1.3531,-0.9839,0.4991,5.553,0.644
-1.2366,-0.8265,-0.6596,6.359,0.852
-1.2204,-0.8399,-0.8541,6.509,0.848
-1.4327,-0.9692,-1.6731,5.210,0.619
-1.3454,-1.0496,0.5008,5.727,0.693
-1.2750,-1.0110,2.4519,6.058,0.869
-1.2785,-1.0196,1.5119,5.367,0.673
-1.3848,-0.9480,-0.9788,6.650,0.873
-1.2745,-0.8492,3.4052,6.383,0.858
-1.0228,-1.0502,-2.0463,6.186,0.815
-1.2314,-1.3133,-2.3939,5.140,0.580
-1.0836,-1.1433,-0.6099,4.141,0.588
-1.1256,-1.1379,0.7607,3.685,0.474
-1.0536,-1.0641,1.2314,4.666,0.581
-1.0341,-1.0242,-1.5045,6.316,0.825
-1.3312,-1.1736,-0.8638,4.458,0.565
-1.1459,-1.0288,-4.6474,4.732,0.636
-1.1701,-1.0093,-0.7347,5.089,0.727
-1.0898,-0.9400,2.2632,5.216,0.579
-1.4700,-1.1822,-2.6141,4.708,0.567
-1.2089,-0.9946,3.4873,4.815,0.576
-1.4132,-1.1054,-3.6014,4.522,0.564
-1.2214,-0.9641,0.6421,4.370,0.562
-1.1607,-0.8814,-1.4032,3.972,0.591
-1.2415,-0.9379,-0.5402,3.988,0.577
-1.4657,-1.0761,0.8506,0.477,0.930
-1.2960,-0.9417,0.6802,3.896,0.586
-1.1849,-1.2395,0.4142,6.598,0.796
-1.1646,-1.2078,-2.7102,4.939,0.578
-1.2549,-1.2608,1.3229,5.437,0.619
-1.0437,-1.0983,4.7163,4.663,0.583
-1.2653,-1.1991,0.0935,4.101,0.570
-1.2538,-1.1057,-0.2826,4.172,0.570
-1.3014,-1.0388,0.5836,6.416,0.866
-1.3829,-0.9827,-2.0862,1.916,0.847
-1.2640,-0.8023,1.7716,5.130,0.627
-1.4163,-0.8697,0.8426,3.947,0.576
-1.2028,-1.1680,0.9620,3.447,0.798
-1.2025,-1.1277,0.3179,5.021,0.576
-1.3136,-0.8159,-0.0705,5.742,0.702
-1.5161,-0.9432,-0.3629,5.217,0.568
-2.3462,-1.7898,4.6108,5.790,0.637
-2.4030,-1.6062,1.1050,5.869,0.692
-2.4309,-1.7684,2.6816,6.619,0.858
-2.4583,-1.7938,-3.1293,6.668,0.862
-2.4229,-1.8000,-2.8790,6.343,0.761
-2.6169,-1.9424,-1.6180,6.361,1.135
-2.6240,-1.8106,-3.6372,4.974,0.577
-2.5426,-1.6423,3.8304,6.119,0.717
-2.6378,-1.6072,-0.2427,6.667,0.865
-2.5319,-1.4402,4.0287,6.912,1.026
-2.6233,-1.4988,0.2821,6.602,0.870
-2.4539,-1.8858,2.8598,5.214,0.594
-2.2806,-1.7438,-6.5788,0.964,0.489
-2.6214,-1.9271,0.6292,4.145,0.636
-2.6166,-1.8975,-0.7974,5.602,0.704
-2.6629,-1.8868,0.7673,3.572,0.891
-2.5732,-1.8284,-1.1866,5.583,0.675
-2.6904,-1.8901,-2.8690,4.172,0.557
-2.4539,-1.5501,-1.1078,5.274,0.583
-2.6228,-1.6421,0.9643,4.031,0.576
-2.4962,-1.5361,-1.5501,4.352,0.579
-2.7327,-1.6964,8.9576,6.016,0.713
-2.5798,-1.5845,-0.1364,3.887,0.609
-2.4761,-1.4843,0.3725,6.262,0.787
-2.7122,-1.6375,-1.6207,4.933,0.573
-2.8052,-1.6895,5.0348,4.028,0.576
-2.5876,-1.4968,-1.0544,5.720,0.647
-2.5616,-1.7356,-3.1634,6.884,0.899
-1.9907,-1.3530,-1.9892,5.398,0.628
-2.4473,-1.2752,1.1304,5.640,0.651
-2.3057,-1.1670,-0.7526,6.032,0.675
-2.1988,-1.1077,2.9135,0.833,0.613
-2.0748,-1.5137,-0.5552,5.713,0.653
-2.1546,-1.5799,-4.2917,5.239,0.659
-2.1652,-1.4397,7.5115,5.977,0.699
-2.2724,-1.4982,0.0836,6.677,0.694
-2.2914,-1.3624,-1.2367,6.604,0.866
-2.1240,-1.2349,-0.8436,6.740,0.867
-2.0993,-1.2172,0.2479,6.248,0.726
-2.1347,-1.1733,3.5592,6.348,0.747
-2.3346,-1.2090,-1.4103,5.436,0.577
-2.0173,-1.4454,-0.8322,1.195,0.880
-2.2268,-1.5770,1.9291,-0.863,1.018
-2.0600,-1.3585,1.6389,5.186,0.574
-2.1200,-1.3743,1.3606,0.829,0.600
-2.3658,-1.5415,-9.4369,4.186,0.570
-2.3181,-1.4616,-1.4641,5.198,0.571
-2.2304,-1.3857,-1.2850,4.560,0.565
-2.1109,-1.2805,-0.0452,5.321,0.585
-2.0703,-1.2393,0.8020,4.864,0.560
-2.3240,-1.3817,-14.4577,3.895,0.580
-2.4260,-1.4142,-2.0924,5.481,0.621
-2.4607,-1.4317,4.1901,5.270,0.571
-2.1863,-1.1592,-0.5550,4.589,0.536
-2.2876,-1.2029,1.2165,4.409,0.516
-2.2680,-1.1678,-1.9075,5.436,0.592
-2.3360,-1.1671,-0.9406,4.056,0.564
-2.9429,-1.5605,0.4143,5.429,0.616
-2.9541,-1.2255,5.5634,6.651,0.866
-2.7397,-1.4811,1.3770,6.839,0.914
-2.8127,-1.2939,2.3000,6.037,0.720
-2.7355,-1.1942,0.9886,5.999,0.745
-3.1587,-1.3797,-1.6560,6.852,0.868
-2.8784,-1.1691,0.6516,5.534,0.574
-2.8145,-1.6460,-0.2785,4.941,0.576
-2.7260,-1.5159,-0.1788,5.339,0.600
-2.8495,-1.5405,-2.3241,6.306,0.786
-2.7357,-1.4406,-0.1213,4.668,0.567
-2.7740,-1.4460,-1.6486,4.980,0.575
-2.7400,-1.4173,-2.8033,4.464,0.581
-2.6673,-1.3442,4.4986,5.113,0.589
-2.9109,-1.4244,-2.1447,4.362,0.570
-2.8186,-1.3354,0.0259,5.126,0.577
-2.7833,-1.2654,-1.4547,5.712,0.693
-2.7287,-1.2146,-0.1782,4.814,0.566
-2.8958,-1.2147,-2.7711,5.034,0.641
-2.8951,-1.1883,1.4282,4.497,0.564
-3.0404,-1.2781,-4.7321,6.086,0.764
-3.0271,-1.2366,-5.1303,6.580,0.865
-2.5615,-1.0066,-0.0243,-0.523,1.051
-2.5641,-1.2504,-0.2119,6.086,0.763
-2.3976,-1.0824,0.0529,6.328,0.811
-2.3947,-0.9947,-0.7789,6.739,0.874
-2.7531,-1.0504,0.1740,6.624,0.897
-2.6791,-0.8437,0.4934,6.442,0.818
-2.6533,-0.8197,0.5818,6.558,0.861
-2.5330,-0.9669,0.5564,6.015,0.863
-2.4512,-1.2391,1.9989,4.731,0.562
-2.4231,-1.2038,0.7086,5.749,0.665
-2.5009,-1.2039,3.7917,4.771,0.566
-2.4663,-1.1697,6.8883,5.109,0.574
-2.2921,-1.0240,8.7381,5.464,0.572
-2.6648,-1.2436,3.6925,5.852,0.694
-2.6275,-1.1599,1.5700,5.141,0.629
-2.3474,-0.9574,-0.6731,5.056,0.571
-2.3788,-0.9746,-1.3387,5.005,0.571
-2.6092,-1.1229,2.0904,6.435,0.849
-2.4699,-0.9774,-2.9949,5.508,0.636
-2.7591,-1.0689,-0.0522,6.102,0.633
-2.6452,-0.9853,1.7731,6.195,1.130
-2.7263,-1.0388,5.2951,5.884,0.737
-2.5030,-0.8485,1.1080,4.265,0.570
-2.6012,-0.9109,2.8139,4.729,0.569
-2.5727,-0.8369,0.2032,4.553,0.567
-2.5541,-0.7248,-2.5333,5.323,0.576
-3.1295,-1.3093,-1.4568,5.145,0.570
-1.9219,-1.3386,0.3779,6.381,0.808
-2.0785,-1.1448,-0.0576,6.584,0.709
-1.8217,-1.1325,0.9520,5.250,0.575
-1.9844,-1.0938,-1.1687,6.856,0.879
-1.7625,-0.9857,1.5125,5.282,0.573
-2.1506,-1.0294,-0.7888,5.814,0.723
-1.9913,-1.2470,1.6870,5.200,0.605
-1.9805,-0.9365,0.8386,4.739,0.525
-1.8652,-0.9881,-0.0596,5.190,0.573
-1.8238,-1.2342,-0.2680,6.038,0.720
-2.0290,-0.8771,-0.5935,4.606,0.539
-1.8691,-0.9508,-0.1069,5.610,0.654
-1.8850,-1.2410,-1.4298,5.974,0.681
-1.9375,-1.2456,0.8657,4.534,0.295
-1.9897,-1.2798,0.2417,6.467,0.863
-1.7337,-1.0596,-1.4974,6.633,0.876
-1.7487,-1.0655,-2.1234,6.788,0.938
-1.9412,-1.1480,0.6981,5.104,0.574
-1.9067,-1.0966,-0.5011,6.158,0.712
-1.7338,-0.9146,-0.6636,5.704,0.594
-1.8495,-0.9008,0.5993,6.563,0.874
-1.9948,-0.8950,-2.8305,6.240,0.716
-2.0549,-0.8957,-1.4195,6.508,0.736
-1.9952,-0.8039,-5.5329,6.251,0.723
-1.9665,-0.7663,0.9293,5.766,0.708
-1.8654,-1.2519,0.2617,5.492,0.718
-1.8610,-1.2686,0.1386,4.643,0.541
-1.7217,-1.1199,-0.3678,4.290,0.563
-1.9697,-1.2529,0.8369,6.318,0.710
-1.9061,-1.1771,-0.4856,5.794,0.655
-1.9647,-1.2128,1.3297,2.786,0.786
-1.8748,-1.1370,-0.1811,6.258,0.763
-1.7097,-1.0123,-0.0601,5.242,0.723
-1.9591,-1.1357,1.9440,5.292,0.566
-1.7229,-0.9943,-2.2059,6.515,0.861
-2.0171,-1.1731,-5.9895,4.574,0.532
-1.8909,-1.0573,-5.3224,4.663,0.499
-1.7602,-0.9140,-0.7566,5.772,0.605
-1.8000,-0.8963,-0.0580,5.554,0.655
-1.9560,-0.9601,1.6695,4.133,0.561
-2.1016,-1.0597,7.8575,3.758,0.647
-2.1497,-0.9901,-4.5614,5.443,0.612
-1.8903,-0.7991,0.3277,4.552,0.554
-2.1320,-0.9516,0.5613,3.715,0.676
-1.9896,-0.8463,-0.4403,5.140,0.564
-1.9672,-0.8191,-0.7016,4.644,0.495
-1.9624,-0.7945,1.4037,4.147,0.558
-1.9104,-0.7544,1.9609,4.709,0.558
-1.6476,-0.5908,-1.3729,4.962,0.612
-1.8229,-0.6208,0.9433,0.886,0.879
-1.6210,-0.4130,-0.0414,6.601,1.155
-1.6182,-0.7472,-1.0950,5.675,0.660
-1.6150,-0.8649,1.5721,4.891,0.535
-1.6429,-0.9102,0.6186,3.938,0.567
-1.5132,-0.9034,-0.5297,5.758,0.659
-1.6302,-0.9313,2.1172,5.859,0.591
-1.5890,-0.8626,2.4281,6.172,0.718
-1.6023,-0.8202,3.0962,5.275,0.587
-1.4729,-0.7121,-0.6446,5.589,0.595
-1.6253,-0.8027,1.0575,6.676,0.846
-1.3831,-0.6273,-0.7074,6.245,0.767
-1.4876,-0.6256,-0.3055,5.029,0.627
-1.6968,-0.7613,3.4853,5.860,0.746
-1.5215,-0.6260,2.1727,4.713,0.576
-1.4778,-0.5922,3.6912,5.611,0.584
-1.7071,-0.7409,-1.5424,4.624,0.498
-1.7835,-0.7469,-9.5960,5.560,0.608
-1.7206,-0.6821,-1.0751,2.469,0.718
-1.5335,-0.5290,-5.0033,6.127,0.746
-1.5587,-0.5216,1.7641,6.193,0.685
-1.5472,-0.4805,2.8822,5.043,0.405
-1.9160,-0.7063,-3.2787,6.324,0.778
-1.5103,-0.8659,-4.6576,6.192,0.767
-1.5062,-0.8272,-2.0931,6.076,0.576
-1.4115,-0.7656,-0.8199,6.111,0.745
-1.4388,-0.6898,2.3892,6.807,0.974
-1.5712,-0.6938,-2.0612,6.660,0.880
-1.6137,-0.9900,0.6014,5.481,0.651
-1.5674,-0.9478,-0.0090,5.186,0.577
-1.6235,-0.9605,2.4546,5.334,0.581
-1.3864,-0.7545,-7.9188,5.363,0.613
-1.6439,-0.8399,0.0717,3.571,0.350
-1.5874,-0.8234,0.1036,6.299,0.947
-1.3971,-0.6691,-5.3257,5.456,0.651
-1.7124,-0.8400,-1.6569,0.850,0.489
-1.7218,-0.8256,-1.1856,5.299,0.903
-1.4474,-0.6116,1.0359,5.737,0.734
-1.7098,-0.7259,-0.3354,3.738,0.794
-1.4842,-0.5589,0.2733,4.122,0.566
-1.4552,-0.5357,2.7767,5.213,0.617
-1.8303,-0.7612,-0.1323,4.679,0.539
-1.5602,-0.5645,0.7129,5.818,0.683
-1.5711,-0.5216,-1.3204,4.462,0.579
-1.5408,-0.4622,0.8051,5.087,0.705
-1.8163,-0.6513,-0.3963,5.538,0.634
-1.6170,-0.4774,3.8049,4.560,0.564
-1.4562,-0.8356,-2.8276,4.846,0.564
-1.4356,-0.8202,-1.5656,4.984,0.561
-1.4736,-0.8082,0.5302,3.790,0.710
-1.5141,-0.8081,-1.0443,5.256,0.608
-1.4906,-0.7294,-1.7066,4.506,0.562
-1.5165,-0.6801,0.4529,3.936,0.590
-1.5970,-0.6712,-1.4246,3.807,0.694
-1.6231,-0.5431,-0.2344,5.874,0.695
-1.6351,-0.5176,-2.5105,6.047,0.767
-1.6982,-0.4854,-1.8812,5.021,0.568
-1.4521,-0.7896,-1.0429,3.903,0.632
-1.4354,-0.7706,-0.1736,5.250,0.667
-1.5647,-0.7645,-2.0720,5.348,0.622
-1.5504,-0.6666,-4.0740,5.051,0.572
-1.4718,-0.6565,0.3701,5.017,0.587
-2.2424,-0.8926,7.9438,5.314,0.576
-2.3527,-0.8776,1.0926,6.886,0.900
-2.3667,-0.8219,-0.6614,6.320,0.803
-2.3414,-0.5151,0.2485,6.025,0.713
-2.3500,-0.6034,1.6943,3.823,0.491
-2.2922,-0.9633,-2.1711,6.570,0.808
-2.0778,-0.8104,-0.2424,6.742,0.874
-2.2806,-0.9345,-0.0044,6.321,0.755
-2.0753,-0.7410,-1.7560,6.112,0.731
-2.2133,-0.8077,-1.1296,6.520,0.860
-2.2601,-0.6860,-0.6726,6.242,0.749
-2.2093,-0.6262,-4.4865,6.482,0.832
-2.2237,-0.6150,2.1171,6.292,0.781
-2.3294,-0.6787,0.9194,5.937,0.696
-2.2020,-0.5470,3.6307,6.230,0.746
-2.1350,-0.4952,-0.6210,6.292,0.761
-2.4094,-0.6221,4.0029,6.433,0.762
-2.4282,-0.6094,-0.5117,6.171,0.715
-2.1115,-0.8293,-2.7425,4.796,0.570
-2.2087,-0.8828,2.0957,5.785,0.693
-1.9886,-0.7108,1.4027,5.187,0.575
-2.1102,-0.7701,-0.0832,5.215,0.584
-1.9731,-0.6642,-3.3751,4.976,0.539
-2.0200,-0.6790,0.9186,4.386,0.516
-2.0480,-0.6987,2.2579,5.240,0.570
-2.0453,-0.6620,-3.7432,6.444,0.835
-2.2594,-0.7805,0.7507,5.143,0.562
-2.0725,-0.6251,0.4690,5.423,0.585
-2.3995,-0.7836,3.5974,6.653,0.814
-2.1667,-0.6088,1.6693,6.470,0.758
-2.1299,-0.5437,-0.5762,6.057,0.713
-2.2106,-0.5712,-0.6956,4.443,0.532
-2.4939,-0.7657,6.4730,5.527,0.610
-2.3385,-0.6458,-0.4576,5.998,0.633
-2.3674,-0.6549,1.9849,4.544,0.572
-2.2176,-0.5086,0.4367,3.122,0.757
-2.4385,-0.6287,-0.2293,4.797,0.497
-2.2925,-0.4860,1.2060,6.456,0.847
-2.2236,-0.4191,1.6308,4.991,0.549
-2.2152,-0.3974,-0.8303,5.140,0.566
-2.2664,-0.4069,2.3509,2.256,0.793
-2.0584,-0.7608,0.1082,5.620,0.611
-2.0140,-0.6153,1.3889,6.036,0.641
-1.9168,-0.5078,-2.0081,5.931,0.673
-1.9902,-0.4946,0.5023,6.453,0.859
-1.8390,-0.4442,0.3702,6.184,0.733
-2.0886,-0.4259,-3.0931,5.893,0.665
-1.8386,-0.2605,3.2639,6.894,0.954
-2.0113,-0.2222,-1.7501,6.353,0.772
-1.8935,-0.6292,-3.0823,6.052,0.764
-1.7836,-0.5438,-4.5337,4.957,0.574
-1.9274,-0.5836,8.1831,6.011,0.689
-1.6363,-0.3562,-5.4484,5.890,0.705
-1.6741,-0.3681,1.0347,5.417,0.818
-1.8902,-0.3604,0.5234,5.116,0.618
-2.0204,-0.3395,-0.1527,5.933,0.723
-2.0637,-0.2863,0.6513,6.800,0.874
-1.8686,-0.0953,2.0327,5.094,0.563
-1.7171,-0.4741,-0.3833,6.560,0.766
-1.8993,-0.1915,5.9495,6.874,0.914
-1.9497,-0.6551,-0.5136,5.244,0.607
-1.8947,-0.6376,-1.1419,6.526,0.820
-1.9137,-0.5971,-1.3959,3.377,0.747
-1.6924,-0.4073,-0.2318,5.440,0.613
-1.6819,-0.3774,-0.2165,4.597,0.559
-1.7078,-0.2694,-0.6968,4.884,0.574
-2.0539,-0.5036,-2.1114,4.301,0.530
-2.0082,-0.4088,-5.0146,4.016,0.546
-2.0253,-0.3702,-1.6893,4.790,0.547
-2.0660,-0.3727,-2.5054,4.425,0.523
-2.1397,-0.4120,0.8050,5.953,0.685
-1.9642,-0.2566,0.9949,5.691,0.631
-2.0730,-0.2574,-0.7322,6.749,0.944
-2.1189,-0.2891,-2.1097,6.369,0.759
-2.0654,-0.1916,0.9101,4.410,0.534
-1.9409,-0.0564,1.5063,6.136,0.747
-1.7079,-0.4431,-2.9993,5.061,0.574
-1.7615,-0.4030,-0.5487,4.982,0.581
-1.7656,-0.3813,-0.0655,2.571,0.797
-1.7713,-0.3532,-1.3090,6.430,0.859
-1.8272,-0.3143,0.0123,4.856,0.567
-1.9046,-0.3158,5.7763,5.623,0.657
-1.8939,-0.2802,-3.7363,5.701,0.679
-1.7957,-0.1783,1.8932,4.939,0.580
-2.0026,-0.1356,2.8580,5.055,0.582
-1.9247,-0.2543,2.0361,6.829,0.880
0.5953,-2.6932,4.7478,6.281,0.751
0.7964,-2.3483,-1.4663,6.186,0.768
0.5262,-2.1681,-2.7614,3.696,0.756
0.3774,-2.4356,1.1033,6.659,0.876
0.8676,-2.3768,-1.7392,6.658,0.876
0.6465,-2.4874,-0.3924,6.754,0.920
0.5067,-2.5461,-0.5673,5.435,0.633
0.6912,-2.3690,-0.7181,6.605,0.830
0.4350,-2.5027,-8.3659,5.685,0.664
0.6421,-2.2708,1.2554,6.834,0.760
0.7036,-2.1670,0.7497,4.895,0.580
0.6151,-2.2026,1.8279,6.019,0.707
0.6038,-2.1851,1.0968,6.434,0.881
0.5356,-2.1825,0.3591,6.532,1.072
0.6515,-2.6542,3.0147,5.219,0.607
0.7971,-2.5189,-0.7181,5.415,0.586
0.8962,-2.4205,0.4523,4.494,0.563
0.6529,-2.5784,3.4623,5.893,0.739
0.7426,-2.4865,-2.9224,3.918,0.579
0.7075,-2.4849,-3.6582,6.158,0.743
0.5397,-2.5317,-1.7713,4.773,0.579
0.5005,-2.5367,0.7299,5.356,0.654
0.5419,-2.4832,-8.5644,5.752,0.646
0.5328,-2.4638,1.0483,5.122,0.629
0.6476,-2.3774,-1.3214,4.762,0.548
0.6617,-2.3645,-0.0253,5.506,0.615
0.4945,-2.4238,-0.4599,4.303,0.578
0.4194,-2.4738,-1.9159,4.042,0.580
0.7678,-2.2315,3.9678,6.363,0.792
0.6411,-2.3062,0.7111,4.511,0.583
0.6623,-2.2566,-3.2588,5.359,0.604
0.7208,-2.1860,0.8952,4.814,0.579
0.5563,-2.2957,4.3226,6.402,0.799
0.6212,-2.2315,1.3510,2.385,0.858
0.4953,-2.2949,1.9708,4.027,0.639
0.5661,-2.2418,-3.2113,5.381,0.611
0.5235,-2.2578,2.2084,4.946,0.589
0.3641,-2.3572,1.7376,1.055,0.910
0.4737,-2.2539,0.2823,4.725,0.580
0.8579,-2.3152,-4.2716,6.188,0.770
0.9784,-2.1419,3.3784,6.586,0.869
1.1229,-2.1283,1.1172,5.833,0.665
0.6754,-2.1059,-1.8350,6.082,0.726
0.9715,-1.9578,2.8319,5.741,0.679
1.0216,-1.8945,-1.7553,5.322,0.649
0.9764,-2.3003,-3.3398,5.542,0.740
0.9604,-2.2557,3.9925,5.425,0.628
1.1097,-2.1554,-2.8137,6.723,0.879
1.1789,-2.0787,-0.9524,6.436,0.707
0.9283,-2.2429,0.9397,6.413,0.798
1.1448,-1.9945,-4.8254,6.791,0.827
0.8084,-2.2227,1.5866,6.113,0.738
0.9541,-2.0466,0.3199,6.495,0.857
0.9457,-2.0164,0.1335,6.770,0.828
0.9225,-2.0088,-0.1404,6.236,0.704
0.9124,-1.9506,-0.2325,6.818,0.860
0.8439,-1.9638,1.0824,4.803,0.559
0.7693,-1.9786,9.3008,5.705,0.632
0.9593,-2.3012,1.0963,4.969,0.575
1.1051,-2.1962,-0.0505,2.012,0.865
0.9376,-2.2832,0.2418,3.807,0.736
1.1973,-2.0563,0.1781,3.135,0.781
1.1016,-2.0084,-0.6670,6.287,0.772
1.1538,-1.9566,-0.3051,2.616,0.813
0.8150,-2.1898,0.8126,5.980,0.719
0.9470,-2.0822,-0.0370,5.473,0.604
1.0650,-1.9950,-0.8370,4.846,0.568
0.7708,-2.1889,0.6692,5.147,0.594
0.8537,-2.1156,3.8873,5.254,0.600
0.8421,-2.0950,-1.4372,4.130,0.604
0.8635,-2.0731,1.0393,3.979,0.586
1.0349,-1.9170,0.3863,5.237,0.596
1.0647,-1.8917,-0.6651,6.049,0.772
0.8773,-2.0173,1.9537,5.326,0.596
0.9186,-1.9838,-1.3358,5.134,0.589
0.8156,-2.0479,3.1699,4.821,0.570
0.8157,-2.0001,2.6949,5.740,0.710
0.6946,-1.9787,-0.5625,4.990,0.582
0.9707,-1.7813,-1.6221,6.147,0.735
0.8185,-1.8774,1.7437,4.094,0.571
0.8525,-1.8530,-1.4651,5.402,0.605
0.8771,-1.8221,3.8524,4.487,0.564
0.8022,-1.9750,-2.6730,4.375,0.557
0.4726,-2.1567,2.4069,5.604,0.678
0.1385,-2.1967,-0.5078,6.581,0.858
0.1919,-1.9677,3.4551,4.633,0.593
0.4622,-2.1036,-0.1192,6.133,0.896
0.5360,-2.0044,-1.2860,5.353,0.698
0.4958,-2.0395,0.1525,6.783,0.871
0.2765,-2.1909,-2.1013,6.885,0.931
0.4517,-2.0682,-2.3287,6.318,0.768
0.4684,-2.0485,-0.4131,5.886,0.705
0.4746,-2.0047,0.0490,5.443,0.686
0.2786,-2.1220,0.3386,6.324,0.862
0.4242,-1.9446,-1.6580,6.021,0.816
0.3172,-2.0473,2.9077,6.120,0.785
0.1401,-2.1325,5.1094,5.968,0.775
0.3534,-1.9632,0.0956,6.214,0.832
0.1791,-2.0817,-2.7777,5.419,0.667
0.3263,-1.9121,0.6867,6.879,0.950
0.3328,-1.8659,0.0932,6.171,0.820
0.2582,-1.9859,0.4024,5.636,0.644
0.3862,-2.2485,0.1379,5.743,0.647
0.4601,-2.1164,3.6552,6.457,0.467
0.2771,-2.2383,-1.3983,4.901,0.598
0.3432,-2.1800,3.6626,6.443,0.851
0.3782,-2.1179,-1.2535,4.265,0.580
0.1769,-2.2340,4.9949,5.579,0.683
0.3790,-2.0827,0.6418,5.436,0.659
0.4221,-2.0201,-0.5483,3.971,0.625
0.1752,-2.1186,1.0224,3.991,0.706
0.0963,-2.1486,-2.3379,4.692,0.592
0.1145,-2.1505,-0.4730,4.361,0.603
0.0845,-2.0655,3.1838,4.980,0.577
0.3646,-1.8544,-0.9717,5.066,0.604
0.2663,-1.9173,-1.1245,4.802,0.582
0.0662,-2.0189,2.7437,5.493,0.673
0.2132,-1.8952,1.3896,6.355,0.848
0.2517,-1.8349,-0.4798,3.655,0.805
0.2100,-2.0159,-0.0006,5.425,0.685
0.3541,-1.9191,1.0289,4.776,0.637
0.3436,-2.0672,-1.3068,4.751,0.576
0.8083,-1.6424,0.4022,5.794,0.679
0.5538,-1.7007,2.5572,5.180,0.646
0.6367,-1.5913,2.4249,4.728,0.569
0.6406,-1.4977,-2.7610,3.949,0.621
0.6451,-1.8687,0.0107,5.796,0.719
0.7057,-1.9391,-2.0612,5.959,0.707
0.6686,-1.9473,0.4916,6.604,1.137
0.8846,-1.7120,0.0501,6.423,0.869
0.6674,-1.8537,-0.2608,6.720,0.917
0.7037,-1.7948,-0.9182,6.889,0.905
0.5029,-1.8517,2.2500,5.621,0.374
0.4508,-1.7935,2.1465,6.017,0.592
0.7503,-1.6183,0.7297,6.429,0.841
0.7568,-1.5650,0.3705,6.009,0.705
0.6069,-1.6367,1.8029,6.052,0.757
0.6760,-1.5727,0.1699,6.039,0.737
0.3670,-1.7817,1.5077,6.479,0.877
0.7199,-1.5141,0.0626,4.957,0.630
0.5731,-1.5419,-1.0485,6.000,0.877
0.3231,-1.7188,-0.5399,6.646,0.881
0.5696,-1.4359,0.5210,5.088,0.585
0.6042,-1.9510,0.2484,6.501,0.811
0.5883,-1.7891,-0.1109,6.132,0.872
0.5909,-1.7985,-0.9895,5.581,0.687
0.4166,-1.8177,-0.7954,6.702,0.948
0.6813,-1.9283,-0.4894,3.899,0.615
0.6410,-1.9325,0.9656,5.474,0.603
0.5500,-1.9652,0.1617,5.969,0.678
0.7317,-1.7727,-3.3521,5.186,0.569
0.6896,-1.7678,-3.4497,5.004,0.567
0.8368,-1.6601,-0.5466,5.593,0.662
0.7868,-1.6935,2.6238,4.580,0.564
0.4954,-1.8925,-2.9396,4.603,0.566
0.6670,-1.7570,-0.2696,5.408,0.575
0.5566,-1.8252,-0.3247,3.936,0.561
0.6995,-1.6615,5.6567,4.025,0.573
0.6301,-1.7006,1.8759,4.888,0.569
0.5334,-1.7513,-4.6622,5.751,0.623
0.7094,-1.5934,-0.4536,4.627,0.574
0.6449,-1.6205,0.8371,5.496,0.621
0.3936,-1.7471,-0.7434,4.324,0.566
0.4833,-1.6257,1.1215,4.601,0.649
0.6580,-1.4815,-3.8287,4.907,0.566
0.4581,-1.5956,0.6138,4.962,0.581
0.5699,-1.4805,0.2992,4.264,0.570
0.5280,-1.4842,-0.9832,4.428,0.576
0.7682,-1.8608,-4.4577,6.652,0.813
0.6006,-1.5586,0.3482,5.344,0.589
1.2674,-1.8602,1.5194,5.970,0.735
1.0980,-1.6502,-1.4509,5.106,0.594
1.1669,-1.7471,-3.2954,5.339,0.599
1.1486,-1.7792,-1.7683,6.136,0.768
1.3044,-1.5725,0.2250,6.330,0.774
1.1601,-1.8818,8.2670,5.811,0.608
1.1939,-1.4410,0.9586,6.038,0.712
1.3464,-1.8882,2.2905,6.413,0.867
1.4374,-1.7795,0.9002,4.318,0.541
1.0908,-1.8527,-0.1677,5.835,0.677
1.3886,-1.5793,-1.0122,6.804,0.781
1.1967,-1.6429,0.3682,6.637,0.955
1.2544,-1.5265,-0.0875,3.831,0.653
1.2384,-1.4729,-0.5486,6.066,0.759
1.2606,-1.4274,0.9903,5.788,0.674
1.4391,-1.8093,-0.8210,2.218,0.842
1.3282,-1.8657,-1.8387,5.762,0.777
1.4270,-1.7305,1.3056,4.975,0.579
1.1540,-1.8442,-0.3308,5.808,0.689
1.2833,-1.7411,-1.1474,3.301,0.814
1.1223,-1.8395,-0.3111,4.582,0.509
1.0761,-1.8374,-3.7807,6.637,1.039
1.1302,-1.8225,0.4633,6.213,1.189
1.2526,-1.7335,0.2355,4.954,0.574
1.1615,-1.6994,-7.0099,5.249,0.703
1.3883,-1.5394,-0.5257,6.704,0.841
1.2482,-1.6003,1.3740,5.965,0.707
1.1274,-1.6810,-1.7082,4.352,0.577
1.0066,-1.7590,0.6548,4.270,0.556
1.2568,-1.5626,-5.6746,4.948,0.589
1.2810,-1.4946,2.2758,5.050,0.802
1.2802,-1.5177,1.5394,2.309,0.773
1.0541,-1.6487,-1.6681,4.155,0.577
1.1031,-1.5774,-1.1025,4.556,0.580
1.1293,-1.5381,-1.9235,6.038,0.723
1.3571,-1.5957,-2.6546,4.980,0.572
1.3977,-1.3635,6.1786,4.757,0.541
1.7011,-1.2636,0.8838,5.081,0.640
1.5700,-1.2936,-0.3593,6.116,0.692
1.6668,-1.5664,-0.1719,4.027,0.579
1.3745,-1.4480,-1.1011,3.828,0.684
1.5339,-1.6739,1.0853,6.144,0.717
1.5821,-1.4842,-2.4086,5.659,0.607
1.6483,-1.4230,2.3898,6.356,0.751
1.6771,-1.3566,-3.9667,6.484,0.865
1.5346,-1.4153,-2.9083,6.910,0.953
1.5264,-1.3965,-0.8778,6.183,0.688
1.6383,-1.2760,0.5401,5.105,0.561
1.4966,-1.3429,-2.4867,6.520,0.787
1.3382,-1.4246,-0.9811,6.133,0.743
1.4383,-1.3321,-3.4652,5.477,0.590
1.3682,-1.3435,1.9308,6.942,1.010
1.5078,-1.2261,0.4000,6.860,0.858
1.5337,-1.2001,1.0826,6.123,0.759
1.4318,-1.2615,-7.0496,6.789,0.802
1.5554,-1.1673,-1.5859,6.836,0.871
1.5618,-1.0992,-0.4784,5.774,0.687
1.5707,-1.4441,0.0761,5.683,0.665
1.5761,-1.1022,0.9906,5.768,0.697
1.7366,-1.3816,1.2559,4.674,0.578
1.6399,-1.6089,-1.0065,4.489,0.544
1.6713,-1.5802,-2.1602,4.557,0.482
1.5341,-1.6472,2.6154,3.934,0.574
1.5025,-1.6375,0.4908,4.826,0.567
1.6207,-1.5254,-1.6301,4.586,0.549
1.7761,-1.4154,0.3515,5.244,0.578
1.4737,-1.5896,1.7259,4.183,0.575
1.4832,-1.4770,5.4369,5.312,0.575
1.6657,-1.3290,-0.7093,1.939,0.824
1.6300,-1.2621,-0.4665,5.491,0.759
1.5346,-1.3416,-4.3395,5.646,0.684
1.4340,-1.4008,0.3380,4.095,0.565
1.5501,-1.2670,1.1340,4.595,0.545
1.6542,-1.1819,-1.3065,4.044,0.570
1.4415,-1.2956,2.9712,4.000,0.574
1.4782,-1.2022,0.8425,3.943,0.573
1.3572,-1.2663,1.2111,4.012,0.575
1.5641,-1.0643,-1.8056,4.357,0.570
0.7022,-1.3798,-1.3486,5.170,0.626
0.9359,-1.3038,-2.0845,4.158,0.565
0.7979,-1.3321,-0.7003,5.358,0.645
0.9507,-1.2165,1.0090,4.654,0.511
0.9258,-1.4723,0.1181,5.661,0.674
0.9498,-1.5657,3.0788,6.467,0.875
1.0073,-1.2214,0.7505,5.754,0.650
1.1034,-1.3265,-0.8719,5.039,0.585
0.9927,-1.5752,-5.1710,5.435,0.681
1.2079,-1.4049,-5.8556,4.665,0.647
1.0497,-1.4246,-0.1540,5.859,0.677
1.1263,-1.3097,-2.9701,4.145,0.570
0.8432,-1.4960,0.2595,6.794,0.901
0.9011,-1.4256,-0.5538,5.931,0.579
0.8808,-1.2962,-0.6027,6.143,0.708
0.8429,-1.2830,-2.1074,6.049,0.721
0.9126,-1.1917,0.8219,5.007,0.585
0.7872,-1.2493,-2.4798,6.150,0.709
0.7482,-1.2674,12.4726,6.524,0.871
0.8397,-1.1999,-8.5092,5.604,0.600
0.9101,-1.1097,0.4644,4.997,0.564
0.9159,-1.6818,1.7735,4.581,0.564
0.9780,-1.5945,1.5850,3.750,0.708
0.9434,-1.6087,-1.3618,5.861,0.770
0.9152,-1.6118,0.7091,5.342,0.593
0.9001,-1.6167,0.1950,6.637,0.875
1.1157,-1.3704,-0.7596,2.076,0.863
0.8073,-1.5767,2.0763,5.384,0.623
0.8996,-1.5068,-6.7218,3.113,0.789
1.0302,-1.3915,0.0336,5.022,0.621
1.1156,-1.2921,-3.1494,5.464,0.677
0.8396,-1.4794,-0.8745,4.680,0.506
0.7759,-1.5066,3.1449,6.698,0.879
0.8371,-1.4572,0.3677,4.110,0.608
0.9054,-1.4058,-0.0877,4.850,0.589
0.9531,-1.3597,-1.1317,4.256,0.562
0.8022,-1.4410,1.5083,3.821,0.654
1.0628,-1.2329,-1.4401,4.726,0.564
0.8830,-1.3444,3.9472,3.949,0.573
0.7308,-1.4232,-0.9087,4.247,0.567
0.9332,-1.2422,-1.7798,4.028,0.582
0.7424,-1.3320,0.1304,4.546,0.543
0.6670,-1.3832,1.3431,5.686,0.697
0.8645,-1.2052,-0.3591,4.239,0.546
0.7318,-1.2509,-0.8998,3.849,0.707
0.9192,-1.0854,0.5767,3.512,0.760
0.8811,-1.5820,-3.9378,5.609,0.580
1.1356,-1.3994,-0.6750,5.223,0.594
1.1006,-1.1799,-1.4810,5.184,0.567
1.0922,-1.0627,-0.9720,5.121,0.579
1.1842,-0.9189,2.4941,6.062,0.658
1.2277,-0.9106,-0.1375,5.859,0.685
1.1377,-0.9030,-0.6896,5.938,0.631
1.3661,-0.8867,0.5389,5.152,0.577
0.9923,-1.0005,0.4319,4.521,0.500
1.1815,-1.2278,-1.0712,4.624,0.564
1.2898,-0.8567,4.1466,5.143,0.567
1.2916,-1.2161,0.4611,5.150,0.558
1.2091,-1.2404,3.3629,5.282,0.857
1.3741,-1.1183,-0.2736,5.831,0.382
1.3793,-1.0999,-4.5963,5.559,0.678
1.0531,-1.1171,0.6362,4.413,0.577
1.1204,-1.0889,0.8010,5.769,0.649
1.2277,-0.9930,0.0320,4.967,0.772
1.0756,-1.0895,0.4438,6.650,0.862
1.2390,-0.9691,-1.3305,5.674,0.677
1.0612,-0.9588,-0.3791,6.752,0.865
1.1879,-0.8453,1.0024,6.168,0.748
1.1644,-0.8234,-1.0246,4.858,1.043
1.1641,-0.8431,-1.9880,3.899,0.506
1.2385,-0.7810,0.0120,6.775,0.801
1.0696,-0.8926,-0.8447,6.614,0.669
1.2511,-0.7489,-0.1438,5.224,0.308
1.1735,-0.7866,0.6110,6.730,0.880
1.4971,-1.0929,-0.5234,6.883,0.937
1.2427,-1.1337,0.7573,5.854,0.723
1.3813,-1.0235,1.2985,5.703,0.678
1.4074,-1.1797,-0.5173,0.337,0.935
1.2520,-1.2535,0.6588,6.251,0.860
1.4027,-1.0934,0.3749,4.408,0.560
1.3489,-1.1223,-0.5384,4.596,0.563
1.2871,-1.1353,0.6433,0.288,0.943
1.1392,-1.2084,0.6295,5.088,0.570
1.3726,-1.0430,2.8414,6.209,0.563
1.2610,-1.0935,0.0651,4.339,0.569
1.3804,-0.9906,0.6005,6.008,0.597
1.4068,-0.9695,0.9921,4.285,0.535
1.1884,-1.0612,1.2736,6.729,0.840
1.2262,-1.0167,-0.2301,2.976,0.772
1.3529,-0.9222,2.1296,5.266,0.595
1.2709,-0.9679,0.3189,5.508,0.642
1.1552,-0.9457,-1.9792,5.052,0.569
1.3156,-0.8269,0.5089,4.132,0.558
0.9648,-1.0423,-3.1938,4.541,0.562
1.2969,-0.7900,-5.7454,4.108,0.557
1.0406,-0.9415,1.8843,5.955,0.698
1.1659,-0.8362,-7.9964,4.526,0.560
1.2533,-0.7629,0.3978,4.616,0.523
-0.1452,-1.6463,1.1888,4.243,0.641
-0.0491,-1.6818,-0.0316,6.399,0.860
-0.0003,-1.6351,-0.0304,5.942,0.805
-0.0885,-1.5506,2.3439,5.469,0.673
-0.0507,-1.8315,0.3864,5.594,0.665
0.0281,-1.5906,1.5668,4.859,0.648
0.0455,-1.5075,0.5816,4.432,0.583
0.1484,-1.7703,3.8303,5.766,0.711
0.0359,-1.9600,1.1055,6.265,0.762
0.0574,-1.9325,3.1903,5.802,0.667
0.1930,-1.7948,-4.2480,6.679,0.890
-0.0345,-1.8926,-0.5499,6.044,0.752
0.1393,-1.7417,-0.4079,6.394,0.787
0.0960,-1.7610,1.2006,6.498,0.806
0.1084,-1.7171,-0.9862,4.920,0.570
-0.1804,-1.8782,-0.8863,6.898,1.003
0.0482,-1.7121,0.6573,6.178,0.976
-0.1174,-1.7921,-0.2327,6.150,0.676
0.0006,-1.7083,0.7904,6.622,0.873
-0.2362,-1.7870,0.2623,6.100,0.761
0.0246,-1.5027,1.7829,6.810,0.785
-0.2576,-1.6836,-0.3595,6.405,0.778
-0.2296,-1.6526,-1.3435,5.371,0.721
-0.0610,-1.5040,1.1653,6.683,0.891
-0.1574,-1.5383,0.1860,6.810,0.736
-0.0060,-1.9835,1.5791,0.981,0.596
0.0142,-1.9396,1.2253,5.413,0.683
0.0249,-1.9161,1.0385,4.291,0.585
0.0923,-1.8643,-0.8441,4.263,0.580
0.2828,-1.7184,0.7053,4.494,0.587
0.2338,-1.7477,-0.7769,5.092,0.671
0.1817,-1.7608,-6.4455,5.437,0.743
0.0912,-1.8151,-1.8299,5.301,0.620
0.1865,-1.6982,-0.8887,3.775,0.816
0.0179,-1.7885,-1.3209,4.878,0.625
-0.0184,-1.7839,0.4435,5.128,0.641
0.0944,-1.6624,-0.6501,4.389,0.621
0.0483,-1.6891,0.8060,4.054,0.677
-0.0269,-1.7367,0.9652,4.605,0.595
-0.1636,-1.8067,-0.3178,6.065,0.790
-0.0978,-1.7507,-0.5506,2.789,0.865
0.1243,-1.5827,-2.0869,5.455,0.659
0.0587,-1.5880,0.2985,5.056,0.626
-0.2044,-1.7648,2.9676,4.127,0.617
-0.0853,-1.6371,-0.7479,3.684,0.453
-0.1505,-1.6808,0.7804,6.388,0.811
-0.2487,-1.7308,-1.4897,5.106,0.571
-0.0399,-1.5817,-0.0333,5.148,0.087
-0.0302,-1.5641,2.5818,4.457,0.659
0.0494,-1.4657,-0.2833,4.191,0.619
-0.3015,-1.6914,-0.6126,5.001,0.628
-0.2226,-1.6066,2.9326,6.343,0.855
-0.1752,-1.5663,4.6355,4.004,0.707
0.3159,-1.4851,0.1011,6.623,0.794
0.1425,-1.3568,1.0453,4.540,0.593
0.3033,-1.1665,0.1246,5.036,0.737
0.3062,-1.6630,-0.0483,5.339,0.652
0.4069,-1.5858,0.9570,6.555,0.872
0.3942,-1.5460,3.1267,6.801,0.882
0.3028,-1.5792,-0.1233,5.553,0.659
0.4857,-1.4389,0.3277,6.557,0.861
0.3744,-1.5129,0.4504,5.913,0.716
0.5084,-1.3959,-0.0078,5.150,0.636
0.4424,-1.4345,0.4643,6.796,0.883
0.5126,-1.3495,-0.2053,6.113,0.550
0.3760,-1.3664,0.7672,5.751,0.748
0.1434,-1.5083,-0.7167,5.073,0.714
0.2944,-1.2999,1.1822,6.348,0.573
0.3313,-1.3659,2.7148,5.578,0.612
0.2734,-1.4094,-0.0949,5.675,0.506
0.2426,-1.3873,-1.4802,5.046,0.684
0.4467,-1.2395,-0.5044,4.969,0.572
0.2584,-1.3438,-2.1223,5.607,0.710
0.3307,-1.2940,-2.8434,5.956,0.696
0.3576,-1.2667,2.0469,5.565,0.728
0.4366,-1.2078,-0.6113,5.209,0.561
0.0463,-1.4315,-0.1657,6.625,0.982
0.1522,-1.2335,0.4253,5.763,0.773
0.1783,-1.2823,-0.8590,4.575,1.038
0.3691,-1.1884,0.0806,5.843,0.863
0.2226,-1.2066,1.3217,5.306,0.862
0.1923,-1.2379,-1.1102,4.870,0.576
0.3135,-1.1933,-0.2819,6.899,1.086
0.2619,-1.2052,2.8931,4.425,0.728
0.1333,-1.2900,1.6556,4.206,0.623
0.1132,-1.2351,-2.7752,4.788,0.608
0.2587,-1.1298,0.0349,5.874,0.753
0.2769,-1.0852,0.7214,6.053,0.803
0.0439,-1.3629,0.6298,6.789,0.896
0.3415,-1.6410,1.0008,6.006,0.697
0.3772,-1.6134,-0.3264,5.272,0.612
0.3673,-1.5927,-2.2171,6.499,0.835
0.3946,-1.4889,0.5930,5.476,0.627
0.4874,-1.4115,1.0258,5.038,0.591
0.4063,-1.4577,-1.1486,4.559,0.577
0.2687,-1.5333,-0.3675,4.637,0.598
0.4522,-1.3951,1.3379,5.353,0.662
0.5118,-1.3231,-1.1743,1.001,0.302
0.1758,-1.5601,-0.7533,5.939,0.746
0.2985,-1.4648,-5.7629,5.258,0.649
0.4376,-1.3401,1.6301,4.992,0.595
0.4998,-1.2758,1.3754,5.032,0.422
0.4746,-1.2883,-0.4746,5.441,0.644
0.2077,-1.4513,0.9206,5.254,0.607
0.2504,-1.4079,0.8872,0.953,0.675
0.4195,-1.2611,-0.9942,3.819,0.774
0.3047,-1.3404,0.5618,1.027,0.245
0.3780,-1.2816,1.1473,4.669,0.589
0.4225,-1.2215,-0.3686,4.127,0.561
0.3156,-1.2656,-0.7756,5.198,0.649
0.2019,-1.3137,0.0516,3.412,0.786
0.1234,-1.3581,-0.8947,5.926,0.772
0.2257,-1.2720,0.3288,5.007,0.577
0.3662,-1.1580,-0.5708,4.339,0.587
0.2287,-1.2351,0.4303,0.884,0.934
0.1566,-1.2830,1.5593,0.512,0.999
0.2634,-1.1922,-0.9959,4.327,0.779
0.0326,-1.3454,0.2912,5.732,0.754
0.3646,-1.3241,0.9177,5.233,0.606
0.2061,-1.5251,-0.0982,5.677,0.679
0.1218,-1.2700,-1.7823,5.863,0.720
-0.3617,-1.6832,-1.3251,4.829,0.610
-0.4997,-1.4335,-0.6172,5.642,0.862
-0.3805,-1.4558,0.2604,5.367,0.658
-0.3169,-1.1160,1.8489,5.185,0.598
-0.3167,-1.4459,0.7838,5.163,0.700
-0.0814,-1.3210,-1.7116,5.430,0.670
-0.1068,-1.4519,0.3179,6.643,0.884
-0.3627,-1.6020,-0.3110,6.030,0.747
-0.3188,-1.5606,0.9424,6.873,1.034
-0.2472,-1.4968,-1.1868,6.553,0.869
-0.1117,-1.3832,0.3565,6.192,0.741
-0.2655,-1.4357,-0.0562,4.948,0.577
-0.3938,-1.5566,2.7280,6.788,1.014
-0.2058,-1.3765,-0.1451,2.892,0.432
-0.3490,-1.4810,0.0668,5.062,0.711
-0.1813,-1.3259,-0.2300,6.498,0.872
-0.2089,-1.3114,1.9385,5.375,0.650
-0.3815,-1.4312,2.7580,6.283,1.018
-0.2110,-1.2581,0.0518,5.551,0.677
-0.4239,-1.3203,0.1246,3.896,0.749
-0.4393,-1.3094,-0.2973,3.962,0.734
-0.3063,-1.2403,-0.0709,5.800,0.694
-0.2479,-1.1946,1.4022,6.132,0.756
-0.3389,-1.2809,1.1439,6.840,0.876
-0.5975,-1.4235,-0.0919,5.956,0.796
-0.4257,-1.2429,-0.5480,6.850,0.959
-0.5299,-1.3109,-3.4946,6.779,1.207
-0.3986,-1.1968,-1.2489,6.126,0.714
-0.5538,-1.3031,3.9920,5.554,0.692
-0.3823,-1.1832,-1.2668,6.210,0.876
-0.3828,-1.1390,-1.3297,4.726,0.552
-0.3399,-1.0841,3.1657,6.082,0.737
-0.2278,-1.5739,-0.4787,6.809,1.009
-0.3830,-1.6386,-4.5738,6.570,0.879
-0.1308,-1.4626,-1.9294,6.753,0.990
-0.3303,-1.3493,-0.1434,5.802,0.743
-0.2099,-1.5327,-2.6635,6.612,0.864
-0.2938,-1.6500,0.6640,4.781,0.678
-0.3335,-1.6324,0.7886,5.588,0.699
-0.1651,-1.5023,-2.9854,0.147,1.048
-0.2297,-1.5339,0.4369,3.986,0.728
-0.3975,-1.6202,0.3245,4.553,0.595
-0.3864,-1.5955,-0.9261,4.729,0.617
-0.0464,-1.3659,1.5632,5.393,0.688
-0.3108,-1.5331,0.8565,5.486,0.696
-0.0816,-1.3729,-1.0989,4.939,0.601
-0.1829,-1.4372,-0.6497,5.896,0.855
-0.2483,-1.4409,0.8577,3.440,0.811
-0.1246,-1.3570,0.7724,5.329,0.654
-0.2334,-1.4230,0.6961,4.261,0.616
-0.1730,-1.3736,-0.3684,4.654,0.679
-0.3720,-1.5085,-0.6492,4.865,0.649
-0.4370,-1.5266,-0.4905,5.535,0.700
-0.2000,-1.3494,-0.5669,4.607,0.554
-0.4967,-1.5365,-0.4176,4.199,0.661
-0.4158,-1.4659,-1.0661,5.109,0.614
-0.3074,-1.3866,-0.2956,6.042,0.836
-0.4017,-1.4464,-1.4505,6.007,0.865
-0.1543,-1.2562,0.9396,4.569,0.589
-0.3530,-1.3850,-1.0234,1.040,0.675
-0.2830,-1.3265,-0.0599,4.023,0.717
-0.1783,-1.2434,0.7378,5.037,0.609
-0.4714,-1.4185,1.6075,4.863,0.625
-0.3759,-1.3181,1.2401,5.266,0.682
-0.4836,-1.3574,0.0528,5.278,0.677
-0.3619,-1.2643,0.9909,4.682,0.607
-0.3490,-1.2423,-0.5148,4.760,0.578
-0.2458,-1.1560,0.1412,4.612,0.580
-0.3094,-1.2028,-3.8052,4.035,0.624
-0.5957,-1.3947,-5.5234,3.787,0.740
-0.4409,-1.2848,3.4023,4.825,0.621
-0.2616,-1.1343,1.4630,5.851,0.794
-0.4657,-1.2299,-2.9570,5.140,0.655
-0.2895,-1.1029,0.7189,5.238,0.598
-0.4982,-1.2456,3.7306,5.057,0.660
-0.4008,-1.1749,0.6845,5.076,0.699
-0.2816,-1.1879,-1.3566,6.276,0.774
-0.4662,-1.4887,-0.8972,6.010,0.849
-0.1599,-1.0624,0.4321,4.290,0.589
-0.1280,-1.1483,0.4720,5.181,0.694
-0.0253,-0.9834,1.6244,2.988,0.880
-0.0044,-0.9090,2.8715,4.476,0.574
0.0538,-0.8103,0.1263,3.417,0.774
0.0834,-1.0953,-0.1889,1.049,0.919
0.2194,-1.1043,0.7100,4.615,0.594
0.1129,-1.2051,0.4620,5.721,0.858
-0.0395,-1.3371,-0.3311,6.470,0.920
0.1596,-1.1612,-0.3631,4.978,0.409
0.0463,-1.2108,1.5489,6.597,0.718
0.1672,-1.1195,-0.8434,4.532,0.595
0.2148,-1.0128,1.2027,2.494,0.872
-0.0419,-1.1738,0.4011,5.758,0.867
-0.0444,-1.1864,-0.7329,6.349,1.131
0.1366,-1.0078,-2.4901,5.959,0.709
0.0249,-1.0676,-2.6918,5.020,0.668
-0.0655,-1.0925,-0.4607,6.421,0.883
0.1223,-0.9801,-1.4578,6.005,0.750
0.0188,-1.0450,-2.2265,5.186,0.660
0.1357,-0.9414,0.5640,3.780,0.813
0.0674,-0.9766,-0.7740,6.245,0.810
-0.0829,-1.0648,-0.7826,6.757,0.872
0.0330,-0.9836,-0.3571,6.308,0.926
0.0050,-0.9907,2.0042,6.822,1.024
-0.0415,-0.9889,0.2050,3.650,1.076
-0.1028,-0.9855,-0.7854,5.885,0.714
-0.0493,-0.9175,1.9562,4.792,0.710
-0.0437,-0.9356,0.5106,6.049,0.477
0.0392,-0.8739,-0.7339,5.089,0.573
-0.1985,-1.0146,0.0149,4.852,0.577
-0.1843,-0.9882,-2.5393,5.860,0.734
-0.1395,-0.9371,2.4137,5.803,0.801
-0.1435,-0.9514,0.0651,6.448,0.563
-0.0806,-0.8847,1.1762,4.772,0.597
-0.1822,-0.9467,-0.5595,5.465,0.643
-0.1423,-0.9171,-7.7586,6.203,0.971
-0.0408,-0.8440,0.8712,4.902,0.632
-0.1272,-0.8887,2.9472,6.088,0.607
0.0122,-0.7629,-0.7506,5.920,0.565
-0.0413,-0.7782,0.4604,5.416,0.678
-0.0808,-0.7872,-0.2094,4.938,0.587
0.0258,-1.3125,0.6063,5.797,0.757
0.1001,-1.2309,0.3628,4.652,0.569
0.0830,-1.2448,-0.1916,5.014,0.563
-0.0033,-1.3046,-0.5310,4.462,0.638
0.0079,-1.2617,0.0488,5.192,0.638
-0.0108,-1.2416,-0.4776,4.773,0.593
0.2597,-1.0463,-1.0561,4.232,0.655
-0.0374,-1.2390,0.9394,5.031,0.588
0.0447,-1.1782,1.7462,4.559,0.595
0.1715,-1.0765,0.9625,5.155,0.654
-0.0558,-1.2330,0.5400,4.351,0.575
0.0058,-1.1869,0.0692,5.386,0.672
-0.0351,-1.2122,-1.0588,5.061,0.585
0.1316,-1.0814,2.1544,5.751,0.740
0.1393,-1.0454,-1.0125,4.284,0.573
-0.0198,-1.1257,-0.2276,0.965,0.582
0.1617,-0.9746,0.2690,4.997,0.660
-0.0691,-1.1217,0.0410,3.824,0.758
0.0179,-1.0333,0.3566,5.817,0.879
0.0476,-1.0189,-0.5959,5.016,0.612
-0.1947,-1.1294,0.3911,4.231,0.622
-0.0982,-1.0392,-4.9490,4.065,0.665
0.1278,-0.8805,-1.0186,4.625,0.612
-0.1833,-1.0636,0.6418,4.395,0.579
0.0855,-0.8354,-0.5565,3.230,0.762
-0.3039,-1.0752,-0.6054,5.270,0.585
-0.0194,-0.8767,-1.1635,5.021,0.579
-0.2322,-0.9985,-0.7323,4.221,0.574
-0.1077,-0.8960,0.7449,4.175,0.651
-0.0503,-0.8138,0.5941,4.405,0.579
-0.3155,-1.0329,-0.4472,5.479,0.675
-0.1997,-0.8941,-0.2353,5.043,0.927
0.0091,-0.7514,-0.2020,4.441,0.586
-0.2229,-0.9197,-1.9694,1.003,0.901
-0.0140,-0.7199,-0.3039,2.999,0.781
-0.2552,-1.0383,0.8280,6.924,0.947
-0.1739,-0.8667,-4.2316,6.270,0.866
0.7871,-1.1599,-3.0476,4.714,0.548
0.4528,-1.1782,0.1219,4.478,0.692
0.6182,-0.7814,-1.7187,5.454,0.654
0.6485,-1.1110,1.1479,5.350,0.572
0.6922,-1.2325,-0.1434,5.146,0.569
0.7063,-1.1699,1.3348,5.415,0.658
0.7284,-0.8796,1.5890,3.966,0.629
0.7708,-1.0780,0.0328,5.203,0.570
0.7967,-1.0094,-0.6555,5.307,0.594
0.6065,-1.3472,-3.5540,5.943,0.677
0.6022,-1.3267,0.5039,7.032,1.129
0.7704,-1.1678,0.5521,4.309,0.923
0.9207,-1.0484,0.2308,6.145,0.667
0.8865,-1.0589,-0.7377,5.712,0.672
0.8418,-1.0481,-2.9449,6.568,0.773
0.8031,-1.0687,-0.0965,6.150,0.574
0.7463,-1.0699,0.8014,5.827,0.740
0.5939,-1.1132,1.5312,4.605,0.870
0.5704,-1.1486,-0.5380,3.903,0.577
0.7255,-1.0539,0.7222,5.707,0.612
0.6461,-1.0885,1.3267,5.616,0.569
0.7661,-0.9820,-0.3376,5.247,0.614
0.6528,-1.0575,-0.2284,6.158,0.740
0.4552,-1.1925,-1.0622,4.761,0.487
0.5717,-1.0811,0.4574,5.268,0.621
0.5509,-1.0860,-1.2440,5.971,0.461
0.4821,-1.1175,1.5495,6.621,1.038
0.7106,-0.9474,-0.8955,6.296,0.721
0.6682,-0.9730,-1.4759,4.307,0.571
0.4911,-1.0963,-3.1872,5.615,0.600
0.5286,-1.0372,-2.4223,4.830,0.681
0.5680,-1.0224,-0.4235,5.008,0.641
0.4500,-1.0841,-1.7355,7.342,1.508
0.6772,-0.9302,1.1165,5.646,0.410
0.4604,-1.0560,-0.8056,5.935,0.779
0.3870,-1.0083,1.0326,4.856,0.870
0.5611,-0.9505,-1.4243,5.199,0.656
0.3874,-1.0466,2.1903,6.467,0.864
0.5202,-0.9307,-2.3845,6.245,0.750
0.6510,-0.8509,0.1306,3.943,0.577
0.5697,-0.8664,0.0871,3.688,0.741
0.6224,-0.8229,-0.8644,5.478,0.574
0.4240,-1.0924,-0.5008,6.089,0.829
0.5946,-0.9832,3.3515,6.472,0.897
0.3533,-1.0412,-0.2882,6.398,0.612
0.7485,-0.8756,-1.5719,4.441,0.569
0.5580,-0.7919,0.1312,5.835,0.752
0.6585,-0.7667,2.3593,6.122,0.693
0.6381,-1.3078,1.2623,0.946,0.550
0.7869,-1.1251,-0.8794,5.166,0.686
0.6639,-1.2171,-0.9393,5.109,0.566
0.8907,-1.0350,0.3553,5.367,0.586
0.5423,-1.2623,-0.6462,4.983,0.573
0.7062,-1.1256,-0.6034,4.185,0.574
0.5029,-1.2550,-0.4544,5.047,0.694
0.5556,-1.1695,1.7443,1.989,0.861
0.5594,-1.1945,-1.0913,6.151,0.704
0.5007,-1.2354,4.7737,4.657,0.719
0.7580,-1.0370,-1.2722,4.535,0.563
0.5119,-1.1751,-1.9947,5.406,0.602
0.5188,-1.1618,1.5830,4.703,0.698
0.5847,-1.1285,0.9524,4.367,0.553
0.7313,-1.0189,0.0888,3.926,0.580
0.7871,-0.9694,0.0832,5.312,0.572
0.4602,-1.1293,-1.8304,6.170,0.778
0.5473,-1.0677,0.6655,4.810,0.635
0.5145,-1.0887,-0.6409,5.198,0.717
0.6533,-0.9220,0.2136,6.021,0.652
0.4465,-1.0559,-0.9455,4.658,0.591
0.6807,-0.9011,0.1453,3.828,0.585
0.3846,-1.0975,0.0632,5.432,0.647
0.6087,-0.9398,-0.8814,4.897,0.571
0.4170,-1.0696,6.5434,5.203,0.655
0.5951,-0.8913,0.1054,2.660,0.770
0.6793,-0.8255,-3.7449,5.818,0.699
0.3194,-1.0334,-0.6571,3.604,0.825
0.4942,-0.9346,0.3269,5.726,0.669
0.3508,-1.0751,-0.5447,6.558,0.867
1.0778,-0.8452,-1.3258,6.040,0.690
0.9984,-0.8350,-4.5192,4.595,0.560
0.9742,-0.7153,-0.1190,4.751,0.560
1.0123,-0.6921,-2.2531,5.583,0.607
1.0258,-0.5463,0.4380,5.720,0.679
0.9278,-0.7929,0.5793,5.998,0.869
0.6423,-0.7074,1.3946,5.219,0.605
0.8267,-0.6680,-1.1448,4.888,0.492
0.8722,-0.5876,-2.1026,5.612,0.757
0.8935,-0.6256,-0.5098,5.058,0.574
0.9657,-0.9394,-0.5294,4.349,0.562
0.9820,-0.4444,-1.9457,4.479,0.589
1.0238,-0.6318,-0.8387,6.063,0.779
1.0842,-0.7630,0.2461,4.224,0.556
1.0935,-0.7213,0.8042,5.606,0.732
0.9359,-0.9617,-0.7832,4.953,0.538
1.1089,-0.8082,2.2787,4.539,0.520
0.8548,-0.9479,0.0755,3.176,0.308
1.1436,-0.7611,-1.0327,6.084,0.716
0.8145,-0.9180,-0.5898,5.400,0.687
1.0935,-0.6224,-0.2409,5.499,0.698
1.0476,-0.6262,0.1806,5.366,0.612
1.0870,-0.5712,1.1023,6.618,0.800
1.0971,-0.5467,-0.8200,5.514,0.568
0.9984,-0.6094,1.9263,6.474,0.878
0.9429,-0.6364,-0.5054,4.199,0.481
0.7618,-0.7489,-0.2803,5.947,0.728
1.0205,-0.5686,0.2870,5.910,0.722
0.9842,-0.5711,-0.5759,6.424,0.852
0.7037,-0.7655,0.6166,6.328,0.870
0.8784,-0.6111,0.9429,5.017,0.576
0.6875,-0.7625,0.7179,6.494,0.738
0.7164,-0.7376,1.3374,5.840,0.670
0.7622,-0.6882,-0.2928,6.034,0.746
0.8445,-0.6280,-0.1774,6.738,0.843
0.8885,-0.5369,0.6844,5.837,0.735
0.7740,-0.5756,-0.7972,5.509,0.576
0.8511,-0.5212,-0.0916,4.861,0.806
0.9029,-0.4517,0.0806,6.382,0.757
0.9083,-0.4044,-0.8507,6.871,0.864
0.9525,-0.5950,-1.1601,6.680,0.614
0.8653,-0.7896,0.1883,5.843,0.699
1.0019,-0.9587,-0.1669,4.230,0.562
0.9477,-0.9465,1.8524,5.163,0.541
0.9214,-0.9198,-0.8485,2.282,0.837
0.9754,-0.8779,-0.1071,5.215,0.566
0.9609,-0.8651,3.4423,3.926,0.581
1.1584,-0.7274,-5.5229,3.994,0.569
1.1193,-0.7246,0.5483,5.904,0.669
0.8942,-0.8557,1.3730,3.971,0.562
0.9804,-0.7626,-1.2083,3.846,0.584
1.0742,-0.6915,-1.1208,4.978,0.576
1.0536,-0.6725,-1.8069,5.792,0.714
0.8854,-0.7615,0.4682,5.408,0.580
1.0843,-0.6062,-0.3466,3.835,0.693
0.9097,-0.6948,-0.0676,3.959,0.576
0.7377,-0.7802,-0.8975,4.414,0.548
0.8623,-0.6515,0.3698,5.126,0.588
0.7442,-0.7578,-4.0772,4.921,0.611
0.9825,-0.4616,2.8157,6.172,0.531
0.7707,-0.6177,0.3829,0.835,0.450
0.7034,-0.6450,-1.4669,4.019,0.564
0.8817,-0.5087,-0.5076,5.008,0.575
0.8389,-0.5341,1.7124,4.130,0.493
0.1365,-0.6386,0.1775,4.591,0.578
0.1606,-0.5141,-0.7197,0.908,0.876
0.1848,-0.5976,0.6065,4.591,0.516
0.1962,-0.6902,-0.0812,4.681,0.578
0.2338,-0.5556,0.0792,3.476,0.777
0.2696,-0.8906,-0.1998,4.319,0.674
0.3511,-0.4325,0.8779,3.921,0.577
0.4178,-0.5511,-0.5740,2.739,0.856
0.4469,-0.7255,-0.6023,4.925,0.616
0.5539,-0.7212,-1.6957,5.092,0.658
0.3390,-0.9231,-1.2895,3.883,0.825
0.3704,-0.8952,0.2723,2.967,0.814
0.4220,-0.7734,-1.3437,6.262,0.821
0.4338,-0.8193,1.4089,3.386,0.805
0.5366,-0.7338,0.5733,5.338,0.607
0.3083,-0.8829,0.3167,5.126,0.673
0.5208,-0.6477,-1.0091,4.692,0.663
0.5538,-0.6603,0.6507,6.220,0.873
0.5653,-0.6837,-0.4560,4.309,0.610
0.2926,-0.8526,0.6893,4.446,0.612
0.3749,-0.7967,-3.6628,4.845,0.588
0.4985,-0.6993,2.8208,5.621,0.825
0.4764,-0.7206,-0.9190,4.888,0.577
0.3802,-0.7327,0.3705,4.073,0.592
0.4000,-0.7352,-0.6192,4.600,0.776
0.2098,-0.8843,0.2067,5.960,0.741
0.3504,-0.7476,-1.3559,4.643,0.575
0.4649,-0.6604,-2.0058,4.472,0.572
0.2294,-0.8162,0.6839,5.903,0.712
0.5167,-0.6122,-0.1211,5.695,0.598
0.1893,-0.8341,-1.7337,4.473,0.580
0.2888,-0.7625,0.2925,5.742,0.577
0.4015,-0.6444,-0.7497,5.855,0.576
0.4151,-0.6477,-0.0469,5.356,0.678
0.2170,-0.7712,2.0022,5.512,0.693
0.2317,-0.7492,-1.1543,4.342,0.581
0.2562,-0.7411,0.7568,5.313,0.627
0.3202,-0.6936,0.5985,5.340,0.574
0.3759,-0.6419,-1.5012,4.485,0.577
0.1480,-0.7956,0.9855,6.355,0.627
0.3244,-0.6340,-0.2571,6.448,0.822
0.1651,-0.7317,-0.4989,5.048,0.684
0.3071,-0.6269,-0.7393,6.355,0.848
0.2275,-0.6815,0.7578,5.292,0.419
0.2812,-0.6206,2.2753,6.624,0.853
0.3821,-0.5441,-0.5584,4.819,0.582
0.1666,-0.6899,0.2736,6.006,0.681
0.1074,-0.7182,1.2785,5.793,0.691
0.0571,-0.7234,-0.7561,4.773,0.682
0.0593,-0.7389,0.5401,5.023,0.464
0.2372,-0.6135,-1.2409,5.846,0.808
0.2760,-0.5618,0.7904,4.071,0.558
0.1230,-0.6737,-0.7533,6.084,0.651
0.0088,-0.7034,0.6633,3.923,0.596
0.0334,-0.6962,0.7945,4.946,0.604
0.3848,-0.4657,-0.1687,6.520,0.617
0.3371,-0.4760,0.0481,5.594,0.599
0.3076,-0.4925,0.5934,5.833,0.619
0.3215,-0.4768,-0.1994,6.535,0.577
0.0917,-0.6216,0.6117,6.188,0.764
0.0750,-0.6120,-0.0722,4.804,0.604
0.2188,-0.4935,-1.3324,5.152,0.684
0.3099,-0.3951,0.7023,5.502,0.569
0.2888,-0.3773,-0.1298,5.568,0.753
0.5988,-0.7040,-0.3890,6.614,0.685
0.2221,-0.9317,-0.8157,5.890,0.729
0.0335,-0.7565,-0.9888,6.094,0.776
0.3438,-0.5878,-0.4521,5.110,0.473
0.4819,-0.7869,1.1245,5.933,1.014
0.3053,-1.0182,0.1669,5.784,0.735
0.2493,-0.9586,-0.6938,1.023,0.562
0.3463,-0.8871,-0.7284,4.144,0.578
0.3341,-0.8044,1.2406,4.773,0.593
0.2839,-0.8170,0.1436,4.872,0.590
0.3273,-0.7638,-0.4450,3.851,0.749
0.1608,-0.8733,0.0521,4.647,0.577
0.3166,-0.7440,0.3412,4.428,0.572
0.1564,-0.8474,-0.5000,3.907,0.724
0.1345,-0.8214,-0.0162,4.616,0.562
0.4332,-0.5964,-0.8657,4.771,0.594
0.3473,-0.5389,-0.2917,5.530,0.742
0.3847,-0.5180,1.7634,5.160,0.627
0.2161,-0.6281,0.0624,5.660,0.560
0.1749,-0.6186,0.3567,4.957,0.524
0.0747,-0.6580,0.1337,3.094,0.745
0.3564,-0.4549,-0.1086,4.559,0.524
0.1768,-0.5677,-0.8433,2.400,0.799
0.1887,-0.5432,-0.7216,4.921,0.601
0.2165,-0.5097,0.7974,4.816,0.562
0.1138,-0.5651,1.0876,4.363,0.546
0.5164,-0.1486,-1.7860,3.965,0.565
0.6156,-0.5603,-0.0342,4.209,0.563
0.6314,-0.2598,-1.7070,2.362,0.794
0.6365,-0.3783,-0.5051,4.339,0.574
0.6686,-0.2540,0.6365,3.472,0.662
0.6631,-0.1094,0.4151,4.425,0.575
0.6778,-0.4437,0.5681,3.860,0.585
0.6985,-0.2992,1.2316,5.979,0.861
0.7059,-0.1443,-0.2833,4.449,0.507
0.7220,-0.3909,-0.1762,6.018,0.629
0.7061,-0.4533,-2.0768,3.577,0.728
0.7272,-0.4817,-0.9182,2.647,0.801
0.7320,-0.2299,0.4196,3.003,0.789
0.7611,-0.3077,-0.6583,5.540,0.637
0.7875,-0.2830,-0.5730,4.864,0.519
0.8458,-0.3036,0.2628,1.308,0.864
0.6252,-0.6776,-0.6295,4.114,0.592
0.6618,-0.6479,0.3224,5.952,0.612
0.6014,-0.6479,-0.8850,6.107,0.815
0.8670,-0.4236,-0.5934,4.629,0.552
0.8378,-0.4364,0.9155,5.070,0.561
0.5895,-0.6024,-3.1928,5.916,0.547
0.6215,-0.5281,-1.5168,3.888,0.653
0.8028,-0.4000,0.0499,5.435,0.595
0.6585,-0.4966,1.3931,5.791,0.500
0.5350,-0.5595,0.6450,2.795,0.798
0.8373,-0.3366,1.8769,5.582,0.493
0.6656,-0.4400,0.2402,4.874,0.315
0.8681,-0.3293,1.0955,6.380,0.826
0.5072,-0.5438,0.3065,4.340,0.566
0.5354,-0.4918,1.4288,4.590,0.725
0.8014,-0.3141,-1.1712,4.823,0.565
0.4871,-0.5352,-0.1283,2.784,0.801
0.6940,-0.3823,0.3161,3.507,0.692
0.6302,-0.3622,1.7826,5.463,0.777
0.6624,-0.3867,0.9513,5.441,0.742
0.5899,-0.3962,0.7423,4.681,0.631
0.4421,-0.5073,-0.2336,4.120,0.571
0.7519,-0.2952,1.0074,6.509,0.492
0.4826,-0.4730,-0.8567,2.835,0.855
0.7958,-0.2446,0.3116,6.738,1.333
0.5095,-0.4226,1.1702,3.890,0.557
0.5357,-0.4235,0.3254,6.075,0.801
0.4207,-0.4959,1.3005,5.508,0.576
0.6569,-0.3271,-0.3593,4.619,0.505
0.5557,-0.3694,0.8021,5.445,0.622
0.7488,-0.2476,0.3006,4.796,0.524
0.6761,-0.2780,-0.2099,4.511,0.454
0.5352,-0.3884,-0.6656,5.827,0.578
0.4188,-0.4630,-1.5421,6.214,0.721
0.6956,-0.2560,-0.4985,5.445,0.616
0.4173,-0.4360,-2.6628,5.656,0.611
0.5913,-0.2740,0.0275,4.570,0.362
0.6010,-0.2856,0.4811,0.826,0.712
0.7025,-0.2281,0.1403,4.567,0.512
0.3877,-0.4266,-1.3328,4.567,0.563
0.5369,-0.3206,0.3605,4.712,0.529
0.5180,-0.3336,0.0924,5.160,0.546
0.4865,-0.3237,0.5905,4.096,0.694
0.4462,-0.3215,0.3431,5.556,0.445
0.4797,-0.3381,-0.2641,3.775,0.498
0.5041,-0.3133,0.7788,4.867,0.567
0.3631,-0.3657,0.2774,3.923,0.522
0.4353,-0.3332,0.2377,5.537,0.629
0.5412,-0.2498,-0.2475,6.144,0.726
0.4402,-0.2219,0.3703,2.201,0.795
0.5445,-0.2186,-1.9526,5.423,0.681
0.5662,-0.1863,0.5588,4.608,0.658
0.4148,-0.2894,-0.3965,3.614,0.693
0.4908,-0.2108,-0.2283,5.536,0.838
0.5942,-0.1111,0.9032,4.120,0.615
0.6358,-0.0682,1.2536,5.118,0.763
0.6975,-0.4751,-0.2202,6.293,0.411
0.4768,-0.5134,0.1311,5.987,0.599
0.7478,-0.1939,0.7063,5.189,0.357
0.5088,-0.2128,-1.8437,5.632,0.626
0.4924,-0.1833,0.0324,4.979,0.609
0.6787,-0.2063,-0.2529,4.862,0.570
0.5958,-0.1496,0.7443,6.633,1.224
0.6300,-0.6700,-0.4579,3.939,0.608
0.6302,-0.6418,0.3734,5.835,0.571
0.7013,-0.5819,-0.8026,5.594,0.635
0.6640,-0.6005,-2.0034,5.415,0.470
0.6725,-0.5574,-0.2732,3.791,0.709
0.7908,-0.4669,0.4753,0.822,0.561
0.5607,-0.6045,-0.0030,5.563,0.655
0.8469,-0.3957,-0.4531,1.932,0.832
0.5236,-0.5793,-0.5584,5.333,0.567
0.8568,-0.3463,-1.3955,4.469,0.496
0.7717,-0.3982,-0.4251,5.144,0.535
0.5623,-0.4818,0.4308,4.513,0.604
0.5300,-0.5035,-0.2107,4.645,0.570
0.6164,-0.4005,0.3469,4.132,0.577
0.4817,-0.4873,-0.6819,4.548,0.977
0.7040,-0.3122,-0.0532,5.274,0.628
0.5754,-0.3821,0.8190,5.576,0.689
0.4606,-0.3929,-0.5659,4.185,0.547
0.7244,-0.2150,-0.7029,4.078,0.500
0.3830,-0.4200,0.3225,4.811,0.527
0.3647,-0.3557,-1.0191,4.961,0.710
0.3961,-0.3577,-1.1598,3.990,0.449
0.4446,-0.2797,0.8406,0.606,0.893
0.4583,-0.2858,0.2021,5.409,0.833
0.3724,-0.3054,0.7327,3.209,0.777
0.3932,-0.2744,0.3854,3.850,0.577
0.5864,-0.0673,1.2473,-0.771,1.080
0.3291,-0.3491,-1.0973,4.673,0.556
0.5082,-0.2188,-3.3669,5.796,0.640
0.5700,-0.1375,-1.2018,3.544,0.748
0.5461,-0.1283,-0.4621,5.195,0.654
2.1057,-1.0793,3.6704,5.371,0.593
1.8778,-0.9233,-2.1801,5.909,1.137
1.7266,-0.9644,13.1770,5.730,0.662
1.8343,-1.0440,-1.2057,5.055,0.577
1.7211,-1.0197,0.0745,5.050,0.573
1.6652,-0.9370,-0.2024,6.118,0.729
1.8609,-1.2486,-0.6107,6.508,0.774
1.8698,-1.3424,-1.2114,5.626,0.658
1.9133,-1.3026,1.7432,4.638,0.566
1.8605,-1.3064,2.3254,6.988,1.058
1.8728,-1.2479,0.9154,6.716,0.931
2.1595,-1.0217,-0.8698,6.455,0.702
1.7419,-1.1991,-5.6145,4.486,0.542
1.6967,-1.1262,3.8882,6.712,0.887
2.0004,-0.8492,0.2943,6.434,0.727
1.9797,-1.1548,8.5170,5.953,0.688
1.6583,-1.0212,1.0139,6.453,0.918
1.8961,-1.1848,-4.3981,6.003,0.744
1.8673,-1.1841,-2.7920,5.851,0.684
2.0774,-1.1612,1.1717,5.873,0.778
1.8435,-1.3128,-1.7629,5.124,0.639
1.9929,-1.1799,6.2500,3.862,0.574
1.8548,-1.2165,1.3465,4.666,0.557
1.7995,-1.2409,2.8348,3.799,0.596
2.0864,-1.0315,3.2269,5.683,0.654
1.8996,-1.1135,0.0966,5.019,0.579
1.9733,-0.9697,-1.6540,5.695,0.869
2.0480,-0.9076,-2.1314,5.310,0.621
1.9721,-0.9491,0.4646,3.428,0.754
1.6614,-1.1131,-3.3211,6.446,0.767
1.7253,-1.0580,-3.0611,5.483,0.651
1.7934,-1.0005,-0.7417,0.828,0.625
1.8791,-0.9389,-0.6385,4.404,0.542
1.6441,-1.0372,3.7397,4.719,0.541
1.7842,-0.8773,0.9215,4.205,0.547
1.7111,-0.8978,-1.4225,4.707,0.561
1.8235,-0.7677,0.2713,5.719,0.682
1.8097,-1.2815,4.6676,4.860,0.576
1.6982,-0.9808,2.6898,3.899,0.580
1.7575,-1.1434,5.5286,6.509,0.876
2.0841,-0.8854,-0.5745,5.767,0.661
2.3677,-0.6361,1.9073,4.822,0.543
2.1797,-0.4562,-3.9311,4.630,0.555
1.9525,-0.7819,0.5581,5.570,0.601
1.9746,-0.7304,0.9802,5.717,0.674
2.1971,-0.5040,0.7468,6.357,0.716
2.0896,-0.5033,1.2337,5.039,0.623
2.1847,-0.9860,2.8637,6.063,0.575
2.1311,-0.8672,12.4764,6.317,0.828
2.3365,-0.6056,0.4326,6.390,0.771
2.0450,-0.7302,-0.5466,5.137,0.570
2.0657,-0.7135,0.5244,6.018,0.699
1.9706,-0.7530,-0.0306,5.893,0.498
2.0145,-0.7119,-1.2763,6.428,0.824
1.9857,-0.6261,-5.3552,6.893,0.922
2.1077,-0.4660,-0.2644,6.268,0.746
2.2319,-0.9914,1.9229,4.659,0.546
2.2683,-0.9457,8.3736,5.117,0.580
2.1605,-0.9948,1.1351,4.887,0.540
2.2372,-0.9247,2.7429,5.565,0.631
2.2969,-0.8707,1.7096,4.957,0.571
2.4827,-0.7191,0.4633,4.473,0.538
2.2540,-0.8343,4.7128,4.698,0.561
2.4204,-0.6612,0.8014,4.708,0.572
2.4164,-0.6349,3.8787,5.183,0.538
2.3790,-0.6474,2.4640,4.667,0.506
2.0237,-0.8493,0.0443,4.131,0.528
2.0417,-0.8228,0.8772,5.266,0.570
2.0931,-0.7709,-1.8151,5.278,0.580
2.3137,-0.5833,1.4636,5.583,0.614
1.9832,-0.7748,1.5413,6.023,0.681
2.0589,-0.7405,5.1690,5.448,0.631
2.0402,-0.6791,0.0628,5.675,0.657
1.9357,-0.7502,1.5483,4.285,0.550
2.0804,-0.6159,-3.0324,5.257,0.579
2.0347,-0.6413,0.2222,5.079,0.567
2.2588,-0.4315,-0.9732,4.815,0.528
2.0312,-0.5639,0.2229,5.263,0.588
2.0511,-0.5475,2.8894,6.028,0.717
2.3837,-0.8146,1.2014,5.066,0.520
2.3921,-0.7883,0.4207,4.566,0.543
2.3410,-0.6921,-1.8786,3.699,0.701
2.2911,-0.7184,4.2497,4.508,0.521
2.2612,-0.7051,1.7848,4.258,0.545
2.0994,-0.7072,5.6693,6.336,0.856
2.1730,-0.5382,0.5931,5.705,0.687
2.1453,-0.5285,-0.5532,5.357,0.651
2.1404,-0.4370,-0.1870,4.197,0.507
1.4974,-0.7477,-0.1660,6.044,0.728
1.4284,-0.8172,1.2312,4.557,0.542
1.7713,-0.7698,-0.3074,5.641,0.650
1.3630,-0.7859,0.2810,5.012,0.572
1.7013,-0.7970,0.7884,3.941,0.550
1.6727,-0.8458,1.8701,4.488,0.524
1.5384,-0.7142,-2.9184,5.689,0.687
1.6762,-0.6583,-2.8927,4.497,0.529
1.7259,-0.7181,2.2385,1.661,0.851
1.6370,-0.6187,0.4312,4.577,0.540
1.6151,-0.5718,-0.4668,4.046,0.538
1.2667,-0.6961,-0.5557,6.569,0.775
1.3538,-0.6633,-0.6291,4.050,0.551
1.4079,-0.6491,0.6587,5.506,0.630
1.5667,-0.4825,-0.4807,5.679,0.605
1.5883,-0.8458,0.3219,4.746,0.548
1.6487,-0.6718,1.4795,4.083,0.537
1.4192,-0.8611,0.9856,4.098,0.554
1.6669,-0.5917,0.7758,5.985,0.708
1.5755,-0.6327,-0.4337,6.044,0.742
1.4687,-0.7053,-0.1507,6.458,0.774
1.4897,-0.6797,-0.4005,5.683,0.366
1.3421,-0.7615,2.4755,6.398,0.796
1.5971,-0.5560,-1.1630,6.179,0.665
1.3521,-0.7024,-0.5950,5.628,0.632
1.6552,-0.4810,-0.0095,4.976,0.525
1.4809,-0.5828,-1.7731,4.046,0.517
1.3322,-0.6737,-2.3000,6.565,1.012
1.4457,-0.5385,-0.5218,5.018,0.567
1.4899,-0.8780,1.3296,4.819,0.882
1.6746,-0.7979,0.9344,4.883,0.549
1.6875,-0.7958,-1.0763,5.281,0.497
1.4867,-0.6379,0.1745,5.058,0.377
1.4935,-0.6195,0.3634,5.080,0.603
1.7564,-0.6401,-5.4719,5.472,0.621
1.6470,-0.7334,0.7318,4.446,0.525
1.7356,-0.8205,0.7337,6.664,0.867
1.6376,-0.8163,2.9829,6.669,1.050
1.7000,-0.6586,-6.4849,5.516,0.606
1.5142,-0.9159,1.1339,5.957,0.779
1.5796,-0.6784,-1.1003,6.719,0.868
1.5860,-0.9786,1.2356,4.169,0.570
1.6164,-0.9366,-4.2827,5.725,0.683
1.8291,-0.7266,-1.3601,2.919,0.781
1.5994,-0.8822,-1.4814,6.630,0.862
1.5692,-0.8905,-0.7794,6.166,0.688
1.5798,-0.8042,-2.5487,5.081,0.618
1.6092,-0.7551,2.5504,6.101,0.574
1.5358,-0.7925,-0.4947,6.157,0.833
1.5354,-0.6328,0.9392,1.184,0.863
1.4094,-0.7182,-1.0146,4.243,0.544
1.5112,-0.6419,-0.0142,5.334,0.461
1.4691,-0.6665,-0.1897,3.382,0.724
1.5659,-0.5947,-2.7588,5.051,0.564
1.6595,-0.5151,-0.4023,4.858,0.554
1.5214,-0.5819,4.2847,3.499,0.716
1.4273,-0.6287,-0.6085,5.354,0.575
1.3730,-0.6602,-3.7608,6.503,0.824
1.5339,-0.5164,-0.0730,4.089,0.506
1.5480,-0.4999,1.2380,6.240,0.687
1.4522,-0.5515,0.1540,4.335,0.506
1.5685,-0.4011,-0.6950,5.889,0.704
1.5941,-0.7109,-0.1018,4.918,0.567
1.9799,-0.4143,-1.2354,4.336,0.562
1.9634,-0.4280,0.0896,6.758,0.879
2.0844,-0.2836,4.4576,6.216,0.904
1.7529,-0.5042,-1.2104,4.037,0.556
1.6072,-0.3790,0.2747,3.673,0.704
1.7599,-0.3676,0.9610,6.265,0.741
1.7749,-0.5339,2.0446,5.782,0.671
1.8164,-0.2966,-0.7966,5.572,0.639
1.8660,-0.4633,-1.4241,6.286,0.752
1.8765,-0.3154,2.1335,4.320,0.541
1.9083,-0.2625,0.9687,5.714,0.666
1.9680,-0.5388,-0.6004,4.474,0.537
1.9201,-0.5499,0.7472,6.814,0.884
1.9832,-0.4560,2.3513,4.115,0.570
1.7465,-0.3659,-3.8028,6.848,1.000
1.8202,-0.3203,1.5667,6.269,0.638
1.8843,-0.2685,-6.9483,6.575,0.871
1.6796,-0.3816,-4.3532,5.236,0.628
1.7609,-0.2907,0.2832,6.803,0.872
1.6748,-0.3275,2.6875,5.613,0.726
1.6438,-0.3372,-0.7648,6.605,0.887
1.6737,-0.2981,-0.0626,6.758,0.688
1.7387,-0.2468,0.0368,5.860,0.680
1.8481,-0.5137,0.8895,6.600,1.018
2.0395,-0.2588,-0.5829,5.827,0.672
1.9811,-0.1603,0.7313,5.780,0.636
1.9071,-0.1826,0.1803,6.173,0.719
1.8656,-0.5118,-0.7043,3.832,0.566
1.8309,-0.4880,-0.5471,4.484,0.530
1.9005,-0.3559,0.7857,4.297,0.515
1.7958,-0.4229,1.7005,0.824,0.876
1.7210,-0.4704,1.9756,4.626,0.545
1.7119,-0.4475,-0.1996,6.341,0.774
1.9283,-0.2701,-1.9732,5.080,0.568
1.8441,-0.2277,-2.0210,5.277,0.682
1.6786,-0.3541,-0.4342,4.434,0.539
1.5829,-0.3768,0.4318,4.747,0.577
1.8007,-0.1866,-0.2054,4.477,0.506
2.0870,-0.4538,-0.0411,5.542,0.608
2.1195,-0.3734,-0.1891,4.339,0.536
2.0217,-0.2618,-0.0432,4.921,0.519
1.8771,-0.1753,2.4554,6.318,0.886
1.8906,-0.0865,-0.9235,5.753,0.656
1.8869,-0.0354,-3.0508,2.678,0.757
1.9601,-0.3132,0.1132,5.519,0.603
1.3706,-0.5739,-0.1173,6.224,0.731
2.6695,-0.2135,-0.9498,6.362,0.767
2.4741,-0.5109,-2.0369,5.584,0.627
2.4715,-0.4062,2.4500,6.292,0.774
2.4898,-0.2104,-1.1012,4.014,0.578
2.5003,-0.5365,0.9805,5.335,0.609
2.6894,-0.2741,0.6500,6.165,0.663
2.6939,-0.3966,-1.8991,6.636,0.778
2.4828,-0.4720,-0.2074,6.836,0.876
2.6389,-0.2975,1.5930,6.126,0.725
2.7080,-0.2440,-1.8361,6.188,0.711
2.3293,-0.4351,2.1453,6.810,0.872
2.4641,-0.3292,0.0677,6.716,0.839
2.4346,-0.3238,-2.1525,6.626,0.739
2.4806,-0.1732,-0.1525,5.317,0.627
2.4951,-0.1889,-0.5465,4.330,0.696
2.5525,-0.1657,-0.0251,6.180,0.732
2.4298,-0.2413,-3.9516,5.791,0.670
2.2964,-0.3227,0.7553,6.652,0.813
2.4584,-0.1964,0.5704,6.638,0.918
2.4040,-0.2318,-0.8433,6.705,0.857
2.6656,-0.5165,-1.1945,1.643,0.841
2.7396,-0.4635,-1.6492,4.229,0.524
2.5071,-0.6184,-0.1764,5.764,0.628
2.4970,-0.6003,5.2930,5.433,0.636
2.6763,-0.4717,-6.9198,0.011,0.945
2.6717,-0.3973,6.0928,5.905,0.678
2.4058,-0.4953,-2.8710,5.864,0.605
2.6552,-0.3030,6.1361,4.789,0.524
2.4440,-0.4499,2.1883,5.309,0.574
2.6082,-0.2612,1.0508,4.747,0.511
2.5633,-0.2733,-4.1641,4.844,0.565
2.4333,-0.3339,2.2221,4.406,0.558
2.4933,-0.2232,1.4793,4.738,0.492
2.3840,-0.2760,0.6161,5.138,0.599
2.2740,-0.3422,-2.6161,4.999,0.536
2.3221,-0.2804,3.2448,4.993,0.566
2.4381,-0.1175,5.6689,5.110,0.561
2.8610,-0.2523,-1.1824,6.401,0.798
2.7997,0.0072,5.7368,5.583,0.576
2.7122,0.0917,5.6764,5.965,0.716
2.9980,-0.1348,0.6664,5.927,0.693
2.8157,-0.1649,0.0874,6.158,0.733
2.7996,-0.0627,-0.3998,6.706,0.851
2.7208,-0.0823,1.2665,4.299,0.514
2.6717,-0.0520,-0.5428,6.353,0.756
2.6185,-0.0449,0.7713,5.580,0.585
2.5844,0.0115,-0.2687,5.358,0.563
2.6295,0.0658,-0.6708,5.441,0.574
3.0308,-0.1230,0.0600,4.966,0.500
3.0654,-0.0910,2.2138,5.849,0.651
3.1343,-0.0360,0.6180,2.969,0.721
2.8611,-0.2014,0.6417,4.200,0.489
2.7399,-0.2516,0.5031,5.646,0.626
3.0799,0.0211,1.2909,4.349,0.498
2.7261,-0.1801,-1.9319,4.609,0.494
2.9365,0.0002,2.3710,0.709,0.186
2.8698,-0.0255,9.6594,2.284,0.733
2.6633,-0.1655,1.1106,5.150,0.532
2.7171,-0.0687,-2.8313,3.927,0.546
2.9471,0.1163,11.2783,5.525,0.579
2.5991,-0.1084,1.5870,5.987,0.579
2.6275,-0.0833,2.0357,3.282,0.714
2.8999,0.1166,0.8208,4.087,0.492
2.8702,0.1205,-0.1248,4.200,0.483
2.6551,0.0163,-0.3888,4.384,0.488
2.6589,0.0462,-0.0412,5.400,0.539
2.8043,0.1814,3.5260,5.161,0.512
2.6862,0.1167,1.4562,4.735,0.505
2.8130,0.2476,0.2720,4.184,0.478
2.3414,-0.0476,1.6716,4.576,0.546
2.3580,0.1107,-0.7644,0.480,0.873
1.9913,-0.0528,1.5948,4.727,0.553
1.9828,0.0409,1.5214,5.104,0.572
1.9893,-0.1333,-0.2514,6.072,0.746
2.2008,0.1102,-0.0896,5.309,0.560
2.2111,-0.1277,-0.3254,5.879,0.708
2.2282,0.1677,2.8264,5.264,0.566
2.2324,0.1330,0.8252,5.494,0.573
2.2443,0.2049,1.9272,5.659,0.593
2.2152,0.0358,0.9270,4.213,0.539
2.1710,-0.3330,-0.2561,4.716,0.539
2.3639,-0.1139,0.2215,6.011,0.694
2.4781,-0.0244,3.4290,6.174,0.730
2.1883,-0.1523,-1.9525,6.307,0.784
2.1773,-0.1696,1.1770,5.896,0.572
2.0735,-0.1689,2.8413,6.797,0.871
2.0525,-0.1314,0.4464,6.146,0.653
2.3100,0.0598,0.7987,6.527,0.737
2.1483,-0.0428,2.0874,5.691,0.628
2.1958,0.0226,-0.0594,4.801,0.495
2.2306,0.0593,-1.0411,6.140,0.662
2.0070,-0.0675,-1.8759,5.039,0.542
2.1765,0.1504,0.0871,6.598,0.867
2.0775,0.1346,6.5321,6.712,0.774
2.3751,-0.1616,0.8910,3.917,0.528
2.3244,-0.1546,-1.9601,5.266,1.018
2.3257,-0.1712,5.0411,4.006,0.480
2.2093,-0.2360,-0.7590,3.832,0.535
2.2785,-0.1638,-0.5005,4.234,0.517
2.2948,-0.1688,0.5978,6.071,0.565
2.1317,-0.2482,-2.4145,6.619,0.853
2.1639,-0.2106,7.1368,5.207,0.567
2.4643,0.0110,2.1696,4.945,0.519
2.3036,-0.0686,1.1876,5.554,0.608
2.1278,-0.1847,0.5041,3.115,0.731
2.2742,-0.0765,2.4546,4.868,0.507
2.3193,0.0157,3.3513,5.249,0.570
2.2617,0.0055,1.9113,3.930,0.531
2.0484,-0.1031,0.5948,3.051,0.700
2.3046,0.0845,-1.7192,4.081,0.518
2.0606,0.0144,0.0535,5.204,0.556
2.2592,0.1722,-0.2453,5.153,0.556
1.9321,-0.0250,0.5127,4.473,0.519
1.9668,0.0000,-2.1294,5.623,0.624
2.1202,0.1179,-1.7495,5.419,0.586
2.1352,0.1910,1.1960,6.301,0.843
2.1147,0.1855,-0.4434,5.024,0.535
2.2049,0.2403,-4.3453,4.105,0.513
2.1595,0.2263,-1.1189,5.018,0.517
2.0916,0.1890,5.3614,5.026,0.539
2.0647,-0.0736,-1.0284,5.184,0.754
2.3760,0.0956,-3.7270,6.235,0.681
2.2026,-0.0091,-1.0871,4.508,0.555
2.7459,0.2695,0.7792,6.329,0.736
2.3432,0.3165,0.0525,6.246,0.727
2.4386,0.2751,2.8142,6.386,0.863
2.5211,0.5095,-0.2955,6.008,0.642
2.3037,0.3533,-2.7603,6.234,0.747
2.6902,0.2532,8.9485,4.828,0.539
2.4920,0.1099,-2.0022,6.844,0.859
2.6074,0.2411,0.3187,6.356,0.716
2.3625,0.2507,-5.0172,5.841,0.588
2.5140,0.0148,-3.8140,2.102,0.768
2.6113,0.0942,-3.2155,4.304,0.483
2.6960,0.1855,1.2747,5.027,0.499
2.5670,0.1078,-1.8199,3.140,0.707
2.4629,0.0447,-0.6913,4.412,0.489
2.8196,0.3104,0.4862,5.670,0.592
2.5792,0.1824,-0.0127,3.977,0.489
2.4366,0.0882,-3.7376,4.007,0.500
2.6538,0.2557,-1.3126,4.977,0.499
2.4657,0.1874,5.6434,5.081,0.547
2.6018,0.2917,-0.3453,6.554,0.652
2.6252,0.3113,1.6069,4.810,0.496
2.5938,0.3358,0.5814,5.811,0.616
2.6648,0.3879,-3.1134,6.698,0.828
2.3879,0.2404,-7.3570,4.424,0.515
2.3048,0.2045,-0.1289,6.155,0.867
2.5817,0.4357,-1.3182,6.528,0.773
2.5248,0.4249,-2.0437,4.433,0.498
2.4606,0.3799,1.2159,4.431,0.495
2.5399,0.4921,0.8405,5.184,0.537
2.4287,0.4161,-0.7019,6.183,0.718
2.4108,0.4061,2.6562,3.837,0.513
2.4486,0.4560,0.0980,5.152,0.561
2.3274,0.3919,-2.4979,6.023,0.670
2.4161,0.4971,2.9966,5.120,0.529
0.9039,-0.3383,-1.0828,6.723,0.489
1.4112,-0.4082,1.5820,4.799,0.540
1.1722,-0.3163,-0.9591,5.280,0.586
1.5289,-0.3676,-0.9493,6.125,0.772
1.4347,-0.3528,-1.1748,5.445,0.738
1.3604,-0.2873,-0.4342,5.267,0.544
1.2646,-0.3344,-0.7191,4.700,0.572
1.2211,-0.2343,-9.0071,6.185,0.777
1.0410,-0.4793,0.5210,3.045,0.806
1.1129,-0.3370,-1.3712,4.514,0.559
1.1210,-0.3816,0.9213,4.493,0.571
1.1521,-0.4220,1.6197,4.741,0.562
1.1713,-0.4975,0.6138,3.789,0.724
1.2344,-0.5566,1.7539,4.967,0.517
1.3059,-0.5615,-0.3965,4.705,0.566
1.3970,-0.4793,0.3040,2.988,0.757
1.2490,-0.2850,0.2842,4.567,0.550
1.2638,-0.6015,-0.7776,5.901,0.666
1.4191,-0.4673,0.4667,5.911,0.764
1.2237,-0.5802,-0.9600,5.304,0.565
1.3362,-0.4631,0.0121,6.482,1.300
1.3423,-0.4416,0.1844,6.304,0.878
1.2402,-0.5385,2.2209,6.458,1.102
1.1827,-0.5294,-0.2369,4.611,0.713
1.1879,-0.5485,-4.5379,4.778,0.563
1.4888,-0.3073,-0.5986,6.186,0.125
1.1666,-0.5499,-0.9619,5.813,0.608
1.2787,-0.4674,0.3286,5.958,0.870
1.3590,-0.4105,-0.1970,3.860,0.567
1.2417,-0.4769,1.2259,4.318,0.565
1.2738,-0.4530,-0.7613,5.450,0.770
1.1954,-0.5024,-1.2543,3.856,0.619
1.3749,-0.3472,-2.4318,5.705,0.622
1.0962,-0.5230,0.4689,3.661,0.735
1.2118,-0.4493,0.5539,6.076,0.719
1.3871,-0.2989,-1.8356,4.425,0.565
1.1401,-0.4751,0.2606,4.436,0.567
1.0768,-0.4942,0.0643,5.687,0.807
1.1164,-0.4710,0.2695,5.518,0.744
1.2423,-0.3766,-3.9814,4.948,0.571
1.1452,-0.4099,1.2465,6.122,0.686
1.3769,-0.2604,2.3058,5.881,0.646
1.1313,-0.4201,-0.1245,5.637,0.607
1.0934,-0.3916,-1.2169,5.588,0.579
1.3148,-0.2488,-0.4894,6.430,0.747
1.2517,-0.2675,0.9326,6.436,1.103
1.0724,-0.3941,-0.1436,6.220,0.929
1.1131,-0.3114,0.7722,6.455,0.468
1.3056,-0.1922,1.4398,6.296,0.676
1.0548,-0.3349,0.4871,5.409,0.549
1.2978,-0.1698,-1.4186,6.400,0.545
1.3185,-0.1184,-0.2121,5.452,0.783
1.1530,-0.2253,-2.0886,5.140,0.571
0.9837,-0.3321,-0.2287,6.387,0.862
1.0866,-0.2419,-0.0482,6.206,0.550
1.1900,-0.1381,-1.3829,5.860,0.697
1.1912,-0.1486,-0.2790,6.030,0.671
1.2758,-0.3087,0.0651,5.709,0.595
0.9988,-0.3069,-1.4550,6.287,0.694
1.4041,-0.5016,-2.8778,6.032,0.753
1.2992,-0.6234,-0.2916,4.352,0.551
1.3095,-0.6034,-6.6584,3.801,0.657
1.3354,-0.4924,-2.6867,-0.482,1.024
1.4751,-0.3625,-0.0552,4.296,0.566
1.2141,-0.5215,1.1144,4.452,0.523
1.4669,-0.3278,0.7352,6.513,0.799
1.3163,-0.3999,1.2638,4.017,0.570
1.2923,-0.4066,-0.0308,4.412,0.534
1.1092,-0.5242,0.5339,5.797,-0.070
1.2355,-0.4352,0.0110,4.625,0.579
1.3450,-0.3348,-0.8936,4.918,0.548
1.3413,-0.2830,-2.5172,1.608,0.848
1.4111,-0.2185,0.8955,4.421,0.499
1.0928,-0.4311,-0.0781,3.953,0.571
1.1565,-0.3629,-1.4299,4.876,0.565
1.3402,-0.1954,-0.0319,3.722,0.593
1.3191,-0.1703,-2.4633,4.052,0.552
0.9854,-0.3906,1.9304,2.443,0.792
1.1594,-0.2672,-0.5768,3.182,0.685
1.2623,-0.1915,0.1072,3.902,0.562
1.0174,-0.3411,0.6228,0.595,0.568
1.0208,-0.3249,-0.0881,5.128,1.503
1.1322,-0.2589,-0.1100,4.165,0.522
1.3164,-0.1299,0.0309,4.054,0.536
1.2873,-0.1341,0.7081,4.978,0.572
1.1038,-0.2264,0.0790,4.406,0.556
1.2239,-0.1229,-0.5869,3.905,0.512
1.1362,-0.1757,-1.9657,2.005,0.775
1.2687,-0.0554,1.0773,4.869,0.533
1.0623,-0.4077,0.0845,4.114,0.513
1.6957,-0.2035,0.4625,5.368,0.606
1.7396,0.1111,0.1825,6.661,0.757
1.4371,-0.2170,0.0399,6.151,0.202
1.3689,-0.0746,-0.1138,4.954,0.565
1.3124,-0.0586,0.5438,3.970,0.547
1.2835,-0.0304,0.6657,5.568,0.745
1.4422,0.0805,0.4595,2.790,0.766
1.5055,-0.1690,2.7750,4.613,0.566
1.5785,0.0648,1.8542,5.035,0.574
1.6104,0.1858,3.5473,5.832,0.642
1.6456,-0.0347,1.7546,6.523,0.787
1.6497,-0.2661,0.7599,5.203,0.579
1.6471,0.0589,0.1436,5.221,0.607
1.6910,-0.1031,1.2843,3.779,0.683
1.7899,0.0351,0.6086,6.167,0.735
1.8177,-0.0518,-1.5246,4.763,0.528
1.6008,-0.3264,3.3776,5.690,0.660
1.7293,-0.1796,0.5944,5.970,0.795
1.6726,-0.2095,0.7450,5.002,0.578
1.5667,-0.2373,0.5791,6.054,0.720
1.5103,-0.2301,1.7675,6.011,0.880
1.6215,-0.1240,4.2065,5.276,0.591
1.4434,-0.2361,0.3022,5.523,0.609
1.4384,-0.1807,-3.0765,6.382,0.792
1.6233,0.0210,0.2771,6.363,0.679
1.5554,-0.0165,-1.2845,6.694,0.798
1.6139,0.0473,-0.3125,6.867,0.912
1.4524,-0.0286,0.2743,5.010,0.552
1.4169,-0.0423,-0.0876,6.456,0.710
1.4912,0.0279,-2.5380,5.416,0.636
1.5162,0.0291,0.4256,5.826,0.504
1.5245,0.0415,-0.1123,5.993,0.983
1.5705,0.0977,-1.0030,6.230,0.792
1.5937,0.1355,0.5725,4.693,0.584
1.3296,-0.0359,-0.0699,5.381,0.570
1.4706,0.0825,1.2040,4.089,0.527
1.5201,0.1209,-2.0654,6.206,0.742
1.5449,0.2187,1.3195,6.709,0.811
1.4438,0.1594,1.0887,5.327,0.577
1.4569,0.1807,-0.3893,6.632,0.896
1.8521,0.0007,2.3374,6.470,0.876
1.7508,0.0964,7.7138,6.656,0.799
1.3190,-0.0941,0.0699,6.681,0.757
1.5154,-0.3019,1.1181,1.025,0.068
1.6044,-0.2189,0.2196,3.961,0.632
1.7330,-0.0579,-3.7621,5.188,0.568
1.7663,-0.0332,-1.0226,4.529,0.527
1.4603,-0.2447,-1.6554,4.074,0.542
1.6509,-0.1045,-1.2998,5.371,0.607
1.5366,-0.1769,-3.6750,5.646,0.672
1.5372,-0.1404,-0.3798,4.239,0.537
1.7272,-0.0036,-1.4317,3.964,0.567
1.6880,-0.0158,0.6295,5.241,0.569
1.6661,0.0026,0.2200,3.814,0.593
1.4641,-0.1257,6.1510,-0.872,0.986
1.6650,0.0649,-1.0317,5.447,0.591
1.5916,0.0180,-0.4926,4.420,0.548
1.6029,0.1320,-2.4543,6.108,0.819
1.8032,-0.0029,-0.7597,4.531,0.524
1.6713,0.1684,4.6690,3.920,0.561
1.6493,0.2116,0.6020,5.674,0.630
1.4007,0.1213,-1.1449,4.674,0.569
1.4965,-0.2168,-0.4689,5.348,0.672
0.7200,-0.0253,0.5449,4.401,0.586
0.7450,-0.1385,0.0558,4.208,0.208
0.8315,0.0083,-0.4663,5.295,0.619
0.8359,0.0433,-0.5351,4.817,0.554
0.8773,-0.0531,-0.0052,4.723,0.533
0.8781,-0.2180,-0.2721,4.412,0.528
0.8977,0.1027,1.3540,0.068,0.767
0.9605,-0.0837,0.0992,4.773,0.480
0.9663,-0.0072,0.3294,4.487,0.519
1.0059,0.0409,0.4923,5.670,0.495
1.0332,0.1466,-1.9856,4.731,0.499
1.0366,-0.1779,-0.7481,4.467,0.577
1.1726,-0.0620,0.1927,5.615,0.431
0.9167,-0.3065,-0.1366,4.025,0.578
0.9877,-0.2297,-2.0399,5.167,0.548
0.9833,-0.2461,2.0607,4.437,0.469
0.8472,-0.2671,-3.2752,5.197,0.601
1.0771,-0.1410,0.1876,3.934,0.573
0.9917,-0.2144,-0.4303,3.737,0.746
1.0722,-0.1204,-0.2574,5.910,0.556
1.1563,-0.0681,1.0771,4.697,0.498
1.0456,-0.1081,-0.5257,5.174,0.559
0.8914,-0.2139,-0.1027,5.020,0.407
1.1525,-0.0303,0.1611,4.502,0.509
0.9316,-0.1781,-0.5616,3.662,0.744
0.9453,-0.1522,1.3320,3.770,0.650
1.0616,-0.0572,-0.2452,5.151,0.768
0.9308,-0.1240,-1.1548,6.305,0.745
1.1562,0.0390,0.4130,5.192,0.487
1.0262,-0.0454,1.5631,4.677,0.462
0.9849,-0.0597,1.0144,6.169,0.532
0.9788,-0.0677,0.1274,5.033,0.547
0.9117,-0.1054,-1.5786,5.774,0.696
0.8340,-0.1465,0.0956,4.039,0.755
1.0113,-0.0050,-2.2700,4.978,0.516
0.8514,-0.0928,0.3691,4.332,0.562
1.0960,0.0659,-1.1934,5.821,0.658
0.7531,-0.1717,2.7508,4.976,0.561
0.7920,-0.1430,2.1075,5.906,0.679
0.7376,-0.1472,-0.3695,5.448,0.562
0.8183,-0.1035,0.4737,5.407,0.731
1.0375,0.0762,0.7807,5.768,0.649
0.9187,-0.0001,0.4774,4.694,0.606
0.9955,0.0609,-0.0142,4.722,0.521
0.8752,-0.0166,0.9587,5.144,0.422
0.7654,-0.0943,2.0092,4.720,0.560
0.9755,0.0698,1.0565,5.585,0.681
1.0111,0.1910,0.2783,4.792,0.571
1.0373,0.1857,-1.3665,4.948,0.564
0.8277,0.0672,-1.0818,5.890,0.508
0.9679,0.1906,-0.3981,6.780,1.121
0.9914,0.2369,0.2643,6.798,0.956
0.7237,0.0831,1.6546,5.140,0.554
0.8258,0.1882,-2.9283,6.380,0.737
0.8271,0.1612,0.1214,4.487,0.502
1.0152,-0.1890,-0.3374,5.912,0.678
1.0894,0.0343,-1.1591,6.315,0.713
1.0003,0.0201,-0.3668,5.687,0.501
0.9671,0.0574,1.1638,6.328,0.386
1.0034,0.1184,0.6530,4.992,0.372
1.0143,0.1434,-0.9561,5.611,-0.070
0.8954,0.0529,-0.5466,4.158,0.540
0.8161,0.0090,0.5831,5.440,0.584
0.8762,0.2105,-3.5609,6.342,0.792
1.0996,-0.0449,0.9648,5.848,0.723
0.7322,-0.0692,-0.0762,5.411,0.588
0.7558,-0.0133,-1.5775,5.446,0.737
0.9848,0.1147,2.0834,5.200,0.533
0.9291,0.1941,0.3135,5.947,0.704
0.8888,0.2384,1.1818,5.632,0.595
1.0282,0.0503,-1.2245,5.947,0.744
1.0949,-0.0658,-1.1211,5.800,0.593
1.1276,-0.1391,0.3294,5.497,0.609
0.7530,0.1014,-1.3989,6.194,0.775
0.8041,-0.0267,-0.2929,6.281,0.978
1.0208,-0.2695,0.4957,4.260,0.501
0.9969,-0.2462,-0.7363,4.842,0.640
0.9554,-0.2647,-1.5265,4.891,0.519
0.9611,-0.1936,-0.3442,0.173,0.940
1.0915,-0.0925,-7.0149,5.943,0.659
1.0512,-0.0757,0.2622,3.707,0.571
0.8318,-0.2254,1.5546,3.138,0.765
0.8004,-0.2180,0.4190,4.814,0.560
0.8134,-0.1667,-0.0029,4.239,0.555
0.7986,-0.1851,0.0667,4.685,0.499
0.8845,-0.1215,0.2585,4.497,0.537
0.9549,-0.0650,-1.3141,4.194,0.598
0.8409,-0.1324,-0.0247,2.951,0.848
1.0330,0.0066,1.0424,4.696,0.502
0.9280,-0.0652,0.1061,5.175,0.575
0.8351,-0.0671,-0.7111,2.958,0.702
0.9141,0.0130,1.3636,5.475,0.746
0.8389,-0.0380,-1.5578,3.691,0.652
0.8776,0.0059,-0.2137,3.868,0.552
1.0070,0.0965,-3.0868,3.984,0.493
0.7674,-0.0371,1.1007,4.189,0.534
0.6930,0.0191,0.5492,0.121,0.952
0.9853,0.2264,0.0340,5.430,0.673
0.8340,0.1712,-0.4947,4.845,0.780
0.9177,0.1708,-1.1727,5.395,0.593
0.9570,0.2049,2.3075,4.683,0.555
0.9032,0.2238,0.1837,6.362,0.529
0.9221,0.2665,-2.1110,5.788,0.650
0.7160,-0.0364,0.2352,5.780,0.510
0.7495,0.0504,1.3356,4.051,0.544
0.9798,0.3068,-0.5524,5.236,0.593
1.2567,0.4214,2.7024,6.936,0.997
1.1612,0.4305,0.5121,4.421,0.567
1.1672,0.4630,0.2983,4.718,0.512
1.1919,0.1315,1.1558,4.181,0.577
1.2486,0.5210,1.1182,5.022,0.588
1.3031,0.3964,-2.1098,5.867,0.685
1.3781,0.3233,0.3660,5.721,0.634
1.4558,0.3986,1.2276,5.208,0.565
1.4165,0.1586,0.2034,6.062,0.662
1.2537,0.0650,-1.0431,6.240,0.613
1.4942,0.2845,0.2480,6.400,0.859
1.4525,0.2291,2.4424,3.513,0.702
1.4192,0.2162,0.5879,6.481,0.776
1.3229,0.1493,0.6252,5.168,0.570
1.2401,0.0995,-2.0614,6.276,0.705
1.1930,0.1130,-1.4475,5.363,0.501
1.4906,0.3296,-0.2834,6.076,0.705
1.1535,0.1953,0.5978,5.872,0.684
1.2929,0.2975,-0.6431,6.380,0.704
1.2527,0.3297,0.6665,3.821,0.893
1.3757,0.4442,2.1868,5.002,0.534
1.0555,0.2590,-2.7427,4.832,0.567
1.1641,0.3306,0.7352,4.860,0.533
1.2656,0.4452,-0.0768,5.741,0.664
0.9939,0.2687,-0.6293,6.055,0.736
1.0822,0.4564,0.1755,5.818,0.877
1.3344,0.2314,-1.5861,6.054,0.789
1.2274,0.2686,-1.8178,5.707,0.650
1.1861,0.2501,-1.1734,6.737,0.760
1.2859,0.3674,0.5555,5.791,0.704
1.1554,0.3600,0.9136,6.076,0.707
1.3011,0.5273,1.2348,6.472,0.778
1.3300,0.5515,-4.3243,6.553,0.817
1.2250,0.5111,1.9921,5.562,0.628
1.2460,0.5504,-0.4635,6.534,0.080
1.2211,0.5960,0.1213,5.285,0.573
1.2780,0.0200,1.9471,4.067,0.507
1.2037,0.0342,1.7599,0.797,0.226
1.4944,0.2522,-1.2298,0.866,0.870
1.2513,0.1261,-0.3456,4.955,0.500
1.2680,0.1412,1.5760,4.289,0.488
1.4745,0.2995,-1.0988,5.589,0.609
1.3944,0.2493,3.7316,5.342,0.573
1.4392,0.3004,0.4871,2.364,0.692
1.2154,0.1668,-1.6311,4.737,0.571
1.2259,0.1489,1.7806,2.191,0.756
1.2402,0.2130,-0.5509,4.484,0.493
1.2702,0.2539,0.3406,5.788,0.610
1.1134,0.1455,-0.4126,3.605,0.383
1.1014,0.2006,-3.1207,2.804,0.733
1.1881,0.2787,-0.6734,4.992,0.570
1.3943,0.4819,-1.5862,3.876,0.567
1.3295,0.4496,1.3892,4.456,0.536
1.1693,0.3940,-1.9079,3.842,0.564
1.1714,0.5035,0.1164,4.087,0.542
1.2858,0.6018,-2.9235,3.801,0.613
1.3570,0.1960,-2.0057,5.495,0.572
1.3571,0.2209,1.2130,5.460,0.566
1.3266,0.3585,0.2734,6.624,0.878
1.0314,0.2589,-0.7407,5.484,0.586
1.1258,0.4140,0.6806,5.888,0.677
0.9261,0.3010,-0.3142,6.370,0.699
2.0237,0.3068,-2.2786,6.244,0.632
1.8359,0.5708,2.2850,6.151,0.758
1.9447,0.4568,1.2284,2.706,0.756
1.9527,0.2685,-0.3787,5.837,0.646
1.9822,0.1632,3.3062,4.173,0.543
2.0003,0.2022,-0.5024,4.682,0.497
2.0721,0.1806,1.7736,5.071,0.558
1.9206,0.0153,-0.3372,6.859,0.905
1.9396,0.1163,2.3920,5.404,0.580
1.9760,0.1799,-1.5070,5.105,0.849
2.0276,0.2161,3.5060,4.514,0.538
1.9619,0.2389,0.4003,6.576,0.865
1.9052,0.2621,1.4327,4.263,0.540
1.8149,0.2027,-0.2653,6.337,0.709
2.0263,0.3613,0.4264,5.896,0.656
2.0063,0.4110,-1.9168,6.705,0.805
1.7551,0.2538,-0.3631,4.323,0.558
2.0571,0.4557,-2.1325,5.686,0.604
1.9625,0.4452,-0.6934,4.636,0.516
1.7809,0.3678,-0.0230,6.517,0.771
1.7059,0.3156,-1.0103,6.756,0.764
1.7938,0.3880,1.8950,6.852,0.863
1.6988,0.3452,-2.5459,6.548,0.872
1.8118,0.4271,-0.6206,5.437,0.582
1.7848,0.4188,-1.6989,5.642,0.605
1.8865,0.4974,-0.9514,6.174,0.735
1.8987,0.5432,-0.0098,5.444,0.578
1.8648,0.5228,1.5599,6.310,0.577
1.7897,0.4768,1.9638,6.261,0.718
1.9021,-0.0041,0.7849,6.213,0.692
1.8043,0.1052,-1.7028,6.424,0.829
1.6900,0.1874,0.0390,6.358,0.828
1.6798,0.2256,2.2124,6.124,0.729
2.0573,0.1964,-0.4756,5.852,0.621
1.9372,0.0566,-0.2713,2.267,0.768
2.1381,0.2445,-0.1860,5.433,0.576
1.9954,0.1412,10.8590,3.240,0.723
2.0398,0.2072,0.3111,5.751,0.737
2.0892,0.2344,-2.2569,5.535,0.585
2.0614,0.2288,-0.2000,5.294,0.561
2.0576,0.2748,-1.0821,5.783,0.644
2.0956,0.3034,-0.3392,5.693,0.626
1.8637,0.1631,-3.5262,4.141,0.527
2.0772,0.3854,1.0804,3.981,0.528
1.7890,0.2016,0.0032,3.876,0.575
1.9509,0.4137,-0.2485,2.882,0.738
1.9166,0.4060,-0.2039,4.184,0.554
1.8213,0.3434,1.4490,5.345,0.586
1.6760,0.3377,-0.3447,4.399,0.521
1.7557,0.3958,0.1358,4.572,0.472
1.7684,0.4127,2.2057,5.905,0.554
1.9138,0.5205,-7.8271,5.062,0.564
1.8440,0.5084,2.4774,4.734,0.561
1.9309,0.5858,-4.7374,5.619,0.639
1.7447,0.4690,-1.4722,4.605,0.527
1.7648,0.5014,-2.0621,5.287,0.577
1.8837,0.5902,-2.6041,4.240,0.499
1.8718,0.0370,4.4529,6.434,0.870
1.8711,0.3696,2.6571,3.910,0.550
1.7101,0.2702,1.5847,4.671,0.578
1.8654,0.3977,1.0339,4.811,0.577
1.6532,0.2985,-0.3997,1.658,0.842
1.9335,0.3650,0.8759,4.677,0.544
1.8713,0.4507,-3.4931,4.600,0.520
1.8675,0.0265,-0.2620,6.391,0.676
2.2552,0.5043,-0.4226,3.717,0.622
2.3336,0.7037,0.8663,6.530,0.792
2.1547,0.9054,1.5974,6.646,0.860
2.1332,0.3985,0.8153,4.930,0.569
2.2022,0.6752,4.5612,5.662,0.602
2.1097,0.6023,-0.7194,5.348,0.589
2.1916,0.5329,-0.2635,5.823,0.618
2.2884,0.5926,3.1864,5.603,0.664
2.3331,0.7882,2.2628,6.479,0.819
2.2285,0.8622,3.7922,2.369,0.752
2.1132,0.7805,-6.2619,4.464,0.495
2.2416,0.3865,-1.1288,6.760,0.853
2.2259,0.4366,3.0754,5.188,0.592
2.1532,0.5255,1.4281,6.253,0.707
2.3826,0.6964,-0.3940,5.833,0.628
2.2359,0.7223,0.5398,6.008,0.651
2.2472,0.7808,0.3832,6.359,0.662
2.0558,0.6736,0.8503,4.670,0.496
2.0247,0.6691,-0.8366,5.447,0.589
2.1827,0.8474,-3.9180,6.446,0.768
2.1856,0.9411,-1.9105,6.211,0.724
2.2042,0.3238,3.5570,5.580,0.637
2.3167,0.4359,-0.8356,5.273,0.569
2.2682,0.4024,-1.7497,3.695,0.613
2.1831,0.3634,-2.9236,5.417,0.606
2.1920,0.4116,5.0831,4.737,0.530
2.1880,0.4420,0.1144,2.697,0.746
2.2280,0.5352,-0.2096,3.988,0.525
2.4238,0.6728,-1.2854,4.228,0.494
2.3961,0.6677,0.9815,4.972,0.509
2.2558,0.5998,0.5805,5.448,0.678
2.1300,0.6299,6.0686,5.184,0.526
2.0528,0.6014,-1.1902,0.646,0.673
2.2573,0.7448,1.1104,3.715,0.570
2.1575,0.7111,-2.0009,5.006,0.550
2.0433,0.6351,3.4654,5.280,0.569
2.2103,0.7799,-9.7523,0.655,0.360
2.0500,0.6968,0.1339,4.363,0.520
2.1259,0.7591,-2.0098,5.094,0.558
1.9892,0.6848,3.0728,4.890,0.530
2.0540,0.7455,1.6389,4.738,0.508
1.8949,0.6502,1.4705,5.166,0.563
1.9600,0.7183,1.4916,5.613,0.591
2.1078,0.6381,-1.7783,4.229,0.500
2.2573,0.6231,-0.2089,4.635,0.528
1.7894,0.6123,-0.6724,5.997,0.709
1.7518,0.7087,-3.2075,6.001,0.730
1.6555,0.8278,0.2368,6.373,0.792
1.5779,0.4733,0.8651,3.425,0.762
1.5780,0.6303,2.5589,6.655,0.861
1.6302,0.5044,-0.4882,4.687,0.562
1.6832,0.7059,1.0475,4.488,0.547
1.6931,0.7346,-2.8302,5.371,0.579
1.6596,0.4070,-2.6189,6.728,0.755
1.6377,0.4390,-2.2495,6.045,0.664
1.8053,0.6643,-0.4711,6.158,0.706
1.6576,0.6584,-0.4795,5.990,0.756
1.5044,0.6413,9.5936,6.404,0.761
1.4640,0.7650,2.6906,6.071,0.454
1.4764,0.7602,-0.4463,4.452,0.543
1.5081,0.7726,-2.3921,5.577,0.627
1.4158,0.7381,-12.3379,4.301,0.537
1.4490,0.7697,-0.3733,6.562,0.819
1.4932,0.4851,2.2081,5.987,0.698
1.4596,0.5087,-7.9501,6.614,0.779
1.4270,0.6081,-10.7864,6.360,0.756
1.4076,0.6157,-0.2296,5.908,0.718
1.4273,0.6539,-0.0895,5.995,0.700
1.3233,0.6663,-0.4708,4.863,0.543
1.3105,0.6673,-6.5680,5.851,0.607
1.4808,0.8560,1.7237,5.032,0.567
1.6892,0.4809,0.3382,6.614,0.853
1.5127,0.5780,0.4527,4.828,0.530
1.6394,0.6680,-0.5425,3.807,0.556
1.5718,0.6788,0.2351,1.205,0.041
1.5141,0.6797,0.9523,3.587,0.671
1.4542,0.7187,-0.1315,4.767,0.542
1.4897,0.7609,-2.1146,4.846,0.546
1.4350,0.7878,-2.8141,4.937,0.558
1.5107,0.3731,-0.2716,6.555,0.759
1.5017,0.3982,-1.0302,5.712,0.807
1.5232,0.4696,-3.2063,5.026,0.567
1.4645,0.4742,-0.6517,4.971,0.560
1.4396,0.4686,0.9743,4.662,0.523
1.5169,0.5330,-2.7278,4.049,0.510
1.3880,0.5363,0.0123,2.140,0.805
1.4044,0.5559,-1.7805,3.748,0.651
1.4139,0.5816,-0.6948,3.804,0.575
1.3717,0.6103,-0.8884,6.674,0.522
1.3662,0.6324,-0.6765,2.731,0.736
1.3606,0.6599,0.5985,4.928,0.535
1.7674,0.5387,-1.0134,3.897,0.560
2.0393,0.8281,-0.1763,5.782,0.664
2.0945,0.9862,0.1651,6.002,0.752
1.6656,0.9299,1.3828,5.164,0.563
1.6951,1.0080,1.2954,5.650,0.596
1.8280,1.0478,0.7032,5.685,0.635
1.9826,1.1261,4.2928,6.420,0.785
1.9119,0.6820,-3.8368,6.143,0.717
1.8666,0.6782,0.6414,5.253,0.562
2.1661,0.9809,-0.3884,6.758,0.869
1.9830,1.0380,-0.5493,5.966,0.640
1.7421,1.0556,-1.2885,4.926,0.563
1.7813,1.1734,-2.5669,6.440,0.744
1.7845,0.9861,6.2414,6.873,0.937
1.7830,1.0353,-3.3711,6.323,0.633
1.9029,0.7063,1.3650,4.827,0.515
1.9655,0.7842,0.5474,6.293,0.817
1.9000,0.7429,-1.3618,4.296,0.519
1.9905,0.8499,3.6953,6.281,0.818
2.1350,0.9925,4.6512,4.611,0.498
1.8196,0.7942,0.7461,2.540,0.743
1.8505,0.8368,-3.5127,4.313,0.498
1.9466,0.9217,-0.2721,4.672,0.525
1.9789,0.9497,0.1082,3.692,0.643
2.0414,1.0127,4.7888,3.585,0.683
1.8902,0.9115,0.3809,5.048,0.539
2.0671,1.0651,-0.2430,5.211,0.568
1.8120,0.9001,-0.0055,5.318,0.571
1.9673,1.0170,-2.3917,4.923,0.536
1.9873,1.0693,1.3123,4.918,0.549
1.7819,0.9295,2.3772,4.597,0.502
1.7398,1.0084,2.5064,5.035,0.543
1.7888,1.0698,-1.0771,2.602,0.745
1.9197,1.1550,-1.0331,6.014,0.688
1.8096,1.1341,1.7145,0.801,0.861
1.7305,1.0930,0.2255,6.787,0.926
1.8039,1.1924,-3.6410,5.345,0.374
1.8145,1.2081,-1.0894,5.343,0.656
1.7730,1.1377,0.9191,5.432,0.594
1.6757,1.0714,-3.4775,4.725,0.520
1.9163,1.2409,-3.2175,3.774,0.581
1.6472,0.9771,-1.8367,5.167,0.562
1.5229,0.9335,0.4122,0.959,0.865
-0.6248,-1.3000,0.4174,5.082,0.630
-0.8674,-1.0835,0.7752,5.148,0.665
-0.8262,-1.1329,0.7126,4.320,0.638
-0.6320,-1.0994,0.5926,5.587,0.586
-0.5150,-1.1835,-0.1654,2.220,0.863
-0.4904,-1.1726,-2.5771,4.437,0.552
-0.5586,-1.2197,0.0786,6.551,0.814
-0.5317,-1.1813,-2.5677,4.376,0.616
-0.5462,-1.1804,2.9993,4.774,0.579
-0.3975,-1.0605,-0.1851,6.168,0.786
-0.7168,-1.2449,0.1301,5.219,0.653
-0.7195,-1.2510,-1.2531,5.955,0.622
-0.4523,-1.0430,2.2428,5.135,0.628
-0.3929,-0.9976,-1.3152,6.559,0.857
-0.6152,-1.1502,0.1317,5.446,0.703
-0.6089,-1.1064,1.2649,5.949,0.714
-0.5363,-1.0687,-0.2949,5.274,0.702
-0.4447,-0.9765,0.0029,6.570,0.843
-0.6441,-1.0924,0.2874,5.497,0.623
-0.6835,-1.1248,-1.0954,4.826,0.588
-0.7565,-1.1603,0.0177,6.390,0.809
-0.7028,-1.0666,-0.4229,4.027,0.692
-0.7350,-1.0672,-0.3135,5.739,0.683
-0.6865,-1.0155,0.7242,5.284,0.728
-0.6914,-1.0229,1.4864,5.942,0.715
-0.5816,-0.9095,-3.2999,6.167,0.826
-0.5719,-0.9106,-0.4396,6.623,0.623
-0.8282,-1.0850,-2.7449,6.649,0.772
-0.6178,-0.9169,1.7736,5.933,0.684
-0.5556,-0.8527,-3.9131,6.489,1.009
-0.8257,-1.0238,-5.8293,6.330,0.865
-0.7654,-0.9491,1.7608,6.915,1.012
-0.8331,-0.9717,-1.6824,6.711,1.042
-0.8546,-0.9193,0.0152,6.597,1.094
-0.6493,-0.7333,1.3433,3.764,0.696
-0.5666,-1.1724,0.2727,6.753,0.815
-0.8574,-1.1146,0.5814,5.351,0.422
-0.6658,-0.8297,3.6496,6.071,0.737
-0.7605,-0.8941,0.8084,6.263,0.805
-0.6795,-0.7809,1.0725,6.243,0.687
-0.6932,-1.0961,1.5500,6.230,0.735
-0.6406,-1.0634,-0.3401,6.194,0.757
-0.7061,-0.9474,0.5533,6.758,1.099
-0.6560,-0.7932,0.9895,5.894,0.742
-0.6494,-0.7739,-9.8612,6.807,0.868
-0.4193,-1.1144,0.8134,5.751,0.788
-0.6861,-1.2736,-1.5814,4.698,0.587
-0.6800,-1.2391,-0.0443,4.766,0.437
-0.5705,-1.1432,-0.0424,5.234,0.644
-0.5136,-1.0919,0.6329,4.595,0.579
-0.4584,-1.0040,-0.4069,6.008,0.792
-0.6093,-1.0993,0.4150,5.665,0.698
-0.4203,-0.9651,0.4865,4.501,0.597
-0.6677,-1.1360,-0.5835,4.378,0.597
-0.5633,-1.0553,-0.7555,4.958,0.579
-0.5294,-1.0377,-0.6887,1.987,0.868
-0.7001,-1.1508,3.4464,4.833,0.588
-0.5830,-1.0275,1.8469,5.650,0.453
-0.6715,-1.0798,2.1044,5.078,0.617
-0.6043,-1.0028,-0.9166,-0.476,1.004
-0.5610,-0.9346,-1.7536,4.422,0.576
-0.6732,-1.0410,0.5343,4.448,0.595
-0.8447,-1.1272,-1.7948,4.894,0.590
-0.8074,-1.0503,-0.7249,5.015,0.602
-0.5349,-0.8491,3.7253,4.107,0.642
-0.6569,-0.9299,0.6921,2.385,0.863
-0.7326,-0.9496,-0.6867,4.071,0.635
-0.6685,-0.8842,-1.6310,5.133,0.662
-0.6292,-0.8266,0.9404,4.047,0.602
-0.7246,-0.8916,-0.6800,4.317,0.576
-0.8878,-1.0032,0.0219,4.376,0.594
-0.8626,-0.9605,0.3886,5.014,0.685
-0.8240,-0.8884,0.9806,4.231,0.620
-0.7375,-0.8198,-0.3498,3.099,0.858
-0.6706,-0.7483,-0.0901,4.519,0.554
-0.6477,-0.7400,0.0105,4.475,0.667
-0.6062,-1.0319,0.0020,5.372,1.060
-0.5506,-0.9584,-1.2045,4.681,0.601
-0.8069,-1.1354,0.9664,4.673,0.579
-0.7246,-1.0218,-1.4400,5.528,0.626
-0.6894,-0.8615,-1.2885,4.201,0.591
-0.7352,-0.8606,0.9508,5.258,0.626
-0.7562,-0.9952,0.1138,4.781,0.669
-0.8072,-1.0210,0.7619,4.867,0.580
-0.6728,-1.2261,-0.4030,4.641,0.862
-0.4894,-0.8154,-0.2853,4.232,0.605
-0.4347,-0.5111,-0.8831,3.843,0.721
-0.3628,-0.5724,0.0319,3.210,0.852
-0.3488,-0.7790,1.3745,4.491,0.573
-0.3408,-0.9341,2.8614,5.002,0.576
-0.3331,-0.5483,-0.1455,4.099,0.591
-0.3317,-0.6786,-0.0915,4.976,0.617
-0.2705,-0.6861,-1.7967,2.833,0.851
-0.2634,-0.5959,-0.8508,1.189,0.886
-0.2500,-0.5583,0.1287,0.977,0.887
-0.1992,-0.5872,-0.7151,4.678,0.555
-0.0701,-0.7164,0.6353,0.897,0.494
-0.3369,-1.0274,-1.8919,5.783,0.714
-0.2625,-0.9533,0.7009,6.683,0.809
-0.2690,-0.9179,-0.4071,5.277,0.565
-0.3165,-0.9206,0.4533,4.437,0.645
-0.3596,-0.9518,-1.1242,5.999,0.585
-0.2736,-0.7778,0.1485,4.896,0.583
-0.2483,-0.8277,-0.8885,5.423,0.878
-0.2440,-0.8407,0.7848,4.105,0.560
-0.1496,-0.7661,0.3381,4.711,0.571
-0.4540,-0.8313,-1.1585,4.539,0.689
-0.0936,-0.6663,0.2653,4.291,0.554
-0.3652,-0.7979,-0.0144,4.659,0.603
-0.2448,-0.7227,0.7269,5.440,0.749
-0.1349,-0.6445,-0.2950,4.922,0.579
-0.3036,-0.7345,-1.6826,4.311,0.569
-0.3235,-0.7209,-0.0299,5.220,0.601
-0.2262,-0.6497,-0.2444,5.438,0.740
-0.2805,-0.6611,0.7805,5.823,0.451
-0.2441,-0.6513,1.1629,6.234,0.904
-0.4645,-0.7739,0.4806,5.349,0.733
-0.1844,-0.5671,-0.0226,5.628,0.769
-0.2264,-0.5905,0.2051,5.214,0.804
-0.3047,-0.6276,-0.5935,4.830,0.899
-0.3098,-0.6450,-0.4223,4.168,0.538
-0.4251,-0.7317,-0.0425,4.289,0.566
-0.3727,-0.6505,1.2369,5.353,0.717
-0.4855,-0.7187,0.7922,4.781,0.708
-0.2017,-0.5274,-0.3698,4.175,0.613
-0.5588,-0.7598,-0.3133,4.435,0.490
-0.5543,-0.7459,0.4719,4.545,0.768
-0.5819,-0.7415,1.7494,2.928,0.848
-0.5970,-0.7453,6.3903,4.467,0.491
-0.4872,-0.6318,-0.5891,6.349,0.807
-0.3375,-0.4679,0.1713,4.415,0.675
-0.3595,-0.5219,1.1447,4.780,0.577
-0.4883,-0.5999,0.3777,5.406,0.604
-0.4061,-0.5340,0.1549,5.104,0.499
-0.3392,-0.4384,-0.2906,4.723,0.495
-0.4261,-0.8125,-0.2232,4.841,0.616
-0.5348,-0.6093,4.6078,6.459,0.832
-0.3202,-0.3915,0.0112,4.214,0.469
-0.1664,-0.6743,0.4130,3.960,0.645
-0.3553,-0.7197,0.0388,6.218,0.782
-0.2039,-0.6252,-0.2110,5.989,0.499
-0.2187,-0.6146,0.3255,5.649,0.618
-0.3760,-0.4908,0.1209,5.891,0.571
-0.4463,-0.7856,1.1040,6.278,0.882
-0.5085,-0.8238,0.4366,5.443,0.712
-0.4269,-0.6072,-0.6652,6.830,0.975
-0.4316,-0.9307,-0.7378,5.102,0.574
-0.3155,-0.9831,-0.8768,3.667,0.796
-0.1334,-0.8210,1.3842,0.834,0.923
-0.2303,-0.8723,0.4818,5.367,0.864
-0.1225,-0.7931,1.1006,4.787,0.568
-0.1738,-0.8060,0.4035,6.301,0.808
-0.2250,-0.8256,-0.2836,4.280,0.563
-0.3209,-0.8636,-0.7576,5.908,0.649
-0.3685,-0.8632,-0.3267,4.399,0.579
-0.1399,-0.7029,1.0866,3.895,0.589
-0.3277,-0.8268,0.0697,5.538,0.639
-0.4584,-0.8853,1.4196,-0.876,1.091
-0.4048,-0.8221,0.4331,3.958,0.665
-0.3882,-0.8218,0.9317,5.093,0.330
-0.2790,-0.6485,-0.6706,4.536,0.658
-0.4132,-0.7202,0.6297,3.719,0.871
-0.4465,-0.7000,-0.8459,2.827,0.857
-0.3715,-0.5844,0.3054,5.407,1.223
-0.2597,-0.4680,0.8287,4.581,0.538
-0.3420,-0.4932,0.9819,4.458,0.573
-0.5795,-0.6928,-1.0113,4.074,0.585
-0.4395,-0.5540,-0.9007,3.725,0.686
-0.4041,-0.4781,0.4225,4.249,0.588
-0.3597,-0.4393,-0.0037,5.066,0.569
-0.3852,-0.4572,-0.1016,5.227,0.569
-0.4820,-0.8504,0.4249,4.823,0.667
-0.1659,-0.5806,-0.3332,5.736,-0.070
-0.5046,-0.7410,0.7021,5.010,0.662
-0.4014,-0.6490,7.5065,3.432,0.795
-0.3602,-0.6196,-1.1787,4.808,0.571
-0.5234,-0.6216,-0.1083,4.939,0.630
-0.2998,-0.7716,-0.7843,5.689,0.664
-0.6021,-0.7008,-0.6024,5.674,0.581
-0.3442,-0.4049,1.9179,5.607,0.562
-0.9081,-0.8484,2.1362,0.969,0.553
-1.0285,-0.8358,-1.3036,3.861,0.674
-1.0911,-0.7532,-2.2832,4.390,0.569
-1.2363,-0.6557,0.5164,4.822,0.561
-1.0377,-0.4569,0.4846,4.812,0.567
-0.9658,-0.6537,-2.9030,3.959,0.764
-0.9534,-0.5027,-3.3964,4.305,0.459
-0.8152,-0.7870,0.3767,4.361,0.579
-0.7576,-0.6705,-0.7318,3.905,0.737
-0.8604,-0.5937,-0.2328,5.222,0.662
-0.8679,-0.9222,1.2166,6.032,0.741
-0.9601,-0.9842,-0.5640,4.573,0.718
-0.8442,-0.8111,-0.1645,5.461,0.630
-0.8915,-0.8157,2.1747,6.444,0.705
-0.9483,-0.7913,1.1814,5.457,0.742
-0.8683,-0.6498,-1.0290,4.913,0.486
-0.9476,-0.6676,0.4117,4.301,0.626
-0.9425,-0.6876,-0.3881,5.529,0.580
-1.1057,-0.7660,-0.8512,5.553,0.567
-0.8149,-0.5561,0.7281,5.112,0.608
-0.8302,-0.5501,-2.5976,5.740,0.589
-0.8977,-0.6051,0.7943,5.262,0.604
-1.0762,-0.6687,0.8837,6.547,0.693
-0.9149,-0.4948,-0.6001,6.086,0.859
-0.9373,-0.5582,0.1552,5.458,0.714
-1.1540,-0.6809,-0.9765,4.563,0.567
-1.1167,-0.6218,0.0896,4.998,0.573
-1.0956,-0.6164,-1.2820,6.489,0.668
-0.9896,-0.5288,1.1290,4.473,0.560
-1.1339,-0.6137,1.2278,6.492,0.528
-1.0491,-0.5476,-1.9218,5.559,0.758
-0.9685,-0.4909,0.6368,4.930,0.535
-0.9764,-0.4131,-0.5312,5.604,-0.070
-0.9570,-0.4248,0.9301,5.478,0.685
-0.7810,-0.7899,0.2585,6.794,0.881
-0.8009,-0.6124,0.1220,5.493,0.577
-0.8572,-0.6335,-1.1196,5.231,0.751
-0.8735,-0.5747,0.0302,5.152,0.615
-0.9502,-0.5115,-0.1905,5.860,0.598
-0.8593,-0.8850,-1.2458,6.408,0.769
-0.9584,-0.9089,-1.2780,6.768,0.861
-1.0158,-0.9023,0.1173,6.281,0.807
-1.0927,-0.8492,2.8391,6.719,0.965
-0.7587,-0.7554,1.4988,6.072,0.712
-0.8677,-0.7309,0.2284,5.488,0.695
-0.7784,-0.6881,-0.6430,6.708,0.861
-0.7326,-0.6345,-2.2561,6.200,0.656
-0.9231,-0.6652,-0.4416,6.300,0.688
-1.2475,-0.7365,0.6525,6.526,0.858
-0.8238,-0.6265,0.5666,5.463,0.605
-1.0905,-0.6585,0.3994,5.797,0.719
-0.9333,-0.6073,1.3333,6.393,0.860
-1.0754,-0.4879,0.5966,6.609,0.635
-0.8593,-0.7503,-0.9008,6.438,0.787
-1.0333,-0.5350,-0.8275,6.457,-0.070
-1.0690,-0.7222,0.5607,6.569,0.833
-1.0666,-0.7696,-1.0079,6.280,0.729
-0.8662,-0.8102,1.3180,3.937,0.680
-0.7534,-0.7099,0.7930,4.990,0.580
-0.8175,-0.7138,-0.6738,5.641,1.475
-0.8159,-0.7333,1.1202,0.752,0.917
-1.0830,-0.9014,1.1962,4.320,0.570
-0.7649,-0.6530,-0.0802,4.431,0.656
-0.9553,-0.7711,1.2867,5.091,0.688
-0.9983,-0.7915,-0.1586,4.725,0.580
-0.7681,-0.6043,0.7536,4.268,0.377
-1.0136,-0.7475,-0.9202,4.546,0.572
-0.9698,-0.6670,0.4225,4.589,0.531
-0.8061,-0.5878,2.5838,5.843,0.877
-1.0365,-0.7386,0.2962,4.200,0.593
-1.1767,-0.7948,0.2047,4.769,0.565
-1.1254,-0.7003,-0.1602,3.660,0.476
-0.9010,-0.5350,1.2746,1.907,0.870
-1.0619,-0.6394,-0.3704,4.782,0.683
-1.1104,-0.6692,0.1765,5.153,0.629
-1.0214,-0.5961,-0.5539,0.654,0.931
-1.2023,-0.7199,-0.7321,2.514,0.842
-0.9890,-0.5230,0.7285,4.911,0.499
-1.1744,-0.5892,-1.1152,5.680,0.665
-1.0475,-0.4465,0.4591,5.333,0.487
-1.0010,-0.8279,-0.3133,5.700,0.733
-0.9813,-0.8090,0.5753,4.787,0.578
-1.0524,-0.7869,-0.5665,5.694,0.668
-1.1166,-0.8406,-0.2563,5.152,0.570
-0.9900,-0.5801,-1.1446,6.199,0.968
-1.2601,-0.7153,0.9739,4.985,0.591
-0.9054,-0.9632,1.6672,3.164,0.859
-0.9741,-0.9095,-0.1091,4.985,0.642
-0.6735,-0.7166,-0.8470,5.189,0.584
-1.1373,-0.8118,0.9521,5.000,0.582
-1.1531,-0.7827,1.1026,6.697,0.816
-1.2267,-0.7515,0.5130,5.261,0.608
-1.0449,-0.5060,0.6812,5.499,0.686
-0.8054,-0.5115,-0.1705,4.677,0.581
-0.7466,-0.2557,-0.1141,3.967,0.584
-0.7338,-0.4375,0.2205,5.391,0.643
-0.7202,-0.2837,-0.2778,4.411,0.571
-0.7099,-0.3557,0.6425,5.208,0.738
-0.6988,-0.3074,-0.0973,4.454,0.583
-0.6985,-0.5063,0.2356,4.771,0.569
-0.6768,-0.3865,-0.1278,4.180,0.575
-0.6149,-0.0839,-0.0257,4.680,0.562
-0.6155,-0.5291,0.1325,3.923,0.596
-0.5476,-0.3134,0.3370,2.056,0.856
-0.3827,-0.4075,0.5715,5.020,0.478
-0.5352,-0.5748,-0.4658,5.084,0.561
-0.4984,-0.5112,0.7949,4.083,0.608
-0.4734,-0.4946,0.6023,3.965,0.570
-0.6364,-0.5926,-0.2323,7.204,1.483
-0.3828,-0.3896,0.0787,5.295,0.869
-0.4512,-0.4454,-0.4377,5.330,0.598
-0.5484,-0.4962,-0.0146,6.336,0.754
-0.3599,-0.3688,2.6495,4.585,0.586
-0.6019,-0.5276,0.2542,3.887,0.402
-0.4211,-0.3203,1.7088,4.767,0.561
-0.3951,-0.3578,-1.0161,4.851,0.534
-0.6414,-0.5317,-0.1651,4.989,0.564
-0.5382,-0.4575,-0.6116,5.266,0.573
-0.4468,-0.3874,-0.1165,4.538,0.476
-0.5167,-0.3906,0.1660,4.012,0.564
-0.5971,-0.4409,-0.8721,4.963,0.680
-0.7692,-0.5599,0.7036,4.096,0.572
-0.4556,-0.2643,-0.0154,5.278,0.486
-0.4468,-0.2529,1.2454,5.201,0.700
-0.5201,-0.3163,-0.2249,5.845,0.580
-0.7821,-0.4728,0.0903,6.420,0.872
-0.6505,-0.3690,0.1751,4.410,0.571
-0.5421,-0.2742,-5.1950,6.414,0.322
-0.4896,-0.2388,1.5468,5.058,0.495
-0.7546,-0.4292,-0.7029,5.768,0.663
-0.7474,-0.3917,-0.6566,4.678,0.566
-0.6891,-0.2250,0.4435,5.028,0.507
-0.7034,-0.2273,-0.8775,4.401,0.557
-0.8115,-0.2906,0.5720,5.670,0.639
-0.7203,-0.2161,1.1310,4.817,0.566
-0.7124,-0.2078,-0.8974,5.554,0.858
-0.6167,-0.1217,0.2641,4.682,0.648
-0.5833,-0.1360,-0.6678,4.244,0.564
-0.9722,-0.3674,0.0684,4.592,0.668
-0.8455,-0.2779,1.3689,6.327,0.798
-0.6685,-0.0733,-0.7738,4.696,0.744
-0.6516,-0.0875,5.5167,4.262,0.544
-0.6540,-0.1116,0.5444,5.401,0.532
-0.7247,-0.1428,0.3673,4.729,0.560
-0.7801,-0.1753,-1.8050,5.645,0.676
-0.6061,-0.6118,0.7203,5.700,0.589
-0.3412,-0.3652,0.2691,5.621,0.574
-0.6983,-0.5655,2.2886,5.837,0.648
-0.7344,-0.5441,1.0420,6.525,0.862
-0.6228,-0.4523,-0.1511,6.125,0.717
-0.4330,-0.2937,-1.1344,5.287,0.719
-0.8929,-0.3031,0.2726,5.162,0.593
-0.8650,-0.2830,0.5424,5.441,0.580
-0.7120,-0.6390,-1.7782,5.977,0.728
-0.6416,-0.6179,-0.7483,5.148,0.683
-0.6783,-0.5379,0.6669,5.992,0.752
-0.7477,-0.5297,-2.4044,5.701,0.634
-0.7599,-0.5013,-1.8595,6.429,0.877
-0.7384,-0.5026,8.4128,5.934,0.683
-0.8110,-0.5172,-1.5045,5.483,0.574
-0.7200,-0.4597,-1.5851,6.171,0.695
-0.6808,-0.3162,0.1103,6.382,0.701
-0.7941,-0.3046,-0.4839,6.065,0.647
-0.7985,-0.2015,-0.3515,5.614,0.643
-0.7464,-0.1620,-0.5757,5.995,0.587
-0.5398,-0.1992,-0.0947,5.746,0.576
-0.5631,-0.2439,-0.1651,5.496,0.726
-0.5497,-0.3547,0.4239,5.918,0.768
-0.6587,-0.2292,-0.4106,4.552,0.566
-0.5684,-0.4433,1.5430,4.234,0.677
-0.6255,-0.3602,-0.3612,6.110,0.679
-0.5521,-0.5891,-0.8154,5.568,0.719
-0.7880,-0.5418,-0.9179,6.300,0.698
-0.6865,-0.1103,0.0085,5.749,0.766
-0.6430,-0.6630,0.3850,2.169,0.855
-0.5772,-0.5880,0.0609,4.948,0.575
-0.6858,-0.6582,-0.5907,4.497,0.577
-0.5516,-0.5361,0.0811,3.890,0.593
-0.6777,-0.5824,0.2124,4.661,0.572
-0.6523,-0.5622,0.0745,4.221,0.567
-0.5271,-0.4451,0.5015,4.955,0.646
-0.4746,-0.4111,-2.1408,5.668,0.596
-0.7629,-0.5864,-0.1635,3.384,0.804
-0.4450,-0.3557,0.6889,2.083,0.811
-0.4871,-0.3789,0.1315,4.502,0.514
-0.5817,-0.3982,0.9447,4.077,0.576
-0.6551,-0.3991,2.0374,5.718,0.713
-0.5236,-0.2584,-0.0395,2.853,0.728
-0.5022,-0.1976,0.1089,5.625,1.472
-0.7864,-0.4118,-0.5765,4.659,0.562
-0.6106,-0.2717,-0.4815,4.706,0.560
-0.7521,-0.3378,0.5468,5.576,0.719
-0.8403,-0.3775,-1.5248,4.131,0.577
-0.9266,-0.3889,0.4479,3.564,0.746
-0.5558,-0.1446,0.5177,5.218,0.568
-0.8195,-0.2455,0.5528,4.500,0.585
-0.6441,-0.1507,-0.0828,-0.635,0.988
-0.7121,-0.1111,-3.3894,4.991,0.449
-0.7107,-0.0912,-0.6135,4.144,0.657
-0.7770,-0.3352,-0.4155,5.460,0.625
-0.8365,-0.3242,-0.2346,6.370,0.636
-0.9074,-0.4194,-0.8814,6.190,0.750
-0.5542,-0.3962,-0.8700,5.238,0.673
-0.6187,-0.3378,2.1102,6.551,0.881
-0.5868,-0.5541,-0.3367,4.169,0.562
-0.5054,-0.2150,0.3376,2.103,0.768
-0.8245,-0.2294,-1.0843,6.407,0.877
-0.2836,-0.3639,0.4744,3.929,0.576
-0.2516,-0.3157,-0.2989,4.582,0.762
-0.1913,-0.2559,0.4802,0.771,0.202
-0.0694,-0.3332,-0.3515,4.290,0.495
-0.0689,-0.2254,-1.0585,0.645,0.689
-0.0338,-0.1517,1.1287,3.888,0.554
-0.0198,-0.4855,-0.6339,1.097,0.199
0.0144,-0.4508,-0.0353,-0.844,1.027
0.0169,-0.5709,-0.2546,0.670,0.289
0.2694,-0.3528,-0.0577,4.240,0.684
0.0631,-0.6032,0.8534,4.296,0.545
-0.0424,-0.6764,0.9720,4.944,0.598
0.0004,-0.6424,0.5287,3.909,0.574
0.1197,-0.5316,0.4078,5.464,0.577
0.0845,-0.4933,-1.1469,3.683,0.757
-0.0815,-0.6065,-0.7562,4.720,0.523
0.1194,-0.4798,0.1236,3.716,0.706
0.2049,-0.3617,2.1001,4.738,0.536
0.1659,-0.3829,0.6362,3.939,0.736
-0.1026,-0.5759,3.9710,1.076,0.109
0.0811,-0.4474,0.0352,4.330,0.494
-0.0960,-0.4632,-2.4536,4.976,0.858
-0.1080,-0.4912,-0.7471,4.841,0.576
0.0297,-0.3270,-0.9316,4.210,0.659
-0.0147,-0.3772,-0.5692,4.103,0.665
-0.0089,-0.2593,0.0732,4.591,0.579
-0.0049,-0.3094,0.5817,4.928,0.869
-0.0028,-0.3255,-0.2359,4.214,0.566
-0.0116,-0.3611,-0.3258,3.648,0.774
0.1032,-0.3408,-1.3929,4.560,0.574
0.1211,-0.2171,-0.4224,4.800,0.637
0.0758,-0.2613,-0.0971,4.246,0.536
0.0574,-0.1723,0.6810,2.961,0.740
0.1450,-0.2571,1.1647,3.772,0.793
-0.1742,-0.4805,0.5695,4.416,0.494
-0.1110,-0.3594,1.5216,5.243,0.575
-0.1108,-0.3666,0.5205,5.612,0.537
0.0489,-0.2620,0.2637,5.391,0.737
-0.1571,-0.3981,-0.0487,4.863,0.563
-0.1866,-0.4149,0.3903,5.018,0.609
-0.1905,-0.4206,-0.0258,4.590,0.580
0.1180,-0.1989,0.6971,6.717,1.045
-0.0844,-0.3237,-0.1389,5.253,0.661
-0.2641,-0.3765,-0.1682,4.260,0.563
-0.1830,-0.3695,0.4138,4.309,0.424
-0.2033,-0.3962,-0.8870,5.290,0.412
-0.1190,-0.3294,0.6910,2.875,0.795
0.0874,-0.1813,1.4202,4.201,0.567
-0.2762,-0.4004,0.2040,4.375,0.558
-0.0917,-0.2296,-0.5462,5.016,0.583
-0.1110,-0.2823,0.0656,5.187,0.416
-0.0959,-0.2514,1.3971,4.831,0.624
-0.2669,-0.3308,0.2007,4.705,0.564
-0.1309,-0.2360,-0.2402,3.950,0.562
-0.2094,-0.2307,0.9525,3.333,0.614
-0.1894,-0.2812,-0.1895,3.310,0.712
-0.2254,-0.2991,0.7500,5.478,0.697
-0.0848,-0.1862,-0.5401,5.086,0.712
-0.1224,-0.2041,-0.0541,3.717,0.750
0.0068,-0.0954,0.6808,4.645,0.813
-0.1721,-0.2079,-0.5888,5.216,0.580
-0.1424,-0.1870,-0.0043,4.878,0.645
0.2589,-0.3906,0.1933,4.969,0.490
0.2390,-0.3540,0.0585,4.969,0.571
0.1648,-0.2618,-0.5841,6.193,1.081
-0.0562,-0.4148,1.3330,5.345,0.728
0.0810,-0.3330,-0.4112,5.062,0.580
-0.0477,-0.5587,-0.7524,4.840,0.857
0.0456,-0.4974,3.0698,5.483,0.766
0.0139,-0.2813,-0.2391,4.960,0.526
-0.1234,-0.4310,0.5153,6.222,0.656
-0.1464,-0.4176,-0.4711,5.801,0.535
0.0626,-0.4118,-0.6461,5.294,0.671
-0.0613,-0.6468,-1.9722,2.268,0.813
0.0879,-0.5352,0.0887,4.598,0.571
-0.0055,-0.5392,0.4215,-0.608,1.071
-0.1534,-0.5514,0.1587,1.998,0.863
0.2218,-0.3230,-0.4447,4.098,0.577
0.1144,-0.2825,-0.1781,3.232,0.677
0.0729,-0.3110,-0.7311,4.663,0.574
0.1099,-0.2627,-1.4005,-0.859,0.998
-0.0551,-0.3564,0.1143,4.480,0.550
-0.0805,-0.3503,-0.7862,4.107,0.449
-0.0342,-0.2338,0.2567,0.682,0.873
-0.2000,-0.3689,1.1675,1.155,0.115
0.0284,-0.1937,0.4382,1.619,0.818
-0.1493,-0.2684,0.5398,3.914,0.579
-0.0884,-0.1663,-0.2081,4.870,0.666
-0.3144,-0.3774,-0.5289,5.396,0.861
-0.0757,-0.1001,0.4815,4.230,0.571
-0.1268,-0.3016,-0.3012,4.867,0.703
0.0811,-0.0127,0.6901,1.036,0.497
0.1398,0.0639,0.6410,3.081,0.739
0.2015,-0.2110,-0.5133,3.903,0.684
0.2234,-0.0983,-0.8240,2.640,0.772
0.2213,-0.1588,-0.7388,4.815,0.660
0.2982,0.2359,1.4124,3.383,0.733
0.2968,-0.0997,0.3602,0.773,0.650
0.3052,-0.2524,-0.5969,3.834,0.432
0.4388,-0.1302,-1.0084,4.036,0.565
0.5117,-0.0411,0.4975,2.043,0.803
0.5770,-0.0433,0.4371,5.360,0.474
0.2824,-0.3308,-0.2549,3.678,0.579
0.2856,-0.3147,-0.1656,3.987,0.800
0.3872,-0.2358,2.8635,4.381,0.535
0.4387,-0.1790,-0.2951,5.728,0.647
0.2500,-0.2143,0.0659,0.796,0.323
0.2689,-0.2106,0.2013,4.597,0.152
0.4611,-0.0761,1.0611,4.424,0.570
0.4763,-0.1040,-0.5176,0.522,0.665
0.4521,-0.1501,-0.4230,5.428,0.599
0.3890,-0.1413,0.1147,5.457,0.621
0.2171,-0.2524,-0.0736,6.037,0.580
0.5575,-0.0144,-0.7728,5.490,0.581
0.5166,-0.0261,-1.0912,5.274,1.488
0.4492,-0.0441,2.6312,3.766,0.570
0.3666,-0.1229,-0.4323,4.585,0.741
0.5380,0.0044,0.0607,4.460,0.562
0.2809,-0.1530,-1.1343,6.219,0.733
0.5234,0.0354,0.1770,5.797,0.526
0.4754,-0.0060,0.8022,5.163,0.855
0.1342,-0.1537,-0.0991,5.204,0.671
0.1495,-0.1906,-0.8675,4.846,0.761
0.1474,-0.2021,-2.5758,4.805,0.525
0.3568,-0.0633,1.3477,4.171,0.494
0.4231,-0.0172,0.6486,5.277,0.756
0.4020,-0.0099,-0.4696,4.830,0.533
0.3446,-0.0355,-0.0175,5.136,0.646
0.4725,0.0713,0.8347,3.776,0.618
0.3054,-0.0498,0.2633,4.318,0.593
0.2417,-0.0516,0.4384,4.412,0.538
0.1221,-0.0639,0.1452,4.416,0.577
0.1442,-0.0702,0.0006,2.988,0.655
0.4177,0.0846,-0.1284,4.037,0.538
0.1108,-0.1283,-0.2198,3.787,0.639
0.0587,-0.0833,-2.5754,4.067,0.634
0.1127,-0.0948,-0.7102,3.710,0.597
0.2669,-0.0197,-0.2536,4.497,0.417
0.2369,-0.0268,0.1438,4.654,0.575
0.2007,-0.0395,0.7494,5.669,0.853
0.2727,0.0118,0.3989,3.868,0.692
0.2143,0.0004,-0.1702,4.247,0.574
0.3611,0.0800,0.3000,6.362,1.042
0.3478,0.0833,-0.6324,5.053,0.645
0.3704,0.1115,-0.2689,4.708,0.500
0.2961,0.1020,0.1539,3.456,0.747
0.2839,0.0674,0.8139,4.951,1.096
0.1568,0.0005,0.5546,4.120,0.560
0.1815,0.0674,0.6473,4.409,0.595
0.1834,0.0451,1.1695,4.534,0.716
0.2062,0.0514,-0.1365,5.230,0.416
0.1752,-0.0081,-0.2017,4.145,0.532
0.1193,-0.0261,0.0749,4.855,0.596
0.1025,-0.0252,4.2833,5.317,0.551
0.2502,0.0715,0.0123,4.938,0.763
0.3654,0.1522,-2.8760,4.797,0.563
0.1520,0.0957,1.0671,3.873,0.803
0.2433,0.1139,0.6597,4.471,0.557
0.3376,0.1836,-0.9116,6.364,0.900
0.3561,0.1964,-0.9044,4.011,0.545
0.0473,-0.0124,5.8580,3.481,0.692
0.2796,0.1765,0.1979,4.950,0.609
0.1861,0.1241,-2.1750,4.544,0.586
0.1820,0.1171,-1.8811,3.855,0.571
0.2467,0.1648,0.6676,5.525,0.797
0.2654,0.2715,-0.5411,5.495,0.670
0.5647,0.0159,2.8033,4.856,0.354
0.4211,-0.0750,0.6032,4.948,0.599
0.4244,0.1654,1.8934,5.045,0.492
0.3060,0.1412,-1.9362,5.494,0.566
0.2434,0.2003,1.1482,5.036,0.818
0.3603,-0.2829,-0.1070,4.961,0.705
0.3306,-0.2396,-1.0758,3.985,0.539
0.3481,-0.2344,1.1084,4.403,0.565
0.4433,0.0674,0.2841,5.109,0.598
0.3960,0.1099,0.3178,4.281,0.496
0.4304,-0.0480,1.4914,4.960,0.565
0.4002,0.0636,-0.7226,6.316,0.863
0.3452,-0.0119,-0.0170,6.274,1.136
0.5124,-0.0925,-0.6928,4.590,0.561
0.3823,-0.1777,0.3123,4.803,0.600
0.3598,-0.1478,0.0039,1.342,0.865
0.3348,-0.1567,-0.2423,3.713,0.522
0.2506,-0.1365,-0.1289,3.737,0.702
0.4371,0.0229,0.8272,2.822,0.783
0.3738,0.0210,-0.2896,2.052,0.822
0.3973,0.0190,-0.8052,4.526,0.728
0.2060,-0.1133,1.0190,4.219,0.364
0.1759,-0.0505,0.1952,3.166,0.714
0.2246,-0.0274,1.2823,4.510,0.660
0.3437,0.1109,0.6377,4.211,0.468
0.0575,-0.0531,0.0270,3.804,0.566
0.0530,0.0438,0.0712,2.971,0.760
0.3131,0.2815,1.0629,4.602,0.655
0.2994,0.2173,-0.4199,4.833,0.634
0.2707,0.2353,-0.1805,2.583,0.384
0.2229,0.2001,-0.0248,4.680,0.492
0.3768,-0.1129,0.6033,4.686,0.750
0.5333,-0.0990,-1.4964,0.729,0.585
0.5532,-0.0450,0.1435,5.623,0.899
0.5066,0.0013,0.6856,4.385,0.588
0.2724,-0.0963,-0.0849,3.089,0.402
0.2394,0.0100,-0.0583,3.948,0.662
0.3353,0.1538,0.0706,4.878,0.599
-0.4949,0.1178,1.0780,5.076,0.520
-0.4263,0.1712,0.1336,4.875,0.654
-0.3779,0.1367,0.0389,3.365,0.519
-0.3629,-0.3398,0.6614,2.106,0.760
-0.3414,-0.0859,0.0687,3.138,0.619
-0.3304,0.2261,0.0444,3.854,0.607
-0.2850,-0.2538,-0.3123,0.637,0.717
-0.1907,0.0124,-0.4485,4.899,0.658
-0.0553,-0.0241,0.9590,0.113,0.765
-0.0845,-0.0293,-0.7432,4.246,0.499
-0.0410,-0.0389,-0.0389,3.583,0.679
-0.3460,-0.3243,3.3627,2.917,0.756
-0.3525,-0.2535,0.4833,4.039,0.499
-0.1868,-0.1635,0.4557,4.602,0.574
-0.2705,-0.2088,0.2603,3.234,0.732
-0.3050,-0.2115,-0.7408,4.933,0.520
-0.3279,-0.1771,0.1226,5.302,0.699
-0.3380,-0.2300,-0.2800,4.871,0.605
-0.1337,-0.0077,0.0719,3.802,0.671
-0.2567,-0.1338,1.4989,5.537,0.641
-0.1830,-0.0587,-0.0564,4.397,0.523
-0.2977,-0.1314,0.0168,3.911,0.505
-0.4526,-0.2248,0.0016,5.141,0.707
-0.2620,-0.0920,-1.3138,4.917,0.541
-0.1798,-0.0286,0.5055,4.433,0.510
-0.3935,-0.1741,-0.5434,4.961,0.544
-0.3287,-0.1096,-0.0256,4.521,1.183
-0.4681,-0.2209,0.1232,4.265,0.500
-0.2521,-0.0518,0.0597,4.540,0.728
-0.2580,-0.0624,-2.2114,4.854,0.444
-0.2140,0.0095,-0.1154,5.178,0.705
-0.3333,-0.0183,0.7488,5.137,0.585
-0.3068,-0.0134,0.5570,4.300,0.554
-0.4608,-0.1102,-0.1873,5.517,0.862
-0.4556,-0.1231,-0.9198,4.838,0.518
-0.4845,-0.1605,0.3185,4.595,0.347
-0.3639,-0.0388,0.6302,4.656,0.882
-0.1898,0.0818,0.0737,4.672,0.606
-0.2185,0.0802,-0.2073,6.047,0.844
-0.4328,-0.0326,-0.1559,5.025,0.499
-0.3904,-0.0282,0.0006,4.615,0.751
-0.4951,-0.0796,0.7998,5.415,0.592
-0.3067,0.0417,0.1282,2.497,0.738
-0.2676,0.1091,-0.2099,5.216,0.457
-0.5344,-0.1140,1.0075,5.523,0.569
-0.3971,0.0469,0.2656,4.117,0.578
-0.2565,0.1363,0.8121,5.514,0.480
-0.5185,-0.0279,1.6564,5.762,0.926
-0.4814,-0.0180,-0.7807,6.725,0.663
-0.5984,-0.0343,-0.6571,5.823,0.504
-0.5585,-0.0056,-1.9892,4.296,0.554
-0.3371,0.1569,-0.1697,4.199,1.045
-0.6258,-0.0372,-1.1655,6.584,0.864
-0.4214,0.1224,-0.4849,6.003,0.629
-0.5151,0.0764,-0.0405,4.629,0.552
-0.5996,0.0173,1.2400,5.460,0.993
-0.5554,0.0581,-3.4888,4.603,0.721
-0.6213,0.0050,-0.0645,4.382,0.531
-0.4260,0.1833,-0.8250,4.670,0.742
-0.3811,0.1821,-1.4726,3.406,0.727
-0.5727,0.0507,-0.9865,5.172,0.840
-0.3578,0.2095,0.2411,5.701,0.634
-0.4536,0.1593,0.1061,5.229,0.615
-0.2636,-0.1560,0.3375,5.461,0.663
-0.5290,-0.0843,0.0730,4.276,0.453
-0.5074,-0.0469,-0.0271,5.875,1.029
-0.4156,0.2144,1.3091,6.073,0.655
-0.5726,-0.1007,3.9959,5.519,0.518
-0.1383,-0.0689,0.7135,3.923,0.590
-0.3896,-0.3096,0.2566,4.514,0.876
-0.3126,-0.3135,-1.9819,2.086,0.841
-0.2339,-0.2187,0.1135,2.374,0.804
-0.3201,-0.2506,-0.3995,4.003,0.508
-0.2754,-0.2005,-0.4572,3.932,0.713
-0.2032,-0.1313,0.0099,1.815,0.855
-0.3571,-0.2066,0.1198,1.656,0.835
-0.2826,-0.1266,1.5874,3.572,0.637
-0.4120,-0.1939,1.5768,2.838,0.561
-0.3267,-0.1257,-0.0673,2.847,0.689
-0.1995,0.0103,0.2001,4.026,0.585
-0.3939,-0.1206,0.5470,0.187,0.773
-0.2736,-0.0192,0.6296,1.235,0.865
-0.3645,-0.0484,-0.1807,2.841,0.709
-0.1626,0.0809,0.4475,3.864,0.680
-0.4077,-0.0658,0.1067,3.726,0.651
-0.4616,-0.0840,0.7257,3.904,0.578
-0.3969,0.0078,-0.5690,0.801,0.622
-0.2978,0.0848,1.1362,3.010,0.740
-0.5112,-0.0835,0.2122,4.707,0.095
-0.4404,0.0146,0.0123,0.879,0.274
-0.3630,0.1198,0.6422,3.621,0.657
-0.4877,0.0373,0.4978,5.376,0.573
-0.3461,0.1435,1.0822,3.423,0.579
-0.5748,0.0277,0.0831,5.187,0.857
-0.5137,0.0859,0.2214,5.746,0.114
-0.4099,0.1572,0.1737,4.161,0.498
-0.2843,-0.1594,0.4351,4.685,0.614
-0.5143,-0.0620,0.0942,4.023,0.567
-0.5010,-0.0344,-0.1436,6.086,0.702
-0.5301,-0.0167,0.2224,4.013,0.505
-0.3750,0.2196,0.5957,5.521,0.581
-0.3922,-0.2141,0.2026,4.649,0.486
-0.4860,-0.1439,0.8294,4.156,0.594
-0.2432,0.0991,-0.4317,5.768,0.719
-0.5009,-0.0081,-0.0351,6.785,0.874
-0.2302,0.2037,0.3595,3.836,0.537
-0.2166,0.3314,0.0694,2.925,0.800
-0.1456,0.2199,1.1839,0.284,0.921
-0.1198,0.3202,0.5321,4.172,0.561
-0.1096,0.2686,0.3941,2.032,0.856
-0.0919,0.5478,-0.2784,3.584,0.744
-0.0567,0.0691,0.5748,1.147,0.080
0.0506,0.0862,-0.1263,-0.038,0.979
0.0882,0.0966,0.7986,0.937,0.893
0.1706,0.3308,-0.4604,0.987,0.128
0.2310,0.2546,0.5564,1.647,0.830
-0.0187,-0.0229,0.5058,4.578,0.581
0.0760,0.0826,-0.1351,3.191,0.315
-0.0241,0.0048,0.5130,4.828,0.489
0.0215,0.0178,0.0927,2.212,0.770
-0.0545,0.0324,-0.2330,2.894,0.560
0.1540,0.1810,-2.9361,4.594,0.781
0.0007,0.0916,-0.0637,1.052,0.771
-0.0040,0.1594,-0.0516,3.234,0.562
-0.0003,0.1500,0.0905,3.421,0.544
0.0042,0.1060,0.5544,4.385,1.414
0.0709,0.1397,-0.9642,3.931,0.579
-0.0077,0.0564,-0.5498,3.992,0.567
0.0931,0.1448,-0.2900,5.307,0.669
0.2351,0.2710,-0.0519,5.236,1.479
0.1856,0.2533,-0.4452,4.189,0.565
-0.0041,0.2792,-0.4114,4.276,0.537
0.0831,0.3209,0.2058,3.967,0.514
0.0750,0.3621,0.1912,5.190,0.516
0.0013,0.2996,-0.7735,3.783,0.623
0.0154,0.2841,-1.2370,4.055,0.528
0.1219,0.3392,0.0630,4.516,0.563
-0.0006,0.1946,-0.2148,5.326,0.473
0.1385,0.2603,0.1074,4.216,0.538
0.1602,0.2472,0.2554,4.719,0.424
0.2086,0.3562,0.8493,4.890,0.356
-0.0994,0.1612,0.1079,4.680,0.845
-0.1899,0.1790,2.3646,5.320,0.640
-0.1497,0.1792,0.2548,1.015,0.872
-0.1660,0.1616,-1.8108,1.260,0.870
-0.1210,0.0974,0.4760,4.984,0.623
-0.0258,0.1805,1.3432,3.363,0.740
-0.0048,0.2440,1.2753,4.883,0.565
-0.1894,0.1505,-0.2021,2.031,0.865
0.1888,0.4068,-0.5834,4.829,0.619
0.1865,0.3884,-0.0588,4.879,0.410
-0.0691,0.2124,-0.2077,4.730,0.533
0.1414,0.4439,-1.2295,0.914,0.486
0.1347,0.3802,1.5014,6.417,0.563
0.0975,0.3712,-0.2255,3.693,0.405
-0.0473,0.2709,-0.0836,3.024,0.677
-0.0436,0.2958,-0.0352,4.447,0.585
-0.1985,0.2164,-0.7922,5.154,0.573
-0.2071,0.2619,-0.1848,4.525,0.566
-0.2333,0.2297,0.6912,4.251,0.588
-0.2040,0.1969,0.1032,6.129,0.421
-0.0319,0.3385,-0.9269,4.843,0.502
0.0599,0.3986,-0.0996,0.989,0.140
0.0767,0.4844,-6.3809,3.841,0.654
-0.1544,0.2929,0.0278,4.870,0.529
-0.2587,0.2259,-5.9317,4.540,0.584
-0.0010,0.4131,0.5313,5.405,0.586
-0.1131,0.3747,-0.3057,6.113,1.050
-0.1028,0.3687,0.8931,5.750,0.581
-0.0694,0.4673,1.3841,3.956,0.585
-0.2135,0.3077,-0.0636,4.755,0.566
0.0463,0.5427,0.0595,5.695,1.361
0.0094,0.5481,-0.2766,4.772,0.807
-0.1621,0.4311,1.6048,4.594,0.552
-0.1356,0.4388,0.1479,2.825,0.500
-0.3202,0.3007,0.0405,4.522,0.652
0.0334,0.5722,0.9627,5.989,0.680
-0.1909,0.4229,-0.3334,5.667,0.744
-0.0373,0.6036,-0.2131,3.516,0.701
-0.0026,0.5747,-0.6232,6.228,0.859
-0.0004,0.5628,1.4386,5.791,0.755
-0.1347,0.4738,0.2555,5.265,0.576
-0.0961,0.5598,-0.1856,5.611,0.899
-0.1733,0.4786,0.7394,5.414,0.579
0.2068,0.3080,0.0607,6.711,1.150
-0.0169,0.3471,-0.0280,4.958,0.547
0.0669,0.5366,0.1915,5.916,0.561
-0.3067,0.2788,1.0253,3.830,0.609
0.2420,0.3246,-0.0084,6.196,0.828
-0.2896,0.3314,0.9719,6.613,1.177
-0.0683,0.3623,-0.1453,6.050,0.572
0.0194,0.0503,-0.0293,5.020,0.544
0.1973,0.3719,-0.2233,4.970,0.575
0.0628,0.3158,0.2766,3.477,0.875
0.0856,0.2822,-0.3334,-1.628,1.266
-0.0551,0.2038,-0.0201,5.524,0.869
-0.0668,0.2485,-0.6707,1.068,0.468
0.0676,0.4487,-0.3565,0.815,0.877
-0.1201,0.3135,0.1740,4.135,0.547
-0.0462,0.3801,0.4732,4.500,0.512
-0.0409,0.4027,-0.5100,3.569,0.747
-0.1431,0.3626,0.3084,3.944,0.592
0.0352,0.5295,-0.8572,2.808,0.741
-0.1442,0.4101,1.5692,1.250,0.756
-0.3044,0.3209,0.4446,5.156,0.683
-0.0178,0.5957,-0.0088,3.790,0.570
-0.2489,0.3932,0.1626,5.194,0.659
-0.2057,0.4349,0.1867,5.232,0.857
0.1619,0.2819,0.5864,4.592,0.560
-0.0559,0.3117,-0.6716,3.249,0.737
-0.0596,0.4435,0.1150,1.624,0.812
0.0881,0.1256,0.6027,5.030,0.660
0.0736,0.1837,-0.0330,4.313,0.587
0.0996,0.3246,-0.1026,3.859,0.674
0.0213,0.3986,0.9435,4.706,1.045
-1.2942,-0.1830,2.1173,4.135,0.564
-1.2830,-0.6300,-0.2799,4.226,0.573
-1.2459,-0.2448,-2.4943,3.802,0.611
-1.1895,-0.2643,-1.2145,5.988,0.679
-1.1662,-0.2081,0.3730,5.228,0.583
-1.1107,-0.3842,-2.5872,5.254,0.726
-1.1870,-0.5912,1.3582,5.998,0.491
-1.3566,-0.6055,-0.9065,4.216,0.569
-1.0481,-0.3954,-0.8042,6.371,0.760
-1.3865,-0.4984,-0.6847,5.591,0.647
-1.2791,-0.3549,-0.7479,5.154,0.501
-1.1905,-0.3249,-2.6591,5.525,0.510
-1.4843,-0.4927,-6.1488,4.946,0.630
-1.2316,-0.2982,-0.0837,4.772,0.816
-1.4215,-0.4286,-0.3325,3.901,0.594
-1.4287,-0.2921,0.7615,7.000,1.085
-1.4568,-0.3323,-0.7069,5.695,0.630
-1.5343,-0.3449,0.2306,4.882,0.551
-1.3325,-0.1925,-2.5338,4.328,0.570
-1.5825,-0.3541,2.0444,6.247,0.752
-1.4290,-0.1874,8.5025,5.447,0.690
-1.3668,-0.1173,-0.4549,5.558,0.691
-1.1260,-0.3979,-0.0188,5.665,0.519
-1.1634,-0.3386,-0.6661,6.341,0.526
-1.3197,-0.4366,1.4959,5.142,0.618
-1.2356,-0.3762,0.2987,5.899,0.499
-1.2450,-0.5802,0.9375,6.522,0.866
-1.1038,-0.4654,-2.0714,6.284,0.688
-1.2170,-0.3868,1.7051,6.588,0.854
-1.3139,-0.2083,0.5258,5.278,0.568
-1.1797,-0.2499,0.2155,6.749,1.053
-1.2978,-0.4703,0.8849,5.240,0.862
-1.1866,-0.5387,0.0109,3.913,0.574
-1.3439,-0.6115,-0.7576,4.146,0.591
-1.1306,-0.4717,-0.4773,4.296,0.550
-1.1187,-0.4310,1.0442,5.310,0.527
-1.0978,-0.3950,-1.2709,4.955,0.684
-1.0731,-0.3709,-4.3297,5.601,0.610
-1.2574,-0.4759,-0.6399,4.351,0.570
-1.3069,-0.5036,1.3173,-0.202,1.026
-1.1755,-0.4076,-0.5927,4.582,0.555
-1.4104,-0.5673,-2.6874,4.647,0.568
-1.1650,-0.3668,-0.1146,6.255,0.772
-1.1353,-0.3594,0.5353,5.727,0.582
-1.2877,-0.3825,1.6265,0.846,0.531
-1.1303,-0.2725,0.1322,3.937,0.589
-1.2470,-0.2965,-0.9567,3.829,0.583
-1.3811,-0.3792,-2.9372,3.829,0.719
-1.2103,-0.2554,-1.1265,4.298,0.516
-1.3544,-0.3546,-0.1977,5.933,0.688
-1.1949,-0.2371,-0.2187,4.576,0.711
-1.3379,-0.3254,0.1932,5.285,0.571
-1.2309,-0.2462,0.0502,4.479,0.552
-1.2063,-0.2219,-0.3872,4.123,0.620
-1.2992,-0.2939,-0.6615,4.540,0.576
-1.4318,-0.3446,-2.3435,4.869,0.562
-1.2918,-0.2255,-1.1134,5.855,0.670
-1.5553,-0.3809,1.1918,4.398,0.552
-1.2535,-0.1640,1.7247,1.736,0.856
-1.4168,-0.2404,0.1788,4.883,0.568
-1.5384,-0.3065,0.0831,0.969,0.188
-1.3100,-0.1301,0.1279,3.760,0.706
-1.3014,-0.0993,-5.7006,4.459,0.566
-1.1577,-0.4993,-4.0804,4.672,0.554
-1.2420,-0.2222,-0.4167,6.853,1.282
-1.2567,-0.5228,-0.3404,6.444,0.826
-1.2324,-0.4156,-0.5501,6.160,0.668
-1.1392,-0.3093,0.5735,6.596,0.834
-1.1817,-0.3297,0.4018,5.276,0.544
-1.0780,0.0688,-0.0032,4.314,0.461
-1.0512,-0.2245,0.3322,4.763,0.551
-1.0246,-0.2462,0.7277,4.177,0.584
-0.9395,0.0012,-1.7616,4.739,0.562
-0.8930,0.0636,0.4330,4.538,0.555
-0.8821,0.2017,1.6288,2.981,0.745
-0.8734,-0.0225,-2.4922,4.448,0.592
-0.8061,0.0794,0.1434,4.750,0.578
-0.9531,-0.3303,0.6220,6.502,0.862
-0.9588,-0.2585,1.4910,3.961,0.573
-0.8037,-0.1443,-0.3564,5.078,0.604
-0.9524,-0.2399,-1.1374,6.902,1.422
-1.0111,-0.2660,-0.4309,6.010,0.665
-0.8627,-0.1321,0.5540,5.324,0.654
-0.6868,-0.0057,0.1394,5.512,0.650
-0.9978,-0.1654,1.5694,5.258,0.618
-0.8181,-0.0343,0.4120,4.127,0.717
-0.9041,-0.0894,2.2069,5.524,0.633
-0.8067,-0.0151,0.3920,4.647,0.662
-0.9944,-0.1342,-1.0393,5.396,0.626
-1.0445,-0.1487,-0.9881,5.412,0.694
-1.0113,-0.1179,0.0383,6.394,0.687
-0.8326,0.0446,0.4981,5.316,0.691
-1.1011,-0.1486,-0.7610,6.245,0.728
-0.7990,0.0508,0.9464,5.968,0.712
-0.9541,-0.0228,0.5837,5.946,0.403
-0.8814,0.0299,0.1376,4.392,0.558
-1.1269,-0.1123,0.1452,5.219,0.581
-0.8182,0.1012,0.9396,5.799,0.789
-1.0800,-0.0369,7.5400,4.094,0.575
-0.8568,0.0925,-0.1782,6.551,0.925
-1.1259,-0.0761,-1.0178,4.558,0.561
-1.1144,-0.0436,-1.8586,4.275,0.566
-1.0166,0.0459,2.4641,5.076,0.699
-0.9000,0.1263,1.3217,4.732,0.558
-1.1782,-0.0650,-1.7975,5.900,0.861
-1.1523,-0.0411,-1.2967,6.238,0.701
-1.1066,0.0030,0.4020,4.397,0.507
-1.0676,0.0370,-1.0616,3.896,-0.070
-1.1581,-0.0248,-0.1111,5.166,0.617
-1.1029,0.0230,-0.5193,6.150,1.100
-1.0554,0.0653,0.5068,2.268,0.819
-1.2432,-0.0619,1.1941,6.723,0.939
-1.2290,-0.0472,0.1483,5.133,0.651
-1.0389,0.0895,4.7490,5.043,0.572
-0.9130,0.1982,10.5230,5.414,0.617
-0.8667,0.1828,-1.2624,5.925,0.748
-1.1024,0.1048,-0.3064,4.906,0.581
-1.2236,0.0221,2.5573,4.609,0.566
-1.0584,0.1390,-3.4013,5.095,0.575
-1.0099,0.1859,0.3999,6.855,0.857
-0.7504,0.0571,-0.2806,6.422,0.516
-1.0614,-0.1365,0.1644,6.329,0.740
-1.0040,0.1132,-0.6539,6.098,0.704
-1.1349,0.1297,-0.3607,6.241,0.793
-1.0880,0.1757,0.7734,4.053,0.577
-1.0205,-0.2985,-1.2636,6.515,0.872
-0.9951,-0.2906,3.5870,4.927,0.590
-0.9205,-0.2665,0.3918,5.649,0.577
-0.9358,-0.1390,-0.5491,6.281,0.697
-0.8542,-0.0612,-0.5240,5.541,0.687
-0.8481,0.1365,-0.4396,6.446,0.864
-0.6873,-0.0469,-0.3952,6.616,0.501
-0.9431,-0.2757,-0.0299,3.779,0.702
-0.8337,-0.1993,-0.4422,4.063,0.444
-0.7408,-0.0967,-0.1074,5.275,0.566
-0.9745,-0.2298,-1.1804,5.602,0.638
-0.8120,-0.1100,1.0684,4.441,0.569
-1.0348,-0.2588,3.4716,5.311,0.331
-0.9679,-0.1993,-0.3873,3.948,0.583
-0.7746,-0.0604,0.2984,3.708,0.703
-0.7759,-0.0179,0.4850,5.319,0.596
-1.1068,-0.2229,-0.3871,4.691,0.573
-0.8652,-0.0417,-0.3907,4.403,0.546
-0.7725,0.0284,-0.4857,4.076,0.625
-0.9217,-0.0438,-1.3137,5.149,0.515
-0.7662,0.0765,-0.4395,4.252,0.566
-1.1249,-0.1194,-1.9765,5.316,0.611
-1.1056,-0.0859,-2.3696,4.423,0.563
-1.0972,-0.0253,-1.2840,4.954,0.679
-0.9976,0.0091,0.1785,-0.135,1.017
-0.9511,0.0525,0.3727,4.137,0.570
-1.1830,-0.1026,-0.1292,4.165,0.548
-1.0600,0.0013,-0.4575,5.191,0.607
-0.9806,0.0772,-0.2909,1.795,0.857
-1.0445,0.0433,-0.9143,5.656,0.860
-1.1952,-0.0017,0.2292,5.370,0.580
-0.9430,0.1852,0.4082,5.095,0.559
-1.0729,0.0984,-0.0923,4.433,0.537
-1.0051,0.1515,-3.2936,3.090,0.432
-1.2803,-0.0368,1.1134,3.851,0.610
-0.9779,0.1738,1.0805,4.930,0.328
-0.9690,0.1914,1.1304,4.298,0.578
-1.1594,0.0823,1.4159,3.950,0.577
-0.9871,0.2259,5.4888,3.851,0.569
-0.9030,-0.2751,0.9713,4.380,0.566
-1.0507,-0.1916,0.6764,5.505,0.582
-0.8869,0.1186,0.0436,5.111,0.589
-1.9071,-0.0299,0.3371,6.778,0.876
-1.6657,0.2053,-0.0452,-0.814,1.050
-1.5697,-0.1791,1.1936,5.514,0.653
-1.5455,0.0484,1.0109,3.551,0.745
-1.5169,0.0502,-7.6069,4.058,0.575
-1.3984,-0.1785,3.0120,5.666,0.632
-1.4687,-0.1875,-0.9920,3.781,0.630
-1.3570,-0.0914,-0.5643,5.633,0.703
-1.3648,-0.1022,-0.6373,6.689,0.844
-1.6373,-0.2431,-0.2329,5.179,0.638
-1.5172,-0.1560,-0.6650,5.473,0.732
-1.4427,-0.0982,-0.1545,5.778,0.650
-1.5834,-0.1250,1.3165,6.690,0.950
-1.6274,-0.1105,-2.8606,6.254,0.802
-1.5112,-0.0159,0.6430,6.674,0.882
-1.5386,-0.0252,-2.2331,6.239,0.744
-1.5680,-0.0330,1.1473,5.242,0.672
-1.4784,0.0264,-0.0955,5.578,0.646
-1.7387,-0.1494,-0.3421,5.712,0.683
-1.7462,-0.1253,-2.1063,4.352,0.573
-1.6734,-0.0751,-1.2903,6.481,0.334
-1.6624,-0.0546,-5.6860,3.780,0.639
-1.5207,0.0979,2.2030,6.292,0.805
-1.6756,0.0318,-0.9758,6.205,0.752
-1.7001,0.0686,0.9430,4.852,0.583
-1.6763,0.0867,1.6632,6.158,0.814
-1.8700,-0.0458,-1.1365,6.666,0.922
-1.6049,0.1463,-8.3513,6.781,0.876
-1.5660,0.2022,2.9692,6.766,0.738
-1.7611,0.0771,-1.4112,6.424,0.795
-1.8431,0.0294,-1.2904,6.439,0.956
-1.6120,0.2961,2.8182,5.555,0.558
-1.3405,-0.0735,-0.0357,5.763,0.680
-1.6067,-0.3057,1.2716,6.714,0.860
-1.4042,-0.0475,0.0924,5.954,0.762
-1.6301,-0.0561,0.4412,6.635,0.967
-1.5739,-0.3150,2.4454,5.377,0.452
-1.4568,-0.2044,-0.4293,4.604,0.582
-1.6313,-0.3027,-0.5156,5.051,0.571
-1.4609,-0.1785,6.2823,4.540,0.812
-1.6260,-0.2689,-3.8570,4.898,0.555
-1.3758,-0.0631,1.1298,3.998,0.579
-1.6484,-0.2371,-3.1486,4.850,0.569
-1.4785,-0.1258,-0.4449,5.341,0.653
-1.6950,-0.2472,0.3752,0.385,0.839
-1.6229,-0.1529,1.2840,3.919,0.580
-1.6670,-0.1808,-7.5909,3.826,0.640
-1.4381,0.0023,2.4913,3.585,0.763
-1.3942,0.0280,4.8126,4.422,0.572
-1.5356,-0.0564,1.7249,4.457,0.562
-1.4212,0.0259,-1.6657,5.383,0.579
-1.6951,-0.0487,-0.2248,0.753,0.891
-1.4921,0.0929,-0.0545,4.486,0.567
-1.7716,-0.0918,-3.4905,5.400,0.647
-1.7252,-0.0408,-0.4549,0.665,0.891
-1.6515,0.0297,0.8488,5.439,0.579
-1.6540,0.0534,1.0341,5.482,0.569
-1.8587,-0.0845,-1.6513,6.244,0.876
-1.5422,0.1416,-0.3934,5.456,0.595
-1.7206,0.0759,0.3796,5.791,0.685
-1.5739,0.1740,-2.1617,4.618,0.564
-1.7874,0.0310,0.2738,6.285,0.825
-1.5931,0.2118,-1.3816,5.217,0.575
-1.4930,-0.2061,-3.1584,4.571,0.621
-1.6762,-0.2203,5.9142,4.380,0.576
-1.5791,0.2736,-6.7606,5.384,0.643
-1.5000,0.2671,-0.2488,5.148,0.669
-1.4021,0.1764,-3.1774,5.321,0.589
-1.3415,0.5015,-1.6518,4.186,0.562
-1.3289,0.0645,-0.6430,2.848,0.808
-1.3009,0.4621,1.6081,5.813,0.738
-1.2735,0.1872,1.2939,1.013,0.907
-1.2592,0.3361,-0.8383,5.239,0.588
-1.2411,0.5336,-0.9467,4.643,0.527
-1.2234,0.4836,-0.1426,5.159,0.564
-1.1929,0.3340,-1.1029,4.700,0.564
-1.0562,0.3687,0.7443,4.124,0.541
-1.0011,0.2850,0.5337,4.528,0.523
-1.2266,0.1761,1.4256,6.317,0.590
-1.3427,0.1184,-0.1297,5.564,0.568
-1.3011,0.2057,-0.5237,3.858,0.673
-1.3116,0.1508,-0.6778,6.642,1.285
-1.1362,0.2931,-0.1199,6.557,0.870
-1.3634,0.1362,-0.1225,5.874,0.748
-1.3852,0.1216,0.8531,6.893,0.905
-1.3526,0.1793,-0.3569,6.132,0.761
-1.2360,0.2780,-0.9296,6.727,0.880
-1.2662,0.2574,1.0436,5.902,0.888
-1.1524,0.3648,1.5914,6.280,0.741
-1.3651,0.2211,0.6364,5.548,0.612
-1.2602,0.3080,1.0827,6.760,0.880
-1.3954,0.2179,-1.0487,5.179,0.562
-1.1850,0.3676,0.9475,6.086,0.664
-1.3861,0.2613,-0.1579,3.974,0.700
-1.1736,0.3991,0.3216,4.827,0.520
-1.4139,0.2954,-1.0374,5.141,0.592
-1.3209,0.3905,-0.6930,6.347,0.754
-1.3751,0.3572,-4.5471,5.438,0.629
-1.2430,0.4723,0.1356,6.313,0.676
-1.5551,0.2925,0.1572,5.679,0.682
-1.2984,0.5037,-0.0557,6.327,0.719
-1.4982,0.3724,-0.3815,6.428,0.762
-1.2640,0.5640,0.8579,6.157,0.758
-1.4071,0.4837,1.6450,4.996,0.568
-1.3000,0.5768,1.2716,3.083,0.765
-1.4616,0.4505,0.2250,6.527,0.741
-1.2786,0.6006,9.5586,6.597,0.726
-1.2388,0.2068,-1.4479,5.965,0.706
-1.3378,0.1840,-0.6142,6.685,0.869
-1.4274,0.2177,0.9523,6.257,0.718
-1.3063,0.6119,0.1423,6.236,0.708
-1.2382,0.0832,-0.5555,6.165,0.788
-1.3024,-0.0011,-0.5586,3.834,0.665
-1.0564,0.2300,-0.5138,5.547,0.654
-1.2138,0.1392,1.2142,4.394,0.562
-1.2247,0.1683,0.7952,4.269,0.577
-1.1999,0.1656,-2.7056,4.293,0.561
-1.1860,0.2052,-0.0299,5.050,0.590
-1.3194,0.1403,0.3072,3.386,0.762
-1.2208,0.2301,0.2215,4.878,0.578
-1.0867,0.3367,0.1338,3.642,0.687
-1.4162,0.1452,0.6973,5.288,0.599
-1.2884,0.2408,-1.1762,4.670,0.581
-1.3736,0.1976,1.1695,4.556,0.575
-1.2803,0.2750,0.0197,4.307,0.564
-1.1046,0.4075,-1.6417,4.752,0.575
-1.1269,0.3926,1.0957,6.268,0.709
-1.3454,0.2568,-0.6678,4.735,0.579
-1.2148,0.4137,-0.3292,5.422,0.605
-1.4618,0.2487,-0.0107,4.622,0.569
-1.1552,0.4642,-0.1186,5.245,0.589
-1.4003,0.2994,-0.0663,5.626,0.565
-1.3418,0.3978,-0.5330,5.209,0.588
-1.4787,0.3106,-1.6169,6.433,0.862
-1.2122,0.5524,-0.6342,3.859,0.576
-1.2951,0.4959,-3.0967,5.921,0.729
-1.5352,0.3547,1.8988,4.724,0.567
-1.6038,0.3101,1.3522,5.900,0.815
-1.2495,0.5838,-0.0834,4.497,0.552
-1.4321,0.4475,-1.3359,2.768,0.790
-1.2964,0.5489,-3.2112,5.206,0.589
-1.3476,0.5777,0.4005,0.543,0.495
-1.4633,0.3539,-0.0967,4.917,0.567
-1.2746,0.0441,-2.1600,5.063,0.587
-1.3085,0.1711,0.9077,6.588,0.708
-0.9073,0.3515,0.5283,5.591,0.566
-0.8721,0.2644,-0.9610,5.467,0.308
-0.7180,0.0578,-1.9348,5.026,0.580
-0.6783,0.3615,-0.8267,3.825,0.591
-0.6799,0.3051,1.3202,5.243,0.574
-0.6524,0.2986,-0.1839,4.923,0.497
-0.6451,0.4093,-2.6749,4.286,0.565
-0.6231,0.2734,2.4845,4.537,0.569
-0.6197,0.1868,0.5605,3.354,0.450
-0.6006,0.3649,-0.1346,4.377,0.530
-0.5860,0.4284,0.0681,4.710,0.571
-0.5463,0.0883,-1.4845,4.121,0.552
-0.4571,0.2264,-0.7721,4.668,0.679
-0.4543,0.2125,-0.5639,4.358,0.606
-0.4867,0.1679,-1.7399,5.199,0.178
-0.5673,0.1178,0.4565,4.370,0.564
-0.6427,0.0852,3.3323,3.725,0.649
-0.3951,0.2733,-0.6019,4.847,0.564
-0.6056,0.1419,1.0982,4.824,0.473
-0.5425,0.1921,1.3622,5.162,0.590
-0.6742,0.1044,1.0721,4.722,0.588
-0.5639,0.1965,0.7151,5.310,0.688
-0.5124,0.2363,0.1745,5.471,0.147
-0.6027,0.1735,-0.0066,6.694,1.513
-0.4235,0.3162,-0.3701,6.011,0.677
-0.3955,0.3483,-0.1973,5.074,0.701
-0.7295,0.1022,1.2795,4.522,0.542
-0.6810,0.1790,0.0638,5.189,0.567
-0.4787,0.3120,-0.1642,5.614,0.707
-0.6637,0.2030,0.2406,6.167,0.659
-0.6338,0.2365,0.5916,5.323,0.690
-0.4613,0.3565,-2.8635,6.064,0.158
-0.7653,0.1697,-0.5229,5.823,0.770
-0.6388,0.2698,0.3008,5.268,0.575
-0.6813,0.2493,0.1358,4.552,0.567
-0.6043,0.3166,-0.1839,5.283,0.563
-0.7583,0.2057,1.6786,4.807,0.645
-0.7761,0.1979,1.2651,4.081,0.568
-0.5303,0.3760,-5.5990,3.737,0.629
-0.7823,0.2322,0.9504,4.092,1.088
-0.7256,0.2648,0.1298,4.386,0.545
-0.5752,0.3845,0.4010,4.648,0.493
-0.6567,0.3361,0.5689,5.928,0.280
-0.6553,0.3512,-0.4007,4.574,0.697
-0.5367,0.4639,0.9801,6.042,0.687
-0.6445,0.3813,0.5279,4.451,0.543
-0.8579,0.2440,0.5148,5.195,0.581
-0.7499,0.3356,-0.0545,6.296,1.301
-0.7840,0.2997,0.2518,6.235,0.572
-0.8833,0.2486,0.5194,4.239,0.484
-0.6849,0.3867,-1.5545,5.966,0.746
-0.6050,0.4441,-0.5212,4.341,0.560
-0.6261,0.4293,-2.1541,5.208,0.560
-0.8192,0.3032,0.1739,5.948,0.642
-0.5392,0.4993,0.5853,5.973,0.735
-0.7008,0.4102,1.9793,6.420,0.565
-0.5570,0.5110,-1.3235,6.654,0.941
-0.7969,0.3457,-2.2199,5.408,0.991
-0.6274,0.4718,-0.9178,5.536,0.560
-0.8292,0.3439,-1.5935,5.456,0.555
-0.6104,0.5362,-0.4309,6.874,0.882
-0.7723,0.4275,-0.1040,5.307,0.565
-0.6708,0.4997,-1.0934,6.486,0.579
-0.6653,0.5243,0.6458,4.722,0.523
-0.6391,0.6095,-1.1890,4.457,0.635
-0.6431,0.5721,-0.0755,3.674,0.697
-0.6468,0.0341,0.0652,4.885,0.569
-0.6585,0.2451,1.8551,6.292,0.835
-0.8052,0.2817,-0.2963,6.063,0.738
-0.7921,0.3890,-0.0911,6.346,1.011
-0.4952,0.3839,-0.5284,5.972,0.754
-0.5676,0.2618,0.5961,5.535,0.514
-0.6377,0.0764,0.2188,4.920,0.862
-0.4900,0.1860,0.6159,4.115,0.579
-0.6074,0.1563,0.8878,3.274,0.768
-0.6321,0.1407,-3.5526,3.792,0.604
-0.7093,0.1140,-0.6369,3.891,0.545
-0.5561,0.2290,-0.9127,4.351,0.496
-0.4440,0.3296,-0.5934,4.625,0.697
-0.4069,0.3748,-1.1003,3.646,0.751
-0.6156,0.2317,1.5450,1.825,0.865
-0.6922,0.2021,-0.8124,4.520,0.567
-0.4260,0.3878,-0.0863,3.996,0.568
-0.4497,0.3878,-1.0969,3.739,0.740
-0.4994,0.3461,4.0347,4.788,0.541
-0.5628,0.3302,0.1944,2.301,0.795
-0.6834,0.2566,0.6517,4.371,0.545
-0.7080,0.2353,0.5122,2.496,0.779
-0.8104,0.1824,0.7910,5.851,0.950
-0.4902,0.4083,0.5524,5.400,0.539
-0.7914,0.2204,-1.0633,3.412,0.655
-0.7292,0.2928,4.0302,4.600,0.572
-0.7978,0.3296,-1.4351,4.310,0.552
-0.8525,0.2933,-0.5861,3.849,0.576
-0.6898,0.4538,0.4564,4.419,0.663
-0.6176,0.5076,-1.6549,4.894,0.697
-0.8484,0.3926,0.1749,5.619,0.697
-0.8026,0.4225,0.2894,4.100,0.473
-0.6235,0.1069,-4.0977,5.229,0.761
-0.6761,0.1387,-0.6908,4.862,0.565
-0.7245,0.4443,2.0446,4.226,0.553
-0.4380,0.2294,0.0760,5.028,0.499
-0.9114,0.2979,0.5673,5.383,0.732
-0.8238,0.4578,-2.6951,5.269,0.610
-0.5134,0.5250,-0.7406,4.741,0.611
-0.4555,0.6064,0.3258,-0.155,0.996
-0.4023,0.7023,0.3678,4.942,0.579
-0.3915,0.6709,1.3275,5.162,0.598
-0.3701,0.4349,2.0535,0.990,0.190
-0.3445,0.7653,0.0807,4.082,0.562
-0.2439,0.7048,-6.9401,2.062,0.216
-0.2078,0.5142,-0.0092,2.030,0.842
-0.2001,0.7873,0.1977,5.014,0.573
-0.2841,0.3857,-0.0052,5.346,0.666
-0.2641,0.4266,-0.2006,4.337,0.566
-0.3322,0.3813,-0.0684,5.635,0.746
-0.1707,0.5140,-0.0996,4.296,0.565
-0.1153,0.5502,-0.5534,5.691,0.568
-0.3789,0.4588,1.7730,5.911,0.686
-0.3924,0.4318,0.0851,3.826,0.497
-0.3406,0.4203,-0.8740,5.020,0.576
-0.2809,0.4697,-0.7955,6.106,0.540
-0.0523,0.6333,-0.5730,8.297,1.810
-0.0441,0.6602,-0.8074,6.088,0.715
-0.1336,0.6018,0.3166,6.099,0.523
-0.1545,0.6014,-0.4791,4.617,0.561
-0.0827,0.6518,0.1789,5.016,0.679
-0.1978,0.5957,0.4513,4.484,0.573
-0.2448,0.5695,-0.3252,5.959,0.807
-0.1709,0.6338,0.9435,5.128,0.528
-0.2254,0.6021,-0.2236,6.031,0.681
-0.1587,0.6697,1.0853,6.809,0.880
-0.2527,0.5953,0.6031,5.151,0.429
-0.2962,0.5672,0.1971,3.851,0.580
-0.1760,0.6544,-2.2587,6.006,0.558
-0.1900,0.6562,0.7261,6.281,0.653
-0.4549,0.4908,0.4495,5.623,0.720
-0.2596,0.6284,0.3601,5.090,0.427
-0.3843,0.5438,-0.0872,5.276,0.583
-0.4017,0.5727,-0.4806,3.761,0.763
-0.3205,0.6118,0.0827,4.367,0.353
-0.2875,0.6349,-0.0750,5.734,0.849
-0.2073,0.6778,-0.4281,4.870,0.606
-0.3639,0.5745,1.1692,6.025,0.686
-0.4464,0.5208,0.3974,4.119,0.549
-0.4926,0.5173,-0.1224,4.682,0.576
-0.2051,0.7047,0.5539,4.186,0.683
-0.2361,0.7218,0.4202,4.221,1.027
-0.5230,0.5104,2.2509,5.132,0.510
-0.4117,0.6554,-0.4197,5.560,0.811
-0.2629,0.7673,0.6372,4.451,0.471
-0.2630,0.7852,0.3191,4.573,0.367
-0.5680,0.5827,0.8840,6.236,0.685
-0.2594,0.8206,-0.0862,4.200,0.557
-0.5287,0.6489,-0.3936,5.597,0.864
-0.3690,0.7489,-0.8815,4.300,0.555
-0.4429,0.6948,-0.2918,5.376,0.685
-0.5649,0.6107,0.7547,5.196,0.632
-0.2403,0.8438,-0.7363,4.786,0.578
-0.3200,0.8042,1.6060,5.539,0.533
-0.4409,0.7325,0.0511,6.582,0.816
-0.5726,0.6473,1.8813,6.836,0.918
-0.2956,0.8916,-0.6834,6.353,1.033
-0.4824,0.8027,0.9111,5.124,0.507
-0.3305,0.9183,2.1917,6.110,0.317
-0.3993,0.8961,-0.6763,6.009,0.771
-0.2412,0.4975,-0.0095,6.764,0.567
-0.2812,0.5265,1.3924,6.656,0.698
-0.5296,0.7058,-0.1138,5.633,0.679
-0.3295,0.7158,1.4229,6.016,0.890
-0.3975,0.6085,-0.6803,6.241,0.876
-0.0865,0.5975,-0.1269,3.732,0.659
-0.1429,0.5741,0.3866,3.543,0.742
-0.1741,0.5785,-0.6427,3.435,0.578
-0.2093,0.5613,-0.2242,1.395,0.866
-0.2974,0.5114,0.2630,4.445,0.573
-0.2507,0.6058,-0.1888,3.814,0.609
-0.4095,0.4997,-0.4546,4.252,0.567
-0.1263,0.6965,-3.5427,1.893,0.822
-0.1302,0.7350,-2.4115,1.631,0.844
-0.3035,0.6552,-1.2021,3.949,0.561
-0.3448,0.6046,-0.0723,4.525,0.432
-0.2671,0.6617,0.3734,4.153,0.551
-0.4911,0.5458,0.1844,3.816,0.580
-0.3076,0.6826,-1.2001,2.378,0.800
-0.2013,0.8226,-0.3495,5.688,0.671
-0.3423,0.7325,0.7239,4.611,0.584
-0.2967,0.7725,0.0213,4.472,0.531
-0.5467,0.6161,0.4189,4.492,0.501
-0.5307,0.6293,0.6175,5.272,0.548
-0.4617,0.6841,0.1446,3.065,0.773
-0.2860,0.8624,-0.1468,3.971,0.561
-0.4147,0.8230,-0.1709,4.871,0.666
-0.5109,0.7468,0.4929,4.599,0.530
-0.6216,0.6658,0.5579,4.153,0.564
-0.4642,0.7844,-3.6459,4.773,0.567
-0.3600,0.8601,-0.8980,5.325,0.601
-0.4447,0.8581,0.2571,5.539,0.731
-0.3228,0.9391,7.2413,4.600,0.555
-0.4679,0.7491,-0.3048,4.886,0.560
-0.6368,0.6330,20.2378,3.995,0.578
-0.1016,0.6497,-0.6175,4.415,0.573
-0.2281,0.7587,0.1522,6.965,1.028
-0.2924,0.7055,0.0884,4.243,0.530
-0.5887,0.6629,0.6461,4.348,0.524
-0.2676,0.4773,-0.8973,5.497,0.647
-0.1084,0.5948,-0.8369,6.186,0.693
-0.3527,0.4585,-0.5424,3.246,0.712
-1.0545,0.7551,2.4693,5.257,0.592
-1.1331,0.7109,-0.5752,4.701,0.549
-0.9904,0.4297,1.7236,0.656,0.884
-0.9749,0.3645,-0.3889,3.840,0.724
-0.9525,0.7869,0.6054,6.123,0.836
-0.8726,0.5225,1.4990,1.455,0.873
-0.8166,0.7286,0.5656,4.593,0.501
-0.9373,0.9179,-2.9810,4.011,0.411
-0.8700,0.8520,1.2727,4.195,0.487
-0.9231,0.7739,5.4873,6.275,0.868
-0.8098,0.4847,-0.6361,4.697,0.582
-0.8343,0.4578,-1.1947,5.389,0.721
-0.9068,0.4100,-1.6685,5.292,0.470
-0.9845,0.3482,-1.8041,4.299,0.428
-0.9574,0.4160,0.0458,4.232,0.569
-0.8635,0.4883,-1.1670,6.619,0.757
-0.6818,0.6193,0.3068,4.083,0.657
-0.8335,0.5163,3.0538,4.677,0.649
-0.8057,0.5786,0.0782,6.587,0.053
-0.8214,0.5623,0.3159,4.946,0.626
-0.7160,0.6756,-0.0769,5.388,0.637
-0.9567,0.5263,0.4375,3.830,0.607
-0.7707,0.6591,0.0553,5.363,0.449
-0.7222,0.6962,0.0248,5.755,0.773
-0.9979,0.5694,-0.4484,5.134,0.704
-0.9730,0.6011,0.2120,5.997,0.859
-0.9834,0.5820,-0.1267,5.643,0.636
-0.8398,0.6500,0.9317,6.263,0.802
-0.8371,0.6762,-1.5915,6.354,0.754
-1.0354,0.5650,0.3117,6.140,0.956
-0.8942,0.6813,0.1817,6.094,0.766
-0.8808,0.6751,0.1817,6.512,0.858
-0.8664,0.7008,0.8405,6.267,0.836
-1.0995,0.5453,2.3518,4.812,0.572
-0.9479,0.6583,1.1162,5.826,0.660
-0.9974,0.6333,-0.2127,5.350,0.599
-1.1536,0.5508,0.3185,6.642,0.989
-1.1577,0.5395,-0.6661,6.646,0.612
-1.1719,0.5714,-0.1051,6.206,0.706
-0.9365,0.7664,-1.7479,6.708,0.521
-1.1405,0.6317,0.1491,5.675,0.655
-0.9920,0.7737,2.1303,5.571,0.428
-1.2400,0.6241,-2.5822,6.270,0.756
-1.1985,0.6711,-1.1981,4.746,0.408
-1.1695,0.6795,1.0618,6.146,1.466
-1.0084,0.8074,-0.9732,6.650,0.884
-0.9241,0.8702,1.4372,5.948,0.653
-1.2114,0.6887,-0.0563,5.689,0.713
-0.9585,0.9065,0.5516,3.883,0.576
-0.9641,0.9327,-0.2545,4.613,0.528
-0.7711,0.5373,-0.3069,3.857,0.657
-1.1807,0.5424,0.1229,6.538,0.859
-0.7354,0.5612,0.1842,-0.857,1.112
-0.9383,0.4378,-0.0294,4.913,0.572
-0.7232,0.6037,-1.4824,6.189,0.882
-0.8660,0.5379,-0.4741,7.323,1.576
-0.8274,0.5536,-0.6918,5.061,0.554
-0.7033,0.6774,-0.3736,4.841,0.569
-0.9307,0.5527,0.6829,4.285,0.588
-1.0365,0.4892,-2.7599,4.760,0.545
-0.9980,0.5392,-0.3948,2.356,0.808
-0.8114,0.6637,0.3314,4.557,0.564
-0.8090,0.6890,0.0796,5.074,0.722
-0.8904,0.6101,0.3307,4.551,0.577
-1.0971,0.4670,0.4786,1.419,0.868
-1.0382,0.5104,-0.8462,3.964,0.579
-0.9345,0.6294,-1.1082,3.928,0.583
-0.8153,0.7484,-1.3563,6.286,1.102
-1.0141,0.6010,0.2572,4.600,0.554
-1.0649,0.6107,0.5548,5.137,0.584
-0.8275,0.8007,0.3689,4.276,0.555
-1.0466,0.6547,0.8738,4.549,0.480
-1.0322,0.6709,-1.3135,5.137,0.578
-1.0649,0.6751,-0.3124,4.121,0.570
-1.0077,0.7213,-0.8228,5.383,0.635
-1.1218,0.6475,0.1025,6.240,0.815
-0.9966,0.7844,0.9100,5.079,0.644
-1.1566,0.6517,-0.6378,5.545,0.593
-0.8896,0.8421,-0.1327,4.876,0.568
-1.2209,0.6665,-0.6349,4.170,0.537
-1.1319,0.7463,-4.3374,3.766,0.683
-0.9886,0.8466,0.3092,4.619,0.564
-1.0679,0.8426,1.0877,4.430,0.562
-1.0395,0.8721,-0.6569,4.735,0.563
-0.9707,0.9526,1.4503,5.721,0.696
-0.7704,0.7316,-1.5837,5.967,0.806
-0.8764,0.7534,-0.7745,4.426,0.563
-0.9815,0.4041,-0.8435,5.715,0.318
-1.1442,0.6002,-1.0871,5.267,0.654
-0.8684,1.0609,0.4287,5.076,0.772
-0.8265,1.0723,2.1546,4.613,0.536
-0.6161,0.8031,1.0060,3.998,0.613
-0.7751,0.9150,-0.9215,3.879,0.585
-0.6890,1.2617,0.3572,-0.383,1.014
-0.6660,1.0544,-0.2551,5.455,0.655
-0.6576,1.1561,-0.5032,4.324,0.543
-0.6486,0.9914,2.3694,2.972,0.762
-0.3953,0.9335,-1.7465,3.718,0.703
-0.6354,0.6712,0.2332,5.658,0.601
-0.5335,0.7731,-0.6525,4.706,0.496
-0.5721,0.8138,-0.3345,6.779,0.846
-0.5041,0.8420,0.5300,6.752,0.873
-0.5230,0.8835,2.2482,4.807,0.746
-0.4252,0.9365,0.7619,6.266,0.715
-0.7227,0.7811,0.5774,6.579,0.624
-0.5225,0.9274,-0.3834,6.669,0.874
-0.6704,0.8288,0.1209,5.969,0.580
-0.3886,1.0275,-1.1966,6.464,0.862
-0.7556,0.7730,0.4786,6.671,0.944
-0.5153,0.9450,-1.6368,5.836,0.645
-0.7479,0.7936,-0.0358,6.578,0.446
-0.6360,0.8727,-0.6740,5.538,0.567
-0.4291,1.0424,-0.5775,5.896,0.735
-0.7861,0.8008,1.2036,6.612,0.893
-0.4383,1.0639,0.1318,5.730,0.700
-0.6772,0.8987,-0.0687,4.059,0.377
-0.4579,1.0926,0.5682,5.154,0.593
-0.7443,0.9017,-0.1196,6.506,0.711
-0.6599,0.9705,1.2638,5.305,0.585
-0.7918,0.8850,-1.4839,4.266,0.567
-0.6182,1.0284,-3.9204,6.065,0.747
-0.6528,1.0178,-1.8042,6.733,1.008
-0.6914,0.9924,1.5569,5.999,0.601
-0.9246,0.9360,-1.7151,4.107,0.560
-0.8745,0.9131,0.5364,6.413,0.116
-0.8518,0.9975,-1.1450,5.794,0.754
-0.8464,0.9712,0.2538,6.588,0.773
-0.7723,1.0307,0.9037,6.540,0.868
-0.9310,0.9918,-1.4944,6.665,0.865
-0.7183,1.1447,-0.1025,6.428,0.769
-0.7463,1.1291,4.8294,5.935,0.695
-0.6599,1.2088,-1.5506,5.771,0.743
-0.6263,1.2390,-1.2746,6.063,0.673
-0.7402,1.1857,0.6570,6.976,1.038
-0.8293,1.1214,-0.5738,5.763,0.565
-0.6679,1.2987,4.2612,5.877,0.878
-0.9297,1.0245,1.3854,5.662,0.656
-0.6144,0.7149,1.2117,5.160,0.645
-0.5794,0.7618,-1.0915,4.787,0.527
-0.6484,0.7294,0.2851,5.147,0.561
-0.4345,0.8879,-0.4222,4.646,0.549
-0.5487,0.8107,-0.2750,6.667,0.868
-0.5963,0.7810,-4.4620,4.782,0.532
-0.4009,0.9861,0.6152,5.292,0.668
-0.6256,0.7847,0.1800,4.361,0.437
-0.5449,0.8427,0.1104,3.830,0.571
-0.6503,0.7962,0.1515,5.000,0.572
-0.5461,0.9044,0.7704,4.653,0.580
-0.5824,0.8751,-0.3387,3.810,0.567
-0.5073,0.9591,-0.0963,5.348,0.641
-0.5850,0.9167,-1.2594,5.358,0.573
-0.7457,0.8150,-0.8144,6.129,0.128
-0.5168,0.9909,0.1246,2.513,0.773
-0.8004,0.8167,-3.0003,6.122,0.730
-0.7435,0.8568,-2.5982,4.116,0.542
-0.6621,0.9148,-0.3343,0.741,0.245
-0.5882,0.9688,-2.1762,6.096,0.692
-0.7029,0.8908,-0.4811,4.601,0.519
-0.5180,1.0529,-0.2009,4.471,0.530
-0.8249,0.8507,-1.0028,4.969,0.567
-0.6281,1.0169,-0.8777,5.602,0.655
-0.5921,1.0321,-0.0646,5.818,0.717
-0.5113,1.0901,-1.2598,4.206,0.538
-0.8550,0.8630,-0.4605,4.588,0.706
-0.7118,1.0241,-0.5514,4.343,0.534
-0.5732,1.1255,1.1683,3.930,0.564
-0.8019,0.9731,1.5216,6.686,0.835
-0.7402,1.0189,-0.4622,4.625,0.559
-0.6318,1.1036,0.7388,3.675,0.692
-0.8992,0.9273,0.1276,1.214,0.079
-0.6334,1.1383,-3.3283,3.757,0.579
-0.7800,1.0793,0.6677,4.592,0.569
-0.8672,1.0450,0.0131,5.155,0.560
-0.8362,1.0758,0.9373,5.748,0.879
-0.6815,1.1915,2.1938,5.031,0.558
-0.7754,1.1584,-0.9714,5.061,0.551
-0.6920,0.9524,0.1626,5.419,0.670
0.4700,0.1727,-1.3171,4.616,0.536
0.4473,0.2659,1.4555,4.023,0.493
0.5413,0.3083,-0.0830,3.495,0.730
0.5509,0.3395,1.6864,4.478,0.570
0.6027,0.3058,-0.2810,3.350,0.634
0.6255,-0.0040,-0.0325,3.217,0.759
0.6842,0.4049,-0.3168,3.875,0.514
0.7973,0.3000,-0.4580,4.434,0.506
0.8172,0.3787,-0.3108,4.398,0.565
0.8381,0.2944,0.5746,5.106,0.574
0.8541,0.3388,1.9814,4.357,0.575
0.8246,0.2231,-0.9326,4.925,1.011
0.6498,0.0955,-0.7018,4.020,0.579
0.6536,0.0620,0.6860,4.204,0.563
0.7937,0.2387,-0.4044,4.254,0.793
0.6849,0.1686,-1.1499,6.338,0.868
0.7541,0.2620,0.0615,5.530,0.364
0.5394,0.1192,-2.7831,6.060,0.881
0.5100,0.2126,0.1021,4.852,0.351
0.5489,0.1976,0.0371,4.345,0.543
0.5779,0.1790,0.2488,4.320,0.749
0.7815,0.3477,-0.5818,5.208,0.574
0.6722,0.2750,0.6611,5.045,0.744
0.6793,0.3051,1.9967,4.665,0.495
0.7198,0.3392,0.3656,5.137,0.561
0.4450,0.1627,-0.7705,4.570,0.477
0.4462,0.1505,-2.1702,4.518,0.571
0.6674,0.3229,0.3789,3.967,0.584
0.5355,0.2337,2.1008,4.009,0.552
0.4530,0.1827,-0.0571,4.752,0.459
0.4569,0.2273,0.2514,5.056,0.660
0.7264,0.4363,-2.0701,5.356,0.691
0.7310,0.4171,-1.0253,4.846,0.679
0.5796,0.3076,-0.1087,4.831,0.560
0.6200,0.3415,-0.2160,5.198,0.829
0.6285,0.3816,1.3424,5.134,0.591
0.6357,0.3978,0.1662,5.876,1.057
0.3914,0.2313,1.4713,5.591,0.787
0.4602,0.2509,0.1584,6.204,0.469
0.4995,0.3037,-0.9545,4.985,0.551
0.4575,0.2828,0.0359,4.995,0.578
0.4038,0.3064,-0.3444,5.766,0.486
0.4013,0.3607,0.7309,6.188,0.792
0.5939,0.5205,1.1927,4.003,0.542
0.4289,0.4265,0.4882,5.064,0.962
0.5827,0.6095,-0.3729,4.042,0.534
0.5915,0.0618,0.2224,5.521,0.574
0.7253,0.1645,-2.1505,5.256,0.578
0.8211,0.2800,0.6877,6.289,0.861
0.6675,0.2587,0.3782,5.086,0.560
0.8243,0.4054,0.1411,5.379,0.565
0.7357,0.3485,0.4876,5.595,0.546
0.6390,0.3358,-1.5803,5.934,0.571
0.6621,0.3934,0.8086,5.582,0.751
0.6442,0.4237,-1.9005,6.021,0.567
0.4271,0.3343,2.3138,5.136,0.562
0.4096,0.3262,-0.8331,5.642,0.573
0.5639,0.4457,0.2478,5.733,0.760
0.5414,0.5468,1.2638,6.775,0.944
0.5540,0.5772,1.9853,6.333,0.875
0.5713,0.2278,-0.5980,5.514,0.572
0.4217,0.2276,1.7535,5.702,0.666
0.8042,0.3636,-0.5453,5.320,0.593
0.7730,0.4104,-0.6860,5.626,0.494
0.5666,0.3708,-0.0447,5.780,0.658
0.7665,0.4628,-0.9180,5.376,0.521
0.8530,0.3232,0.7140,6.372,0.240
0.8244,0.3404,0.0473,5.932,0.584
0.7054,0.4933,-0.5590,5.456,0.744
0.6256,0.2603,-1.7096,5.020,0.617
0.4144,0.3848,0.1070,5.444,0.539
0.6174,0.1353,1.1343,5.081,0.775
0.5887,0.0762,-0.1122,6.576,1.046
0.6774,0.0961,0.8149,-0.496,0.974
0.7850,0.2351,-0.5760,3.731,0.581
0.6490,0.1654,-0.5390,4.645,0.572
0.5877,0.1355,0.4151,-0.181,0.999
0.8905,0.3468,4.4701,5.496,0.709
0.6531,0.1975,-0.1070,5.862,0.797
0.6314,0.1902,1.3098,4.233,0.553
0.6971,0.2625,0.1392,4.304,0.565
0.4315,0.1962,-0.8157,4.055,0.507
0.7327,0.4063,-0.2195,5.187,0.795
0.7528,0.4227,2.1550,5.296,0.646
0.5025,0.2388,0.2885,4.810,0.490
0.3309,0.2691,2.3800,2.305,0.787
0.7123,0.4560,0.4339,4.185,0.557
0.6276,0.4434,0.0931,3.837,0.575
0.4778,0.3570,0.7801,3.423,0.712
0.5783,0.4323,0.3822,3.717,0.643
0.5033,0.4285,-0.2787,4.014,0.560
0.6507,0.5473,-0.5489,4.151,0.566
0.3580,0.3447,-0.1786,4.780,0.587
0.4307,0.4079,0.7322,4.227,0.533
0.4837,0.4468,1.0597,4.913,0.580
0.3658,0.3753,-0.1483,5.304,0.698
0.8766,0.2499,0.0203,5.520,0.641
0.7515,0.1825,0.0693,3.028,0.785
0.8790,0.2930,0.3437,5.647,0.669
0.7630,0.3187,-0.6236,6.396,0.664
0.5931,0.4526,-0.5481,5.560,0.543
0.4264,0.3857,-0.8929,6.151,0.338
0.4938,0.4007,-0.0852,5.572,0.564
0.6849,0.5028,-0.7214,4.924,0.561
1.0207,0.4066,-0.2137,4.171,0.500
0.8162,0.7058,1.1326,4.503,0.471
0.9010,0.4974,-0.1381,4.699,0.573
0.9106,0.5685,1.0346,5.920,0.531
0.9480,0.7891,-0.4392,3.609,0.649
0.9541,0.7075,1.3154,5.085,0.574
1.0191,0.5854,-6.7609,6.214,0.872
1.0736,0.5967,0.1906,6.371,0.850
1.0728,0.5261,-3.5290,5.390,0.572
1.1343,0.5875,-0.4685,6.164,0.822
1.0020,0.8354,-4.5351,4.801,0.565
0.9333,0.3269,0.1024,4.860,0.564
0.9454,0.3665,0.3722,5.083,0.569
0.9334,0.3643,-0.1003,5.617,0.802
1.1167,0.5095,-3.4935,6.636,0.655
1.0984,0.5177,-2.2909,6.196,0.744
0.9635,0.4604,0.0268,5.379,0.443
0.8558,0.5152,-0.7215,4.484,0.569
0.8228,0.5017,-0.4203,6.892,0.873
0.7688,0.4832,-1.1207,4.088,0.455
1.0339,0.6961,-0.2055,4.377,0.512
0.7625,0.5686,2.4749,4.607,0.572
0.8682,0.6629,0.2030,5.755,0.572
0.8334,0.6202,-0.0713,5.850,0.734
0.9293,0.7471,-1.1297,5.559,0.618
0.9237,0.8311,-0.2914,5.751,0.725
0.7276,0.7005,0.9305,6.023,1.074
0.8779,0.8697,0.5148,5.296,0.577
1.1978,0.6133,-0.6107,6.116,0.681
0.9045,0.4584,-0.9207,5.665,0.735
0.9268,0.5148,0.2907,6.045,0.572
0.9192,0.5283,-0.7705,6.296,0.875
0.8252,0.5837,1.9798,5.757,0.659
0.8003,0.5820,0.0962,5.930,0.622
0.9879,0.7296,-5.3743,6.332,0.748
0.8444,0.6810,-0.7049,5.752,0.683
0.7129,0.6456,0.8015,5.420,0.761
0.8626,0.7449,-1.7620,6.531,1.006
0.9642,0.8446,18.0652,5.578,0.725
0.8469,0.7945,0.3331,6.331,0.764
1.0819,0.4669,-0.5795,4.288,0.573
0.9298,0.4318,-1.4825,4.793,0.506
1.0356,0.5121,1.8585,4.301,0.529
1.2330,0.6425,0.4409,4.866,0.574
1.0674,0.5634,0.3745,5.288,0.638
0.9617,0.4913,2.1614,4.227,0.514
0.9089,0.4983,-0.1503,4.827,0.551
1.1119,0.6487,-1.6267,3.658,0.641
0.9231,0.5878,-0.4532,3.765,0.579
1.0426,0.7057,-0.6300,4.068,0.628
0.8920,0.6057,-0.0077,4.676,0.503
1.0632,0.7733,1.0179,-0.842,1.043
0.8691,0.6559,0.0928,5.079,0.576
0.8841,0.6995,-0.4423,4.316,0.527
0.9886,0.7848,-1.5927,5.030,0.574
0.8056,0.6678,0.1837,4.582,0.499
0.9087,0.8096,-1.2220,4.544,0.527
0.9466,0.8414,1.1582,3.503,0.710
0.6748,0.6635,0.2320,4.998,0.565
0.8721,0.8014,1.1162,4.882,0.550
0.8000,0.7972,-2.0210,4.178,0.549
0.6366,0.6475,1.8395,4.518,0.503
1.1542,0.5671,-0.5537,6.041,0.707
1.1206,0.7266,-4.7775,4.323,0.494
1.1421,0.7515,0.3059,5.205,0.576
0.8700,0.7278,2.2589,6.030,0.643
0.7163,0.6323,0.4556,5.590,0.461
0.7873,0.7509,2.2906,5.454,0.502
0.7944,0.7743,-0.2859,4.508,0.506
0.7618,0.7540,1.1001,3.791,0.565
1.1432,0.7242,0.8205,6.012,0.837
0.7830,0.5039,-1.5231,2.137,0.796
0.1400,0.7218,-0.1696,4.339,0.505
0.2580,0.4178,0.0065,4.269,0.610
0.2982,0.6545,-0.7315,4.684,0.549
0.3038,0.4302,0.1258,3.675,0.610
0.3182,0.7280,0.3869,5.117,0.271
0.3354,0.4531,0.4103,0.903,0.487
0.3549,0.7107,-1.6267,4.487,0.515
0.4018,0.4861,0.1407,0.307,0.906
0.4435,0.4660,0.9144,4.048,0.493
0.5014,0.6366,-0.5142,0.762,0.456
0.3032,0.3544,0.6121,5.729,0.744
0.4591,0.4832,-0.9729,5.094,0.621
0.3894,0.4402,-2.7312,4.668,0.528
0.3859,0.5186,-0.1297,4.335,0.589
0.2321,0.4695,-0.7909,5.197,0.575
0.3593,0.4891,0.2428,4.695,0.570
0.4524,0.5542,-0.5861,6.012,0.675
0.5502,0.6443,0.9631,5.153,0.637
0.5505,0.6556,2.1782,4.849,0.690
0.3241,0.5430,-0.2280,3.982,0.499
0.2962,0.5323,-0.1855,5.684,0.642
0.1883,0.5004,-0.9675,0.839,0.501
0.4083,0.6330,-0.1865,4.708,0.528
0.2562,0.5153,0.0901,4.829,0.307
0.3885,0.6208,-1.3359,5.383,0.486
0.2238,0.5188,0.6774,5.154,0.795
0.2885,0.6008,0.1634,4.454,0.516
0.2721,0.5671,-0.1915,4.611,0.524
0.2505,0.5876,-0.6262,6.061,0.868
0.1956,0.5507,0.7692,4.644,0.644
0.3054,0.6314,1.0347,6.267,0.667
0.1080,0.5337,4.9410,3.780,0.563
0.1995,0.5901,0.4047,6.565,0.759
0.2195,0.5889,-1.7406,4.467,0.554
0.4404,0.7758,0.3598,6.175,0.753
0.3135,0.6901,-0.2602,5.620,0.567
0.2939,0.6802,-0.1028,3.825,0.565
0.0892,0.5538,-0.3271,4.863,0.559
0.0788,0.5511,-0.0573,5.732,0.487
0.1170,0.5817,-0.8603,4.177,0.531
0.1683,0.6809,-0.5703,6.401,0.572
0.1942,0.6837,1.9141,4.562,0.484
0.2719,0.6981,0.9200,3.738,0.569
0.0734,0.5964,0.4884,5.490,0.579
0.1419,0.6877,-1.3673,5.694,0.705
0.0780,0.6531,0.2069,5.199,0.549
0.1996,0.7959,0.2322,4.706,0.565
0.0838,0.6929,0.4466,5.132,0.565
0.1433,0.7994,-1.3364,7.146,1.373
0.1675,0.7784,-0.3678,5.290,0.586
0.2704,0.8528,0.5883,5.498,0.872
0.0783,0.7312,0.1374,5.148,0.426
0.3721,0.4358,-0.3750,5.371,0.604
0.2751,0.4015,-0.7032,5.859,0.660
0.5025,0.5843,-0.6613,5.838,0.729
0.4682,0.5682,-0.3731,6.389,0.861
0.4164,0.7561,-0.0059,6.106,0.725
0.3726,0.7394,-0.8278,3.903,0.564
0.3445,0.8450,-0.3254,6.690,0.312
0.3362,0.8372,-2.6487,6.569,0.039
0.2860,0.8967,0.4159,6.213,0.747
0.0593,0.5621,-1.5104,6.892,0.932
0.2502,0.6560,0.3351,6.798,0.698
0.1773,0.8130,2.2127,6.159,0.500
0.1845,0.8317,0.9592,6.835,1.112
0.3951,0.5795,0.7908,5.763,0.667
0.1071,0.7221,0.1043,6.809,0.748
0.3124,0.3270,-1.0916,5.057,0.564
0.2394,0.3712,0.4521,4.383,0.561
0.3052,0.3920,1.4961,3.188,0.742
0.4347,0.5012,0.6420,4.402,0.526
0.3187,0.4248,-2.0864,4.211,0.222
0.5757,0.6187,0.3540,4.041,0.497
0.4300,0.5357,-0.0905,3.676,0.567
0.6061,0.6384,1.0430,0.933,0.124
0.5338,0.6274,-0.1462,5.416,0.572
0.4023,0.5505,-1.0433,2.731,0.310
0.4926,0.6037,0.9901,4.595,0.508
0.3318,0.4996,-2.2213,4.280,0.554
0.3394,0.5457,-1.5433,4.108,0.430
0.2753,0.4838,-0.6527,3.269,0.751
0.3685,0.6279,-0.5626,4.543,0.567
0.1732,0.4717,-0.3852,-0.855,0.997
0.2860,0.5931,-1.6348,4.264,0.517
0.3814,0.6507,-0.3367,5.180,0.752
0.4874,0.7283,-1.2971,3.777,0.603
0.3206,0.6523,-0.4644,5.454,0.565
0.1286,0.5233,0.0672,1.034,0.086
0.3769,0.7054,-2.3192,5.058,0.585
0.3343,0.7182,0.4141,4.862,0.497
0.2135,0.6224,0.4104,1.309,0.860
0.2380,0.7078,-0.9077,5.269,0.567
0.3248,0.7496,-1.4573,4.044,0.539
0.4237,0.8281,-0.8589,0.790,0.674
0.1105,0.6529,-0.7484,3.317,0.828
0.3390,0.8060,0.2854,5.520,0.632
0.2696,0.7800,0.4342,5.153,0.593
0.2207,0.7810,1.2465,4.287,0.559
0.3425,0.8615,-0.5324,4.432,0.571
-0.0152,0.6470,-0.9174,4.410,0.520
0.0956,0.7014,0.1483,6.044,0.373
0.2196,0.8131,-0.9382,5.990,0.858
0.1417,0.7716,-0.7159,0.589,0.566
0.2353,0.8611,-0.3950,3.995,0.574
0.5325,0.6633,-0.4224,1.970,0.816
0.2268,0.6487,1.6559,4.943,0.519
0.5869,0.6541,0.7857,5.499,0.370
0.2670,0.6245,0.0992,6.397,0.578
0.3709,0.9820,1.9944,3.765,0.632
0.4751,0.8112,0.5179,4.946,0.571
0.6840,0.7443,0.7706,0.954,0.865
0.3352,1.0075,-0.2150,4.396,0.540
0.4979,0.9824,-0.8430,4.957,0.562
0.5399,1.0428,-2.7762,4.635,0.603
0.6292,1.2734,0.2350,6.361,0.676
0.6432,0.9657,-0.7609,5.022,0.581
0.5777,0.7094,-2.5150,4.550,0.444
0.6816,0.8351,-1.8629,6.642,0.878
0.8330,0.9465,1.0900,6.452,0.896
0.7470,0.8984,-0.3998,5.848,0.729
0.8353,1.0148,2.4234,4.803,0.590
0.5527,0.8027,-0.2537,6.361,0.861
0.7269,0.9323,0.2780,5.973,1.002
0.6576,0.9125,-0.7769,3.766,0.608
0.5548,0.8332,0.2444,6.910,1.239
0.6004,0.9407,-0.8767,5.994,0.758
0.5266,0.8900,0.5919,4.718,0.562
0.4192,0.8558,-1.3202,4.303,0.488
0.4856,0.9116,0.2210,3.654,0.703
0.5009,0.9103,0.3741,5.101,0.730
0.5095,0.9565,0.5982,6.705,0.770
0.6062,1.0534,0.4799,5.558,0.697
0.4857,1.0034,-1.5956,6.403,0.786
0.5962,1.1357,0.4106,5.883,0.518
0.6373,1.2136,-1.4296,5.389,0.579
0.5622,1.1873,0.1081,5.815,0.582
0.4735,1.1387,1.9537,6.526,0.845
0.6019,1.2294,0.6083,6.133,0.641
0.5630,1.2570,-0.9136,6.475,0.832
0.7577,0.8279,-0.6885,5.679,0.604
0.6466,0.7851,-1.5203,6.671,0.861
0.6038,0.7728,-0.6422,5.964,0.892
0.6779,0.8155,-0.4410,6.527,0.737
0.6510,0.8097,1.2300,4.809,0.572
0.6932,0.9127,-1.7994,6.392,0.846
0.5495,0.9916,-1.2807,6.247,0.777
0.3397,0.9347,-0.3446,5.659,0.685
0.3532,0.9410,-0.7618,6.699,1.365
0.5522,0.7117,-0.2626,6.895,0.938
0.5311,0.7402,1.2726,5.501,0.661
0.4442,0.8668,0.4823,5.058,0.496
0.4277,0.9041,5.3718,6.054,0.671
0.3923,0.9524,2.3880,6.819,0.882
0.6636,0.7215,1.0570,5.156,0.635
0.6935,0.7868,-0.2562,4.253,0.559
0.6425,0.7563,-0.9249,5.327,0.622
0.8448,0.9163,0.3443,6.036,0.774
0.6225,0.8164,2.3103,5.189,0.609
0.7856,0.9472,1.0818,1.179,0.871
0.8834,1.0266,-1.2943,4.413,0.556
0.5876,0.8246,-0.4810,2.802,0.760
0.6136,0.8898,-0.4778,5.426,0.672
0.7117,0.9614,1.0607,5.237,0.587
0.5537,0.8893,1.1061,4.350,0.536
0.4868,0.8453,-0.4787,4.613,0.534
0.5758,0.9386,1.7554,4.820,0.467
0.5858,0.9596,-1.3306,4.226,0.494
0.5977,0.9746,1.8915,5.311,0.824
0.7528,1.0920,0.2993,4.069,0.562
0.7023,1.0587,0.1252,4.587,0.563
0.4635,0.9253,0.5422,4.908,0.493
0.4704,0.9439,-1.3267,5.847,0.870
0.6586,1.0963,-0.5001,5.394,0.602
0.5088,1.0074,-0.2183,5.758,0.657
0.4455,0.9624,-3.1061,5.798,0.664
0.3672,0.9250,-1.0620,5.440,0.563
0.4647,1.0247,0.1010,4.081,0.568
0.6093,1.1341,0.5466,4.907,0.557
0.6475,1.1831,2.1446,4.152,0.569
0.5592,1.1500,0.3262,4.571,0.519
0.4044,1.0472,-0.8835,4.348,0.544
0.4765,1.1084,0.2406,4.008,0.547
0.4158,1.0844,-2.0856,4.474,0.530
0.4440,1.1140,-1.1817,5.520,0.545
0.7155,0.8147,-2.1256,4.792,0.560
0.8875,0.9591,0.2574,5.175,0.617
0.8968,0.9436,1.9186,4.575,0.524
0.5905,0.7656,-1.3591,4.328,0.552
0.6413,0.8459,-2.1352,5.140,0.579
0.7267,0.9137,-1.7058,5.315,0.539
0.6367,0.9200,-0.2396,4.743,0.521
0.5091,0.8432,0.0386,5.350,0.620
0.7571,1.0186,0.4357,5.208,0.579
0.7354,1.0511,2.3443,5.727,0.654
0.6317,1.2414,-2.2185,5.391,0.579
0.5562,0.7777,-0.9490,6.724,1.030
0.6145,1.3148,-0.6733,6.697,0.864
1.4575,1.0017,1.7931,5.172,0.543
1.4376,0.9155,-1.0696,4.924,0.531
1.3078,0.8569,-3.9215,5.791,0.863
1.2900,0.9824,-5.2771,5.311,0.647
1.1381,1.0474,0.6231,5.933,0.685
1.3667,0.9027,2.6526,6.257,0.829
1.2208,0.6816,-0.2704,1.835,0.797
1.2037,0.6923,-0.9077,5.110,0.610
1.2501,0.6801,-0.9376,4.603,0.629
1.3243,0.8853,0.7680,6.010,0.861
1.3814,1.0714,1.7285,6.890,0.882
1.2866,1.0175,-0.6869,5.824,0.671
1.0402,0.8840,-1.6450,4.147,0.562
1.2579,1.0371,3.0614,6.561,0.837
1.0484,0.9378,-0.7441,4.588,0.780
1.2943,1.1038,0.0200,6.693,0.881
1.3372,1.1451,-3.0489,6.832,0.865
1.2485,1.1006,0.5028,5.092,0.561
1.3235,1.1770,-1.1271,6.749,0.869
1.2757,1.1655,0.0219,6.244,0.567
0.9934,0.9886,0.0223,5.568,0.578
1.2518,1.2113,-1.6549,6.183,0.709
1.1952,1.2044,3.8230,5.422,0.572
1.2244,1.2103,4.7618,6.035,0.767
1.1363,1.1510,-0.9515,6.224,0.719
1.3497,0.7537,-0.2085,5.560,0.568
1.2581,0.7256,-0.1924,6.133,0.797
1.1882,0.7211,-0.9191,6.075,0.590
1.2568,0.8419,0.0523,5.188,0.588
1.1063,0.8235,1.4209,5.771,0.666
1.1671,0.8859,-0.4815,6.575,0.826
1.2001,0.9098,0.5293,5.960,0.652
1.1641,1.0314,1.1926,6.390,0.783
1.0086,0.9417,0.2180,6.242,0.699
0.9451,0.9724,1.8869,6.157,0.735
0.9759,0.9987,1.2385,5.360,0.592
1.2711,0.8086,-1.2393,6.876,0.925
1.4174,1.0928,1.8845,4.893,0.536
1.5195,0.9874,3.5401,6.432,0.755
1.4407,0.9875,0.6119,5.485,0.683
1.1157,0.8462,0.2228,3.121,0.710
1.3342,1.0168,1.4081,4.213,0.567
1.0613,0.9266,-1.2098,3.799,0.566
1.2789,1.0898,0.1207,5.112,0.517
1.1540,1.1044,-1.9007,6.448,0.833
1.2993,1.2080,-0.5278,4.808,0.512
1.2200,1.1685,-0.4215,4.130,0.549
1.1135,1.1449,-2.7058,3.779,0.568
1.2186,1.2821,7.7619,6.277,0.637
1.2975,0.8407,-5.4276,5.601,0.493
1.2013,0.8214,7.0606,3.716,0.574
1.1791,0.8196,-0.8910,6.456,0.668
1.1931,0.8644,-1.7256,3.685,0.588
1.2386,0.9087,0.7575,3.907,0.528
1.1694,0.9176,-0.3250,4.998,0.507
1.2008,0.9577,-2.6827,4.711,0.500
1.1365,1.0046,-0.1872,5.965,0.617
1.1026,0.9829,0.1066,4.365,0.224
1.1234,1.1058,-0.0006,5.951,0.674
1.0625,1.0761,-0.0013,6.888,0.880
1.2491,0.7962,-0.3957,5.064,0.566
1.4169,0.8721,0.3756,5.212,0.573
1.4502,0.9067,-6.2312,6.205,0.485
1.4265,0.9637,-1.5626,5.591,0.679
1.2379,0.9255,-2.3816,6.514,1.387
1.5849,1.3104,-1.4664,4.992,0.565
1.7369,1.3557,-0.1906,3.612,0.646
1.2624,1.3192,-0.8084,5.961,0.640
1.3241,1.2794,-0.6484,4.178,0.517
1.3837,1.4116,-0.3755,5.789,0.663
1.4072,1.2984,-0.4931,4.580,0.644
1.4261,1.1550,-0.2512,4.843,0.531
1.5438,1.0066,-0.4543,5.907,0.736
1.7981,1.3007,2.2964,6.226,0.663
1.7516,1.2914,0.8829,5.970,0.696
1.4749,1.1677,0.1772,5.886,0.641
1.5787,1.2472,0.7894,5.765,0.652
1.5481,1.3648,-0.3011,6.492,0.772
1.5276,1.4213,-0.7126,6.587,0.831
1.4114,1.3575,-0.4657,6.122,0.698
1.6578,1.5406,0.6238,6.350,0.748
1.3102,1.2530,0.2095,6.007,0.676
1.3444,1.3247,-3.4295,6.403,0.859
1.4673,1.1045,2.4433,6.036,0.707
1.6725,1.1365,-3.2232,3.700,0.602
1.6983,1.1916,0.0348,3.527,0.717
1.6912,1.2180,-0.6747,4.557,0.566
1.5645,1.1383,-1.6025,4.929,0.555
1.7118,1.2468,-0.1661,5.085,0.558
1.6149,1.1956,-2.3199,4.777,0.574
1.5202,1.1363,0.0481,4.870,0.523
1.7175,1.2884,3.6270,3.753,0.571
1.5075,1.1740,0.4453,4.644,0.571
1.7639,1.3595,-1.0954,3.380,0.691
1.7217,1.3787,-0.0918,5.037,0.538
1.7480,1.4400,-1.0809,1.359,0.820
1.7370,1.4114,3.5571,6.390,0.683
1.5480,1.3017,-3.2066,4.930,0.539
1.6117,1.3553,0.5051,4.049,0.520
1.5595,1.3774,1.3058,6.446,0.788
1.4112,1.2816,-5.9333,5.359,0.452
1.6075,1.4311,0.5492,6.049,0.653
1.5699,1.4224,0.1304,6.086,0.735
1.3539,1.3060,-2.7200,5.130,1.171
1.4685,1.4975,1.5820,5.579,0.587
1.4511,1.4889,1.8088,6.791,0.772
1.4526,1.1092,-6.1640,5.719,0.592
1.4547,1.1802,1.2654,5.235,0.576
1.4408,1.2097,1.0985,4.794,0.541
1.5067,1.0821,-0.4872,4.944,0.558
1.5686,1.0373,0.1023,4.599,0.500
0.7974,1.2380,-2.7748,5.696,0.720
0.8555,1.2235,2.4205,3.154,0.755
0.9112,1.1191,1.6238,0.024,0.950
0.9692,1.1192,-1.3178,4.908,0.580
1.0265,1.5196,0.3059,6.823,0.881
1.0249,1.1115,-0.0611,6.419,0.758
1.0884,1.2615,-0.0576,5.912,0.685
1.1446,1.2422,-1.6086,6.645,0.874
0.8499,1.1351,0.3631,4.062,0.575
1.1290,1.3892,5.3037,6.389,0.841
0.9627,1.3829,-0.1835,6.604,0.858
0.9820,1.3764,-0.0404,6.453,0.663
1.0113,1.4237,-1.4167,6.567,0.937
1.0008,1.5329,0.9213,4.593,0.874
0.8968,1.4368,0.4337,3.939,0.569
0.9068,1.4573,0.8718,4.870,0.593
0.9064,1.5226,1.4568,4.063,0.588
0.9673,1.5714,-3.7290,4.173,0.661
0.7321,1.4067,-1.4834,6.576,0.948
0.7263,1.3973,1.6415,6.335,0.715
0.6487,1.3503,-0.3457,6.093,0.692
1.0186,1.1317,-0.3446,6.790,0.894
1.0414,1.1965,-1.1663,6.898,0.899
0.9808,1.2155,1.3623,4.828,0.564
0.8177,1.1065,0.6197,6.594,0.846
1.0032,1.2567,0.7476,6.447,0.864
0.9724,1.2504,-0.5996,4.697,0.533
0.9365,1.2867,0.0708,6.738,0.869
0.8153,1.2250,-0.3992,6.568,0.869
0.7698,1.2692,-3.8940,6.344,0.675
0.7712,1.3180,0.1286,6.651,0.726
0.8543,1.3860,-1.1258,4.152,0.668
0.8423,1.3843,4.0084,3.646,0.679
0.8655,1.4566,-2.8498,6.135,0.659
1.0059,1.0612,-0.0635,5.442,0.581
0.9513,1.0723,-0.3839,4.452,0.550
1.1721,1.2579,-0.0162,3.732,0.564
1.1310,1.2334,-2.0689,5.485,0.630
1.1941,1.3143,-4.6450,4.736,0.495
1.2117,1.3459,-0.0184,5.344,0.562
0.9417,1.1751,0.8041,4.623,0.564
0.8998,1.1969,7.5255,5.202,0.579
0.8363,1.1709,1.1957,4.915,0.531
1.0506,1.3232,-0.0096,3.496,0.701
1.1137,1.3704,2.7685,4.112,0.496
1.0765,1.3592,1.9109,4.983,0.532
0.8020,1.1963,-0.6188,4.350,0.520
1.0359,1.3636,2.1658,4.796,0.562
0.7589,1.1766,0.0948,4.464,0.552
0.7388,1.2009,0.7233,2.993,0.774
0.9625,1.3707,-0.2184,3.348,0.336
0.7160,1.2458,-0.1101,5.126,0.565
1.0577,1.4919,0.8184,3.703,0.660
0.7360,1.2874,5.1564,0.781,0.613
0.9964,1.5167,0.0591,4.092,0.478
0.6792,1.3160,6.1255,5.890,0.698
0.9601,1.5547,-0.2094,4.486,0.319
0.8806,1.5672,-1.5164,5.265,0.559
0.9147,1.2310,-1.1332,4.960,0.569
0.7800,1.4291,1.2982,5.419,0.602
0.8332,1.4796,-0.2252,4.430,0.504
0.9327,1.5912,0.6990,5.724,0.683
1.2347,1.9155,2.9828,5.414,0.578
1.1486,1.5248,6.3027,5.731,0.637
1.2909,1.4906,-0.7158,5.706,0.579
1.4411,1.7777,2.0904,6.450,0.828
1.4152,1.8052,-1.3717,4.644,0.554
1.3826,1.5169,3.5571,6.721,0.854
1.2779,1.4547,-1.5416,6.030,0.675
1.1781,1.4043,-0.3838,6.827,0.774
1.2749,1.5900,1.1842,6.710,0.780
1.2265,1.5875,-0.3886,6.335,0.636
1.4024,1.7565,1.2696,6.452,0.785
1.1616,1.5904,0.5925,6.741,0.733
1.1736,1.6882,0.2699,6.834,0.858
1.3694,1.8352,-0.5825,5.579,0.560
1.0172,1.6542,-3.4847,6.323,0.775
0.9665,1.6566,-0.3296,4.288,0.515
1.4846,1.5923,-4.0076,4.250,0.512
1.5392,1.6332,1.4549,5.505,0.574
1.3453,1.5211,1.3376,5.048,0.486
1.3625,1.5333,-3.2856,5.429,0.578
1.1669,1.4396,3.9255,4.499,0.501
1.1321,1.4385,1.8492,2.574,0.771
1.5115,1.7034,-1.2363,4.228,0.520
1.4673,1.7282,-2.5846,4.690,0.526
1.2515,1.6028,-0.1903,5.875,0.667
1.3063,1.6918,-0.3863,4.110,0.498
1.1373,1.5642,1.5035,4.130,0.494
1.0687,1.5423,0.5845,5.063,0.562
1.1856,1.6547,-1.9681,4.102,0.533
1.0567,1.5748,0.6120,4.573,0.524
1.3758,1.8123,-2.3578,4.920,0.534
1.2724,1.7600,-0.3251,4.699,0.546
1.0939,1.6369,0.5173,4.128,0.521
1.0833,1.6886,-1.5225,0.633,0.176
1.0471,1.7075,-2.5252,4.334,0.547
1.3237,1.8633,-0.6065,4.987,0.542
1.1892,1.7733,0.4253,6.727,0.859
1.2407,1.8168,-1.2222,4.906,0.561
1.1401,1.7874,0.2047,4.281,0.496
1.2506,1.8874,1.6891,5.984,0.680
1.3118,1.3892,5.9977,4.198,0.487
1.3927,1.4792,0.8122,4.451,0.515
1.1853,1.5551,2.3924,5.208,0.554
1.1262,1.6220,0.8096,4.701,0.627
1.2287,1.4389,0.3523,5.119,0.540
1.2483,1.3999,-0.2127,4.976,0.491
0.7232,1.4318,-0.4140,4.401,0.551
1.3105,1.9162,-3.0624,6.492,0.805
-0.2749,0.9803,-0.3111,4.790,0.554
-0.0629,1.0905,-0.0043,2.691,0.739
-0.0249,0.9373,0.8967,5.663,0.706
-0.0389,0.8335,-0.2926,3.751,0.550
0.0829,1.0945,-1.0063,0.787,0.494
0.1850,0.9961,-1.0128,4.518,0.563
0.0615,0.7569,1.1433,6.753,0.920
0.1227,0.8015,-1.7384,4.721,0.571
-0.0311,0.6992,0.3338,5.999,0.709
0.0938,0.7960,0.1366,5.154,0.680
0.0776,0.7970,1.0978,4.996,0.566
-0.0432,0.7204,0.4289,7.072,1.213
0.1070,0.8274,-0.6132,4.587,0.567
0.0298,0.7753,0.8867,5.568,0.604
0.1186,0.8765,1.1332,5.320,0.287
0.0054,0.7986,-1.0565,4.618,0.491
-0.1025,0.7634,0.0448,5.168,0.609
-0.0783,0.7555,0.8768,5.468,1.146
0.1716,0.9176,-0.2604,5.933,0.566
0.0569,0.8684,0.5988,5.112,0.590
0.2311,1.0149,-5.9591,4.738,0.579
0.0117,0.8472,-0.2350,4.447,0.591
-0.0872,0.7958,0.4658,3.918,0.549
-0.0571,0.8396,0.3944,5.283,0.750
0.0541,0.9115,-1.3249,5.603,0.628
0.1279,0.9766,-2.2016,5.836,0.657
0.0384,0.9143,0.0050,5.654,0.694
0.0866,1.0099,1.4945,5.356,0.571
0.0866,1.0031,-0.2803,4.218,0.542
-0.0869,0.8970,-1.0890,6.009,0.673
0.0201,0.9983,-1.3160,5.190,0.600
-0.0273,0.9676,1.9685,4.185,0.542
0.1259,1.0778,-0.8389,4.410,0.537
-0.1013,0.9247,0.4589,5.090,0.574
-0.0173,1.0077,1.1845,5.008,0.474
-0.0482,0.9886,0.2774,4.584,0.492
-0.1511,0.9209,0.0782,5.413,0.639
0.0474,1.0659,-1.3921,5.643,0.592
-0.0078,1.0385,-0.7322,6.100,1.036
-0.1598,0.9435,-2.6752,6.821,1.068
-0.0382,1.0660,-0.4257,4.300,0.662
-0.0808,1.0084,3.6549,5.320,0.497
0.1018,1.1533,2.6246,4.932,0.577
0.0072,1.0950,-0.0358,5.775,0.643
-0.1576,0.9831,-8.8265,5.744,0.700
0.0094,1.1355,-0.5228,4.534,0.510
0.0823,1.1918,-2.9510,6.159,0.490
-0.2487,0.9809,0.0236,7.017,1.325
-0.1678,1.0763,-0.3611,4.008,0.666
-0.1374,1.0810,-0.1958,3.916,0.572
-0.0510,1.1496,0.4823,4.199,0.497
-0.3046,0.9818,1.3669,6.406,0.715
-0.2917,1.0154,-0.1384,3.906,0.620
-0.2463,1.0414,0.1641,5.100,0.564
-0.2136,1.1031,0.9468,5.789,0.726
-0.0524,1.2337,0.2430,5.144,0.567
0.0667,0.8290,2.3019,5.655,0.734
-0.0701,0.8715,1.3476,5.747,0.683
-0.1287,0.8402,1.4172,5.235,0.548
-0.0449,0.9192,-1.3713,5.547,0.625
-0.0563,1.0302,0.4357,5.557,0.635
-0.1157,0.9967,0.5621,5.365,0.580
-0.0490,0.7012,0.9929,5.383,0.429
0.0135,0.7026,0.2021,4.862,0.603
0.0134,0.7708,-0.1300,5.210,0.491
0.0161,0.7321,0.4537,0.766,0.576
-0.0635,0.7166,3.1229,4.532,0.505
0.2290,0.9211,3.3067,4.830,0.510
0.2009,0.9163,-0.2800,3.737,0.654
0.1281,0.8667,-0.7513,5.196,0.608
0.2509,0.9531,-1.0458,3.244,0.751
0.2769,0.9774,0.1719,4.998,0.523
-0.0561,0.7555,-2.4796,1.911,0.800
0.0336,0.8528,0.7478,4.590,0.503
0.2301,0.9985,0.4287,4.605,0.492
-0.0518,0.8275,0.0057,4.393,0.597
0.1632,0.9819,3.7630,4.396,0.563
-0.0101,0.8689,0.0528,3.639,0.663
0.0352,1.0350,0.2528,5.134,0.573
-0.1756,0.8978,0.0171,4.672,0.571
-0.1312,0.9459,-0.0773,4.800,0.540
-0.0991,0.9775,2.0675,3.791,0.569
-0.0356,1.0272,0.4716,4.366,0.625
-0.2726,0.9203,-0.2180,5.207,0.647
-0.0886,1.0337,-0.4145,3.783,0.603
-0.0203,1.0918,3.3953,3.163,0.740
-0.1666,1.0147,1.0809,4.404,0.522
-0.0630,1.1062,-1.8819,6.212,1.045
-0.0341,1.1188,0.8638,7.011,1.242
-0.2274,0.9944,-0.8088,4.801,0.532
-0.0198,1.1475,-1.3161,5.019,0.220
-0.2162,1.0177,0.7003,5.307,0.523
-0.0241,1.1645,0.4816,4.107,0.536
-0.0009,1.1804,-0.8214,3.617,0.701
-0.2950,0.9988,1.0470,4.997,0.241
-0.1018,1.1498,1.2868,5.726,0.738
-0.1379,1.1413,-2.7658,4.013,0.512
-0.1885,1.1341,0.5436,3.625,0.698
-0.0325,1.2418,-0.1099,6.087,0.626
-0.0165,1.2556,0.5473,4.734,0.518
-0.1147,0.8649,1.3874,2.133,0.870
-0.1773,0.8193,-0.2157,5.177,0.590
0.1435,0.9034,0.0218,6.121,0.833
0.1435,1.0644,-1.9129,3.639,0.708
0.1354,1.1421,0.6626,5.564,0.619
0.2351,1.0774,-1.6142,4.736,0.590
0.2712,1.5943,1.6281,4.774,0.550
0.2845,1.2045,1.0835,5.022,0.627
0.3273,1.5339,0.4606,0.893,0.876
0.4068,1.2234,-0.0669,0.589,0.892
0.4071,1.4847,1.7892,6.575,0.876
0.2870,0.9997,0.7312,5.235,0.272
0.3548,1.1696,1.0981,4.202,0.570
0.4896,1.2506,1.9887,4.958,0.563
0.2317,1.0656,-0.6937,6.610,0.570
0.4505,1.2235,0.0295,5.297,0.670
0.2797,1.1093,0.9239,4.934,0.583
0.2619,1.0970,-0.2322,6.108,0.726
0.3756,1.2163,-0.2228,4.463,0.561
0.4479,1.2818,1.0863,6.047,0.675
0.3775,1.2830,-3.8935,6.627,0.714
0.3152,1.2355,0.2066,4.416,0.528
0.3417,1.2361,0.7418,6.869,0.884
0.2464,1.2314,0.8448,6.103,0.770
0.3712,1.3393,0.1688,6.250,0.754
0.3154,1.3077,1.1513,6.719,0.852
0.4067,1.3814,1.5321,6.128,0.717
0.2191,1.2794,0.2614,5.239,0.589
0.0795,1.2409,2.9599,4.758,0.553
0.4112,1.4923,-1.2584,6.278,0.878
0.3497,1.4734,-0.6358,6.121,0.572
0.2153,1.3803,-0.5358,6.269,0.701
0.2583,1.4389,1.8276,5.250,0.656
0.2447,1.4059,1.5399,4.708,0.509
0.1841,1.3760,0.0560,5.328,0.567
0.3786,1.5230,0.8343,3.744,0.624
0.2397,1.4750,3.1058,5.755,0.655
0.1550,1.4176,-3.3488,6.786,0.804
0.1784,1.4952,-0.1359,6.220,0.787
0.2212,1.1005,-5.3483,5.896,0.694
0.3546,1.0494,1.6714,5.914,0.694
0.2708,1.1542,0.0997,5.950,0.700
0.1748,1.2335,-1.1404,5.654,0.629
0.1095,1.3622,-0.0499,6.555,0.786
0.2873,1.0539,0.4243,3.925,0.569
0.3591,1.1055,0.2749,4.301,0.557
0.3899,1.1553,1.2719,-0.262,0.884
0.5076,1.2456,0.0100,5.028,0.561
0.5319,1.3246,0.2106,4.953,0.548
0.4052,1.2641,0.4015,2.268,0.809
0.1756,1.1099,-0.0976,4.530,0.527
0.2202,1.1678,0.5118,3.756,0.632
0.4594,1.3379,-0.6736,4.283,0.504
0.4137,1.3170,-0.9273,3.859,0.575
0.4732,1.3645,-9.6561,2.405,0.803
0.3053,1.2709,0.4193,4.960,0.575
0.3513,1.3053,1.9578,4.615,0.516
0.2830,1.2668,0.3886,5.017,0.567
0.2044,1.2206,-0.3369,6.069,0.732
0.2678,1.2931,1.0597,4.791,0.566
0.0834,1.2053,-1.7857,4.695,0.599
0.3955,1.4158,0.2531,5.686,0.605
0.2573,1.3341,-0.0293,5.915,0.703
0.3711,1.4513,-1.0537,4.964,0.565
0.1656,1.3262,-2.0553,5.335,0.570
0.3211,1.4359,-2.4743,4.840,0.541
0.3400,1.4573,0.2470,5.594,0.587
0.4104,1.5181,-0.2725,4.871,0.571
0.2514,1.4157,-1.6566,4.832,0.785
0.3530,1.5102,-0.6856,5.577,0.501
0.1546,1.3877,-1.1759,6.168,0.703
0.0587,1.3321,-0.1152,5.026,0.567
0.2724,1.5183,0.4709,5.026,0.580
-0.0046,1.3313,-0.2645,3.499,0.743
0.0881,1.3997,0.0510,4.530,0.546
0.2272,1.4982,0.8411,4.481,0.544
0.2363,1.5632,-0.5427,4.911,0.575
0.2481,1.5861,0.1783,5.153,0.560
0.4423,1.3769,0.5320,3.955,0.592
0.2740,1.5494,-1.8972,1.473,0.860
0.1037,1.4314,-0.2271,5.250,0.573
0.2766,1.0001,0.0864,5.007,0.611
0.1960,1.1267,0.7263,5.455,0.661
-0.2552,1.1239,1.3860,4.741,0.526
-0.2331,1.2821,-1.3309,6.705,0.632
-0.0765,1.3523,-0.6355,4.850,0.555
-0.3200,1.0323,0.8897,6.651,1.360
-0.3487,1.0421,-0.0357,6.589,0.653
-0.1365,1.2377,-2.1041,6.367,0.818
-0.3829,1.0753,-0.3157,6.989,1.195
-0.3838,1.1917,6.5359,5.120,0.651
-0.3804,1.1808,-2.2128,5.145,0.577
-0.3004,1.1357,0.7338,6.151,0.666
-0.1475,1.2680,2.3113,5.683,0.677
-0.4521,1.1078,2.1945,6.840,1.119
-0.2752,1.2702,0.4523,5.574,0.716
-0.2758,1.2472,0.4857,5.632,0.570
-0.4484,1.1295,0.2623,6.716,0.824
-0.4316,1.1574,0.6326,6.781,0.735
-0.4917,1.1796,-2.5715,5.262,0.699
-0.2363,1.3431,0.1711,6.893,0.930
-0.2800,1.3206,0.4311,4.280,0.533
-0.2576,1.3910,0.5725,6.541,0.703
-0.2575,1.4187,-0.4393,5.606,0.614
-0.3716,1.4214,-1.4359,5.713,0.228
-0.3553,1.3908,-1.4302,6.183,0.507
-0.4451,1.3562,-1.4370,6.387,0.748
-0.4203,1.3799,0.8721,5.633,0.580
-0.6426,1.3262,-0.4730,6.519,0.862
-0.2897,1.5990,-1.1203,4.889,0.582
-0.2342,1.1981,0.3739,5.611,0.635
-0.3370,1.2829,-1.9241,5.977,0.731
-0.0730,1.3109,-0.2361,6.523,0.650
-0.2513,1.3291,-1.4401,6.809,0.822
-0.3327,1.0059,0.3159,2.786,0.733
-0.3317,1.0634,0.9769,2.892,0.748
-0.3839,1.0533,0.3467,4.882,0.558
-0.1761,1.2035,-0.2403,4.534,0.531
-0.1035,1.2769,-1.5611,4.004,0.545
-0.1830,1.2538,0.8660,5.187,0.581
-0.2080,1.2283,0.4410,4.561,0.549
-0.2965,1.1687,-2.6640,3.070,0.748
-0.1105,1.2985,0.4938,3.831,0.623
-0.2295,1.2301,-0.5988,3.999,0.560
-0.3632,1.1385,-0.3139,4.124,0.531
-0.3457,1.1670,-2.2209,1.252,0.867
-0.3284,1.2093,0.4814,4.224,0.537
-0.2482,1.2839,3.9915,3.821,0.576
-0.3123,1.2481,0.2873,4.684,0.535
-0.1434,1.3801,-1.7417,2.819,0.774
-0.4656,1.1579,-0.3127,3.434,0.731
-0.3022,1.2745,0.2684,4.724,0.505
-0.2011,1.3568,-0.3405,4.611,0.514
-0.2105,1.3765,1.3857,5.698,0.667
-0.4024,1.2597,-0.2046,4.532,0.526
-0.3046,1.3436,-0.4140,3.870,0.572
-0.4994,1.2386,0.0542,4.712,0.518
-0.4571,1.2827,-0.1792,3.642,0.706
-0.5147,1.2483,1.7367,4.555,0.509
-0.3019,1.3978,1.3512,4.741,0.509
-0.2647,1.4418,-0.9121,5.000,0.588
-0.4631,1.3275,0.4384,3.855,0.576
-0.4941,1.2893,0.6983,4.802,0.551
-0.5691,1.2500,-0.4705,4.578,0.551
-0.3010,1.4999,-1.0819,3.659,0.609
-0.3515,1.4282,3.0419,0.870,0.187
-0.3845,1.4280,-1.0662,5.802,0.424
-0.4827,1.3579,-0.1444,5.560,0.577
-0.3021,1.5196,-0.2315,5.366,1.116
-0.2794,1.5205,3.2256,4.644,0.520
-0.4722,1.3896,-0.1937,4.298,0.516
-0.5779,1.3165,1.0551,4.947,0.561
-0.3479,1.5118,-0.5620,5.265,0.569
-0.3992,1.4950,0.1482,4.965,0.563
-0.5633,1.3873,0.6520,2.764,0.770
-0.5144,1.4226,-0.9549,2.888,0.764
-0.3716,1.5467,-1.0846,4.714,0.552
-0.0754,1.3169,-2.0132,6.113,0.744
-0.1738,1.2548,0.1591,5.069,0.564
-0.3175,1.4181,0.8625,5.996,0.387
-0.4493,1.4443,1.4704,5.819,0.569
0.0480,1.8182,0.2497,4.099,0.566
0.0071,1.9084,0.1838,6.216,0.758
-0.1999,1.6889,1.0313,4.875,0.567
-0.1889,1.7767,0.8342,6.206,0.882
-0.0639,1.6551,-2.5850,5.971,0.734
-0.0296,1.4276,0.9811,4.521,0.552
-0.2505,1.5926,-1.1647,4.120,0.542
0.1686,1.6209,0.3457,6.699,0.871
-0.0523,1.7817,1.8079,4.440,0.551
0.0878,1.4471,-0.3793,6.121,0.478
0.1422,1.5545,0.0321,6.821,0.876
-0.0198,1.4425,0.2603,4.566,0.455
0.0686,1.5271,-10.1809,4.253,0.523
-0.0358,1.4475,-3.2211,5.964,0.566
0.0975,1.5882,-0.1697,5.522,0.611
-0.1066,1.4442,0.5112,5.074,0.568
-0.0751,1.5031,-3.1955,6.687,0.869
0.0316,1.6351,-4.4807,6.668,1.372
0.0900,1.6736,0.7546,5.575,0.634
-0.1573,1.5231,-0.8373,5.939,0.695
0.1371,1.7323,-0.0613,6.038,0.685
0.0152,1.7136,-1.4887,5.906,0.680
0.0146,1.8245,1.6299,6.438,0.870
-0.1014,1.8754,-0.1003,5.579,0.664
-0.0056,1.5042,-2.1608,5.830,0.655
-0.1003,1.6947,0.3942,6.430,0.835
0.0804,1.4623,-1.3946,6.652,1.077
0.1271,1.4858,-1.3127,4.671,0.540
0.0240,1.4300,3.9939,3.820,0.586
0.2109,1.5846,4.5990,3.736,0.672
0.1067,1.5644,-1.4672,4.056,0.560
0.0560,1.5627,3.0194,0.913,0.190
-0.0821,1.5202,1.5954,5.298,0.654
0.1916,1.7059,-0.9578,4.690,0.603
0.0383,1.6163,1.7222,0.820,0.625
-0.0610,1.5506,-0.2237,5.462,0.614
-0.1110,1.5173,-2.1290,4.594,0.520
-0.1199,1.5479,0.0244,4.438,0.546
-0.0494,1.6055,1.3474,4.416,0.551
0.1033,1.7315,-1.0078,5.752,0.681
-0.1936,1.5430,-0.8997,2.490,0.778
-0.1729,1.5734,-0.8097,4.483,0.550
0.0029,1.7009,-1.7984,4.185,0.525
0.1400,1.7977,0.5879,4.835,0.564
0.1153,1.8220,0.5311,6.066,0.933
0.1206,1.8044,-1.4220,4.526,0.524
-0.0626,1.7178,1.6279,5.058,0.570
-0.0271,1.7626,-3.0914,5.108,0.572
0.0441,1.8490,-0.3437,4.192,0.537
-0.0339,1.8033,-0.7642,6.504,0.861
-0.2887,1.6294,0.4186,4.340,0.571
-0.1388,1.7351,-0.2949,3.944,0.492
-0.1288,1.7534,-0.2487,4.591,0.642
-0.2507,1.6966,-0.4634,4.330,0.551
-0.0997,1.8244,-0.8190,4.870,0.636
-0.1901,1.7616,0.9879,6.859,0.868
-0.1452,1.8106,-0.7008,4.344,0.552
-0.0205,1.3953,0.0701,3.669,0.689
0.8166,1.5561,-8.1337,6.129,0.667
0.3489,1.6092,3.4346,2.295,0.782
0.4389,1.6520,-0.1973,6.240,0.541
0.7699,1.5308,1.7772,6.118,0.659
0.7831,1.5041,-2.0463,5.878,0.633
0.6188,1.6207,1.2728,6.373,0.780
0.4999,1.5446,-0.7743,6.741,0.703
0.7530,1.7261,4.1107,6.233,0.747
0.5482,1.6908,-1.5281,6.355,0.791
0.4843,1.6486,-1.0652,5.928,0.765
0.5116,1.7059,-0.1288,5.685,0.627
0.5324,1.7417,0.7090,6.709,0.760
0.3950,1.7412,0.4075,4.132,0.619
0.7014,1.5434,0.9095,6.160,0.731
0.7258,1.6546,-0.8435,6.413,0.739
0.7149,1.7065,0.4050,6.074,0.700
0.6089,1.3841,-1.3578,2.409,0.757
0.6913,1.4453,-1.3601,4.710,0.576
0.6573,1.4362,0.0752,5.420,0.642
0.5682,1.3864,-1.1983,4.023,0.536
0.6372,1.4421,0.2239,5.048,0.623
0.6010,1.4733,-1.5165,6.459,1.266
0.5719,1.4650,-0.9662,-0.877,1.100
0.8608,1.6874,4.6260,2.783,0.763
0.8244,1.6675,-0.0939,5.489,0.591
0.7762,1.6578,4.4439,6.119,0.723
0.4723,1.5377,1.0877,3.735,0.654
0.5434,1.5900,2.5937,5.088,0.562
0.7739,1.7513,-2.0215,5.780,0.654
0.4920,1.5764,1.2899,5.543,0.583
0.5380,1.6267,-1.4789,5.317,0.565
0.5549,1.6450,1.0899,2.116,0.806
0.4243,1.6483,-2.3991,4.057,0.553
0.7078,1.8700,-5.7609,2.892,0.763
0.6683,1.9169,0.1876,5.245,0.570
0.6167,1.9033,-0.7105,5.212,0.595
0.4884,1.8292,1.4228,3.812,0.577
0.6338,1.9555,-1.7560,5.855,0.688
0.7013,1.4161,0.8039,5.498,0.524
0.6723,1.4115,-1.8998,5.079,0.562
0.7440,1.5632,0.0436,5.531,0.591
0.7187,1.6763,-3.8112,4.801,0.521
0.6905,1.6792,5.7880,5.042,0.524
0.6340,1.6858,-1.5010,4.553,0.539
0.6546,1.7024,1.1929,6.414,0.656
0.6553,1.7359,0.9215,3.390,0.741
0.5347,1.7599,0.5284,6.064,0.844
0.9409,1.9459,0.8037,6.153,0.717
1.1011,2.0788,2.3478,5.182,0.573
0.7101,2.0711,-0.1797,6.224,0.773
0.7525,1.8570,3.2863,5.572,0.630
0.9743,1.8363,6.6333,3.737,0.595
0.9810,1.8113,0.3399,5.947,0.761
1.1723,1.9767,-0.2527,5.154,0.611
1.0169,1.9633,0.4193,6.463,0.832
0.9884,2.0899,1.0154,5.681,0.706
0.7527,1.9326,-1.1243,5.736,0.661
0.8848,2.2545,-1.5387,6.269,0.676
0.9855,1.7563,-0.1668,5.806,0.926
1.0333,1.7689,1.4175,3.931,0.560
0.9434,1.7179,-1.5675,4.188,0.527
1.1099,1.8850,-1.8453,5.301,0.546
1.0808,1.8871,-0.3829,3.640,0.423
0.9236,1.8106,-5.0186,5.156,0.575
0.9465,1.8379,1.1136,0.929,0.867
1.1693,2.0030,2.2035,3.866,0.556
0.8364,1.7724,2.3088,5.473,0.577
0.8746,1.8099,-3.0989,5.127,0.595
1.1002,2.1253,-0.5646,4.240,0.523
1.0427,2.1153,-1.6659,4.596,0.516
0.7097,1.9306,-1.4764,5.431,0.586
0.7350,1.9787,-1.1988,5.325,0.585
0.6739,1.9401,-0.9638,5.242,0.564
0.8730,2.2381,0.6649,4.246,0.497
0.9539,2.2960,1.3863,0.679,0.428
0.3728,1.8359,-0.6706,5.284,0.580
0.0290,1.9531,1.5723,6.470,0.862
0.5524,1.9801,5.4707,6.298,0.827
0.4372,2.0236,0.5935,5.628,0.658
0.1726,1.8133,1.1205,6.536,0.863
0.2663,1.6837,-1.0748,6.525,0.807
0.2640,2.1745,-4.7841,6.546,0.869
0.3638,1.8983,-0.5842,4.550,0.564
0.4060,1.9028,0.3882,6.616,0.819
0.3231,1.8602,0.2688,5.999,0.741
0.2974,2.0126,-1.1182,5.708,0.657
0.1188,1.9171,-2.9178,6.607,0.748
0.2569,2.0592,0.8788,6.380,0.802
0.3177,2.1038,6.4510,4.614,0.549
0.1468,2.0521,-3.1967,6.324,0.672
0.2389,2.1527,0.3303,5.564,0.659
0.1294,2.1000,2.5536,6.070,0.708
0.1976,2.1735,5.3710,5.734,0.709
0.3088,1.7170,0.3906,6.941,1.011
0.2925,1.7033,0.0969,6.622,0.798
0.4619,1.9336,1.6463,5.708,0.652
0.2542,2.2586,-2.4572,6.318,0.739
0.3765,1.7392,3.6408,4.045,0.538
0.4245,1.8089,2.8280,4.664,0.538
0.3695,1.8000,0.9416,4.528,0.550
0.2917,1.8027,3.7297,5.084,0.572
0.3297,1.9704,-5.8304,4.393,0.562
0.4685,2.1120,-0.3391,4.097,0.560
0.4462,2.1104,-0.5738,5.544,0.582
0.2149,1.9788,-9.5011,5.013,0.595
0.1932,1.9625,-0.8388,5.128,0.574
0.4501,2.1456,-2.4828,3.527,0.749
0.1644,1.9843,-0.4454,4.830,0.566
0.2076,2.1054,0.6776,4.579,0.564
0.1831,2.1337,-1.8838,4.914,0.572
0.3521,2.2546,0.3569,5.217,0.578
0.0387,2.0481,6.6132,4.669,0.563
0.4375,2.0805,1.5767,4.819,0.550
0.4162,2.0653,1.5807,5.072,0.505
0.4028,2.0832,-0.1889,5.180,0.579
0.3635,2.1937,1.1032,4.372,0.527
0.3635,2.2178,0.4965,5.252,0.612
0.2965,2.2010,-1.6013,6.204,0.752
0.2993,2.2626,0.0646,3.844,0.662
0.2207,2.2394,8.7419,5.127,0.606
0.4634,2.2782,-0.5262,6.628,0.887
0.6731,2.2899,-6.6822,6.484,0.776
0.7107,2.3510,3.3669,2.394,0.773
0.6883,2.4314,-2.1926,6.075,0.678
0.4147,2.3204,-2.2269,6.547,0.810
0.6723,2.5817,-0.1079,6.723,0.860
0.7150,2.1621,1.4662,6.117,0.722
0.6526,2.0892,1.5162,5.729,0.679
0.6079,2.1063,-0.5382,5.187,0.621
0.8853,2.2966,1.0130,5.807,0.633
0.8455,2.3320,-0.2796,6.295,0.593
0.5081,2.4260,-3.8488,6.078,0.596
0.6570,2.0566,-1.5636,5.561,0.646
0.8591,2.3055,1.2880,5.333,0.561
0.5783,2.1181,-5.5897,4.678,0.550
0.6468,2.1723,-0.9520,2.334,0.785
0.8681,2.3367,-1.3901,3.139,0.731
0.7976,2.2880,-4.3000,5.348,0.575
0.5670,2.2142,1.0333,3.577,0.697
0.7943,2.3994,-0.8666,5.678,0.645
0.5982,2.3044,0.6051,6.448,0.815
0.6615,2.3726,1.1537,4.701,0.563
0.4452,2.2319,0.0878,4.997,0.571
0.6318,2.3957,-3.4747,4.862,0.568
0.6667,2.4567,2.3437,4.685,0.527
0.5065,2.3875,1.2288,5.356,0.576
0.5266,2.4162,0.4900,4.541,0.504
0.4327,2.3771,7.1948,4.457,0.567
0.3317,2.3136,-1.4154,5.864,0.691
0.5644,2.5318,0.6595,4.943,0.591
0.6008,2.3310,-1.7806,5.465,0.614
0.6035,2.3636,3.2006,5.872,0.662
-8.4153,-6.4609,-4.5443,5.041,0.617
-7.9297,-5.7621,4.5419,6.881,0.948
-7.7729,-5.7156,-4.6072,5.923,0.746
-7.6436,-5.6869,-0.5000,5.767,0.721
-7.5669,-5.5110,2.8868,5.879,0.674
-7.6623,-5.6037,-7.3350,5.206,0.611
-7.4044,-5.2575,-1.2340,5.350,0.639
-7.4159,-5.1619,-3.7597,6.066,0.713
-7.8910,-5.0702,1.3201,5.026,0.624
-8.3078,-5.4260,0.5153,5.273,0.652
-7.8212,-4.5816,-6.2553,5.299,0.632
-8.7328,-4.8270,5.8586,6.416,0.858
-8.7800,-4.7818,1.3132,6.314,0.858
-8.3638,-4.8251,-0.5620,6.036,0.744
-9.3076,-4.8074,-3.5784,5.825,0.759
-8.4762,-4.2606,-1.3700,4.009,0.763
-9.1863,-3.9093,-16.9834,4.688,0.608
-8.8636,-3.9264,0.6560,5.904,0.752
-8.8397,-3.5033,13.8825,5.731,0.733
-9.2577,-3.4606,1.7064,5.716,0.688
-9.8321,-3.3382,8.2316,4.262,0.599
-7.1432,-5.2572,3.0204,6.568,0.828
-6.4516,-4.7211,-5.8589,6.403,0.803
-6.6616,-4.5626,-1.2435,5.120,0.593
-7.2616,-4.3643,-8.8618,6.225,0.740
-6.5564,-4.4123,5.5608,5.519,0.663
-6.4749,-4.3097,-6.9744,5.460,0.662
-6.5669,-4.3421,6.1133,5.525,0.667
-5.9211,-4.1998,-0.9133,6.574,0.802
-6.2885,-4.0537,5.7958,6.701,0.880
-6.7102,-3.7793,1.4953,5.398,0.661
-6.7253,-4.0339,-1.1200,6.656,0.844
-6.3682,-3.8399,-3.8646,5.676,0.718
-6.3334,-3.8613,-5.7843,4.393,0.658
-6.5104,-3.6640,-3.2002,6.218,0.814
-7.3517,-4.3496,13.0176,5.172,0.607
-8.0710,-4.2473,-1.3340,5.879,0.807
-8.0705,-4.0707,1.4829,4.806,0.587
-7.7079,-4.0291,-4.6342,6.492,0.837
-7.4466,-3.8760,1.6867,6.520,0.866
-7.5876,-3.8575,-12.2452,6.023,0.746
-7.5500,-3.8083,10.5290,6.681,0.871
-6.7491,-3.1857,-1.7257,6.643,0.879
-6.6771,-3.7265,5.0335,5.073,0.635
-7.4390,-3.5220,1.5734,2.769,0.854
-7.3586,-3.5032,-2.9214,4.820,0.596
-6.9321,-3.2616,7.2206,6.098,0.787
-6.9836,-2.8955,-3.8561,5.542,0.674
-5.6017,-3.6231,-3.7227,6.556,0.864
-5.5080,-3.7523,-1.1629,5.152,0.660
-5.8935,-3.7984,-1.5764,5.790,0.702
-5.7326,-3.6498,-0.1593,6.854,0.872
-5.5480,-3.4018,-2.4835,5.957,0.723
-5.5035,-3.4622,2.1818,3.960,0.693
-6.2781,-3.4802,-3.6576,6.729,0.873
-6.0262,-3.3469,6.8221,6.811,0.917
-5.9735,-3.1905,1.0663,4.574,0.622
-5.5220,-2.9974,2.2604,5.300,0.641
-5.6377,-3.0505,8.2015,4.780,0.626
-5.7143,-2.9581,-2.1951,4.291,0.608
-5.7778,-2.8985,0.2152,6.175,0.779
-5.8915,-2.9764,-1.2599,5.110,0.647
-5.0640,-2.9536,-0.1800,6.648,0.863
-5.0631,-2.9021,1.7111,6.841,0.908
-4.9644,-3.1116,0.8369,4.899,0.631
-5.0933,-3.1671,-1.9590,5.762,0.672
-5.2911,-3.1673,12.2785,4.877,0.623
-4.8484,-2.7522,0.6123,6.808,0.859
-4.7566,-3.0048,-3.4477,4.789,0.619
-4.5506,-2.6395,-11.0111,4.926,0.577
-4.8532,-2.8293,-0.8658,4.251,0.637
-4.7694,-2.7538,2.1713,4.554,0.578
-4.9600,-2.8600,-8.0649,5.735,0.665
-4.9008,-2.5474,-0.4188,4.248,0.579
-5.4496,-2.7608,5.8861,5.934,0.713
-5.3426,-2.9528,-0.8669,5.651,0.853
-5.1188,-2.7096,-6.3696,5.534,0.668
-5.1722,-2.6009,0.9869,6.783,0.864
-4.9974,-2.4884,-1.3779,5.511,0.671
-5.1277,-2.5714,0.3776,5.108,0.618
-5.1877,-2.5316,-5.0961,4.957,0.594
-5.1410,-2.3501,-0.2587,5.224,0.648
-5.1645,-2.2527,-2.2179,6.723,0.868
-4.8781,-2.4107,5.4456,6.549,1.025
-6.3506,-2.8235,-13.4555,6.448,0.777
-6.3972,-2.7918,5.9264,5.400,0.658
-6.6239,-2.8019,-6.1265,5.935,0.764
-6.5570,-2.6417,-6.4764,6.815,0.936
-6.1164,-2.3609,-4.8931,5.029,0.646
-5.6063,-2.5633,-10.7673,6.620,0.871
-5.7116,-2.4560,-7.9701,5.867,0.770
-5.8694,-2.4235,7.6369,6.740,0.909
-5.4591,-2.3769,-9.3008,6.723,0.959
-5.7507,-2.2842,2.2933,6.483,0.877
-5.8210,-2.3094,-4.7568,6.293,0.854
-5.8288,-2.3350,0.3205,6.687,0.574
-5.6731,-2.2113,-12.3747,4.002,0.703
-5.3677,-2.0238,-3.8805,5.969,0.772
-5.3406,-1.8863,1.3641,6.487,0.871
-5.4274,-1.8286,0.3761,5.828,0.747
-5.4549,-2.1031,5.6493,5.325,0.626
-5.5930,-2.1307,2.9031,2.024,0.899
-5.5102,-2.0395,2.2583,5.231,0.658
-6.0737,-2.0734,-3.1744,6.000,0.765
-6.0838,-2.1431,-5.5099,6.399,0.863
-6.1325,-1.9045,-2.8078,6.326,0.809
-6.0868,-2.2166,-0.4583,3.877,0.829
-5.8963,-2.0479,2.7718,5.789,0.743
-5.8626,-2.0241,6.9344,5.751,0.751
-5.9846,-1.9959,7.4366,5.010,0.648
-5.8137,-1.8813,1.9327,6.160,0.789
-5.6138,-1.8569,-1.7773,6.319,0.866
-5.6696,-1.6636,11.0001,6.355,0.865
-5.5973,-1.5362,-0.3956,6.751,0.864
-5.6380,-1.9527,1.4333,1.746,0.924
-5.7347,-1.8822,-3.8405,0.999,1.030
-5.8471,-1.9151,-1.9712,4.485,0.658
-5.6490,-1.7480,4.2150,5.214,0.667
-5.6322,-1.7210,5.1058,4.594,0.666
-5.6408,-1.5087,-4.9142,5.195,0.684
-8.4743,-3.7884,2.6121,6.629,0.851
-7.9373,-3.3902,-1.1522,5.194,0.649
-8.5688,-3.6381,10.8887,4.421,0.641
-8.1208,-3.1931,-10.2729,6.396,0.869
-7.6493,-3.2498,2.3991,6.610,0.872
-7.8114,-3.1485,-1.6351,6.843,0.913
-7.2955,-2.5799,-4.9591,5.360,0.667
-7.9598,-2.7201,-6.0580,5.505,0.676
-7.5649,-2.5149,-3.6502,6.255,0.783
-7.4254,-2.3118,-2.7754,4.087,0.613
-8.8144,-2.6414,1.6976,5.316,0.636
-9.1153,-2.8122,0.5270,6.396,0.815
-9.2160,-2.5955,4.2485,4.913,0.574
-9.3965,-2.6545,1.0181,5.359,0.616
-8.8765,-2.6109,4.0810,5.259,0.579
-8.5503,-2.4068,-2.1509,4.556,0.569
-8.5326,-2.0652,-4.4919,6.459,0.779
-8.5723,-2.3538,-0.4941,2.208,0.860
-8.3946,-1.7386,1.6508,6.034,0.694
-7.1061,-2.2278,9.2575,6.239,0.818
-6.8138,-2.2949,0.0026,6.407,0.926
-7.1436,-2.5741,5.4251,5.165,0.616
-6.4581,-2.1201,-4.5957,6.616,0.862
-7.4905,-2.0936,2.1515,5.984,0.742
-7.2676,-2.1348,5.1072,6.706,0.869
-7.4116,-2.1709,-17.2252,5.230,0.651
-7.2978,-2.0469,-1.5150,6.364,0.818
-7.2170,-2.0474,-7.3369,6.619,0.830
-6.9046,-1.8579,-15.5208,5.580,0.681
-7.0380,-1.7453,-0.6325,6.496,0.815
-6.9201,-1.7759,1.7847,5.617,0.806
-6.7457,-1.7355,2.3552,1.305,0.161
-6.9194,-1.7392,1.2196,5.724,0.714
-6.5427,-1.5845,-7.7349,6.646,0.867
-6.2617,-1.7934,-12.3186,6.901,0.918
-6.1342,-1.2282,21.2603,6.892,0.911
-6.0234,-1.2167,-2.6876,5.690,0.736
-5.8912,-1.5217,-0.5160,4.933,0.658
-5.9094,-1.4003,0.8069,3.994,0.773
-6.5026,-1.2402,-3.1441,6.904,0.947
-6.2079,-1.0031,-4.6165,6.431,0.829
-6.2909,-0.9316,2.3326,6.502,0.878
-6.3072,-1.2298,2.2986,5.692,0.732
-6.3944,-1.1730,-6.3198,6.193,0.832
-7.8364,-1.6274,-1.7262,5.977,0.725
-7.4606,-1.3828,2.1524,6.887,0.886
-8.0481,-1.3868,-6.2350,6.840,0.923
-7.7700,-1.3106,0.6670,5.814,0.740
-8.1528,-1.3785,4.2527,6.797,0.906
-7.6142,-0.9117,12.2759,6.627,0.859
-7.5734,-0.8221,0.0200,6.614,0.868
-7.0639,-0.7988,4.9098,5.541,0.670
-7.2322,-1.0380,7.4624,6.840,0.882
-6.9304,-0.8611,-3.4071,5.809,0.719
-6.6713,-0.8278,-5.7728,6.796,0.870
-6.6774,-0.7399,3.5856,6.113,0.771
-6.4214,-0.6988,-8.6434,4.442,0.651
-6.4653,-0.6714,6.4872,5.853,0.722
-6.5488,-0.6817,-3.1666,5.421,0.670
-6.6242,-0.6911,0.7948,5.016,0.638
-6.6146,-0.6086,4.5593,5.386,0.700
-7.2148,-0.6095,-5.5892,6.592,0.847
-7.4595,-0.5525,3.3621,2.801,0.860
-6.8190,-0.5014,-2.5618,5.058,0.642
-7.0174,-0.3805,2.3188,5.545,0.699
-6.9285,-0.3753,-1.5344,4.581,0.620
-7.0717,-0.3147,5.2884,5.744,0.740
-7.0323,-0.2272,-0.7739,6.348,0.756
-7.0705,-0.1652,-1.3496,5.297,0.675
-10.1215,-2.5921,20.3767,5.433,0.688
-10.5430,-1.9565,-12.8493,5.559,0.673
-10.5154,-2.2417,-0.3548,5.672,0.693
-10.4169,-1.8288,-0.7273,4.570,0.589
-9.5597,-2.5484,-1.8275,6.025,0.866
-9.5070,-2.5168,-4.0528,1.041,0.927
-9.5531,-1.6307,1.8530,5.863,0.722
-9.2810,-1.7630,-5.8452,5.973,0.790
-8.9648,-1.9360,2.6084,6.444,0.864
-9.0466,-1.5576,5.0874,5.652,0.715
-8.8997,-1.7278,5.7430,6.607,0.767
-8.8990,-0.7895,-7.3412,4.630,0.580
-10.0860,-0.8139,-17.2775,5.809,0.728
-9.3677,-1.0150,3.2916,6.359,0.822
-9.5802,-1.3431,11.6725,4.766,0.588
-9.0103,-0.7098,5.6712,5.739,0.704
-9.2584,-0.7363,7.3455,5.692,0.685
-9.8084,-0.7060,-3.6426,6.156,0.778
-9.7349,-0.6122,-1.7529,6.159,0.764
-8.3033,-1.1571,-5.0163,6.025,0.719
-8.2168,-1.0475,-0.7491,6.791,0.915
-7.6651,-0.7012,-3.9445,6.298,0.814
-7.8382,-0.7423,-5.6282,6.367,0.798
-8.0638,-0.5395,1.3064,5.410,0.654
-8.6183,-0.5561,-0.6194,6.780,0.882
-8.2729,-0.2017,-1.2657,6.842,0.875
-7.7352,-0.3463,-8.5684,6.573,0.858
-7.4172,-0.2837,-0.5376,5.940,0.700
-7.6859,-0.5193,-8.1451,6.076,0.749
-7.0860,0.0087,-2.9114,4.972,0.696
-7.1602,0.0044,3.7697,4.077,0.751
-7.4331,0.0063,-4.3541,1.964,0.870
-8.0836,-0.1728,-0.9837,4.777,0.570
-7.9479,0.2342,-2.6447,4.575,0.575
-7.6085,-0.0054,-4.4277,5.664,0.702
-8.8330,-0.3583,1.0496,2.861,0.859
-8.5783,0.1697,3.5081,6.352,0.782
-9.2943,-0.2451,-11.4867,4.853,0.588
-8.7921,0.2447,6.0024,5.653,0.711
-8.6131,0.3047,-4.1836,4.921,0.589
-8.3643,0.1264,-11.3832,6.002,0.748
-8.0670,0.3980,6.5576,6.511,0.863
-8.3793,0.4858,-0.4192,6.701,0.858
-8.1392,0.1931,10.8662,6.810,0.880
-8.2831,0.2287,1.8316,4.977,0.573
-7.9599,0.3524,-1.8382,4.752,0.597
-8.3954,0.5171,-2.0048,5.003,0.576
-8.3706,1.1106,-5.6661,6.281,0.771
-8.4350,0.9848,-11.5992,5.320,0.652
-10.6956,-1.0084,7.3756,5.418,0.659
-10.0328,0.0393,-3.7195,6.633,0.883
-10.0892,0.3669,11.4703,6.166,0.759
-10.5362,0.8999,8.2082,5.425,0.685
-10.4440,0.7985,-13.5666,5.023,0.637
-9.9938,0.8239,-6.0813,5.822,0.712
-8.9876,0.9346,5.0420,6.750,0.872
-8.5185,1.0768,4.7204,6.251,0.772
-8.7304,1.3736,4.6687,5.247,0.602
-9.4626,1.2656,-0.1915,5.454,0.624
-8.9366,1.4142,5.3176,4.157,0.626
-9.7466,1.2483,7.6550,6.433,0.834
-9.9619,1.1968,0.6881,2.534,0.872
-9.6989,1.7801,0.3716,6.703,0.875
-9.1333,1.9393,-4.5151,6.068,0.740
-9.7721,2.2604,3.0161,6.138,0.831
-4.2708,-2.4784,0.9006,6.722,0.793
-4.5206,-2.6357,-1.1570,4.922,0.581
-4.5263,-2.5772,-3.1290,5.421,0.649
-4.6183,-2.4233,12.3057,5.362,0.633
-4.5064,-2.2437,0.7775,5.852,0.680
-4.5421,-2.2629,23.3905,4.972,0.587
-4.2806,-2.5062,-0.1971,4.811,0.570
-4.2598,-2.4593,-2.4443,3.544,0.784
-4.3225,-2.1974,1.9685,6.066,0.768
-4.2592,-2.0855,6.9895,6.245,0.777
-4.0639,-1.9881,-3.8688,6.026,0.683
-4.1750,-2.3427,2.1170,4.784,0.570
-4.0020,-2.2202,-1.3094,5.373,0.596
-3.8444,-2.0485,-11.3225,4.407,0.565
-3.9990,-2.1507,-11.4856,4.065,0.570
-4.1766,-2.1248,-11.3274,5.520,0.621
-4.1115,-2.0368,1.4547,4.978,0.568
-4.3494,-2.1590,5.6196,5.336,0.625
-4.0671,-1.9192,-2.7736,5.108,0.570
-4.9562,-1.9553,-2.5791,6.189,0.772
-4.9034,-2.1541,7.1485,6.511,0.859
-4.7494,-2.2830,6.5079,5.284,0.594
-4.5988,-2.1458,-0.1952,6.852,0.865
-4.8976,-1.8620,1.4686,6.010,0.758
-4.5511,-2.0439,-4.0856,6.017,0.733
-4.3742,-1.6563,-2.0120,5.791,0.720
-4.1968,-1.7613,-2.9635,6.320,0.760
-4.6873,-1.6326,2.9063,6.486,0.870
-4.5461,-1.8514,-6.6301,4.370,0.566
-4.3061,-1.6702,0.3693,4.813,0.577
-4.3989,-1.7268,-5.7452,5.709,0.704
-4.3202,-1.6550,2.0574,5.383,0.631
-3.7341,-1.6947,-6.5615,5.673,0.750
-3.8336,-1.4511,-8.1859,5.979,0.701
-3.9114,-1.5267,-8.1598,5.972,0.700
-3.9623,-1.8874,-0.5704,6.542,0.528
-3.8726,-1.6826,3.6196,6.337,0.892
-3.8648,-1.6575,-3.5143,6.125,0.731
-3.8794,-1.5949,0.6167,6.691,0.813
-3.6198,-1.7616,-2.6827,4.002,0.573
-3.7775,-1.8695,-1.3657,5.246,0.624
-3.9043,-1.8855,-0.9762,5.811,0.650
-3.9728,-1.8751,0.9696,6.436,0.746
-3.8827,-1.7656,-0.5968,4.403,0.561
-3.7222,-1.6193,-0.5934,5.878,0.743
-4.0021,-1.7275,5.9940,6.064,0.714
-4.0691,-1.7529,2.3420,4.195,0.577
-3.8825,-1.5441,0.1652,6.547,0.837
-3.6724,-1.5107,-2.2982,5.691,0.682
-3.5108,-1.5831,1.3415,6.459,0.810
-3.6238,-1.5612,-1.3355,4.997,0.650
-3.3451,-1.5051,-0.1054,6.885,0.904
-3.4787,-1.5785,1.1552,4.852,0.565
-3.5421,-1.4820,-6.2518,4.751,0.565
-3.4870,-1.4391,0.7876,4.696,0.569
-3.3025,-1.2929,9.4312,6.844,0.839
-3.5069,-1.4231,-0.6174,6.104,0.720
-3.4383,-1.3584,-9.4542,6.700,0.876
-3.3925,-1.2396,-0.6583,5.793,0.717
-3.8055,-1.3776,0.3728,4.598,0.545
-4.0869,-1.4016,1.5416,6.817,0.892
-4.1326,-1.2132,-6.9082,6.105,0.740
-4.1935,-1.1951,-3.2068,6.280,0.802
-3.9638,-1.5038,-1.5015,5.377,0.622
-4.3936,-1.4190,-0.6029,5.619,0.712
-4.2807,-1.3121,3.1446,5.268,0.631
-4.1488,-1.1888,4.8981,4.975,0.606
-4.3465,-1.2767,6.3813,4.736,0.578
-3.9478,-1.2046,-1.4502,5.509,0.665
-3.8549,-0.7848,0.4126,6.369,0.761
-3.8889,-0.9934,-0.4840,6.148,0.777
-3.7887,-0.8392,-7.6471,6.131,0.580
-3.8905,-1.2525,-5.4110,5.793,0.675
-3.8936,-1.0973,-0.1890,6.678,0.882
-3.8825,-1.0419,4.0777,4.087,0.594
-3.8328,-0.9256,7.7113,6.752,0.864
-3.8880,-0.9602,-1.8760,6.228,0.771
-3.7793,-0.8285,1.4907,6.228,0.930
-3.9475,-0.8724,-6.3399,5.291,0.649
-4.4254,-1.3403,-4.1368,6.522,0.869
-4.1442,-1.0428,0.2123,5.618,0.725
-5.1716,-1.5643,1.0478,6.477,0.802
-4.8668,-1.7969,-1.5811,5.478,0.683
-4.9326,-1.7872,-5.6505,4.245,0.637
-4.9490,-1.7600,0.4333,5.462,0.667
-5.1183,-1.6317,0.5631,2.360,0.867
-5.1569,-1.6043,-4.2137,4.856,0.606
-5.1031,-1.3950,-10.6954,6.036,0.744
-4.9544,-1.2586,3.2374,5.586,0.678
-4.9437,-1.3137,0.4423,6.175,0.758
-4.7134,-1.5145,-3.3143,4.335,0.579
-4.7704,-1.4842,1.7339,5.436,0.655
-4.7339,-1.3946,-1.0296,5.493,0.657
-4.6504,-1.3236,1.2377,4.885,0.585
-4.8552,-1.3455,1.2542,4.308,0.600
-4.7518,-1.1169,-0.5415,6.111,0.708
-5.2989,-1.5112,2.4065,5.594,0.679
-5.4632,-1.3961,-5.3973,4.002,0.746
-5.5730,-1.2907,5.9451,6.039,0.791
-5.1754,-1.2200,4.9735,5.718,0.684
-5.0827,-1.3558,5.5131,6.236,0.814
-4.9962,-1.1367,0.6007,4.699,0.589
-5.0960,-0.7939,-13.5141,5.333,0.649
-5.0844,-0.7724,-3.2803,5.007,0.667
-5.1054,-1.1422,-9.7241,5.451,0.681
-5.1893,-1.1818,-3.9199,5.738,0.709
-5.2595,-0.9541,2.4783,5.382,0.705
-4.5591,-1.2232,1.7468,5.888,0.730
-4.5166,-1.0176,-2.2639,5.693,0.722
-4.1988,-1.0747,1.0132,6.837,0.864
-4.4915,-0.8465,-5.3624,5.771,0.733
-4.5931,-0.9046,1.4463,5.313,0.648
-4.0299,-0.7597,-1.6434,5.385,0.656
-4.3223,-0.6105,-12.3482,6.436,0.860
-4.1665,-0.5600,-1.5525,5.993,0.762
-4.0289,-0.6385,-4.7984,6.557,0.861
-3.9899,-0.6045,1.6065,5.498,0.645
-4.2427,-0.7146,0.5158,4.486,0.584
-4.9070,-0.8896,-1.8599,6.263,0.866
-4.8156,-0.8560,-1.2588,5.892,0.797
-4.7961,-0.9503,-6.1508,5.421,0.650
-4.7268,-0.8687,9.8885,5.250,0.654
-4.7535,-0.6827,1.1744,4.952,0.636
-4.7001,-0.5876,-0.9240,6.015,0.757
-5.0273,-0.7788,0.7985,5.487,0.713
-4.7102,-0.5324,0.4885,5.084,0.612
-4.8323,-0.4254,2.8193,5.383,0.653
-4.5052,-0.4578,-4.0166,5.567,0.692
-4.4152,-0.3786,-4.1317,5.499,0.800
-4.3308,-0.4008,13.8737,3.671,0.761
-4.4458,-0.4242,-1.5969,6.361,0.836
-4.2810,-0.2668,-2.7592,4.378,0.573
-4.3814,-0.2296,-0.7071,5.427,0.675
-4.6380,-0.3014,-1.4517,5.987,0.789
-4.5493,-0.1393,2.2328,5.202,0.667
-3.3279,-0.9267,-6.8327,5.478,0.622
-3.1272,-0.8383,-5.6683,6.199,0.761
-3.1276,-1.1809,0.6372,6.357,0.771
-3.2168,-0.8211,0.4808,6.597,0.866
-3.1687,-1.3089,-2.8039,4.711,0.541
-3.0338,-1.1071,7.0204,2.873,0.808
-3.1576,-1.1930,-0.7846,4.299,0.552
-2.9835,-1.0416,-2.3929,4.840,0.570
-2.9425,-0.9917,1.2070,4.763,0.576
-3.3364,-1.1944,0.8206,5.558,0.824
-3.0526,-0.9147,-3.9898,4.168,0.575
-3.4274,-1.0872,3.2259,6.010,0.723
-3.1825,-0.8829,0.4874,4.777,0.565
-3.3101,-0.8553,-7.1120,5.560,0.630
-3.2373,-0.7663,0.9489,6.635,0.874
-3.2864,-1.0594,0.8433,4.747,0.569
-2.9633,-0.7227,1.6279,6.232,0.778
-2.8339,-0.6762,0.0194,6.496,0.800
-2.7841,-0.8984,-0.7937,5.776,0.685
-2.9078,-0.9317,-0.3492,6.114,0.714
-2.8342,-0.8485,2.8486,5.673,0.805
-2.9283,-0.9023,-5.8825,6.244,0.753
-2.9978,-0.9128,3.8044,6.759,0.869
-2.8807,-0.8049,1.1381,6.421,0.829
-2.7583,-0.6550,-1.3298,2.808,0.801
-2.7507,-0.6255,-2.5440,5.400,0.577
-2.7375,-0.5969,-3.4756,5.484,0.610
-3.0295,-0.7860,-2.9959,4.561,0.572
-2.8094,-0.6326,-0.4385,5.610,0.667
-3.0647,-0.7978,-3.7194,4.719,0.570
-3.0862,-0.7623,-4.2181,4.842,0.580
-2.9272,-0.5987,1.8034,4.379,0.573
-3.0018,-0.5321,8.2785,5.271,0.605
-2.8769,-0.7801,-0.4851,6.443,0.640
-3.6851,-0.8576,-0.8668,6.580,0.821
-3.7120,-0.6420,-0.6252,6.405,0.807
-3.4935,-0.5530,14.4123,6.662,0.862
-3.5621,-0.5189,-1.2846,5.479,0.608
-3.5004,-1.0295,-1.1956,5.779,0.664
-3.3817,-0.8325,-1.4956,4.811,0.577
-3.5691,-0.9035,3.2861,5.827,0.690
-3.4286,-0.7681,-2.5749,6.520,0.801
-3.2996,-0.6675,-2.3871,6.250,0.779
-3.5472,-0.8290,4.8770,3.569,0.309
-3.3256,-0.5810,-0.5820,6.672,0.866
-3.4158,-0.5416,0.2739,4.821,0.573
-3.6378,-0.6452,-1.2418,6.172,0.755
-3.7766,-0.7138,3.3537,5.003,0.584
-3.5409,-0.5397,3.4908,5.139,0.520
-3.5390,-0.5207,-3.7647,5.929,1.118
-3.6055,-0.4818,0.8676,5.476,0.647
-3.5040,-0.3830,0.9558,5.768,0.653
-3.2856,-0.3974,4.0469,6.863,0.978
-3.1640,-0.3226,-3.0732,5.790,0.681
-3.2035,-0.5098,0.6600,4.593,0.571
-3.0372,-0.4975,-0.2364,6.772,0.866
-3.0402,-0.4115,-7.8220,6.204,0.681
-2.9900,-0.2687,1.3382,6.548,0.823
-3.2130,-0.6141,-0.4888,6.401,0.847
-3.2514,-0.6273,11.6275,6.122,0.741
-3.2743,-0.5706,3.5077,4.472,0.569
-3.0287,-0.3734,6.3287,1.045,0.916
-3.0697,-0.2581,1.9529,6.185,0.739
-3.1781,-0.2825,3.9691,6.578,0.850
-3.2264,-0.2989,6.8335,6.010,0.714
-3.2175,-0.1904,-7.0870,6.142,0.713
-3.4938,-0.3594,-0.9166,4.567,0.589
-3.3361,-0.2136,-4.0463,6.272,0.803
-2.6410,-0.6232,-1.2653,6.247,0.759
-2.6637,-0.5604,-3.0354,5.160,0.584
-2.4333,-0.5337,2.0215,5.642,0.628
-2.4482,-0.3685,-6.3315,5.616,0.608
-2.5661,-0.2000,-1.7293,6.203,0.776
-2.6131,-0.2668,-1.4209,6.229,0.765
-2.4920,-0.5941,-0.2468,6.851,0.863
-2.5855,-0.4855,-2.0220,6.356,0.774
-2.5745,-0.5570,2.1308,5.566,0.599
-2.2772,-0.3758,1.1028,5.109,0.656
-2.3923,-0.3121,0.3343,6.255,0.546
-2.3982,-0.2697,0.7849,6.496,0.488
-2.7081,-0.3424,6.6970,6.248,0.743
-2.5697,-0.1128,0.1962,4.806,0.606
-2.7016,-0.2009,-0.3692,6.486,0.780
-2.3037,-0.3773,-3.0931,6.171,0.768
-2.4777,-0.5488,-1.1601,5.934,0.628
-2.6087,-0.6116,-1.0945,5.864,0.675
-2.4258,-0.4749,-0.8225,4.916,0.560
-2.5532,-0.5393,-3.3554,5.214,0.565
-2.5527,-0.5011,2.0044,5.304,0.582
-2.3826,-0.2626,-6.2325,5.619,0.619
-2.5478,-0.3703,-13.5968,5.168,0.572
-2.5681,-0.3588,0.5957,3.967,0.574
-2.7254,-0.4626,-1.0653,5.231,0.811
-2.4712,-0.2663,-1.6797,5.447,0.687
-2.4980,-0.2728,-2.6401,6.563,0.861
-2.7533,-0.4428,-0.5863,5.235,0.584
-2.6577,-0.3690,1.4908,5.214,0.591
-2.4234,-0.1806,-1.1150,5.182,0.603
-2.6780,-0.3526,-0.1700,6.645,0.833
-2.5527,-0.2467,0.4803,4.045,0.641
-2.7883,-0.3851,0.5217,3.523,0.785
-2.8169,-0.3570,2.5000,3.828,0.674
-2.5258,-0.0665,9.2501,4.925,0.569
-2.1422,-0.0075,0.0645,6.385,0.794
-2.4497,0.0298,-0.9527,4.009,0.568
-2.3587,0.0634,-2.2677,4.982,0.568
-2.3177,0.2227,1.1725,6.365,0.981
-2.2338,0.0015,-1.5866,6.318,0.744
-2.2573,-0.1781,-0.0617,6.396,0.771
-2.3801,-0.1132,1.4437,5.535,0.657
-2.0386,0.0030,-4.2468,5.779,0.667
-2.2070,-0.1276,0.4021,6.875,1.130
-2.2463,0.0873,-5.9319,6.408,0.803
-2.3360,0.0562,-1.7019,5.600,0.589
-2.0378,-0.0387,-0.1793,5.177,0.571
-2.0182,0.0422,-1.6985,6.545,0.683
-2.0335,0.0539,-0.7677,6.160,0.692
-2.0720,0.0318,6.4754,4.790,0.548
-2.2474,-0.3356,-0.5793,-0.954,1.104
-2.2454,-0.3079,1.4368,4.916,0.310
-2.0980,-0.1579,-6.1655,6.282,0.793
-2.2041,-0.2001,2.1257,5.654,0.668
-2.1752,-0.0263,-0.5348,5.876,0.682
-2.4026,-0.1395,0.8352,4.265,0.563
-2.2815,-0.0050,0.3072,5.244,0.571
-2.4238,-0.0827,-3.0459,6.111,0.712
-2.3120,0.0049,-0.4156,5.656,0.561
-2.2946,0.0672,2.7673,3.824,0.577
-2.3486,0.1806,-3.7130,4.478,0.545
-2.3152,0.2085,1.4880,5.720,0.647
-2.0322,-0.1272,0.0039,4.739,0.553
-2.0940,-0.0143,-0.4142,4.883,0.564
-2.0649,0.0680,2.2679,4.674,0.537
-2.1298,0.1651,3.8792,4.855,0.562
-2.1612,0.1891,3.2673,5.518,0.580
-2.2200,0.1798,0.3841,5.202,0.577
-2.2402,0.2893,2.8991,4.871,0.563
-2.0594,-0.0403,-5.0408,6.051,0.681
-2.8295,-0.1721,1.7804,6.799,0.863
-2.6260,-0.0602,4.4084,5.986,0.725
-2.8530,-0.1000,1.5962,5.160,0.748
-2.6075,0.0083,3.1425,6.760,0.870
-2.8597,0.1896,0.6627,6.151,0.768
-3.0385,-0.1263,-1.6000,5.597,0.674
-2.9588,-0.2237,-0.8616,6.272,0.819
-3.0630,-0.0959,2.6250,3.743,0.759
-2.7262,-0.1766,8.6985,6.498,0.797
-2.9152,-0.2752,5.6726,6.198,0.677
-2.8561,0.1376,-5.3324,6.821,0.879
-2.8830,0.2567,-0.1121,6.553,0.792
-2.7694,-0.1880,1.6258,4.879,0.577
-2.9071,-0.2539,-2.3018,4.757,0.586
-2.7105,-0.0937,-0.7720,5.851,0.524
-2.7041,-0.1111,-2.2876,3.567,0.745
-2.7932,-0.1048,2.7131,6.039,0.812
-2.9941,-0.2200,-0.2955,4.245,0.572
-2.8854,-0.1316,-2.3931,5.443,0.628
-2.7270,0.0511,-4.7296,4.810,0.574
-2.7745,0.0282,2.2158,5.028,0.582
-2.9402,-0.0865,1.2336,4.442,0.567
-3.0407,-0.0854,-2.0919,6.484,0.759
-3.0952,-0.1106,-0.6546,4.242,0.572
-2.8018,0.1260,-0.8975,4.879,0.573
-3.0324,-0.0331,-2.1450,3.829,0.741
-2.8510,0.0938,3.5076,5.477,0.649
-3.1217,-0.0480,4.8623,5.090,0.587
-3.0605,0.0666,6.3724,6.103,0.776
-2.9875,0.1422,-3.7723,5.444,0.645
-2.8620,0.2832,-0.9907,3.720,0.752
-2.9447,0.1888,4.9100,6.007,0.742
-2.4098,0.2492,0.3229,4.492,0.561
-2.4590,0.0999,0.6528,4.798,0.568
-2.5096,0.1438,1.1195,6.671,0.860
-2.6989,0.3603,2.9647,4.547,0.570
-2.5311,0.2884,-1.0549,6.081,0.717
-2.5981,0.5738,0.6137,5.983,0.737
-2.5631,0.4083,11.0991,6.446,0.829
-2.4071,0.1726,-1.1774,4.877,0.557
-2.3980,0.1473,-2.7849,3.785,0.901
-2.3328,0.2214,-0.7567,6.547,0.661
-2.3553,0.1973,0.5171,6.484,0.769
-2.5293,0.1100,-4.1258,6.686,0.869
-2.5729,0.3250,3.4566,4.866,0.488
-2.6372,0.3910,-5.8188,6.712,0.772
-2.7551,0.3361,0.1726,5.067,0.651
-2.6242,0.5376,3.4043,6.811,0.881
-2.2938,0.3185,-5.1330,5.886,0.713
-2.6208,0.2864,0.5008,6.736,0.779
-2.5659,0.0608,1.1098,4.825,0.585
-2.3376,0.2678,3.7898,3.800,0.685
-2.6372,0.0637,4.1008,4.256,0.565
-2.5567,0.1360,0.6996,5.312,0.610
-2.6092,0.0998,2.1388,4.908,0.571
-2.4084,0.2882,-4.9359,6.548,0.863
-2.6270,0.1463,-0.8369,5.091,0.578
-2.6631,0.2235,0.8827,5.289,0.617
-2.6421,0.2430,1.9397,6.067,0.762
-2.6920,0.2085,-3.5230,6.238,0.855
-2.7376,0.1880,9.0227,5.082,0.576
-2.4842,0.4065,-0.6693,-0.143,1.018
-2.5980,0.3452,1.8469,0.931,0.334
-2.8016,0.2467,-1.1728,6.136,0.752
-2.5743,0.4411,0.6141,6.037,0.747
-2.7918,0.3424,-0.2590,0.979,0.888
-2.6318,0.4318,-3.3676,6.574,0.980
-2.3406,0.3458,-0.1982,6.346,0.840
-3.7988,-0.3809,4.5324,6.468,0.818
-3.9116,-0.5056,0.2122,6.628,0.852
-4.0148,-0.3087,6.4227,6.357,0.794
-3.7921,-0.1335,-1.6012,6.704,0.868
-3.6440,-0.3739,2.6063,5.855,0.709
-3.9663,-0.2000,0.2593,6.739,0.940
-3.7606,-0.5575,0.1717,5.201,0.625
-3.8841,-0.6431,-12.2137,6.114,0.763
-3.6422,-0.3975,0.7104,4.891,0.570
-3.6839,-0.2911,0.0361,4.692,0.570
-3.8723,-0.4018,-1.5387,5.531,0.596
-3.8359,-0.3590,4.9901,6.908,0.928
-3.6622,-0.2243,-1.5515,4.542,0.577
-3.9946,-0.4539,0.3899,5.330,0.593
-3.9139,-0.3374,-1.5592,6.181,0.747
-3.3320,-0.1345,-2.0318,6.706,0.860
-3.2895,-0.0128,-2.1161,6.324,0.786
-3.4979,-0.0008,-1.6605,6.303,0.812
-3.3902,0.1453,0.3442,6.403,0.774
-3.4671,0.1087,2.5897,5.554,0.664
-3.4484,0.0839,-11.5098,6.096,0.729
-3.3071,0.0670,0.0524,6.796,0.921
-3.4768,-0.0535,-1.0820,6.841,0.910
-3.2986,-0.1378,0.4172,6.210,0.771
-3.4305,-0.1753,-3.8610,4.615,0.568
-3.4168,-0.1472,3.4875,4.311,0.574
-3.2568,-0.0052,11.5750,6.431,0.853
-3.5716,-0.2224,6.4232,3.853,0.680
-3.3396,-0.0189,0.6698,5.675,0.651
-3.3095,0.0043,1.8654,6.042,0.730
-3.4924,-0.0990,-1.0289,5.926,0.716
-3.3034,0.0556,1.1756,5.653,0.685
-3.6832,-0.1316,-3.1710,4.583,0.556
-3.5164,-0.0200,-0.7621,5.654,0.638
-3.5908,0.0263,-5.9821,4.699,0.569
-3.6705,-0.0090,-2.6091,5.024,0.574
-3.7768,-0.0777,-1.0604,5.125,0.578
-3.5359,0.1173,-0.6807,3.906,0.588
-3.4898,0.1631,-1.5550,4.234,0.573
-3.6593,0.0750,-4.6315,5.342,0.595
-3.7054,0.0820,-2.2237,4.621,0.562
-4.2362,0.0715,-2.5417,5.671,0.580
-4.3292,0.0846,-1.5942,5.685,0.717
-4.1262,0.1116,6.5999,6.686,0.878
-4.1740,0.1702,-6.1040,6.391,0.843
-3.9096,-0.0208,-0.5869,6.176,0.750
-4.1745,0.1073,-0.2862,6.630,0.870
-4.0097,-0.2072,-2.8615,5.387,0.635
-3.9908,-0.1874,-12.9296,5.060,0.623
-4.0887,-0.2219,1.0208,5.359,0.657
-3.9681,-0.1375,-0.0883,5.683,0.704
-4.0737,-0.1818,-3.5975,6.222,0.788
-3.9638,0.0003,-12.4354,5.681,0.674
-4.3016,-0.0746,0.9538,4.726,0.599
-4.2294,0.0816,0.8078,5.686,0.863
-4.3240,0.0205,-0.5553,3.859,0.791
-4.0835,0.2268,5.0887,6.630,0.883
-4.2312,0.1916,-3.0568,5.423,0.662
-3.8303,0.2573,2.5794,5.690,0.710
-3.8192,0.4333,3.9881,6.275,0.766
-3.5995,0.2419,0.4975,6.778,0.865
-3.5559,0.2820,8.4758,5.801,0.714
-3.8313,0.1881,-6.4836,4.978,0.576
-3.7349,0.3372,1.7933,6.681,0.866
-3.6463,0.4061,2.1817,4.473,0.572
-3.8034,0.3005,4.0578,2.787,0.860
-3.7059,0.4663,5.9826,5.265,0.520
-3.6993,0.4898,4.5714,4.300,0.598
-3.9359,0.3270,6.2556,6.701,0.866
-3.9108,0.3558,-1.4877,5.625,0.703
-3.9995,0.3216,-1.9760,6.147,0.815
-3.8364,0.4523,1.9065,5.443,0.651
-4.0233,0.3502,0.8260,6.600,0.869
-3.6719,0.1808,1.0347,5.829,0.666
-3.0931,0.1527,-0.0271,6.713,0.864
-2.9333,0.2711,-0.3619,5.174,0.601
-3.2205,0.1208,-1.0564,6.186,0.797
-3.0151,0.3107,-2.9291,6.390,0.697
-2.9915,0.4185,-1.4819,5.012,0.564
-3.3022,0.4981,-2.2901,6.806,0.885
-3.2144,0.0523,2.4539,5.534,0.676
-3.0854,0.2406,-0.1091,0.881,0.623
-2.9894,0.3191,-0.9992,5.670,0.662
-3.2363,0.1520,0.0850,6.623,0.839
-3.0119,0.3379,2.6360,5.942,0.712
-3.2459,0.2012,3.5077,5.784,0.716
-3.1876,0.2545,0.8555,3.875,0.691
-3.0783,0.3309,0.9870,5.292,0.600
-3.2459,0.2911,1.8765,5.070,0.566
-3.2311,0.3044,1.3312,3.358,0.748
-3.0827,0.4285,-1.1054,4.851,0.588
-3.3598,0.2599,-0.3068,5.869,0.705
-3.1696,0.3981,1.5369,4.432,0.574
-3.1903,0.4269,-1.3902,5.267,0.620
-3.3778,0.3486,-6.5365,4.039,0.603
-3.1878,0.4865,-3.3550,5.264,0.633
-3.2210,0.5146,-0.9585,5.252,0.595
-3.1723,0.5558,6.6416,5.543,0.652
-3.0429,0.2825,-10.1204,6.402,0.779
-3.0964,0.7322,-4.5434,6.278,0.760
-3.0653,0.7312,-2.3320,6.430,0.772
-3.0287,0.6588,1.8676,6.748,0.879
-2.6865,0.6332,-0.0376,6.155,0.768
-2.7314,0.7022,-2.6920,6.028,0.723
-2.8912,0.6336,-1.8571,6.630,0.835
-2.9202,0.6452,0.9821,5.897,0.775
-2.8536,0.7908,2.8781,6.123,0.632
-2.9487,0.7805,0.1698,6.786,0.875
-2.7594,0.4552,1.5471,5.978,0.723
-2.7215,0.5162,1.2082,4.362,0.574
-2.7055,0.5633,3.0058,5.182,0.601
-2.8937,0.4453,2.3605,5.079,0.571
-2.6740,0.6731,1.1618,4.264,0.551
-2.9541,0.4893,-0.2107,5.349,0.589
-2.9401,0.5040,0.2811,4.619,0.661
-2.7451,0.7641,-1.7376,5.355,0.648
-3.0980,0.5503,-0.3136,5.623,0.734
-2.9083,0.6852,6.5339,4.189,0.563
-2.8442,0.7869,-0.2703,5.991,0.722
-2.8919,0.7396,1.1708,5.467,0.605
-3.0680,0.6444,-2.7018,4.496,0.572
-2.9778,0.7267,6.9243,5.980,0.722
-3.0968,0.6862,-1.1790,5.797,0.669
-3.0282,0.7405,2.3450,4.508,0.572
-2.8509,0.8923,2.1240,5.931,0.705
-2.9370,0.8996,-7.0960,6.793,0.895
-2.8283,0.3947,0.5105,4.761,0.575
-2.6516,0.7140,-0.4587,5.364,0.609
-3.5761,0.4089,-0.6206,6.642,0.872
-3.3794,0.5970,1.0830,6.589,0.848
-3.4884,0.6347,-9.4456,5.839,0.765
-3.4185,0.6215,-0.5072,5.355,0.594
-3.5745,0.7921,-0.4089,6.377,0.858
-3.5152,0.3551,-1.1563,6.409,0.852
-3.2677,0.6276,-5.0297,3.939,0.583
-3.4225,0.5318,1.9236,6.269,0.741
-3.5256,0.4810,-3.0380,5.771,0.707
-3.3392,0.6308,-3.7614,3.845,0.692
-3.4507,0.5833,1.6795,0.851,0.489
-3.5921,0.5395,-1.5546,5.608,0.673
-3.6390,0.5216,9.3623,5.270,0.612
-3.4633,0.6836,-3.5811,5.022,0.584
-3.7485,0.5617,-4.9948,5.219,0.667
-3.4917,0.7414,-1.8186,3.790,0.722
-3.4334,0.8648,3.5066,5.725,0.687
-3.1401,0.8264,-0.0857,3.526,0.749
-3.2774,0.9394,0.1675,6.373,0.759
-3.3682,1.0958,-2.9026,6.760,0.853
-2.9950,1.0897,1.0666,4.346,0.555
-3.2297,1.0525,3.5614,5.718,0.654
-3.1214,0.8025,0.4145,5.335,0.464
-3.1060,0.8164,-2.4316,5.158,0.640
-3.0172,0.8825,-10.3594,5.893,0.716
-3.2023,0.7561,-2.3589,6.781,0.878
-3.2512,0.7556,-5.6386,5.412,0.613
-3.3068,0.7889,-0.4033,3.844,0.655
-2.9567,1.0361,-0.2167,4.939,0.570
-3.1506,0.9065,1.7341,5.287,0.583
-3.1825,0.9097,9.3782,3.831,0.601
-3.0337,1.0732,-0.4710,6.400,0.793
-3.1527,1.0005,4.0888,2.114,0.827
-3.0574,1.0858,-0.1124,5.857,0.662
-3.0150,1.1210,-4.3026,5.174,0.577
-3.0774,1.1224,-0.6387,5.558,0.671
-3.3491,0.9561,1.7134,5.916,0.687
-3.1617,1.1146,-5.0250,5.780,0.666
-3.2143,1.0834,2.1555,5.119,0.571
-3.3456,1.1201,-0.5598,4.371,0.567
-3.1733,1.2817,-0.6726,5.642,0.667
-3.2105,1.2905,2.3293,3.942,0.605
-3.5548,0.9304,5.3746,6.816,0.904
-2.7004,0.7881,-0.4638,6.780,0.872
-5.6029,-0.8858,-3.5273,4.775,0.651
-5.7651,-0.9807,0.3903,3.608,0.863
-5.6646,-0.8328,0.7682,6.005,0.783
-5.6806,-0.7767,-2.9245,5.315,0.669
-5.7639,-0.8146,4.4133,5.539,0.687
-5.2154,-0.7880,2.3866,6.909,0.934
-5.3090,-0.5560,-2.9935,5.846,0.725
-5.2643,-0.8424,5.6722,5.373,0.699
-5.2658,-0.7116,-5.9267,6.130,0.781
-5.2273,-0.6402,3.1554,5.008,0.685
-5.6328,-0.7755,0.3621,5.803,0.728
-5.2936,-0.8953,1.1686,5.403,0.709
-6.2057,-0.7130,-6.8067,6.591,0.903
-5.9690,-0.4964,0.0587,4.178,0.677
-6.0796,-0.5516,-4.6187,5.038,0.650
-5.7746,-0.4786,2.2512,6.774,0.895
-5.9264,-0.2781,3.0125,6.486,0.859
-5.5673,-0.2638,4.7421,4.431,0.662
-5.6650,-0.1850,-1.3838,5.673,0.737
-5.7089,-0.2594,-2.4010,6.691,0.856
-4.8956,-0.3398,2.1642,6.441,0.851
-5.0660,-0.2560,-6.2337,5.836,0.559
-4.9508,-0.5322,6.4967,4.042,0.756
-5.0764,-0.4998,0.1928,6.463,0.841
-5.2422,-0.5304,-0.6520,5.873,0.793
-5.0855,-0.3038,-0.9053,4.830,0.651
-5.0662,-0.2427,-0.6607,4.739,0.752
-5.0689,-0.2037,-1.4532,3.738,0.857
-5.0591,-0.0972,0.0054,4.835,0.650
-4.6984,-0.2804,1.8533,6.390,0.838
-4.7152,-0.1191,0.9960,6.078,0.728
-4.5697,-0.0385,3.1358,6.212,0.858
-4.8016,-0.3317,-4.8924,5.491,0.689
-4.8961,-0.2322,1.0158,5.188,0.657
-4.6127,-0.0243,1.9858,4.253,0.652
-4.7194,-0.0445,3.4542,4.886,0.620
-4.8568,-0.2837,-6.4493,4.953,0.659
-5.4387,-0.1801,-1.5984,4.946,0.671
-5.3179,-0.0404,2.6003,6.504,0.859
-5.2568,-0.0174,4.3603,5.436,0.693
-5.2277,0.0977,-3.1217,5.254,0.682
-5.3675,0.1503,-0.9305,4.683,0.645
-5.1253,0.4116,-0.4699,6.535,0.872
-5.0359,0.5106,1.8472,6.808,0.877
-4.9520,0.2589,17.8596,6.764,0.876
-5.0996,0.0765,-11.5457,4.265,0.650
-4.9893,0.2092,-2.5209,4.845,0.611
-4.9949,0.3248,10.0920,4.730,0.641
-4.9365,0.4087,-0.3096,6.429,0.857
-5.2453,0.2392,-1.2339,5.711,0.723
-5.1334,0.4580,-1.3735,6.558,0.851
-6.2505,-0.1529,8.4203,6.012,0.728
-6.0426,-0.0343,-3.6985,5.698,0.702
-6.1511,-0.1055,0.5309,6.843,0.908
-5.9635,0.1515,3.9166,6.049,0.761
-6.2138,0.0273,-3.9879,4.982,0.626
-6.1860,0.0781,19.4900,1.446,0.913
-5.8985,-0.0313,0.3365,4.093,0.647
-6.4784,-0.0837,0.6141,5.901,0.734
-6.5638,0.1247,0.4751,0.570,0.987
-6.7062,0.2354,-1.8447,6.035,0.753
-6.2998,0.2307,-0.2534,5.784,0.722
-6.2821,0.2535,0.7366,5.911,0.722
-6.4059,0.1780,5.0373,4.767,0.625
-6.5464,0.2470,10.0210,5.532,0.704
-6.5445,0.2974,2.6657,4.004,0.750
-6.4505,0.4309,-1.7232,4.839,0.617
-6.4391,0.4562,-0.2523,5.179,0.629
-6.5093,0.4742,3.5850,3.754,0.798
-5.6886,0.0149,3.1080,4.933,0.637
-5.7137,0.3071,-5.5549,6.793,0.899
-5.7579,0.2993,-7.7960,6.138,0.762
-5.7207,0.3893,1.3248,4.930,0.651
-5.6977,0.4666,0.5885,5.175,0.666
-5.4463,0.7144,-0.7354,6.441,0.835
-5.4611,0.4055,-4.6833,5.846,0.730
-5.2240,0.7439,9.2911,5.072,0.611
-5.5130,0.5936,0.1650,6.886,0.944
-5.5855,0.7067,5.6441,5.199,0.633
-6.0998,0.3955,0.1728,5.690,0.706
-6.0940,0.8654,1.1646,6.344,0.861
-6.1156,0.5955,-2.8867,4.273,0.650
-6.2718,0.6953,-2.2423,5.331,0.748
-6.2886,0.6869,-11.3957,5.570,0.654
-5.5704,0.8838,2.1768,4.207,0.592
-5.5650,1.0593,-0.4428,2.410,0.879
-5.7214,1.0147,-8.4780,5.019,0.648
-5.9077,0.9300,10.0945,5.543,0.718
-5.6581,1.1725,-11.7805,3.121,0.863
-4.5623,0.2828,-4.5468,6.350,0.846
-4.6409,0.3657,1.3533,6.717,0.873
-4.4794,0.5261,3.3391,5.790,0.732
-4.4178,0.2233,1.6816,6.766,0.880
-4.4209,0.1930,-1.5096,6.403,0.855
-4.5039,0.2638,2.8539,6.683,0.875
-4.2410,0.2622,11.8769,4.828,0.608
-4.2269,0.3134,1.1281,4.619,0.599
-4.2537,0.3623,-0.1081,5.326,0.692
-4.4100,0.3542,4.7087,5.385,0.696
-4.7176,0.3487,4.1305,5.880,0.698
-4.5767,0.5206,8.0032,6.699,0.867
-4.2285,0.4991,-4.0194,6.198,0.785
-4.2118,0.6404,1.0760,6.051,0.830
-4.3509,0.6379,-0.9119,6.609,0.858
-4.4169,0.6723,2.6583,6.303,0.809
-4.1193,0.4157,0.3690,4.558,0.587
-4.0448,0.4747,2.0555,5.635,0.711
-4.2016,0.3765,4.7966,3.683,0.861
-4.0133,0.5325,3.4036,5.697,0.720
-4.1255,0.4628,1.8824,4.993,0.633
-4.0345,0.5427,-0.7567,5.412,0.692
-3.9873,0.5885,6.3068,2.809,0.871
-4.0013,0.6258,3.0433,3.754,0.862
-4.0875,0.5788,-3.3342,4.236,0.657
-4.1300,0.6095,3.6371,6.350,0.755
-4.0760,0.6466,6.1307,5.758,0.739
-4.0208,0.7202,-1.5711,5.460,0.702
-3.9835,0.7804,1.3785,5.538,0.707
-4.0583,0.7282,0.7403,5.447,0.684
-4.7653,0.4244,-2.5936,5.946,0.747
-4.6215,0.6250,0.0535,6.339,0.856
-5.0175,0.6700,2.4512,6.699,0.860
-4.8187,0.5258,3.2068,5.649,0.721
-4.9863,0.5518,5.4156,4.455,0.625
-4.9828,0.7515,8.2977,3.995,0.740
-4.6803,0.6162,-2.8189,5.874,0.737
-4.3165,0.9085,-8.0302,6.115,0.858
-4.4491,0.8876,-2.1870,6.494,0.869
-4.2789,1.0980,-8.9081,6.391,0.858
-4.3911,0.8054,0.6635,5.500,0.725
-4.5743,1.0529,-1.1199,5.764,0.737
-4.3927,1.1804,-0.2308,5.638,0.731
-4.4936,1.1585,1.8656,4.759,0.649
-3.8320,0.7209,3.6419,5.556,0.703
-3.7774,0.7136,1.0506,6.115,0.736
-3.8199,0.9113,-0.8046,5.986,0.775
-3.6505,0.9252,18.4161,6.757,0.929
-3.9207,1.1109,1.3366,0.422,1.027
-3.8483,1.2429,0.2965,5.595,0.696
-3.9990,0.8241,1.2665,5.633,0.813
-3.8848,0.7040,0.0798,5.821,0.739
-3.7601,0.7929,-0.7219,4.096,0.671
-3.7337,0.8413,0.3753,5.673,0.727
-3.6360,0.9633,2.4888,5.511,0.670
-3.5994,1.0589,-4.7174,4.587,0.574
-3.6622,1.0178,7.5712,4.850,0.609
-3.6846,1.0647,1.5265,6.194,0.801
-3.7439,1.0735,-3.7734,4.827,0.627
-3.7255,1.1610,4.2585,5.153,0.630
-3.8570,1.2789,0.1846,5.708,0.732
-3.6757,1.2863,-1.4431,6.361,0.859
-3.5602,1.0427,-3.1589,6.533,0.759
-3.2075,1.3222,9.7105,6.710,0.867
-3.6277,1.4364,2.2700,6.537,0.860
-3.4448,1.0562,0.1712,4.300,0.576
-3.4827,1.0879,2.9334,5.503,0.686
-3.2730,1.2638,-1.4586,4.013,0.604
-3.4317,1.1728,-2.1857,4.419,0.582
-3.3771,1.2411,-0.2035,5.496,0.660
-3.5375,1.3310,1.9395,4.110,0.616
-3.4820,1.4089,-7.8563,4.822,0.590
-3.6488,1.4425,1.0570,5.053,0.644
-3.8040,1.3333,2.9041,5.360,0.665
-3.5418,1.5311,-2.4395,4.815,0.609
-4.2066,1.0392,3.9515,6.438,0.876
-3.9648,1.1829,0.4242,6.576,0.869
-4.2868,1.3125,3.5333,6.458,0.864
-4.1862,1.3763,-1.5757,6.335,0.862
-3.9921,1.4420,-3.3450,6.552,0.680
-4.0384,1.1636,-0.1736,5.616,0.706
-3.8681,1.3054,-4.2067,4.353,0.618
-4.1798,1.2269,-2.8915,4.440,0.612
-3.9620,1.4026,-0.2778,6.465,0.774
-4.4032,1.2877,-4.9288,6.442,0.869
-4.2123,1.4311,3.8254,5.423,0.701
-3.6850,1.5675,4.1953,6.680,0.858
-4.0106,1.7155,15.1506,5.788,0.698
-3.9481,1.7768,12.1191,6.119,0.748
-3.8817,1.4957,-1.2878,6.162,0.421
-3.7586,1.8486,13.0978,6.300,0.796
-3.5409,1.6237,-5.9493,5.345,0.687
-3.7436,1.5034,0.5122,5.159,0.635
-3.8733,1.5160,-1.9605,5.187,0.669
-3.9581,1.4721,3.2981,0.996,0.296
-3.6599,1.7863,1.8925,5.012,0.588
-3.7703,1.7940,-5.6275,5.234,0.656
-4.0588,1.6338,1.7063,6.554,0.865
-3.8487,1.8165,0.6567,6.666,0.866
-3.8288,1.8450,0.6773,5.285,0.656
-3.8533,1.8748,-1.9277,5.656,0.662
-4.1373,1.6423,1.7848,4.994,0.586
-5.0280,1.2107,4.4983,4.173,0.617
-4.9515,1.1242,-6.2311,5.818,0.741
-5.1067,1.2085,1.1063,5.748,0.734
-4.8128,0.9805,-1.9824,4.526,0.616
-4.7993,0.9792,-2.0436,6.269,0.746
-5.1611,0.7969,3.0499,4.668,0.584
-4.9241,1.0443,-1.9371,6.085,0.766
-4.9896,1.0475,-0.9497,6.339,0.773
-5.1745,1.0592,-2.5711,4.142,0.633
-5.3150,1.0240,1.1021,6.515,0.810
-4.7406,1.2728,9.1787,6.557,0.878
-4.7933,1.6207,6.8299,6.381,0.863
-4.8056,1.5448,1.9319,5.722,0.743
-4.9286,1.3976,0.2974,6.252,0.807
-4.8045,1.5173,-2.0073,4.986,0.618
-4.9642,1.1990,-2.3148,6.686,0.800
-4.6540,1.2676,-1.4169,2.742,0.868
-4.6324,1.3079,0.7224,6.734,0.880
-4.9411,1.1909,3.2955,4.143,0.595
-4.9815,1.3182,6.3279,4.112,0.644
-5.4907,1.2290,-8.9435,6.401,0.860
-5.4580,1.3145,2.2633,6.201,0.764
-5.3485,1.5630,8.0262,6.307,0.807
-5.3420,1.3269,6.7277,6.288,0.809
-5.3615,1.3373,-3.8840,4.392,0.594
-5.4348,1.4283,3.3785,4.058,0.694
-5.5394,1.4144,0.8022,5.179,0.651
-5.6067,1.3788,-0.8694,4.811,0.620
-5.5589,1.4437,3.6406,4.102,0.649
-5.4713,1.5281,-0.5203,5.111,0.622
-5.4618,1.5712,-3.3570,5.577,0.705
-4.9379,1.5702,3.7558,5.803,0.737
-5.0011,1.7844,3.7368,6.805,0.886
-5.1006,1.8111,-1.6695,5.609,0.752
-4.8322,1.6333,-0.3488,5.281,0.631
-5.1167,1.4795,5.9575,6.114,0.740
-5.1367,1.6691,-1.4038,3.917,0.732
-4.7231,1.6228,-4.2139,6.907,0.961
-4.4201,1.5061,-8.7236,6.062,0.753
-4.5722,1.5075,3.2858,6.634,0.838
-4.1893,1.6721,-6.8477,5.571,0.665
-4.4832,1.4852,-0.5431,0.215,0.950
-4.5516,1.4814,1.5174,5.618,0.686
-4.5429,1.5135,2.2288,6.166,0.767
-4.6011,1.4796,-6.9082,4.567,0.586
-4.4336,1.6176,7.6761,5.819,0.723
-4.4192,1.6756,3.9056,4.058,0.607
-4.6734,1.6379,-2.3814,4.963,0.630
-4.4785,1.4501,-0.4542,6.531,0.803
-4.1810,1.8130,-1.0073,6.120,0.747
-4.1200,1.9184,-1.4819,6.660,0.866
-4.1898,1.9414,-2.1437,6.682,0.860
-3.8820,1.9429,-3.2615,6.698,0.858
-3.9317,2.0626,-5.0899,3.528,0.773
-4.0098,2.0207,-0.1974,5.581,0.694
-4.1559,1.9677,-4.2584,5.101,0.584
-4.2803,1.9297,3.4393,5.848,0.684
-4.0532,2.1297,-4.8064,4.978,0.574
-4.3315,2.0409,-7.8137,5.781,0.693
-4.1981,2.2184,-0.2468,5.049,0.576
-4.7491,1.7883,1.2053,5.100,0.643
-4.7757,2.1695,2.3915,5.611,0.669
-4.8910,2.0939,-3.9948,4.705,0.582
-5.0687,1.9797,2.9328,6.844,0.876
-4.4258,2.2048,2.3837,5.972,0.731
-4.4487,2.5547,-1.0864,6.169,0.753
-4.4023,2.5137,0.2641,6.308,0.828
-4.2389,2.3135,0.3150,6.427,0.859
-4.5849,2.1180,0.8489,4.582,0.565
-4.6075,2.2362,5.9224,4.732,0.572
-4.4343,2.4210,-10.0144,5.557,0.623
-4.6534,2.2983,2.3022,4.644,0.572
-4.6813,2.3774,-1.0813,5.712,0.676
-2.0784,0.3671,1.1684,5.032,0.561
-1.6916,0.3186,0.1888,5.814,0.579
-1.6620,0.2601,-2.4083,6.207,0.831
-1.9206,0.0715,3.6382,6.655,0.771
-1.8437,0.1227,-0.7621,6.633,0.862
-1.8151,0.1638,-0.5545,5.858,0.703
-1.9185,0.1147,1.1022,6.850,0.873
-1.7056,0.3290,0.5841,5.849,0.666
-1.7806,0.2856,-0.8424,6.607,0.848
-2.0434,0.2646,1.6915,6.618,0.867
-1.7995,0.4555,2.9583,3.970,0.569
-1.9126,0.4351,-1.3322,6.350,0.747
-2.1774,0.3016,-1.8884,5.456,0.582
-2.1431,0.3233,-7.6308,6.471,0.794
-1.7976,0.1146,4.0717,6.175,0.693
-1.9098,0.0651,-2.1116,5.625,0.651
-1.7095,0.2894,5.7336,4.423,0.552
-1.8868,0.1736,-1.0708,4.306,0.541
-1.9533,0.1369,1.8148,4.025,0.556
-1.6723,0.3486,-4.9415,5.262,0.575
-1.9102,0.1967,0.6441,4.189,0.550
-1.6783,0.3698,-1.4590,5.928,0.850
-1.6904,0.3863,1.5254,3.738,0.675
-1.7924,0.3291,0.3423,5.223,0.485
-1.7833,0.3481,-5.2826,5.455,0.695
-1.7752,0.3988,-0.8318,4.010,0.563
-1.9248,0.2964,-2.1087,4.989,0.567
-1.7716,0.4323,9.0055,5.134,0.572
-1.9586,0.3130,-0.2522,5.261,0.577
-2.0332,0.2806,-1.3610,3.129,0.761
-1.8332,0.4121,-2.5510,4.401,0.536
-1.7998,0.4484,2.7932,6.528,0.706
-1.9965,0.3338,0.1987,3.709,0.621
-2.0271,0.3382,-1.8613,4.844,0.521
-2.0314,0.4150,-4.2704,5.856,0.708
-1.8976,0.5507,0.4982,5.079,0.562
-1.9967,0.4887,1.7639,2.422,0.771
-2.1486,0.2175,1.0845,4.807,0.548
-2.0888,0.3252,0.3029,5.529,0.631
-1.7378,0.4043,0.7117,4.453,0.562
-1.6297,0.6681,-0.9363,4.119,0.543
-1.6118,0.3831,1.4212,-0.194,0.872
-1.4722,0.8176,-0.5025,0.849,0.567
-1.4703,0.5263,0.2723,0.818,0.879
-1.4019,0.6837,0.4348,4.762,0.550
-1.4862,0.4429,0.1586,6.612,0.884
-1.5727,0.4194,0.7412,6.443,0.771
-1.5487,0.4026,1.2427,6.077,0.857
-1.4868,0.4897,0.9944,5.325,0.497
-1.3405,0.6107,-1.5158,6.430,0.699
-1.3381,0.5952,-0.4737,5.047,0.432
-1.5290,0.4699,1.7337,6.364,0.822
-1.4029,0.5878,-1.1992,6.525,0.350
-1.4885,0.5772,-0.2301,5.588,0.603
-1.5791,0.5862,0.4515,6.245,0.899
-1.5699,0.5614,-0.7810,4.287,0.580
-1.4748,0.6092,-0.7208,5.028,0.598
-1.5016,0.6033,0.9617,6.363,0.839
-1.4815,0.6642,-1.0025,5.537,0.704
-1.7504,0.4785,-2.8964,5.982,0.729
-1.5748,0.6352,-2.4508,6.820,0.905
-1.4646,0.7229,1.1063,6.109,0.757
-1.6162,0.6511,-1.9225,5.299,0.525
-1.5507,0.7294,-1.1270,5.244,0.742
-1.6254,0.6919,-1.4124,6.249,0.919
-1.8088,0.6077,-0.8675,5.587,0.621
-1.8030,0.6403,-0.2708,5.192,0.583
-1.5546,0.8289,-2.5459,5.702,0.630
-1.8727,0.6708,1.3850,5.245,0.577
-1.8360,0.7225,1.4906,5.851,0.637
-1.8038,0.7691,0.5618,6.156,0.760
-1.5812,0.9333,-0.9793,6.262,0.709
-1.7597,0.8102,0.5236,6.041,0.730
-1.6734,0.9030,2.4314,6.090,0.709
-1.5810,0.3609,0.1765,0.990,0.877
-1.4634,0.4963,0.8374,2.051,0.812
-1.4466,0.5121,-0.5087,4.820,0.523
-1.3750,0.5883,3.3808,6.188,0.495
-1.5730,0.4556,-3.5610,4.705,0.562
-1.5107,0.5143,0.0387,4.474,0.526
-1.6348,0.4279,0.3946,5.242,0.656
-1.4351,0.5785,-0.2561,4.782,0.560
-1.6051,0.4647,1.3179,4.535,0.549
-1.3406,0.6665,-1.2679,2.531,0.811
-1.6942,0.4328,0.3566,1.221,0.873
-1.5988,0.5409,0.4950,1.025,0.874
-1.4374,0.6798,4.1209,6.715,0.876
-1.6085,0.5956,0.8335,4.858,0.567
-1.7252,0.5412,-1.9265,4.290,0.729
-1.6234,0.6320,-5.5987,5.256,0.456
-1.4685,0.7718,-0.0386,5.167,0.574
-1.5481,0.7642,-1.2275,4.992,0.567
-1.6047,0.7279,0.1855,5.108,0.568
-1.5337,0.7924,-0.2581,5.287,0.612
-1.4984,0.8271,0.7610,0.643,0.683
-1.6789,0.7081,-1.4195,3.944,0.563
-1.6430,0.8095,1.6279,5.206,0.572
-1.6996,0.7793,3.0036,4.532,0.540
-1.8435,0.6835,1.3572,5.709,0.645
-1.7248,0.7682,-1.4926,5.118,0.563
-1.7090,0.8078,-0.2842,3.947,0.562
-1.5999,0.9381,-0.8885,5.466,0.612
-2.1496,0.4359,-6.3686,6.633,0.857
-2.4210,0.6012,-1.0706,5.914,0.707
-2.2418,0.5219,1.0670,3.240,0.762
-2.5371,0.6231,-1.7287,5.564,0.667
-2.1072,0.5597,0.7817,6.020,0.751
-2.1572,0.5029,-0.4527,6.079,0.747
-2.3482,0.5801,-0.0501,6.161,0.709
-2.0994,0.4728,0.9791,6.746,0.878
-2.0553,0.5234,1.7831,6.037,0.672
-2.2403,0.4338,-1.2644,6.127,0.899
-2.2419,0.6080,2.2541,6.501,0.753
-2.0824,0.7515,0.6946,6.156,0.907
-2.3997,0.6649,-0.3325,5.397,0.565
-2.2800,0.8207,1.4829,6.820,0.974
-2.3335,0.8644,0.6569,6.099,0.731
-2.2997,0.3728,1.7940,4.942,0.577
-2.1949,0.3619,0.5803,2.987,0.765
-2.0900,0.5001,0.3966,5.297,0.579
-2.0733,0.5552,-1.5518,5.217,0.571
-1.9957,0.6272,-2.4514,5.337,0.576
-2.2157,0.5516,0.4847,5.110,0.575
-2.0476,0.6739,0.4172,5.050,0.569
-2.1357,0.6467,0.2993,3.897,0.568
-2.1513,0.6607,-0.9136,6.129,0.715
-2.3667,0.5606,6.2205,4.650,0.561
-2.3065,0.6168,-7.6029,5.287,0.576
-2.1199,0.7547,0.2870,5.110,0.572
-2.2007,0.7270,-4.4169,5.444,0.596
-2.2714,0.6850,-1.4796,4.048,0.553
-2.1281,0.8287,-0.0938,4.959,0.566
-2.3868,0.6763,-7.2919,5.727,0.991
-2.3347,0.7324,-0.0196,3.995,0.565
-2.3322,0.8116,-2.2453,4.713,0.593
-2.4038,0.7681,-2.5345,4.377,0.582
-2.2073,0.9360,-2.6574,0.485,0.904
-2.3679,0.8437,-1.2324,3.964,0.564
-2.2544,0.3276,0.0327,4.668,0.562
-2.3924,0.4903,1.9196,6.703,0.876
-2.5538,0.6484,-2.4067,6.551,0.862
-2.0577,0.8710,4.6598,5.879,0.634
-1.6633,0.9210,-0.9208,6.764,0.896
-1.8934,1.0997,0.7276,6.042,0.724
-1.8094,0.9783,4.9469,5.482,0.565
-1.6715,1.0053,10.0141,5.769,0.808
-1.7821,0.9081,0.0111,5.543,0.654
-1.8930,0.7943,2.2459,5.547,0.567
-1.8474,0.7779,-1.0344,6.430,0.785
-1.7077,0.8821,0.4459,5.888,0.683
-1.8603,0.8011,-0.7937,6.626,0.749
-1.7853,0.9652,0.3585,6.746,0.867
-1.7722,1.0285,-1.3916,5.769,0.662
-2.0401,0.8841,0.7611,6.358,0.817
-1.7697,1.1435,-3.9525,5.342,0.594
-1.8825,1.0755,-0.0147,6.033,0.750
-1.7961,1.1560,-0.4170,6.632,0.790
-2.0385,0.9877,1.0689,5.885,0.754
-1.9673,1.0660,1.2804,6.300,0.797
-2.1069,1.0175,-0.3678,6.825,0.864
-2.0572,1.0573,-0.6893,6.316,0.803
-1.8406,0.7475,0.2834,4.754,0.526
-1.9553,0.7094,4.5945,4.581,0.513
-1.8165,0.8117,0.4023,4.806,0.539
-1.9366,0.7639,-0.5288,3.932,0.542
-1.9989,0.7596,-0.2865,3.905,0.565
-2.0190,0.7740,-0.9974,4.813,0.548
-1.9245,0.8406,4.3470,5.564,0.867
-1.7525,0.9781,-2.2065,4.090,0.560
-1.7237,1.0242,-1.8423,5.271,0.583
-1.7883,1.0369,1.0890,6.015,0.695
-1.8076,1.0525,-1.4356,4.445,0.555
-1.8906,0.9962,-0.2276,6.026,0.680
-1.7731,1.1181,1.0120,4.027,0.563
-2.0148,0.9561,3.1176,6.057,0.766
-1.9359,1.0436,0.2248,5.585,0.599
-2.1261,0.9181,0.1519,4.016,0.545
-1.9780,1.0254,0.2650,5.169,0.566
-2.0354,1.0315,-0.6140,4.037,0.522
-2.1433,0.9609,-2.1325,5.529,0.614
-2.0213,1.0574,1.9810,4.822,0.565
-2.1184,1.0181,-2.3244,4.405,0.550
-1.9449,1.1635,-1.2026,4.135,0.546
-2.2180,0.9863,-2.2454,5.498,0.638
-2.0362,1.1406,-4.6809,6.279,0.779
-1.9183,0.7056,-0.8285,4.033,0.576
-1.3652,1.0498,0.9472,5.214,0.619
-1.2354,0.8160,0.6446,5.080,0.569
-1.3896,0.9122,-3.5130,5.872,0.668
-1.3684,0.9603,0.3535,5.431,0.507
-1.2442,0.6928,0.1290,4.986,0.564
-1.2088,0.7518,-2.5185,6.315,0.852
-1.2630,0.7161,-0.2364,6.561,0.872
-1.3200,0.7066,0.5539,6.479,1.069
-1.1386,0.8305,-1.1308,6.237,0.807
-1.1989,0.8142,-0.0359,6.409,0.872
-1.0690,0.9281,-0.0691,6.784,0.606
-1.0651,0.9915,-1.6546,5.926,0.598
-1.1031,1.0291,-0.4065,5.751,0.647
-1.0685,0.9684,-0.0755,5.957,0.472
-1.2040,0.9014,2.1040,6.351,0.731
-1.4178,0.7822,-0.3208,6.444,0.799
-1.2003,0.9261,-2.1306,6.452,0.787
-1.3207,0.8975,0.9308,5.468,0.664
-1.4512,0.8286,0.3570,6.262,1.139
-1.4835,0.8619,-1.8968,4.975,0.599
-1.2505,0.9938,-0.3902,5.584,0.719
-1.1318,1.0990,0.6683,5.874,0.681
-1.3452,0.9655,5.1228,6.209,0.751
-1.4521,0.8947,-0.0314,6.805,0.910
-1.4970,0.9170,0.0352,6.049,0.383
-1.2015,1.1776,1.2290,5.880,0.834
-1.4385,1.0708,-0.9759,6.131,0.664
-1.4255,1.0913,-1.4862,6.060,0.711
-1.4785,1.0699,-0.8205,6.775,0.605
-1.5621,1.0232,-1.8643,5.302,0.625
-1.1330,0.9678,-7.8957,5.977,0.749
-1.0184,0.9351,1.0091,0.842,0.490
-1.3187,0.6931,-1.8910,4.455,0.563
-1.2176,0.7647,0.3526,5.186,0.575
-1.2084,0.7900,-12.7966,4.259,0.559
-1.1316,0.8580,-1.4158,4.552,0.567
-1.1132,0.9305,1.8898,5.745,0.582
-1.0114,1.0128,-1.3230,4.273,0.565
-1.0961,0.9922,-2.8463,0.964,0.463
-1.2224,0.8906,0.3902,1.409,0.869
-1.3353,0.8607,5.1002,5.370,0.793
-1.4632,0.8289,-2.2638,5.102,1.283
-1.1490,1.0558,-1.8400,2.921,0.804
-1.1964,1.0518,0.5806,4.293,0.564
-1.1886,1.0783,2.3003,4.602,0.565
-1.1427,1.1152,-1.3216,5.812,0.768
-1.3683,0.9767,0.1281,5.781,0.867
-1.3183,1.0041,2.4353,5.207,0.581
-1.2178,1.0771,-3.2308,6.512,0.881
-1.4626,0.9663,-4.0410,5.035,0.576
-1.2736,1.1643,-4.0882,6.339,0.870
-1.5299,0.9873,-1.8535,1.428,0.872
-1.3983,1.0871,-0.3283,4.632,0.561
-1.5633,0.9813,-1.0384,5.146,0.575
-1.4938,1.0575,0.3011,5.124,0.577
-1.3436,1.2059,0.0807,5.460,0.691
-1.4097,0.8373,0.1317,4.301,0.574
-1.2070,1.1287,-1.3500,6.577,0.696
-1.1946,1.3053,0.1066,5.548,0.613
-1.2349,1.2889,1.3545,6.025,0.866
-0.9786,1.5270,2.6407,5.820,0.691
-0.9729,1.4562,-0.4067,6.267,0.727
-1.0815,1.4932,-0.5498,4.188,0.577
-1.0782,1.3984,0.4375,6.396,0.881
-0.8945,1.4522,-0.9143,6.107,0.673
-1.1270,1.1443,-0.2530,5.583,0.622
-0.9574,1.3805,0.7615,4.509,0.581
-0.8701,1.1249,-0.1005,4.251,0.516
-0.8070,1.4675,-6.1343,5.783,0.670
-0.7985,1.1730,0.1146,5.588,0.569
-0.9608,1.0627,0.2670,6.199,0.757
-1.0198,1.0399,-1.1286,5.419,0.745
-0.8189,1.1810,1.5520,6.362,0.738
-0.8548,1.1663,0.9903,4.936,0.546
-1.0200,1.0812,0.1739,4.448,0.573
-0.6965,1.3131,-10.9311,6.347,0.845
-0.8275,1.2246,-1.7095,6.316,0.704
-0.7358,1.2951,0.8898,6.050,0.915
-0.9676,1.1465,1.1280,5.817,0.664
-0.8208,1.2711,0.2709,6.431,0.750
-0.7686,1.3150,-0.9265,6.840,0.918
-0.7797,1.3477,2.5359,4.916,0.502
-0.9386,1.3736,0.7676,6.351,0.742
-0.9571,1.3380,-0.2451,6.438,0.644
-0.8402,1.4219,-0.0885,6.036,0.714
-1.1242,1.2333,-3.8400,5.947,0.702
-0.8978,1.4109,0.3879,6.467,0.866
-1.0813,1.3799,-0.1342,5.919,0.559
-1.1151,1.3983,1.4363,6.639,0.768
-1.1376,1.3886,0.0561,5.969,0.688
-1.0647,1.4484,1.4336,5.869,0.655
-1.2400,1.3290,-2.6951,6.580,0.757
-1.0615,1.4780,-0.5983,6.116,0.702
-0.9150,1.1299,1.2214,6.310,0.743
-0.9172,1.0410,1.4991,4.350,0.572
-0.8397,1.1667,-0.4589,5.304,0.434
-0.7935,1.2405,-1.2512,5.277,0.622
-0.9449,1.1489,0.0261,5.026,0.572
-0.8595,1.2099,-0.8247,4.856,0.556
-0.8562,1.2345,-1.0426,5.067,0.569
-0.9137,1.1964,-1.4553,5.260,0.576
-1.0134,1.1420,-4.2856,5.600,0.634
-0.9626,1.1812,0.5102,4.435,0.584
-0.9147,1.2319,0.3134,3.179,0.768
-0.8882,1.2630,3.9212,1.651,0.861
-0.9294,1.2905,0.4625,3.865,0.597
-0.8906,1.3496,0.2821,5.728,0.677
-0.8092,1.4076,0.6159,5.487,0.602
-0.8828,1.3758,-1.0451,3.433,0.456
-1.0806,1.2641,-2.6223,4.669,0.573
-0.9953,1.3510,-0.6554,5.509,0.657
-1.1668,1.2608,6.8660,4.355,0.523
-1.0094,1.3755,-0.1440,4.403,0.565
-1.0239,1.3876,-0.6321,5.117,0.584
-0.8536,1.5213,0.2813,1.015,0.151
-0.8728,1.5237,0.4755,5.366,0.287
-0.8960,1.5003,-0.8884,4.529,0.614
-1.1023,1.4610,0.6118,4.621,0.566
-1.2369,1.3678,1.8827,6.485,0.816
-1.1768,1.4174,-0.2149,6.000,0.749
-0.9735,1.5868,0.5386,5.403,0.665
-1.0227,1.5703,-2.1009,5.429,0.650
-1.0512,1.1108,-0.5972,6.338,0.796
-1.8431,1.2873,-0.3642,5.545,0.587
-1.7811,1.3607,-7.3460,6.037,0.703
-1.5080,1.3576,-1.1434,6.049,0.710
-1.4006,1.2862,1.1888,4.632,0.474
-1.3947,1.3606,0.3325,3.053,0.762
-1.5015,1.2455,0.9186,4.637,0.584
-1.9151,1.3086,-2.4503,5.330,0.572
-1.5517,1.0475,-2.7637,6.512,0.906
-1.5014,1.1089,-0.9416,5.752,0.590
-1.3896,1.2308,-1.9270,4.664,0.590
-1.6056,1.1039,-1.1999,6.431,0.804
-1.3908,1.3003,0.4260,5.019,0.706
-1.4149,1.3085,-0.9433,5.501,0.663
-1.3813,1.2762,-0.3627,6.164,0.630
-1.6523,1.0969,3.5344,5.476,0.552
-1.6850,1.0846,-0.0720,4.628,0.540
-1.3980,1.3330,-0.0808,5.868,0.577
-1.4257,1.3820,-0.9797,6.531,0.833
-1.4464,1.3982,3.0036,5.940,0.669
-1.4831,1.4105,-1.6707,6.117,0.742
-1.5860,1.5430,-4.5074,5.725,0.652
-1.7181,1.4842,1.2771,4.860,0.704
-1.6769,1.5044,4.0799,5.717,0.647
-1.6916,1.5512,0.2998,5.637,0.497
-1.4544,1.3197,0.9164,6.777,0.816
-1.4974,1.0984,-0.2306,4.102,0.572
-1.5145,1.1357,0.2540,5.451,0.577
-1.4998,1.1510,1.4968,4.366,0.567
-1.5265,1.1669,2.5606,5.841,0.685
-1.4230,1.2786,6.1507,0.856,0.735
-1.6631,1.0996,-3.9835,4.279,0.580
-1.3422,1.3318,-0.5059,5.429,0.629
-1.4970,1.2356,-0.3363,6.492,0.710
-1.5534,1.2165,0.5615,4.827,0.572
-1.7073,1.1572,-1.8039,5.442,0.595
-1.6924,1.2071,-19.1698,4.321,0.560
-1.7388,1.2110,0.9141,5.193,0.576
-1.7501,1.1940,-1.7851,4.048,0.497
-1.4330,1.4503,-1.7012,3.474,0.670
-1.7822,1.2168,-0.8780,6.221,0.716
-1.5704,1.3960,-0.4884,4.848,0.563
-1.5508,1.4167,1.1130,5.497,0.587
-1.7189,1.3162,-0.0620,5.025,0.560
-1.5124,1.4825,-0.4325,6.414,0.683
-1.5498,1.4739,1.2615,5.425,0.578
-1.5802,1.4729,13.8209,4.974,0.566
-1.6887,1.4587,-0.2839,5.277,0.583
-1.6033,1.5269,1.4910,2.560,0.819
-1.8292,1.3777,2.5331,4.806,0.566
-1.7155,1.4661,-1.9414,5.250,0.523
-1.7359,1.5066,-0.9043,4.932,0.570
-1.2982,1.6031,2.4132,5.774,0.833
-1.0554,1.6804,-0.1599,4.748,0.589
-1.2288,1.7608,-7.8216,4.744,0.562
-1.2214,1.8105,-2.5539,5.927,0.682
-1.3776,1.4215,-0.4706,6.264,0.779
-1.0782,1.6655,0.9999,6.054,0.723
-1.3170,1.5363,1.5611,6.890,0.874
-1.4414,1.4814,-0.7326,6.005,0.697
-1.3446,1.7217,-6.8833,4.475,0.495
-1.4741,1.6628,3.4532,5.676,0.643
-1.3357,1.7853,1.7012,5.138,0.477
-1.3188,1.8164,0.8665,6.040,0.789
-1.4737,1.7888,2.1596,6.401,0.819
-1.2757,1.9491,-2.4923,6.623,0.883
-1.1697,1.4501,-0.2758,4.891,0.567
-1.2004,1.5141,0.6144,4.289,0.553
-1.2907,1.5015,0.2779,5.924,0.722
-1.3178,1.4840,2.4035,5.920,0.704
-1.2276,1.5624,0.2178,5.178,0.706
-1.3351,1.5121,0.5449,5.601,0.662
-1.2226,1.6046,-1.4531,5.192,0.586
-1.1873,1.6375,0.3509,5.151,0.577
-1.1009,1.7525,1.8543,5.130,0.594
-1.2819,1.6290,-0.8978,5.178,0.578
-1.4006,1.5495,-0.7769,4.890,0.566
-1.2111,1.6896,-3.9694,5.348,0.608
-1.4350,1.5801,-0.6736,6.090,0.736
-1.3605,1.6651,3.3912,5.038,0.569
-1.2010,1.8009,1.6920,5.623,0.634
-1.4538,1.6728,2.9234,5.092,0.576
-1.2779,1.8197,1.7626,4.489,0.539
-1.3280,1.7972,0.4232,5.131,0.715
-1.5074,1.7375,-0.2502,4.421,0.563
-1.2869,1.9153,-2.1100,4.151,0.529
-1.3494,1.8858,-1.0264,3.886,0.575
-1.3524,1.9234,1.5416,5.808,0.673
-1.2404,1.9291,2.9002,6.456,0.774
-2.4905,1.0185,2.5156,6.617,0.857
-2.6811,0.9070,-1.2386,5.225,0.609
-2.5537,1.2811,-1.3172,6.810,0.872
-2.4209,0.9522,-2.7559,4.395,0.566
-2.4671,0.7475,-4.3113,4.022,0.538
-2.4334,0.8100,5.5981,3.844,0.592
-2.3484,0.9067,0.6564,6.207,0.760
-2.4120,0.9504,3.4032,6.555,0.862
-2.4941,0.9285,-5.2833,6.234,0.735
-2.4743,0.9724,3.9941,5.599,0.627
-2.5869,0.9164,-2.1080,4.238,0.552
-2.5819,0.9752,1.1771,5.796,0.677
-2.4333,1.1448,3.4777,4.922,0.565
-2.6300,1.1161,-1.3208,6.837,1.003
-2.6280,1.2275,0.1828,5.586,0.631
-2.6242,0.8305,2.4601,5.353,0.623
-2.6769,0.8542,-0.1446,5.632,0.615
-2.7061,1.0084,-2.5533,6.598,0.814
-2.7906,0.9735,0.3343,1.729,0.862
-2.7213,1.0457,4.9433,5.353,0.590
-2.2389,1.1535,-0.4983,4.644,0.443
-2.0921,1.2142,3.6245,6.817,0.877
-2.2883,1.2139,0.6422,6.733,0.847
-2.1842,1.0620,-0.2303,6.811,0.750
-2.1537,1.1486,4.9565,6.769,0.859
-2.2078,1.1208,1.5705,6.181,0.753
-2.2519,1.1229,-5.4328,6.149,0.719
-2.0992,1.4898,0.5171,6.622,0.764
-2.1771,1.1064,-3.5669,6.233,0.762
-1.9864,1.2827,-0.0787,5.920,0.689
-2.1386,1.1874,-0.1928,5.061,0.562
-2.0798,1.2704,1.4097,5.080,0.574
-2.0466,1.3007,2.3857,2.227,0.810
-2.1985,1.2646,0.9997,3.878,0.569
-2.4266,1.1866,-10.1372,4.274,0.554
-2.2683,1.3021,0.5675,6.281,0.777
-2.0800,1.4550,0.8027,5.141,0.782
-2.3451,1.2630,-1.1092,6.422,0.788
-2.2067,1.4171,-1.5059,5.690,0.603
-2.4631,1.2620,-0.3511,4.462,0.555
-2.3441,1.3734,2.0709,5.372,0.585
-2.4424,1.3122,-6.1145,5.107,0.579
-2.2582,1.4623,-2.2702,3.816,0.602
-2.1898,1.5651,0.2112,4.466,0.561
-2.3454,1.5162,0.3981,4.275,0.542
-2.2520,1.6206,3.4321,4.951,0.612
-2.9566,1.1709,1.5222,6.434,0.802
-2.6428,1.3683,-2.4288,6.781,0.812
-2.9238,1.3527,2.9012,6.306,0.748
-2.9179,1.0362,4.8190,6.000,0.704
-3.0239,1.2883,6.4738,6.234,0.753
-2.8313,1.0290,0.9867,6.726,0.866
-2.6653,1.2955,0.6013,4.055,0.563
-2.9650,1.0969,-0.4726,5.620,0.633
-2.7624,1.3578,-1.6801,5.365,0.633
-2.9974,1.2470,2.3074,4.122,0.564
-3.0647,1.2277,-1.9649,4.777,0.564
-2.9573,1.4493,0.6949,5.240,0.588
-2.9801,1.4538,-0.4635,4.128,0.562
-2.9125,1.5212,-3.0670,5.026,0.574
-2.8816,1.5761,-1.0078,4.771,0.571
-2.9105,1.5730,3.4145,5.213,0.573
-2.8732,1.1333,-2.3802,5.970,0.688
-2.9091,1.2626,2.4307,4.943,0.561
-3.0397,1.3138,15.3614,4.588,0.562
-2.9595,1.3883,-1.9632,3.830,0.695
-3.0497,1.4595,1.2990,5.449,0.608
-3.0899,1.2855,-2.4943,6.787,0.864
-2.2629,1.6459,-0.2012,5.528,0.647
-2.4621,1.5537,0.4867,5.865,0.691
-2.5219,1.7231,4.4188,6.566,0.859
-2.2899,1.6583,2.7018,5.722,0.640
-2.6462,1.5863,-0.7675,5.924,0.703
-2.6032,1.6309,3.1754,6.347,0.784
-2.5677,1.7846,0.8438,4.008,0.568
-2.5778,1.4131,3.2521,6.405,0.757
-2.4272,1.5885,-0.7539,4.471,0.532
-2.5166,1.5278,3.8093,4.645,0.561
-2.3349,1.6614,-1.1195,5.774,0.658
-2.4343,1.6183,5.2199,4.503,0.536
-2.5502,1.5393,6.8454,5.203,0.572
-2.5820,1.5239,-0.5366,3.779,0.671
-2.3188,1.7192,1.7524,4.969,0.550
-2.5794,1.5762,0.1775,4.431,0.552
-2.3956,1.8089,-2.3558,5.706,0.536
-2.6145,1.7946,-0.6974,4.789,0.557
-2.7525,1.7063,2.5516,4.203,0.565
-1.8251,1.6268,-6.9539,6.294,0.773
-1.9029,1.8172,-3.0721,6.321,0.831
-1.8059,1.5320,-2.1394,6.927,0.974
-1.6285,1.6455,-0.4645,6.572,0.858
-1.7861,1.4785,0.7348,6.360,0.653
-1.9021,1.4023,2.6984,5.308,0.322
-1.9269,1.3924,0.2490,5.993,0.694
-1.9903,1.4002,-9.4666,6.222,0.749
-1.7192,1.5953,1.6789,6.637,0.739
-1.7679,1.5851,-2.5370,6.588,0.760
-1.8521,1.7057,2.9102,6.784,0.878
-1.8652,1.8423,-1.9557,6.113,0.739
-2.1806,1.6824,-3.4440,6.701,0.865
-1.7669,1.4975,1.2768,4.235,0.552
-1.6941,1.5680,-0.8036,5.213,0.761
-1.6645,1.6034,-0.7350,1.723,0.867
-1.9030,1.4437,2.4993,6.257,0.777
-1.7510,1.5991,-0.3497,3.691,0.732
-1.9964,1.4479,-8.1257,6.242,0.718
-1.7437,1.6542,2.0724,6.618,0.869
-2.0370,1.4790,-0.5322,4.835,0.564
-1.6914,1.7293,-1.2981,5.709,0.695
-1.9098,1.6115,0.7411,5.352,0.620
-1.7639,1.7383,-0.1010,4.133,0.562
-1.7388,1.7407,-1.8440,4.845,0.568
-1.8756,1.6945,0.4089,6.177,0.734
-2.0915,1.5455,2.8725,4.960,0.567
-2.0337,1.5892,1.9817,5.263,0.628
-1.9329,1.6603,0.7231,5.410,0.578
-1.7997,1.7839,-0.1281,4.532,0.573
-2.1068,1.6372,-3.9414,5.384,0.614
-2.0733,1.6752,-0.6028,5.855,0.737
-1.9852,1.7709,-1.4511,3.681,0.794
-2.1581,1.6967,-4.1586,4.724,0.569
-2.0363,1.8010,-4.1445,5.857,0.742
-1.9724,1.8900,-2.4728,5.605,0.680
-1.9329,1.9750,-0.3805,4.895,0.577
-1.9367,1.4434,0.4994,4.786,0.560
-1.7454,1.6440,1.0569,6.636,0.773
-1.8238,1.5835,1.9811,6.328,0.764
-1.6564,1.8471,0.3260,5.974,0.712
-1.6884,1.8945,2.3918,6.484,0.875
-1.6751,1.9631,0.2985,5.035,0.580
-1.6741,1.7812,0.9848,6.531,0.858
-1.7720,1.9581,-2.7930,5.247,0.583
-1.6336,2.0834,-0.4224,6.548,0.864
-1.5772,1.7279,0.1413,5.783,0.679
-1.6127,1.7044,1.0613,4.271,0.563
-1.5648,1.8180,-5.0439,6.096,0.628
-1.3752,1.9531,0.1989,6.799,0.873
-1.4429,1.9110,-1.0703,5.693,0.658
-1.5639,1.9050,0.8383,5.589,0.711
-1.3838,2.0761,8.3207,5.031,0.560
-1.6971,1.9782,-0.8339,6.805,0.869
-1.7303,2.0677,1.0516,6.502,0.859
-1.5785,2.2660,0.8681,6.229,0.774
-1.5569,1.7167,-0.8047,5.257,0.568
-1.4643,1.8496,-2.5145,5.807,0.676
-1.5679,1.7972,2.3355,4.685,0.541
-1.6183,1.7745,-5.2826,3.947,0.576
-1.4012,1.9260,2.0552,5.628,0.647
-1.5567,1.8737,-1.9119,3.391,-0.070
-1.3656,2.0414,-0.6806,5.887,0.714
-1.5781,1.9170,1.0884,6.580,0.694
-1.5377,1.9483,-4.6752,5.654,0.652
-1.4974,1.9807,4.4643,5.620,0.647
-1.7187,1.8369,-1.0148,6.476,0.868
-1.5956,1.9462,-1.4650,3.957,0.578
-1.5155,2.0344,6.2852,4.138,0.558
-1.7990,1.8760,3.2792,3.689,0.738
-1.7477,1.9322,-0.6206,4.545,0.637
-1.6548,2.0176,3.3731,4.716,0.563
-1.6985,2.0282,1.5988,4.596,0.565
-1.5287,2.1711,0.1936,5.563,0.633
-1.6738,2.0814,-0.6780,5.119,0.573
-1.8539,2.0321,0.4029,4.716,0.572
-1.6974,2.1793,-0.8320,5.879,0.766
-1.6543,2.1412,-1.4114,6.481,0.863
-2.1593,1.9113,-0.2970,6.591,0.868
-1.9763,1.9701,5.4716,5.483,0.660
-2.2556,2.0214,-5.5631,6.742,0.775
-2.2793,1.8524,3.1063,5.766,0.674
-2.2195,1.7208,-2.8384,4.648,0.567
-2.1979,1.7764,-0.3512,3.854,0.665
-2.0661,1.8777,1.0477,5.539,0.590
-2.3003,1.7282,-1.6242,5.135,0.574
-2.1804,1.8647,-0.5607,4.441,0.577
-2.2571,1.8260,-3.1061,4.859,0.575
-1.9733,2.0366,8.4511,5.164,0.582
-2.3887,1.8321,1.0054,3.887,0.578
-2.2740,1.9152,3.6435,5.866,0.693
-2.2545,1.9590,-0.5593,4.780,0.570
-2.2793,2.0449,-0.9060,2.778,0.814
-2.1732,2.1389,0.0728,4.310,0.566
-2.1556,2.1635,-0.4067,5.834,0.625
-2.1992,2.1717,0.7834,4.949,0.572
-1.8544,2.2245,-0.9271,6.445,0.727
-1.8991,2.2684,2.4027,6.587,0.842
-1.9963,2.4324,2.5127,6.868,0.880
-1.9862,2.5708,-3.7655,6.069,0.720
-1.7431,2.2484,-0.7534,6.590,0.770
-1.9510,2.5867,5.5547,5.103,0.631
-1.8570,2.4070,-2.6818,6.403,0.804
-1.7049,2.2386,-2.3616,5.969,0.718
-1.9058,2.1328,0.7580,5.063,0.581
-1.6491,2.3192,1.6569,6.731,0.772
-1.7899,2.4005,-1.6804,6.779,0.866
-1.9127,2.3464,-0.0177,4.515,0.567
-1.8244,2.4206,2.3604,6.653,0.852
-1.7937,2.4562,-1.1450,6.581,0.815
-1.8985,2.5023,0.3839,5.450,0.518
-2.1881,2.3547,-0.3526,6.593,0.799
-1.8090,2.1591,1.9646,5.393,0.592
-1.9686,2.0848,-0.1719,5.959,0.729
-2.0095,2.0818,-1.5125,6.157,0.777
-1.6735,2.3421,-1.5129,4.887,0.571
-1.8331,2.2473,-9.8181,5.463,0.717
-1.8784,2.2703,0.0693,6.225,0.728
-1.7325,2.3777,-1.4630,6.174,0.725
-1.8886,2.3734,4.2947,5.063,0.594
-2.0468,2.2886,7.8191,5.482,0.652
-2.0193,2.3590,-2.4405,4.567,0.559
-2.1187,2.3504,3.9749,0.795,0.666
-2.0352,2.5139,2.2207,4.897,0.574
-1.8794,2.1198,-2.5791,4.644,0.568
-0.7081,1.6976,-3.9181,5.276,0.611
-0.7863,1.7749,0.0309,5.207,0.593
-0.7435,1.7977,-1.0801,6.325,0.780
-0.6219,1.5277,3.1954,6.245,0.754
-0.8939,1.6613,-2.3682,6.436,0.857
-0.6551,1.3502,1.1430,6.604,0.881
-0.6220,1.4024,0.0995,4.591,0.558
-0.6695,1.3780,1.2486,6.728,0.874
-0.6580,1.3895,1.9383,6.642,0.870
-0.6130,1.4359,-1.7338,4.747,0.505
-0.4377,1.5615,0.8280,5.901,0.594
-0.5637,1.4853,-1.8129,6.787,0.873
-0.7064,1.4367,-0.5944,6.597,0.437
-0.5632,1.6157,-3.1278,4.492,0.539
-0.6730,1.5529,1.8273,5.764,0.696
-0.7253,1.5475,-0.6182,5.856,0.635
-0.5083,1.7043,1.1063,4.600,0.544
-0.5564,1.7188,0.0930,5.064,0.638
-0.5220,1.7293,0.6330,6.522,0.876
-0.6055,1.7292,1.1059,5.170,0.614
-0.5298,1.7924,-0.8638,6.015,0.771
-0.7249,1.6728,-0.2674,6.604,0.863
-0.5674,1.7951,-0.7299,5.397,0.579
-0.7487,1.6767,1.3257,5.932,0.697
-0.7779,1.6744,1.7598,6.416,0.805
-0.6297,1.8015,-1.5649,6.212,0.725
-0.5578,1.8745,-0.2501,6.511,0.667
-0.6876,1.7964,0.3749,5.037,0.443
-0.7458,1.8783,-0.6868,6.787,0.880
-0.4196,1.5761,0.7999,3.951,0.563
-0.6034,1.4099,-0.3189,4.566,0.517
-0.4938,1.5066,-1.6598,5.584,0.640
-0.4583,1.5625,1.3045,5.282,0.579
-0.7283,1.4172,-2.9992,0.894,0.416
-0.4765,1.6027,2.4939,4.006,0.563
-0.5131,1.5850,-0.9116,5.360,0.586
-0.6985,1.4689,1.5000,4.849,0.577
-0.6112,1.5502,1.7901,5.993,0.707
-0.7147,1.4831,-0.1083,5.336,0.584
-0.5192,1.6705,-2.0454,6.116,0.808
-0.7097,1.5524,0.1875,6.104,0.775
-0.5345,1.6755,-0.6696,4.388,0.560
-0.5811,1.6999,-1.8910,5.296,0.585
-0.6384,1.6779,-0.2055,5.714,0.566
-0.6218,1.6954,-1.7719,3.827,0.625
-0.6676,1.6711,0.3774,3.989,0.574
-0.6128,1.7496,4.2291,4.087,0.573
-0.5948,1.7693,-0.7578,5.119,0.560
-0.5676,1.8052,0.6093,5.623,0.782
-0.7480,1.6871,1.0420,5.788,0.778
-0.8470,1.6319,-1.7806,5.414,0.610
-0.6760,1.7884,-0.3325,3.972,0.569
-0.6158,1.8905,2.4429,6.085,0.708
-0.6619,1.8780,1.2885,4.914,0.579
-0.5987,1.9250,1.6521,5.288,0.574
-0.7787,1.8129,-0.1013,5.359,0.588
-0.5227,1.9695,0.9744,6.338,0.737
-0.5295,1.9076,0.9960,5.266,0.588
-0.3835,1.9743,2.3546,5.695,0.688
-0.4816,1.8519,1.7243,5.838,0.673
-0.4267,1.8463,0.1989,5.892,0.761
-0.3344,1.8281,-1.4778,6.693,0.956
-0.2781,1.7204,0.8854,5.929,0.713
-0.4270,2.1244,1.8499,5.749,0.655
-0.1137,1.8914,2.4413,5.403,0.636
-0.2921,1.7051,2.2773,6.571,0.878
-0.2659,1.7807,1.8206,6.671,0.860
-0.1582,1.8865,-0.1014,5.437,0.578
-0.1386,1.9192,0.1827,5.470,0.528
-0.1241,1.9760,6.7577,4.741,0.584
-0.1890,1.9355,-0.6134,4.921,0.573
-0.3099,2.0494,-1.6673,5.754,0.588
-0.3557,2.2443,3.8942,6.618,0.791
-0.1834,1.8493,0.6330,5.558,0.645
-0.2443,1.8115,-1.8029,4.955,0.551
-0.3477,1.7449,0.6751,4.953,0.536
-0.2644,1.8126,-0.9069,5.646,0.663
-0.1069,1.9295,-2.0885,4.869,0.651
-0.3338,1.7856,2.8158,4.118,0.544
-0.1754,1.9056,2.7935,3.742,0.697
-0.1130,1.9666,-2.1838,4.619,0.507
-0.4154,1.7616,-0.0004,4.175,0.547
-0.3750,1.7922,0.2293,5.804,0.570
-0.2457,1.9083,-1.0016,4.053,0.560
-0.3147,1.8761,1.7153,3.898,0.576
-0.4305,1.8089,0.4491,4.552,0.548
-0.1720,1.9968,-9.7214,1.036,0.880
-0.1114,2.0515,-1.0580,5.068,0.572
-0.2627,1.9657,2.4257,5.638,0.577
-0.4601,1.8311,-0.0500,5.786,0.636
-0.4191,1.8792,0.3087,5.544,0.659
-0.3338,1.9272,2.5569,4.335,0.562
-0.2767,1.9928,3.2510,0.814,0.653
-0.2573,1.9962,-0.8222,5.559,0.486
-0.4525,1.8786,1.6130,4.305,0.560
-0.1507,2.0922,0.2510,4.034,0.565
-0.1779,2.1244,-2.2285,5.810,0.644
-0.3303,2.0400,-1.9455,4.719,0.629
-0.2341,2.1166,-1.5299,5.877,0.679
-0.3776,2.0236,-2.8086,5.656,0.666
-0.3095,2.0852,-0.9322,4.846,0.570
-0.4447,1.9992,3.4410,5.285,0.720
-0.4469,2.0351,2.6569,3.704,0.724
-0.3825,2.0948,0.2916,4.405,0.552
-0.2827,2.2112,-3.0932,6.317,0.754
-0.6182,2.0209,0.2203,3.927,0.580
-0.8175,2.0081,2.0698,5.644,0.716
-0.9870,2.2576,-0.1999,6.153,0.784
-1.0366,1.8812,10.4238,6.663,0.864
-0.9262,2.0566,-0.3575,5.812,0.689
-0.9997,2.0674,2.0398,5.814,0.634
-1.0547,2.0184,-0.4284,5.262,0.606
-0.8749,1.8803,1.2435,6.359,0.462
-0.9178,1.8516,1.5881,6.145,0.761
-0.8673,1.9130,0.6021,6.136,0.956
-0.9474,1.8756,-1.0188,6.730,0.859
-1.1030,1.8522,1.6344,6.490,0.873
-0.7933,2.1078,-1.4209,6.120,0.709
-1.1731,1.9999,-0.3679,6.477,0.775
-0.9924,2.1316,3.0440,6.457,0.775
-1.0084,2.2381,4.1020,6.684,0.880
-0.8765,1.8009,1.5076,5.234,0.618
-0.7434,1.9086,1.2447,5.077,0.584
-0.8671,1.8550,-1.9092,4.948,0.576
-0.9079,1.8274,-1.4610,5.341,0.603
-0.8629,1.9004,-3.9532,4.823,0.582
-0.9129,1.9119,2.9391,5.523,0.633
-0.9438,1.9064,-0.3312,5.217,0.591
-0.9735,1.9356,3.0457,5.242,0.580
-0.9306,1.9716,0.7809,5.055,0.582
-0.9049,2.0053,2.5557,6.462,0.811
-0.7837,2.0902,-0.1548,5.658,0.688
-1.0517,1.9293,-1.4474,4.030,0.578
-0.9287,2.0161,1.6881,5.619,0.734
-1.0225,1.9922,-0.4329,3.593,0.754
-1.0513,1.9892,0.9222,6.294,0.699
-0.9463,2.0943,-1.3885,4.535,0.567
-0.9727,2.0933,2.1446,4.426,0.574
-0.9429,2.1226,-1.2277,4.482,0.574
-1.1501,2.0012,0.0435,4.424,0.494
-1.1781,2.0118,-0.6552,5.613,0.768
-1.1202,2.0664,4.4689,1.021,0.481
-1.0572,2.1753,-4.8400,4.737,0.570
-1.0013,1.8178,1.0664,4.422,0.569
-0.8538,2.3477,3.3711,6.553,0.885
-0.7495,2.4034,0.3138,5.551,0.710
-0.7686,2.3822,1.0281,6.610,0.774
-0.7487,2.0977,2.4060,5.915,0.572
-0.5958,2.4130,-1.9606,6.751,0.974
-0.6272,2.4390,0.9410,6.569,0.798
-0.5964,2.2855,-0.4193,6.634,0.857
-0.6998,2.3742,-2.1186,6.495,0.729
-0.9435,2.3119,-0.6072,5.790,0.726
-0.7146,2.5666,2.5090,5.643,0.698
-0.4539,2.4087,-2.1712,5.855,0.861
-0.6499,2.0015,-0.0908,5.706,0.679
-0.6949,2.0303,0.2913,5.119,0.579
-0.5392,2.1968,-0.8416,5.247,0.611
-0.5902,2.1912,-1.2841,4.690,0.576
-0.6951,2.1588,-2.7283,5.194,0.671
-0.6141,2.2167,7.4157,4.567,0.572
-0.6216,2.2510,1.9078,5.285,0.625
-0.7555,2.2073,1.6714,4.875,0.576
-0.5229,2.4063,0.6374,-1.800,1.248
-0.8679,2.2123,1.7011,6.696,0.867
-0.7462,2.3520,0.6474,6.050,0.726
-0.5751,2.4827,-3.3292,2.615,0.840
-0.5721,2.5543,-3.2286,4.542,0.568
-0.6439,2.5819,3.9717,4.835,0.636
-0.2027,2.1943,0.7828,6.757,0.872
-0.0036,2.1610,-2.0950,4.976,0.695
-0.1194,2.2506,-0.8941,4.796,0.567
-0.0480,2.1009,-1.3636,6.504,0.840
0.0365,2.1604,5.1754,6.594,0.871
0.0752,2.1144,0.2350,6.775,0.862
0.0275,2.2143,-1.0181,4.846,0.573
-0.2614,2.2976,-1.2933,6.658,0.867
-0.1468,2.4104,-5.9864,6.712,0.865
0.1243,2.4494,5.0990,6.160,0.704
0.0459,2.5477,0.7531,6.885,0.869
0.0421,2.0955,-0.4363,3.522,0.759
-0.0400,2.0475,1.9835,5.111,0.587
-0.0035,2.1216,-4.3776,4.308,0.564
0.0801,2.2229,0.2517,4.960,0.555
0.0104,2.2406,1.0069,3.317,0.844
-0.0319,2.2232,0.5712,5.621,0.636
0.0322,2.2926,1.8560,3.849,0.650
-0.1377,2.2162,0.4395,5.094,0.575
-0.0448,2.3089,-1.3237,3.721,0.712
-0.0124,2.3461,1.5113,5.444,0.638
-0.0671,2.3624,3.1596,4.407,0.547
-0.0244,2.4311,22.5967,4.799,0.568
-0.2699,2.2665,1.2079,5.634,0.684
-0.1012,2.4468,-5.7410,5.484,0.609
0.0024,2.5192,1.5178,3.896,0.617
-0.1965,2.3879,0.1545,4.585,0.558
-0.2719,2.3625,2.0283,6.232,0.760
-0.2491,2.4074,-1.8277,4.209,0.556
-0.1454,2.4947,-1.0355,5.593,0.634
0.2110,2.3644,0.6168,4.201,0.572
0.1199,2.4750,0.9339,4.524,0.606
0.0205,2.6141,-0.7996,4.018,0.567
0.2238,2.4773,-0.0073,6.666,0.834
0.3658,2.6393,3.9976,5.642,0.709
-0.0126,2.6545,2.2155,6.270,0.802
0.5368,2.7130,-2.2150,6.637,0.866
0.3333,2.7799,-11.8940,5.948,0.710
0.2552,2.6549,-0.7220,5.939,0.742
0.3703,2.5286,-1.7241,6.080,0.750
0.3990,2.5063,3.4419,5.514,0.744
0.4755,2.8015,1.3156,6.645,0.738
0.3526,2.8287,0.1715,6.581,0.790
0.3864,2.4418,-2.1241,6.078,0.709
0.3528,2.4514,3.8046,6.528,0.771
0.3898,2.5108,-1.3550,4.186,0.572
0.6032,2.6566,-1.4106,6.784,0.833
0.5634,2.6332,-1.2234,6.108,0.709
0.3151,2.5199,3.9190,5.367,0.602
0.3042,2.5848,0.5084,5.570,0.639
0.4541,2.7548,2.2082,5.505,0.589
0.4540,2.7915,-2.4104,4.657,0.520
0.1900,2.6405,-1.9265,3.833,0.702
0.4463,2.8230,1.0775,3.879,0.575
0.3681,2.8115,-3.6388,4.225,0.561
0.1157,2.6377,2.0785,6.296,0.695
0.1167,2.6906,0.7421,4.045,0.577
0.1949,2.7571,1.3326,6.014,0.738
0.1968,2.8090,3.9813,5.604,0.601
0.1618,2.7959,-1.3515,5.004,0.580
0.2033,2.8254,0.8922,6.682,1.238
0.1892,2.8571,-1.5649,6.299,0.767
0.1142,2.5883,1.4537,4.641,0.581
0.4001,2.6718,-0.6097,6.510,0.811
0.3119,2.7355,0.0237,4.792,0.566
-0.0893,2.7180,-1.2794,6.805,0.971
-0.1488,2.7751,2.7220,6.360,0.763
-0.4740,2.8157,0.3723,6.170,0.723
-0.4165,2.8606,-0.2264,6.307,0.764
-0.3869,2.5619,0.9597,4.393,0.521
-0.1519,2.6086,-1.3451,6.235,0.714
-0.3268,2.6015,0.0362,6.076,0.489
-0.3390,2.6775,3.4313,6.299,0.724
-0.5105,2.5848,-3.0189,6.865,0.872
-0.3441,2.7248,0.0839,6.316,0.806
-0.3631,2.7634,0.4343,6.651,0.719
-0.5961,2.6805,0.7517,6.720,0.892
-0.1945,2.5384,-4.6842,5.218,0.572
-0.3622,2.4334,-0.8198,4.121,0.547
-0.2801,2.6161,0.4758,5.563,0.588
-0.4110,2.6212,1.6822,4.615,0.553
-0.4318,2.6674,0.0338,5.078,0.563
-0.5047,2.6236,-0.8511,6.073,0.756
-0.4866,2.6652,-0.2408,5.169,0.681
-0.2849,2.8093,-1.8683,4.474,0.562
-0.2362,2.8595,-8.7819,6.568,0.806
-0.3449,2.7966,0.6255,0.431,0.920
-0.4509,2.7434,0.6708,6.233,0.765
-0.6058,2.6498,-2.2725,2.780,0.825
-0.4835,2.7404,-1.3351,6.408,0.864
-0.3254,2.8858,0.9170,5.595,0.653
-0.3752,2.8596,-0.4525,5.585,0.611
-0.3218,2.9266,1.0047,6.094,0.727
-0.0937,2.5889,1.9499,6.552,0.879
0.0017,2.6884,7.1457,6.875,0.892
0.0853,2.7963,0.9839,0.870,0.742
-0.2193,2.9080,0.9298,6.625,0.876
-0.2910,2.9649,7.8614,6.871,0.884
0.1929,3.0797,2.6801,6.673,0.870
-0.0775,2.9544,0.3249,6.814,0.889
-0.1802,3.0849,-3.4260,5.691,0.666
0.0069,2.7593,-6.9422,6.370,0.711
0.0044,2.7801,0.9829,5.281,0.639
0.2189,3.0100,-0.6690,6.591,0.860
-0.0094,2.8610,-0.1434,5.502,0.623
-0.0140,2.9795,0.7393,4.787,0.563
0.0706,2.9799,-0.2391,6.067,0.774
-0.0448,2.9422,-1.5903,6.601,0.873
-0.1217,2.9855,-3.3360,6.225,0.748
-0.0438,3.1636,-1.6536,5.406,0.465
0.0849,2.8271,-5.3190,5.364,0.637
0.0129,2.8992,-1.6285,4.169,0.569
0.0241,2.9741,2.6894,0.911,0.661
-0.1095,3.0079,4.6250,4.622,0.558
-0.0244,3.1922,-3.5011,0.914,0.410
-0.0832,3.1910,0.2215,5.215,0.577
-0.0676,3.2174,-1.3211,3.810,0.652
-0.0657,2.7607,-0.0390,6.265,0.859
0.1935,3.0129,1.3967,6.725,0.833
-0.2605,3.0739,2.0961,5.829,0.695
-1.2072,2.4638,4.0329,4.864,0.606
-1.4146,2.3205,1.9635,6.357,0.828
-1.2412,2.0895,-1.5222,6.428,0.769
-1.2542,2.1586,0.2511,6.217,0.754
-1.1332,2.3240,0.0027,6.434,0.808
-1.2097,2.3082,-7.1305,6.868,0.869
-1.3150,2.2775,1.2990,6.561,0.837
-1.2424,2.5063,-1.0602,6.311,0.754
-1.5237,2.3653,-2.0967,6.662,0.852
-1.1294,2.1694,-1.6498,5.588,0.637
-1.1949,2.1282,3.1215,4.774,0.566
-1.2256,2.1599,-0.0138,4.340,0.561
-1.3837,2.0864,1.0250,5.114,0.569
-1.4108,2.1394,-0.9421,5.542,0.659
-1.2299,2.2660,-0.8853,3.918,0.615
-1.1745,2.3138,-2.7212,5.142,0.611
-1.0831,2.3878,-2.2883,6.355,0.819
-1.1914,2.3768,-0.4216,4.547,0.571
-1.2553,2.3748,0.3556,3.127,0.827
-1.3448,2.3539,-0.1268,5.710,0.714
-1.3072,2.3733,0.4375,5.904,0.753
-1.5516,2.2729,-15.7613,5.677,0.611
-1.2177,2.5253,-1.0554,5.067,0.580
-1.5573,2.2910,1.6276,5.534,0.769
-1.4381,2.3780,1.3271,5.303,0.659
-1.4471,2.4039,-4.4438,3.888,0.666
-1.5492,2.3410,0.0551,4.939,0.578
-1.4641,2.4370,2.3775,4.867,0.599
-1.3796,2.5417,1.4969,3.468,0.788
-1.0473,2.3389,3.0424,3.103,0.807
-1.4492,2.3205,2.3117,6.852,0.880
-1.0590,2.4692,-6.7321,6.729,0.886
-0.9571,2.6070,-0.5097,6.411,0.831
-0.8157,2.7309,-6.2067,5.034,0.631
-0.9120,2.8302,-1.0527,6.136,0.758
-0.7777,2.5661,-2.8292,4.942,0.580
-0.9144,2.6445,1.4871,5.049,0.635
-0.9394,2.7549,-6.0256,5.402,0.709
-0.8101,2.7099,0.5490,6.255,0.752
-0.9828,2.3734,-0.7745,6.725,0.852
-0.8174,2.5355,-4.8903,5.578,0.688
-0.9882,2.4200,-5.1781,5.924,0.727
-0.9600,2.5090,6.2647,5.506,0.662
-0.7658,2.6761,-2.9087,5.074,0.589
-0.8874,2.6194,0.8970,5.249,0.617
-1.1544,2.5483,-2.1318,6.204,0.748
-0.9835,2.6920,-2.9249,4.337,0.565
-1.1747,2.5660,1.8068,5.825,0.724
-1.1010,2.6793,-1.8641,4.540,0.569
-1.0697,2.7370,2.3766,5.882,0.685
-1.1936,2.6506,0.7389,4.871,0.593
-0.9518,2.8925,1.6768,5.169,0.643
-1.0032,2.8940,-0.5055,4.553,0.573
-1.6054,2.4343,-0.9147,5.789,0.672
-1.5154,2.7817,-3.8484,0.025,0.998
-1.6550,2.3773,-0.0598,6.392,0.775
-1.8732,2.6485,-0.2585,6.338,0.790
-1.3928,2.5741,1.8272,6.593,0.859
-1.5840,2.7976,-4.0125,6.584,0.712
-1.6176,2.7692,1.4857,6.106,0.737
-1.3461,2.6458,4.5899,3.940,0.609
-1.6307,2.5598,0.1038,0.939,0.884
-1.5822,2.6497,-0.9947,6.353,0.807
-1.7565,2.5577,-1.3654,4.390,0.564
-1.6747,2.6991,-2.2995,6.415,0.779
-1.5749,2.7787,-2.3711,4.142,0.575
-1.8932,2.6689,-0.1843,6.581,0.827
-1.7640,2.7805,0.5538,4.208,0.566
-1.5519,2.9297,-3.0408,5.669,0.694
-1.2366,2.7256,12.0413,5.808,0.708
-1.1397,2.8339,4.4360,0.958,0.375
-1.4737,2.9583,-2.9585,5.783,0.694
-1.1641,3.0251,-0.5811,6.659,0.871
-1.2715,3.1288,-0.9550,6.646,0.869
-1.4579,2.8268,5.8248,6.629,0.773
-1.4514,2.9578,0.0365,6.076,0.827
-1.2126,3.1304,0.2756,6.745,0.850
-1.5028,2.9901,-0.6954,5.957,0.689
-1.1976,2.7913,1.5566,6.278,0.758
-1.3010,2.9340,0.0879,3.797,0.767
-1.1459,3.0531,17.5802,6.050,0.746
-1.3670,2.9399,-3.8867,4.104,0.587
-1.1886,3.1288,1.1136,4.351,0.574
-1.3507,3.0290,-4.9313,3.897,0.666
-1.5309,2.9943,-4.0102,4.586,0.569
-1.4382,3.1489,-1.0910,6.030,0.775
-1.3998,3.2135,1.5664,5.594,0.664
-1.2986,3.3209,-0.9521,5.365,0.632
-1.2828,2.7772,0.3525,6.852,0.905
-1.3388,2.9306,-0.3294,4.782,0.573
-0.9633,2.9852,2.6322,4.011,0.591
-0.7048,2.7326,-2.9938,1.853,0.863
-0.4135,2.9681,4.3922,6.071,0.712
-0.7424,3.0529,-0.2670,4.639,0.576
-0.6905,3.0970,2.7877,6.828,0.900
-0.6835,3.0624,1.9839,6.833,0.875
-0.6106,2.7395,-4.0005,6.141,0.830
-0.6004,2.8780,-0.4433,6.016,0.758
-0.6300,2.9868,3.2283,5.816,0.678
-0.6416,3.2733,-1.0646,6.468,0.850
-0.6357,2.7578,-1.3031,4.903,0.585
-0.5173,2.8800,6.0403,4.646,0.566
-0.5729,2.8724,0.0877,6.526,0.842
-0.7267,2.8178,6.7322,3.993,0.677
-0.7191,2.8390,2.0619,6.293,0.939
-0.5859,2.9540,0.2886,4.309,0.574
-0.8021,2.8759,-2.4819,4.736,0.565
-0.7299,2.9822,-11.0962,2.340,0.862
-0.8537,2.9043,-1.0683,0.717,0.727
-0.7048,3.0149,9.4834,5.149,0.606
-0.5773,3.1513,-1.6149,5.105,0.592
-0.5784,3.1965,-2.2889,5.773,0.726
-0.7036,3.1416,-0.5780,6.656,0.878
-0.8331,3.0691,-0.7953,5.373,0.622
-0.6370,3.0837,0.4917,5.425,0.664
-0.4709,3.1986,-0.0236,6.842,0.871
-0.3224,3.1776,-4.6498,6.711,0.861
-0.4742,3.3778,6.0924,2.043,0.856
-0.5472,3.4375,-17.1811,4.826,0.576
-0.3565,3.4000,-7.9944,6.404,0.802
-0.3222,3.4485,-1.7376,6.414,0.856
-0.3469,3.2938,3.0447,6.370,0.794
-0.3531,3.3454,4.6414,6.647,1.258
-0.2050,3.1691,-1.4242,5.300,0.577
-0.1363,3.2501,1.3549,3.914,0.581
-0.3902,3.0920,-0.0615,5.845,0.690
-0.2115,3.2630,-16.9738,5.802,0.681
-0.2227,3.3947,-4.2606,4.441,0.556
-0.3827,3.3323,-2.7171,5.858,0.665
-0.3508,3.3702,-2.5954,5.365,0.635
-0.2748,3.4435,-2.2100,5.284,0.588
-0.5446,3.2840,0.2814,5.450,0.623
-0.3570,3.4901,0.2509,4.996,0.571
-0.4437,3.4315,1.5397,4.936,0.578
-0.3015,3.5473,-0.8148,4.610,0.553
-0.3769,3.5754,14.8617,5.377,0.685
-0.0693,3.3706,-0.9199,6.351,0.830
-0.3936,3.2319,4.1111,5.983,0.698
-0.4784,3.3533,-1.7368,5.528,0.618
-0.4985,3.3867,2.4608,5.848,0.658
-0.5641,3.4073,-1.9004,3.873,0.698
-0.7587,3.3880,2.7151,4.920,0.574
-0.8710,3.1123,3.0333,5.603,0.701
-0.8371,3.2148,2.2169,5.395,0.639
-1.0285,3.1208,1.4263,5.360,0.637
-0.9276,3.1930,4.7921,3.937,0.627
-1.0177,3.1971,-2.6931,4.759,0.571
-0.9959,3.2384,-6.7817,4.487,0.566
-0.8202,3.3633,2.3590,4.702,0.572
-0.9778,3.3278,5.4009,6.826,0.866
-0.9061,3.4132,0.0345,4.396,0.568
-1.1801,3.3594,-1.4054,6.004,0.713
-1.1402,3.4425,-6.4295,5.229,0.595
-0.9985,3.5747,-2.2386,5.712,0.677
-0.8632,3.2420,3.7941,5.886,0.710
-1.1996,3.2992,-0.8793,5.870,0.709
-1.1332,3.4669,-1.8938,5.833,0.651
-0.7194,3.4528,2.1655,5.383,0.606
-0.6382,3.6661,-3.0749,6.885,0.916
-0.7555,3.6751,-2.0789,5.885,0.686
-0.4284,3.6392,-0.8225,6.409,0.861
-0.3886,3.6825,-7.7659,5.883,0.717
-0.7319,3.4929,-8.1429,6.330,0.810
-0.6211,3.3952,7.5521,6.028,0.735
-0.4505,3.6737,-0.9303,5.280,0.641
-0.5535,3.7077,-0.9114,5.290,0.611
-0.9357,3.6443,-0.1829,6.490,0.797
-0.8713,3.7743,-3.1214,6.850,0.881
-0.6788,3.9751,-4.5937,4.078,0.578
-0.6759,3.9310,-0.0608,5.726,0.705
-3.0638,1.7376,-2.5280,6.451,0.777
-3.3434,1.7740,-4.4626,6.230,0.816
-3.1741,1.8450,-0.1301,6.877,0.884
-3.0163,1.5563,1.6182,6.686,0.814
-3.2050,1.3664,-6.6653,5.508,0.707
-3.2059,1.9682,4.2579,6.101,0.705
-3.2058,1.6402,3.4611,6.484,0.769
-2.8856,1.6490,4.2865,4.164,0.567
-3.2570,1.3999,-3.1037,5.438,0.686
-2.9583,1.6027,2.1938,5.475,0.604
-3.1951,1.4718,6.2310,5.722,0.677
-3.0473,1.6020,-2.6563,1.863,0.861
-3.2667,1.4603,12.5159,5.595,0.661
-2.9784,1.7134,1.8501,6.393,0.730
-3.2969,1.5621,0.4723,3.735,0.745
-3.3140,1.5909,-2.8207,4.778,0.581
-3.0434,1.8238,-4.0010,5.227,0.578
-3.4833,1.6176,-0.1830,4.841,0.596
-3.1198,1.8828,7.1904,6.206,0.748
-3.3452,1.7446,3.0453,5.743,0.702
-3.2367,1.6433,-3.5717,4.106,0.577
-3.0052,2.0907,4.5922,6.300,0.792
-2.7517,2.1486,-2.3034,6.923,0.940
-2.8571,1.7755,4.0011,6.582,0.444
-2.8630,1.7968,1.4280,5.200,0.578
-2.7695,2.0868,-1.1294,5.278,0.670
-2.8255,1.7478,-2.1537,5.951,0.713
-2.7873,1.7955,0.4299,6.204,0.761
-2.9102,1.7728,6.0011,4.038,0.572
-2.8009,1.8569,6.5423,6.166,0.687
-2.8432,1.8339,-0.1810,6.481,0.824
-2.7556,1.9466,-1.8288,6.750,0.845
-2.6579,2.0243,-4.5754,6.631,0.866
-2.7991,1.9386,3.5826,5.064,0.573
-2.8487,1.9564,0.2798,5.660,0.652
-2.9878,1.9139,2.3484,5.531,0.617
-2.8436,2.0564,-3.9489,5.193,0.591
-3.0233,1.9404,-0.6691,4.292,0.564
-3.1252,1.9189,-12.8677,6.493,0.862
-2.9711,2.1581,-4.5750,6.298,0.762
-3.0196,2.1597,-0.4485,4.741,0.564
-3.4778,2.1688,1.6454,5.949,0.779
-3.5099,1.7485,1.3319,6.409,0.844
-3.2594,2.0060,-1.1648,4.772,0.579
-3.4777,1.8758,2.8089,6.328,0.834
-3.5917,1.8073,-4.8206,5.612,0.687
-3.5805,1.9498,11.1582,6.148,0.771
-3.3798,2.1002,-0.8576,6.322,0.827
-3.6457,1.9412,-1.8565,6.274,0.753
-3.5019,2.0330,0.7209,6.106,0.802
-3.5365,2.1584,-9.4960,5.659,0.710
-3.1837,2.1957,1.0398,6.367,0.864
-3.4420,2.2671,3.8840,6.766,0.933
-3.0964,2.1771,-1.4990,6.378,0.782
-3.1239,2.1644,-3.4818,5.154,0.577
-3.0108,2.2774,-1.5165,6.530,0.863
-3.2119,2.2221,-8.6600,5.184,0.602
-3.1484,2.3189,-0.8240,5.471,0.666
-3.0514,2.4611,5.4361,4.894,0.587
-3.3253,2.2936,-7.4711,5.635,0.715
-3.1052,2.5133,-0.7633,6.540,0.867
-3.2079,2.4540,2.2460,6.499,0.862
-3.4496,2.3254,-2.9244,5.879,0.753
-2.6974,2.2711,3.9321,6.601,0.863
-2.6345,2.2338,-9.3468,6.696,0.864
-2.6210,2.3246,0.7455,6.666,0.880
-2.5922,2.2477,-1.7799,6.483,0.866
-2.7938,2.3357,-3.0505,6.095,0.741
-2.5761,2.5744,1.2964,6.285,0.771
-2.5091,2.0464,1.5856,1.013,0.178
-2.5365,2.0398,-2.1599,4.828,0.390
-2.4200,2.1761,-3.6456,5.778,0.688
-2.3738,2.2287,2.0007,5.207,0.636
-2.2818,2.3194,-8.7010,4.302,0.563
-2.5726,2.1918,-4.1842,6.701,0.867
-2.6844,2.2030,-1.3361,6.362,0.814
-2.4283,2.3929,0.4280,5.972,0.726
-2.6286,2.2613,12.9616,5.680,0.689
-2.4038,2.4575,-1.0817,6.258,0.738
-2.4462,2.4387,10.6859,5.443,0.620
-2.7538,2.2554,-2.4579,5.367,0.733
-2.6457,2.3620,-0.9999,5.524,0.779
-2.4967,2.5235,1.8248,3.983,0.585
-2.6263,2.4750,1.2345,5.845,0.731
-2.5925,2.6034,4.0012,5.320,0.651
-2.4623,2.2045,-0.3808,4.767,0.575
-2.7593,2.2452,-0.3146,6.317,0.632
-2.2950,2.5079,0.4923,5.857,0.695
-2.2910,2.5733,-0.8269,6.134,0.767
-2.2622,2.7765,0.6223,6.735,0.868
-2.3453,2.8481,2.2348,6.416,0.843
-2.3395,2.7001,0.5259,6.987,1.049
-2.1104,2.5327,-1.2745,6.061,0.759
-2.1734,2.6313,-2.3186,6.715,0.947
-2.1363,2.6777,1.7431,6.364,0.738
-2.0956,2.5644,-1.0899,5.249,0.584
-2.1519,2.5952,-8.4430,6.623,0.887
-2.1169,2.6692,-0.4942,5.327,0.590
-2.3794,2.4938,1.7704,5.273,0.586
-2.3597,2.5598,9.9613,3.936,0.592
-2.4109,2.5848,2.4778,5.814,0.673
-2.4226,2.6210,2.2899,2.781,0.811
-2.4035,2.6556,3.3089,3.973,0.596
-2.1398,2.8693,1.8991,4.458,0.564
-2.3108,2.7544,2.2009,5.446,0.610
-2.4567,2.6537,-4.7093,5.106,0.583
-2.3481,2.7424,3.6301,4.998,0.578
-2.4984,2.6409,-1.9040,5.206,0.578
-2.3895,2.7690,10.3137,5.399,0.591
-2.2790,2.8996,-0.0563,5.249,0.612
-2.2998,2.9230,-2.5344,6.062,0.761
-2.8476,2.4487,0.5476,6.149,0.789
-2.9211,2.8966,0.9543,6.278,0.820
-3.0620,2.5341,7.4629,5.932,0.733
-2.8614,2.6995,0.4658,6.292,0.870
-2.7074,2.6179,-1.3494,3.616,0.777
-2.6987,2.6606,1.7258,5.294,0.608
-2.8956,2.5299,-0.0832,5.048,0.588
-2.8546,2.6139,-2.5191,1.265,0.911
-3.0217,2.4982,2.5680,6.217,0.800
-2.9764,2.5750,-4.3782,5.897,0.727
-2.9253,2.6841,-1.8964,5.433,0.676
-3.0587,2.6299,-1.9840,6.693,0.877
-3.1270,2.6387,-8.1064,6.341,0.840
-2.9292,2.7872,-1.4889,4.352,0.592
-2.7471,3.0096,4.5581,6.007,0.761
-2.3586,2.9102,7.7693,6.023,0.772
-2.4696,2.9934,0.9271,5.995,0.735
-2.3857,2.9766,1.4238,5.966,0.785
-2.4577,2.9289,-0.0984,5.805,0.723
-2.4053,2.9228,-0.8928,6.107,0.750
-2.5810,2.8886,0.9591,2.763,0.828
-2.4844,2.7668,-4.1918,5.467,0.651
-2.3485,3.0011,1.3251,3.317,0.820
-2.5259,2.9010,-7.2612,5.295,0.597
-2.4340,3.0275,-0.6360,1.953,0.869
-2.3848,3.0674,3.2039,5.861,0.716
-2.5895,2.9299,3.3424,5.448,0.677
-2.6060,3.0128,3.8212,5.542,0.707
-2.6060,3.0437,-5.7214,5.079,0.641
-2.4955,3.1872,-0.3237,4.508,0.577
-2.7125,3.1647,-3.2770,4.406,0.639
-2.6617,3.2050,-6.0235,5.719,0.774
-2.7130,2.8369,14.4517,5.043,0.590
-4.0530,2.3683,-4.2609,5.870,0.700
-3.9123,2.4297,2.9919,5.574,0.591
-3.7732,2.5158,13.6349,5.920,0.711
-3.7673,2.3897,-3.7675,5.995,0.678
-3.8776,2.0445,4.6213,5.941,0.763
-3.7147,2.1681,-5.6204,5.751,0.685
-3.6225,2.3783,0.6483,4.492,0.577
-3.9350,2.2620,-6.8944,6.588,0.887
-3.9669,2.3418,-0.0412,4.931,0.570
-3.6959,2.4038,1.4957,5.453,0.593
-3.7491,2.3727,0.3900,3.838,0.716
-3.8348,2.4955,3.8531,6.104,0.845
-3.4599,2.4104,-0.2198,6.649,0.877
-3.6429,2.4764,2.3041,6.520,0.867
-3.6251,2.5441,-1.5292,6.401,0.813
-3.6392,2.6081,-6.1441,6.741,0.859
-3.3463,2.6676,1.9639,6.786,0.879
-3.3579,2.8151,-1.6642,5.188,0.643
-3.4864,2.3613,2.6648,5.418,0.674
-3.4434,2.5156,1.6720,5.136,0.595
-3.5778,2.4338,-0.9324,5.594,0.668
-3.5204,2.5095,-10.2883,2.297,0.870
-3.6984,2.6265,1.5758,4.750,0.572
-3.5198,2.8756,-2.6517,5.142,0.587
-3.5458,2.7717,1.8278,6.782,0.881
-4.1469,2.6087,-3.3232,6.194,0.735
-4.4528,2.6542,-3.0049,5.430,0.633
-4.2187,2.4231,0.5140,5.397,0.594
-3.9825,2.7526,-1.4283,6.600,0.918
-3.9269,2.5913,1.1407,3.344,0.767
-4.2640,2.7780,3.0321,5.567,0.654
-3.9386,2.7169,-6.9538,5.939,0.669
-3.9891,2.7304,-3.3571,5.058,0.563
-3.8229,2.7113,3.4484,6.849,0.822
-3.7310,2.8682,2.7663,3.826,0.670
-3.8511,2.9663,6.0491,4.611,0.556
-3.9524,2.9250,3.7968,5.695,0.681
-3.8336,3.1028,0.4658,4.928,0.574
-3.9865,3.0445,-1.3419,4.953,0.570
-3.8288,3.3228,2.1085,4.474,0.549
-3.0840,2.8736,4.4377,5.756,0.759
-3.3445,2.9143,-2.2369,5.957,0.715
-3.0872,3.1918,-0.2182,6.525,0.901
-3.0971,2.9633,1.2950,5.281,0.694
-3.4412,2.9775,-1.4647,6.520,0.787
-3.1424,2.7339,3.4564,6.639,0.874
-3.0825,2.7988,15.8907,5.050,0.647
-3.0220,2.9181,1.9502,4.597,0.652
-2.9978,2.9909,0.3834,4.205,0.746
-3.2054,3.0012,0.8518,4.627,0.655
-3.3290,2.9708,-0.2557,6.336,0.811
-3.4617,2.9829,9.4144,5.811,0.686
-2.8805,3.2007,-0.9034,6.435,0.881
-2.7187,3.2325,2.0630,5.267,0.680
-2.7127,3.4203,0.0927,6.390,0.861
-2.8000,3.3963,-2.1220,4.159,0.720
-3.0157,3.2869,-2.1024,4.597,0.668
-2.8190,3.4444,0.5368,5.415,0.816
-3.0487,3.4467,-1.4482,6.847,0.873
-3.5885,3.1249,-0.8944,6.586,0.855
-3.5293,3.5764,-0.7645,5.054,0.574
-3.5145,3.0475,0.3556,5.423,0.588
-3.3502,3.2849,4.0313,5.916,0.713
-3.2594,3.3572,-2.4710,5.007,0.591
-3.4336,3.4251,-4.5936,4.969,0.572
-3.5598,3.4159,2.9922,4.769,0.565
-3.6602,3.4865,-4.1729,4.964,0.564
-3.2226,3.4845,-1.6331,6.437,0.702
-3.1801,3.8822,-3.0770,5.954,0.706
-3.1959,3.4472,3.0753,5.523,0.673
-3.0161,3.5742,6.4191,5.061,0.627
-3.0634,3.6639,-0.8469,6.797,1.032
-3.0146,3.7287,0.5230,5.934,0.767
-3.2289,3.6239,9.9012,5.211,0.585
-3.0693,3.8545,1.7811,6.417,0.771
-1.9217,3.0065,0.6701,6.800,0.840
-1.8676,2.8764,1.5264,6.105,0.606
-1.8396,2.7671,1.9342,6.884,0.876
-1.8793,2.8351,-1.3926,4.460,0.566
-1.6566,3.0002,-3.8794,4.826,0.572
-2.0165,2.8065,4.4427,4.797,0.573
-1.7741,2.9802,3.5276,2.821,0.780
-1.8417,2.9469,1.8106,4.962,0.582
-1.7649,3.0009,0.0407,5.097,0.607
-1.7161,3.0856,-3.6036,4.394,0.568
-1.7446,3.0963,-9.0595,5.696,0.640
-1.7934,3.0678,2.3707,5.751,0.646
-1.8967,3.0007,-1.4432,6.407,0.783
-1.8950,3.0985,-1.0938,4.942,0.572
-1.8315,3.1555,2.3156,5.655,0.653
-2.0824,3.0065,-2.1295,5.509,0.636
-2.1993,2.9996,1.9431,5.446,0.627
-2.0390,3.1473,1.3247,4.347,0.566
-1.6653,3.4526,-5.0731,6.135,0.768
-1.4563,3.4943,-0.2437,6.625,0.792
-1.6945,3.4548,0.3852,6.200,0.724
-1.4791,3.2574,-0.6196,6.751,0.913
-1.6214,3.0346,1.3886,6.839,0.864
-1.7020,3.2252,-0.3526,6.541,0.862
-1.7384,3.3107,7.5193,6.394,0.756
-1.4666,3.2173,-1.2073,4.438,0.575
-1.6194,3.1995,6.8148,5.675,0.665
-1.5702,3.2871,-4.7433,6.746,0.881
-1.7159,3.2054,1.7709,5.893,0.651
-1.6486,3.3233,-0.2461,5.590,0.644
-1.6798,3.3285,1.7470,5.078,0.575
-1.5325,3.5271,-3.7637,3.924,0.577
-1.8654,3.3918,1.8786,5.376,0.579
-1.6839,3.5805,-4.8839,4.089,0.553
-1.6377,3.0834,2.1694,5.767,0.823
-2.4054,3.2277,1.6329,5.729,0.597
-2.4528,3.2700,-0.6707,5.781,0.697
-1.9863,3.2835,1.1583,5.064,0.580
-2.0165,3.2681,-1.6726,5.989,0.688
-2.0616,3.3353,5.7142,6.847,0.882
-2.3386,3.2575,2.8193,6.471,0.826
-2.1356,3.1486,-0.1206,5.318,0.610
-2.0955,3.1986,1.5716,6.045,0.757
-2.1191,3.1975,-0.3865,5.891,0.685
-2.2761,3.1438,7.9262,4.739,0.577
-2.2548,3.2687,2.9027,5.704,0.701
-2.3097,3.2997,0.2984,4.456,0.573
-2.3258,3.3208,-0.6756,5.853,0.731
-2.4227,3.2753,-0.6624,5.941,0.704
-2.4023,3.3276,0.2818,5.294,0.592
-2.2269,3.4557,-1.1480,4.798,0.587
-2.1614,3.5377,-0.4723,1.552,0.883
-2.3579,3.5270,1.1165,6.192,0.752
-2.1038,3.5074,0.0311,5.928,0.685
-2.1149,3.5999,1.2957,6.592,0.879
-2.0868,3.7736,1.9881,5.987,0.704
-2.0068,3.5069,8.2498,6.300,0.774
-1.6719,3.6254,-1.6888,6.350,0.770
-2.0023,3.4210,-4.9833,6.540,0.846
-2.0606,3.6441,-1.4979,6.774,0.878
-1.9225,3.3597,-2.6223,5.281,0.592
-1.9357,3.5747,1.9333,4.920,0.574
-2.0457,3.5140,-0.0586,4.487,0.571
-2.0555,3.6204,-0.3458,5.895,0.700
-2.0577,3.7687,-1.3563,6.024,0.759
-1.9495,3.8951,-2.1747,4.532,0.503
-1.9360,3.9579,-2.6646,5.536,0.564
-1.3081,3.4989,0.5749,3.422,0.795
-1.4170,3.5825,-6.6068,6.287,0.744
-1.2979,3.8964,1.8711,6.705,0.868
-1.1202,3.5952,7.3265,4.940,0.572
-1.2386,3.6480,-1.4919,6.587,0.859
-1.4814,3.5778,-3.3231,6.142,0.765
-1.2151,3.7648,-1.5487,5.674,0.670
-1.1723,3.4683,-6.8680,5.863,0.705
-1.3905,3.4414,3.4265,5.155,0.581
-1.1899,3.6061,6.9941,6.135,0.738
-1.3648,3.5090,-4.8627,4.525,0.563
-1.1322,3.7089,-0.4308,4.937,0.569
-1.1306,3.7337,0.1027,4.926,0.578
-1.3787,3.5652,0.5098,4.216,0.563
-1.1745,3.7075,1.2220,4.727,0.565
-1.3077,3.6945,0.3970,6.708,0.877
-1.4204,3.6780,1.9596,6.221,0.779
-1.5408,3.6136,2.7795,4.254,0.569
-1.1373,4.0109,0.2702,6.331,0.725
-0.9692,4.0277,1.9362,5.962,0.695
-0.8811,4.1815,1.9788,5.968,0.700
-0.9013,4.1753,1.3316,6.667,0.868
-0.9611,4.0594,2.2888,5.767,0.623
-0.7483,3.9294,2.4319,5.648,0.661
-0.9221,3.8508,1.1397,6.002,0.772
-0.7816,4.0258,4.4082,6.701,0.880
-1.0192,4.0055,4.6677,4.243,0.562
-1.1523,3.9215,-0.7947,5.600,0.687
-0.9502,4.0439,-0.2115,5.749,0.675
-0.9738,3.7724,-0.4437,5.189,0.631
-1.6062,4.2578,4.4603,6.428,0.789
-1.6131,3.9703,0.8739,6.702,0.861
-1.6412,4.1932,-2.5483,5.396,0.697
-1.5716,3.8792,-4.0194,3.821,0.632
-1.5521,3.9379,5.4456,6.731,0.860
-1.6342,3.8891,-1.2052,6.700,0.858
-1.3940,4.0942,2.1670,5.172,0.601
-1.5503,4.1749,11.6507,5.166,0.727
-1.8693,4.0656,2.8541,4.760,0.571
-1.5903,4.3043,5.2929,6.506,0.837
-1.7000,4.2458,-0.7875,5.815,0.695
-1.3437,4.2837,-6.0715,6.047,0.731
-1.3292,4.5578,-1.4093,6.490,0.801
-1.2186,4.1069,1.2107,5.301,0.668
-1.2480,4.1124,1.8626,6.420,0.828
-1.0435,4.3965,4.4104,4.578,0.564
-1.4745,4.4663,-0.6040,5.660,0.692
-1.3036,4.6490,2.2248,5.591,0.642
-1.1169,4.2329,0.2869,5.067,0.578
-1.2077,4.3394,1.6369,6.856,0.860
-1.3157,4.4628,0.1976,5.114,0.588
-1.3664,4.5923,-0.1660,5.598,0.657
-2.6941,3.5378,4.7904,6.593,0.829
-2.4362,3.6100,-10.7608,6.716,0.807
-2.4975,3.4555,-0.2347,6.083,0.770
-2.3835,3.6278,-4.7605,4.941,0.582
-2.3626,3.6846,3.1634,5.335,0.642
-2.6951,3.6576,-0.2598,5.569,0.696
-2.5183,3.9703,-0.9707,6.666,0.874
-2.2353,3.7894,0.8713,6.575,0.845
-2.2683,3.8855,3.5983,5.899,0.721
-2.3698,3.9621,-0.9499,5.236,0.633
-2.3458,4.0194,2.3299,3.905,0.756
-2.4057,4.0364,-11.8608,5.970,0.745
-2.4091,4.1245,-2.8523,5.635,0.710
-2.9613,3.7886,-2.0125,4.992,0.633
-2.7136,3.9725,0.5714,6.633,0.872
-2.9198,3.9200,0.6535,6.108,0.815
-3.0918,3.8969,9.1985,6.606,0.861
-2.9444,4.2559,-1.7645,4.618,0.673
-3.0924,4.1150,-1.5504,6.190,0.765
-2.4754,4.1034,1.5038,5.877,0.745
-2.5030,4.2808,-3.2496,6.838,0.866
-2.5611,4.3802,-3.9466,6.623,0.867
-2.6000,4.6105,4.2667,6.041,0.765
-2.4260,4.1716,-18.2091,4.810,0.629
-2.3464,4.2802,-2.0827,5.616,0.683
-2.4368,4.2823,-6.4283,5.009,0.687
-2.3559,4.3439,5.9667,5.069,0.661
-2.6263,4.3294,5.9871,5.092,0.681
-2.5215,4.5067,4.9013,6.113,0.814
-2.7861,4.3930,-0.2118,4.328,0.587
-1.8900,4.1285,1.7374,4.932,0.588
-1.7942,4.2776,4.0676,6.486,0.773
-2.0448,4.2035,0.7323,6.538,0.844
-1.9647,4.2662,0.2409,5.891,0.764
-1.7670,4.1849,-0.8705,4.889,0.576
-1.9834,4.1241,-1.1117,5.058,0.609
-1.9469,4.1668,-12.9441,4.855,0.610
-1.7687,4.3219,5.6664,5.066,0.579
-1.9935,4.2066,0.9356,-1.120,1.217
-1.7838,4.4590,-5.6446,5.501,0.646
-2.0179,4.3985,2.1181,6.212,0.778
-2.2039,4.3378,8.9206,5.897,0.735
-2.2338,4.3495,2.9009,5.660,0.751
-1.5025,4.5859,-0.1891,6.129,0.775
-1.5203,4.8754,7.6590,6.419,0.629
-1.6736,4.4188,2.2674,4.479,0.576
-1.6364,4.4453,-0.9879,5.734,0.681
-1.5660,4.5486,-10.1625,5.704,0.707
-1.7172,4.4577,4.8414,4.990,0.586
-1.5980,4.5718,0.4254,6.856,0.875
-1.8207,4.5862,-8.9220,6.309,0.858
-1.6947,4.7840,1.9735,4.559,0.580
-1.4608,4.8451,1.0664,3.941,0.659
-1.5437,4.9267,0.0576,3.408,0.802
-1.6323,4.8958,-2.0126,6.246,0.794
-1.5053,4.7595,-5.2404,6.746,0.870
-2.2174,4.4417,-4.1134,6.658,0.867
-2.2852,4.3859,3.8301,6.837,0.880
-2.2393,4.8886,2.9958,5.678,0.718
-2.5511,4.6867,-1.1076,5.933,0.744
-1.9969,4.9992,5.5412,6.140,0.753
-1.7408,4.8809,6.5821,6.703,0.845
-2.0577,4.8524,-1.0235,6.508,0.742
-1.7192,4.9216,0.1114,5.491,0.732
-1.9901,4.7884,2.1208,5.722,0.694
-2.1119,4.9314,4.6638,5.185,0.693
-2.0896,5.1079,-0.4673,1.314,0.187
-6.9843,0.0821,1.8298,6.500,0.859
-7.0179,0.5800,-6.0315,6.755,0.554
-6.8032,0.2535,-3.3219,6.224,0.836
-6.9405,0.1988,3.2800,6.029,0.810
-6.6028,0.6001,-5.1444,4.099,0.586
-6.5246,0.6966,1.7923,4.178,0.591
-6.7510,0.6770,0.4946,5.411,0.681
-6.6556,0.8740,0.1897,5.558,0.665
-7.1418,0.5681,-2.3145,4.902,0.577
-7.3695,0.5942,-9.9038,5.621,0.704
-6.7819,1.0329,-4.1010,5.841,0.668
-6.9990,0.9345,-2.1228,3.870,0.696
-6.3806,1.1581,-4.0930,4.952,0.585
-6.5389,0.9467,-3.5729,6.058,0.733
-6.5719,0.9458,2.1010,4.547,0.572
-6.1419,1.3196,-4.9284,6.404,0.802
-6.2007,1.1698,-0.6884,6.161,0.743
-6.2349,1.1822,-1.9631,5.662,0.650
-6.1920,1.2550,3.9540,5.038,0.608
-6.3343,1.2795,3.1787,5.053,0.623
-6.5036,1.4047,0.2079,6.614,0.824
-6.8838,1.2403,6.2429,2.873,0.844
-6.1757,1.5583,0.3322,5.778,0.717
-6.1155,1.6574,8.9642,1.159,0.213
-6.4007,1.5343,7.6223,6.494,0.839
-6.3201,1.9057,8.2418,4.992,0.648
-6.3661,1.5433,1.2616,4.766,0.620
-7.6503,0.8197,-3.4828,5.769,0.716
-7.4852,1.2282,18.7097,6.841,0.880
-7.3136,1.3583,-1.7906,6.229,0.742
-7.4593,1.6476,-4.2253,4.663,0.599
-7.5442,1.8625,0.7352,5.139,0.631
-7.6133,1.8766,-11.6236,5.354,0.677
-6.8100,1.5565,2.2050,5.280,0.649
-6.8248,1.6085,2.6609,4.546,0.576
-6.6017,1.8585,-8.2057,5.770,0.684
-7.2740,2.2285,1.9994,5.447,0.679
-7.1498,1.8554,2.4768,3.561,0.865
-6.9662,2.1336,-7.0200,6.771,0.931
-6.9924,2.0996,-0.7170,4.794,0.633
-5.7649,1.4493,-2.9458,6.063,0.763
-5.5904,1.5037,-0.4951,6.282,0.821
-5.7005,1.7776,-4.3725,5.003,0.615
-5.6759,1.8062,2.9368,5.241,0.657
-5.9279,1.6940,0.0682,4.869,0.594
-5.4343,1.6791,-0.2281,-0.304,1.079
-5.6275,2.0141,-7.7696,4.215,0.622
-5.3239,1.9048,-2.1664,5.520,0.705
-5.2010,2.0308,-5.3856,4.551,0.593
-5.2503,2.1015,-2.5025,4.720,0.586
-5.4051,2.0960,3.2929,5.645,0.763
-5.9544,1.9951,-7.6872,6.761,0.902
-5.7574,2.0022,-1.7988,5.072,0.651
-5.9839,2.1726,5.4314,5.880,0.753
-6.1904,2.1132,1.9431,5.758,0.684
-6.2411,2.0916,-1.1398,6.790,0.878
-5.6229,2.1908,3.9388,6.279,0.781
-5.5238,2.2348,1.4196,4.383,0.594
-5.5380,2.2931,-5.4666,5.816,0.723
-5.6273,2.4277,4.0987,6.599,0.872
-5.0310,2.3928,0.3635,5.340,0.652
-4.9634,2.2051,-3.5088,5.616,0.674
-4.9199,2.4303,1.6015,5.132,0.616
-5.1868,2.3529,0.5881,5.049,0.628
-4.7354,2.5490,-3.2547,5.724,0.706
-4.5726,2.6942,0.2761,6.707,0.878
-4.7196,2.4499,0.7094,6.662,0.876
-4.9681,2.5248,2.1590,6.298,0.801
-4.8626,2.7545,2.4685,5.109,0.624
-5.4522,2.4123,-0.0595,6.356,0.834
-5.4757,2.5404,-9.5944,6.096,0.796
-5.5579,2.5647,-1.7591,4.273,0.597
-5.4392,2.9675,-2.0456,4.407,0.583
-5.2442,2.5749,8.0262,6.610,0.872
-4.9935,3.0361,1.4890,6.825,0.889
-4.9572,3.1060,-8.9918,5.817,0.714
-5.0460,2.9105,5.2466,6.121,0.765
-5.1743,2.8966,2.1093,6.890,0.903
-5.1961,2.9872,-0.6004,5.683,0.691
-5.0028,3.2090,1.8472,5.040,0.589
-6.4220,2.1301,4.9018,6.114,0.799
-6.4523,2.3385,-8.6306,6.439,0.867
-6.1389,2.3768,-0.4499,5.613,0.668
-6.2256,2.4153,4.2391,6.806,0.877
-6.1663,2.3922,-4.4913,6.478,0.820
-6.3402,2.1490,-0.9862,4.005,0.682
-6.3497,2.2983,4.3217,4.191,0.662
-6.3293,2.5088,-4.9970,5.630,0.722
-5.9936,2.5544,-2.3982,6.910,0.940
-6.2274,2.6418,-3.7789,6.716,0.887
-5.8606,2.7699,0.7986,5.639,0.713
-6.2800,2.6191,-4.2014,5.969,0.769
-6.6865,2.3341,2.6121,6.494,0.859
-6.6994,2.3812,4.3870,4.867,0.662
-6.3501,2.6928,-2.1443,6.270,0.809
-6.3228,3.1501,1.0491,5.354,0.677
-5.6830,3.1813,-4.8726,5.960,0.752
-5.6911,2.8657,3.2531,6.102,0.780
-5.6983,3.0825,-5.7613,6.722,0.879
-5.2830,3.1881,-2.7659,6.436,0.840
-5.4858,3.1914,-14.5682,6.162,0.802
-6.1444,3.4622,4.4393,6.777,0.858
-6.0485,3.6486,-2.0774,5.172,0.599
-5.9918,3.2178,2.5874,4.641,0.591
-6.0225,3.2833,8.6677,5.311,0.654
-6.0612,3.6205,1.2360,4.823,0.585
-5.9878,3.7132,-6.8051,5.791,0.737
-5.5812,3.6490,-8.8815,6.249,0.611
-5.5048,3.6711,-0.9139,4.412,0.571
-8.3377,1.3818,-0.0678,5.910,0.708
-8.2209,1.5784,-6.8191,4.076,0.578
-7.7416,2.0276,-10.1842,3.700,0.839
-8.6464,1.7581,9.9397,5.112,0.642
-8.4292,2.2793,4.3575,6.441,0.805
-8.1813,2.1224,3.5169,4.274,0.608
-8.3316,2.2839,4.0825,5.123,0.634
-7.7813,2.3153,-6.8597,6.338,0.859
-7.6313,2.1961,6.0656,6.331,0.829
-7.5785,2.4061,-0.0662,5.987,0.796
-7.2390,2.5937,-5.0607,6.230,0.818
-7.2956,2.3736,-1.4336,5.738,0.706
-7.3157,2.9119,13.3052,3.921,0.811
-8.1051,2.7810,2.4455,5.825,0.771
-8.7800,2.5440,-1.7023,6.142,0.791
-8.5841,2.4801,-2.1674,4.153,0.636
-9.1150,2.7967,-5.6006,5.795,0.734
-9.2096,2.7478,-0.6921,5.190,0.671
-8.4286,3.1246,4.0696,5.294,0.697
-8.8952,3.3291,0.0050,6.401,0.832
-8.0905,3.7064,-5.6538,1.470,0.225
-6.9835,2.7655,1.4336,6.792,0.950
-6.8354,2.9570,-6.0430,6.322,0.847
-7.1448,2.8928,4.7871,5.722,0.720
-6.7639,3.2287,-9.6759,6.635,0.902
-6.9671,3.4693,-3.2713,5.531,0.704
-6.7626,3.6231,-5.1757,5.489,0.694
-6.9274,3.5595,-3.7344,5.538,0.700
-6.6430,3.6050,0.4488,6.887,0.925
-6.4894,3.5701,0.2886,6.163,0.825
-6.3377,3.6144,-5.7362,5.943,0.726
-6.3189,3.4918,1.4154,4.782,0.594
-6.0647,3.8210,-2.1041,6.032,0.749
-6.0580,3.9383,-0.7492,5.989,0.724
-6.1261,4.0738,1.0451,6.302,0.746
-6.7071,3.7931,-2.4120,3.195,0.865
-6.5962,4.0214,-1.6168,5.192,0.636
-6.6651,4.1089,0.1252,5.972,0.763
-6.2960,4.2150,3.8754,5.821,0.698
-6.5305,4.2765,-1.9369,6.497,0.856
-6.3809,4.5499,3.0172,5.458,0.674
-6.6874,4.3390,4.7031,5.008,0.656
-6.4506,4.5782,-4.3726,4.632,0.625
-6.3286,4.6188,5.5240,6.610,0.819
-7.7180,3.7379,-3.9012,6.578,0.879
-7.5441,3.7872,-7.6521,6.605,0.979
-7.4219,3.6316,-1.9267,1.123,0.578
-7.5123,3.8435,9.7161,4.544,0.750
-7.2019,3.8752,0.3783,6.548,0.911
-7.5558,3.9502,-3.3829,4.133,0.871
-7.6148,4.1023,4.3916,6.156,0.880
-7.7564,4.2067,1.1953,6.306,0.871
-7.7864,4.2021,-0.3895,6.220,0.862
-6.7523,4.3072,1.2285,6.036,0.817
-7.1485,4.3230,8.6579,6.539,0.541
-6.9092,4.1359,-0.6453,5.299,0.678
-7.0734,4.1746,5.0054,5.903,0.785
-7.0905,4.2541,-0.9540,5.141,0.661
-7.1058,4.3346,5.9967,4.804,0.647
-7.0491,4.4699,-5.1851,5.001,0.680
-6.7972,4.4553,-3.0263,5.295,0.689
-6.5459,4.8020,-1.7233,6.172,0.804
-7.4065,4.6286,4.8469,5.280,0.764
-7.4144,4.9139,-6.9954,6.457,0.866
-7.1276,4.8360,6.0391,6.562,1.018
-7.0040,4.8636,-1.4437,6.561,0.871
-6.9701,5.0239,-2.6784,6.616,0.880
-6.9542,5.1610,-8.8459,5.821,0.780
-4.5471,2.9043,12.9236,6.303,0.724
-4.3840,3.2030,1.8711,5.808,0.705
-4.5369,3.1517,-3.8388,6.548,0.852
-4.5805,2.7885,-5.9002,5.592,0.619
-4.5536,3.1118,-10.4060,2.711,0.794
-4.0222,3.2208,-1.0914,5.196,0.575
-3.9759,3.2644,-3.4910,4.343,0.562
-4.1568,3.0225,3.0230,5.101,0.580
-4.3115,3.2902,2.8881,5.563,0.641
-4.0515,3.3333,1.5042,6.560,0.864
-4.6744,3.1725,-3.6135,5.394,0.606
-4.7265,3.2057,-1.2754,4.922,0.602
-4.6820,3.4958,0.7608,5.531,0.666
-4.5642,3.6635,-6.3100,6.019,0.789
-4.4847,3.8151,-12.7920,6.809,0.918
-4.2516,3.6227,-4.2628,4.424,0.551
-4.4267,3.8750,1.3360,5.652,0.686
-4.5438,3.4939,-1.9457,5.557,0.577
-4.5348,3.5172,-1.7292,4.888,0.569
-3.6665,3.7228,2.5009,5.560,0.648
-3.7972,3.4811,3.3895,4.315,0.660
-3.6605,3.5203,-4.3452,4.503,0.546
-3.6924,3.6030,-3.9185,2.828,0.784
-3.9258,3.4618,1.0387,3.049,0.781
-3.7196,3.6138,-0.8475,4.991,0.566
-3.7316,3.8584,-1.4371,4.984,0.569
-3.9739,3.7246,14.8945,4.596,0.560
-3.4659,3.7953,4.5710,6.270,0.740
-3.7062,3.9290,-5.5336,6.761,0.873
-3.6858,3.9041,-2.2378,5.430,0.594
-3.5471,3.7501,0.8963,6.459,0.778
-3.4319,3.8354,-1.0810,5.627,0.643
-3.4052,3.9791,9.4441,3.991,0.572
-3.5222,4.0137,4.0079,5.327,0.591
-3.7149,4.0247,-0.5483,5.481,0.615
-3.7996,4.0060,-0.8964,4.984,0.567
-4.2986,3.8270,-2.8030,4.371,0.567
-4.0598,4.2042,3.6152,4.571,0.562
-4.3818,4.0361,-7.2635,6.468,0.840
-3.7179,4.2076,-4.6910,-0.762,1.065
-3.7252,4.3349,10.7132,5.673,0.614
-3.9648,4.3609,4.5409,4.393,0.529
-5.0461,3.7050,-8.4961,4.609,0.590
-5.2754,3.6074,1.2964,5.031,0.643
-5.1299,3.8162,4.9232,5.541,0.683
-4.7683,4.1953,-4.2443,5.948,0.738
-4.8262,4.1947,-7.6054,5.626,0.668
-4.6850,3.8895,5.7014,5.560,0.687
-4.5836,3.9469,0.3638,4.603,0.570
-5.4080,3.8397,2.2075,6.134,0.768
-5.3599,3.9507,0.1890,6.672,0.872
-5.2288,4.0911,3.9465,4.397,0.645
-5.4583,3.8100,9.5175,6.184,0.886
-5.6348,3.9855,-1.0674,5.355,0.659
-5.0688,4.1462,-2.2336,5.154,0.648
-5.1365,4.1057,1.0159,4.361,0.598
-5.0401,4.2865,0.7123,5.489,0.655
-5.1304,4.3843,9.2807,6.117,0.777
-4.3777,4.1420,4.8723,5.510,0.600
-4.6290,4.2304,4.7231,6.206,0.785
-4.2380,4.5026,-2.6007,3.896,0.580
-4.3115,4.5797,1.2148,3.890,0.587
-4.2214,4.9340,-6.9682,6.539,0.828
-4.7402,4.4546,10.3251,3.982,0.594
-4.5204,4.6575,6.0610,6.458,0.684
-4.5522,4.7473,-5.4538,5.560,0.619
-4.5111,5.1919,-8.5913,6.713,0.859
-4.4512,4.7030,0.9472,5.453,0.591
-4.4763,5.1031,-10.7799,5.562,0.622
-4.6635,5.1394,10.3855,3.862,0.570
-3.0861,4.1764,1.5680,5.748,0.685
-3.1920,4.4749,0.8702,5.854,0.721
-3.3340,4.4906,0.3910,6.680,0.870
-3.1772,4.5619,-2.5300,6.636,0.871
-3.3109,4.3515,-1.7682,6.849,0.869
-3.1374,4.1972,-0.7373,5.850,0.728
-2.9698,4.3413,-1.0730,4.849,0.591
-3.0831,4.3453,3.3613,4.030,0.579
-3.4610,4.2915,-5.5924,5.145,0.574
-2.7555,4.7812,-1.6348,5.818,0.689
-2.8723,4.7609,1.0673,5.075,0.591
-3.1223,4.6400,-2.2406,5.235,0.619
-2.9950,4.7657,2.6988,4.885,0.579
-3.0663,4.7187,0.7655,5.154,0.591
-2.8990,4.9596,3.7350,5.021,0.582
-3.4796,4.5057,-1.9080,3.827,0.575
-3.5614,4.6865,7.2900,4.331,0.523
-3.1842,4.7605,3.0342,4.768,0.566
-3.1252,4.9418,-5.1364,4.502,0.560
-3.3821,4.8877,3.4405,4.698,0.566
-3.2124,5.0083,-0.4965,6.650,0.862
-3.3129,5.1072,-4.5406,4.837,0.569
-3.2941,5.1768,-1.7490,4.812,0.561
-2.6740,4.9711,1.8818,6.709,0.866
-2.5617,4.7375,-1.6978,6.659,0.864
-2.3641,4.9979,-6.4202,6.234,0.831
-2.6553,5.0937,0.4530,4.292,0.579
-2.7703,5.0486,2.8403,6.180,0.864
-2.5976,5.2389,-2.7875,3.849,0.717
-2.7549,5.1464,2.0550,1.027,0.637
-2.2409,5.1957,-25.3357,6.551,0.877
-2.1915,5.3308,1.6595,6.186,0.792
-2.0638,5.2786,3.9045,5.991,0.756
-2.2750,5.5785,-4.9733,5.493,0.680
-2.9646,5.2454,11.0936,6.233,0.853
-2.4855,5.8542,-9.9293,6.537,0.865
-2.5168,5.5021,-5.7765,4.240,0.574
-2.5192,5.5955,0.5211,6.505,0.821
-2.6702,5.4964,-3.6575,5.313,0.628
-2.4912,5.7215,-8.4090,5.218,0.598
-2.5784,5.9541,-3.2864,5.038,0.575
-3.8065,4.8465,5.6396,5.791,0.684
-4.0039,4.8879,0.3683,4.861,0.564
-3.8401,5.1463,3.3791,4.230,0.532
-3.4039,5.2043,3.7331,6.610,0.863
-3.6133,5.4050,0.3999,6.443,0.766
-4.3258,5.3732,12.9506,6.431,0.749
-3.9152,5.3242,-6.8726,6.659,0.792
-3.9030,5.3563,-4.0630,4.107,0.540
-3.8983,5.4592,-5.2211,6.362,0.791
-3.6172,5.6536,-2.3799,4.362,0.557
-3.6626,5.8166,-5.3114,4.648,0.573
-3.9036,5.7327,-1.1265,5.092,0.575
-3.3281,5.5542,4.8944,6.087,0.749
-3.0656,5.7227,-0.0109,6.507,0.786
-3.3041,5.7918,9.7981,3.867,0.569
-2.9375,5.9427,-4.9369,6.744,0.859
-2.6195,5.9806,-3.7937,6.377,0.786
-2.9166,6.0476,-3.7634,6.023,0.743
-2.8730,5.8000,-1.6671,4.881,0.565
-3.8016,6.0198,2.8854,6.714,0.866
-3.3760,5.9051,-0.0640,0.678,0.158
-3.2528,6.5987,8.8563,6.209,0.746
-3.1959,6.0933,-2.9620,6.107,0.753
-2.9955,6.4078,-0.5674,5.759,0.709
-3.3363,6.2326,-6.8576,4.553,0.565
-3.3837,6.3730,4.2004,5.524,0.626
-5.9129,4.4646,-4.0906,5.853,0.790
-5.6213,4.5219,7.8534,6.052,0.729
-5.5716,4.3390,-0.7199,4.934,0.615
-5.2172,4.6896,-1.3538,6.588,0.874
-5.3898,4.7224,-5.7691,6.310,0.774
-5.4955,4.8755,-12.2672,5.975,0.700
-6.0137,4.7609,6.1896,5.624,0.689
-5.2214,4.9032,8.5146,4.764,0.574
-5.3066,5.0797,-8.0588,6.077,0.681
-4.7782,5.5047,-11.6759,5.949,0.735
-4.8027,5.3184,2.4721,6.483,0.806
-4.8679,5.4558,2.8282,6.548,0.874
-4.5286,5.4001,-3.8110,5.050,0.563
-4.9898,5.4703,4.5362,5.373,0.578
-4.8691,5.5859,2.9034,4.582,0.563
-5.3734,5.1146,4.8642,5.057,0.573
-5.2214,5.2592,-1.0145,4.781,0.567
-5.6336,5.2422,2.3222,6.368,0.814
-5.1436,5.4226,-6.7189,6.084,0.734
-6.4831,4.8231,4.8962,6.742,0.933
-6.3978,4.9617,1.9550,6.856,0.906
-6.4025,4.7427,20.7939,6.318,0.838
-6.1488,4.9905,10.7313,3.873,0.741
-6.4386,4.9662,-8.9860,4.873,0.589
-6.0857,5.2886,-2.9493,6.081,0.744
-6.3358,5.3195,2.5262,4.679,0.588
-6.3833,5.6659,-4.0766,6.403,0.844
-6.2990,5.7073,8.1623,4.691,0.615
-5.9183,5.5624,-2.6190,3.857,0.723
-5.9995,5.6558,-18.5230,4.725,0.596
-5.2970,5.8883,0.2568,4.322,0.546
-5.9799,5.9890,2.6901,5.181,0.609
-4.4148,5.8072,-2.0034,6.764,0.880
-4.0744,5.9205,13.3938,5.340,0.596
-4.2444,5.8421,2.1070,5.701,0.658
-4.3117,5.9378,8.4323,6.597,0.867
-4.1469,6.0823,2.9249,5.542,0.639
-4.8412,5.7944,6.1746,6.528,0.774
-4.7384,5.9433,1.1260,5.992,0.693
-4.8274,6.0830,1.8166,5.016,0.567
-3.8495,6.0623,2.3211,6.839,0.867
-3.7127,6.2486,-2.6636,6.485,0.792
-3.5361,6.4164,1.9507,5.761,0.647
-3.6553,6.5510,9.1011,6.446,0.777
-3.7117,6.7919,-2.2181,6.004,0.700
-3.4222,6.5210,1.2784,6.013,0.728
-4.0866,6.7225,1.6745,6.238,0.769
-3.9849,6.8046,7.5536,4.341,0.649
-4.3960,6.6339,-2.0899,3.908,0.618
-4.0846,6.9376,0.8903,4.962,0.570
-3.7601,6.9859,6.4984,5.185,0.577
-3.8872,7.0497,2.8303,6.091,0.706
-5.2856,6.2940,-6.2954,6.313,0.773
-5.1882,6.4847,-19.1490,4.278,0.563
-4.7799,6.4396,-0.4608,6.206,0.756
-4.7855,6.6015,-2.6752,6.072,0.767
-5.2402,6.8143,8.0150,4.399,0.558
-5.0471,6.7536,1.4002,5.324,0.602
-5.3313,6.9644,-3.9730,5.734,0.687
-5.1824,7.2126,9.5640,6.086,0.763
-5.3165,7.1264,-2.8596,5.151,0.576
-4.6601,7.0539,1.7447,6.518,0.865
-4.5556,6.8417,0.0327,5.656,0.709
-4.7349,7.0624,-1.4015,4.601,0.563
-4.1643,7.0370,3.0916,6.812,0.912
-4.1727,7.2241,-1.4242,-0.187,0.871
-4.8000,7.2195,8.4627,6.153,0.753
-4.8084,7.0906,12.1871,2.507,0.783
-4.2463,7.7530,19.9846,4.315,0.544
5.8701,-2.4091,2.0413,6.598,0.774
5.7501,-2.3395,-16.9533,5.646,0.588
5.5856,-2.2890,-1.7831,6.750,0.819
5.7328,-2.1752,4.2099,6.197,0.725
5.5103,-2.4676,8.3818,5.153,0.560
5.8423,-2.2061,-2.7130,6.068,0.723
5.7419,-2.0867,-3.3649,6.892,0.886
6.0702,-1.8139,-0.6405,6.904,0.907
6.0072,-2.3220,11.2449,5.988,0.662
6.0376,-2.2316,9.8532,4.929,0.498
5.8933,-2.0784,0.2819,6.898,0.955
5.2912,-2.2382,1.3898,6.303,0.739
5.4855,-2.0108,1.8571,5.838,0.656
5.4354,-2.0366,0.2868,5.415,0.574
5.4478,-1.9742,5.5072,4.832,0.498
5.2359,-2.0354,-2.6763,5.344,0.564
5.4562,-1.8762,1.8565,5.324,0.561
5.0904,-2.0219,-11.1201,3.180,0.705
5.1560,-1.9512,-0.4591,3.718,0.552
5.8528,-1.8250,8.3215,6.857,0.862
5.6873,-1.8315,-2.6396,6.636,0.786
5.7757,-1.6422,0.4244,5.713,0.577
5.6478,-1.8281,22.8945,6.801,0.866
5.7128,-1.8460,-2.2589,6.250,0.699
5.7315,-1.9050,0.1591,4.502,0.487
5.5031,-1.6538,0.8990,3.373,0.670
6.3903,-1.7350,4.2851,5.288,0.565
6.3260,-1.4675,-5.4489,5.224,0.539
6.8110,-1.3524,3.1317,5.705,0.631
6.4107,-1.3132,0.7785,6.262,0.666
6.4891,-1.5162,-1.2946,4.021,0.488
6.8168,-1.2537,-1.5212,5.871,0.694
6.8302,-1.4893,-3.0044,4.314,0.488
5.8376,-1.3308,-4.4182,5.423,0.563
5.9991,-1.3798,-2.1858,4.940,0.499
5.9314,-1.3864,-0.4218,3.340,0.691
5.8962,-1.3697,-4.3777,3.170,0.684
5.9430,-1.1627,2.4892,5.151,0.526
6.0865,-1.2462,-3.0481,6.462,0.759
6.1735,-1.0443,1.8848,5.680,0.588
6.2762,-1.0017,-15.1336,5.106,0.528
6.0533,-1.0586,-2.8495,5.688,0.599
6.1268,-0.9935,7.8433,5.888,0.608
5.2583,-1.8228,-0.8715,4.916,0.509
4.9636,-1.7553,2.3694,4.978,0.523
4.9141,-1.7723,0.4035,5.166,0.543
4.9178,-1.6863,2.1672,4.882,0.502
4.8417,-1.7261,-1.5845,4.883,0.506
5.3168,-1.5966,-0.4960,5.277,0.549
5.4986,-1.5430,1.0376,5.315,0.562
5.2120,-1.4855,15.6546,6.212,0.688
5.4217,-1.5962,0.9263,5.440,0.675
5.6211,-1.4469,0.9521,5.831,0.597
4.8023,-1.4914,-5.1890,5.948,0.678
4.5886,-1.3628,1.9199,6.829,0.874
5.0092,-1.3657,-8.2738,4.796,0.491
4.8867,-1.2574,4.6900,4.211,0.482
4.4844,-1.4250,-8.6668,4.558,0.500
4.6893,-1.1972,-2.0131,4.266,0.490
4.7229,-1.1692,1.1137,4.838,0.517
4.6288,-1.2003,0.1729,5.165,0.565
4.7725,-1.0780,2.2717,5.623,0.625
5.1541,-0.9285,5.8468,5.848,0.664
5.0187,-1.0518,1.0438,6.244,0.798
4.9917,-1.0225,-1.1406,6.338,0.747
4.9764,-1.0021,1.0232,4.648,0.492
5.0192,-0.9585,-15.0542,4.034,0.488
5.0720,-0.8594,-1.9636,5.078,0.545
5.9855,-1.0432,4.2307,6.552,0.766
5.6606,-0.8945,-1.1168,5.852,0.589
5.8797,-1.1026,-0.2036,6.271,0.723
5.7099,-1.3437,1.9567,3.870,0.490
5.5956,-1.0947,3.3139,5.988,0.654
5.8151,-0.8730,-1.0432,5.751,0.665
5.4864,-1.0769,3.7195,3.294,0.668
5.4203,-1.0755,-1.9491,4.526,0.486
6.1000,-0.7259,-0.8611,4.881,0.523
5.9718,-0.9285,7.4014,4.896,0.507
5.9459,-0.8561,3.1050,5.516,0.578
6.0226,-0.6302,-2.3954,4.201,0.478
6.0128,-0.6084,-4.1784,5.246,0.557
6.2440,-0.7886,3.2935,5.231,0.551
5.4414,-0.8417,1.1990,6.247,0.687
5.3745,-0.4985,3.5355,5.776,0.648
5.0947,-0.7017,-1.2261,6.623,0.766
5.2525,-0.7368,-4.5686,5.844,0.645
5.2533,-0.8717,-6.2064,5.174,0.532
5.5259,-0.5919,2.8489,5.350,0.578
5.2928,-0.7228,-3.3989,5.309,0.571
5.3326,-0.6604,-5.8245,5.079,0.533
5.3051,-0.6719,0.1168,6.441,0.763
5.5585,-0.5552,-2.0564,6.606,0.811
5.5555,-0.3550,-7.9862,6.201,0.739
5.6468,-0.6502,-10.0669,6.316,0.755
5.6806,-0.0952,4.8105,5.963,0.636
6.6966,-1.0424,10.5745,6.054,0.703
6.8574,-0.8411,2.0097,6.868,0.873
7.0825,-1.0974,0.1031,4.991,0.533
6.7435,-1.0615,-9.1121,5.071,0.525
6.9874,-0.8145,-0.5473,3.938,0.481
7.5048,-0.6625,-2.6923,5.131,0.524
7.0310,-0.7238,-4.5648,6.527,0.797
7.3788,-0.5724,-0.1062,4.640,0.476
7.1067,-0.7533,-6.3936,4.950,0.495
7.0965,-0.6787,3.0870,6.376,0.759
6.6810,-0.8890,-1.6557,5.934,0.640
6.5452,-0.6173,-2.9418,5.855,0.613
6.5754,-0.6420,0.0747,6.639,0.750
6.7067,-0.5794,2.9848,4.983,0.499
6.4498,-0.5975,-5.2605,5.600,0.570
6.9773,-0.6348,1.0809,6.303,0.719
6.9694,-0.6600,4.3969,6.266,0.656
6.9349,-0.3949,9.1609,3.301,0.650
6.7468,-0.4204,-0.7930,5.994,0.664
7.6992,-0.5218,-0.7805,4.213,0.469
7.4264,-0.4813,3.0557,5.695,0.581
7.8757,-0.2209,10.8608,6.630,0.739
7.8361,-0.1400,-5.2686,5.203,0.534
7.7429,-0.0890,3.5204,3.674,0.516
7.7317,0.0185,-0.6346,5.055,0.611
7.2799,0.0633,1.9689,6.682,0.862
7.2138,-0.0344,0.9577,5.912,0.576
7.2896,-0.1898,-6.0493,6.581,0.791
7.3319,0.0232,7.6859,5.907,0.664
7.4020,0.3273,-12.8703,6.190,0.701
7.5532,0.1584,-6.1958,3.981,0.469
7.6091,0.2916,-7.2610,5.080,0.517
6.2472,-0.5456,-4.3192,6.216,0.729
6.5703,-0.4142,5.7579,6.691,0.869
6.5045,-0.3429,0.6883,5.744,0.601
6.8123,0.0666,0.9698,5.567,0.580
6.6934,0.0895,13.0332,6.530,0.786
6.7670,-0.1760,-6.5221,4.653,0.488
6.5540,-0.2762,5.3218,0.670,0.399
6.5582,-0.1655,3.2508,5.044,0.496
6.7412,0.0384,4.4556,5.936,0.672
6.0916,-0.1998,3.6121,5.525,0.571
6.1113,0.1079,4.5647,4.378,0.464
6.5733,0.3181,-0.2052,6.533,0.738
6.5028,0.2617,-3.2191,4.193,0.453
6.3811,0.5210,-2.5651,5.690,0.576
7.0270,0.0455,2.7812,6.245,0.702
7.1068,0.1781,12.9968,5.175,0.499
7.1116,0.4688,9.1035,6.298,0.741
7.2174,0.4985,-4.4164,4.958,0.495
7.3753,0.5075,0.1815,6.722,0.822
7.3348,0.6190,-2.8727,4.702,0.489
7.3820,0.6796,-1.9002,1.617,0.753
6.7229,0.9377,0.5326,4.822,0.488
7.0415,0.8872,-2.6115,6.448,0.738
7.0264,0.8415,4.3278,5.325,0.540
7.1397,0.8400,3.5245,4.355,0.474
7.1472,0.9452,-13.1841,4.533,0.478
4.4408,-1.0408,1.0121,6.085,0.679
4.6322,-0.9470,-0.8009,6.317,0.742
4.3599,-0.8675,2.8957,6.359,0.766
4.4304,-1.2860,1.6488,5.778,0.608
4.4401,-1.1360,-7.1040,6.053,0.670
4.4770,-1.1025,-1.3681,4.910,0.522
4.2842,-1.1275,1.0221,3.858,0.397
4.3098,-0.9120,3.0600,5.208,0.561
4.7557,-0.9334,-6.8155,6.420,0.779
4.8330,-0.8149,9.0303,6.691,0.830
4.4564,-0.7272,5.7271,6.869,0.862
4.9908,-0.7720,-1.6655,6.879,0.862
4.8310,-0.5557,-1.6172,6.829,0.865
4.7710,-0.7285,2.8061,5.479,0.566
4.6993,-1.0000,4.7392,5.207,0.562
4.9956,-0.6992,-4.3484,5.119,0.544
4.8062,-0.7054,5.0069,5.643,0.581
4.5711,-0.8469,-3.9030,5.427,0.573
4.8834,-0.6108,6.9074,5.141,0.552
4.7472,-0.6657,0.1674,3.908,0.499
4.7096,-0.5560,-1.5915,5.397,0.583
4.8465,-0.4891,4.3724,6.155,0.728
4.1614,-0.9185,-0.9113,5.915,0.660
4.2182,-0.7292,1.4942,5.542,0.579
4.1122,-0.6755,0.8941,6.451,0.802
3.9647,-0.6631,1.2919,6.305,0.740
4.0228,-0.6642,4.5186,6.085,0.715
4.3639,-0.6744,-1.6506,6.877,0.873
4.1219,-0.9795,-2.8397,5.591,0.616
4.0562,-0.9294,0.1939,5.049,0.559
4.2592,-0.7722,-3.3440,4.317,0.494
4.0702,-0.7596,0.1055,4.354,0.504
3.9161,-0.8062,-0.6166,6.867,0.875
4.1523,-0.6265,5.6086,5.482,0.584
4.0102,-0.6127,-1.7206,6.539,0.788
4.1674,-0.4918,1.0742,4.809,0.530
3.8169,-0.6749,-2.8566,5.196,0.565
3.9821,-0.5260,4.8840,5.013,0.560
4.4446,-0.6660,-5.5436,6.146,0.726
4.2931,-0.5128,-2.1524,6.476,0.806
4.4058,-0.4650,-2.1862,6.575,0.739
4.6900,-0.3548,-0.4989,2.891,0.719
4.4892,-0.6175,-0.6541,6.305,0.735
4.3602,-0.6153,1.3050,4.010,0.506
4.5774,-0.3820,-5.8356,5.680,0.606
4.5235,-0.4198,1.5551,3.645,0.623
4.4642,-0.4336,7.7668,5.538,0.591
4.3953,-0.2376,3.1745,5.231,0.568
4.4575,-0.1714,3.9965,5.145,0.553
4.4308,-0.1387,-7.0196,5.538,0.592
4.3234,-0.1817,-0.2356,5.745,0.638
5.0723,-0.6771,-2.5205,5.779,0.615
5.1567,-0.5019,-1.3248,4.127,0.486
4.8935,-0.4973,-1.5267,0.437,0.871
5.0956,-0.2197,0.8119,3.492,0.667
4.8969,-0.3403,2.3106,4.122,0.490
4.7779,-0.3994,-1.9557,4.691,0.522
4.8624,-0.3376,-8.8242,4.156,0.490
5.4262,-0.0727,10.1013,4.666,0.500
5.5234,0.1314,3.4917,4.064,0.477
5.3585,0.2070,1.7654,6.171,0.771
5.4623,-0.2583,-1.0672,3.802,0.516
5.3140,-0.1225,-1.5655,5.080,0.533
5.3178,-0.0709,4.7606,5.737,0.604
5.5371,0.1116,3.2251,5.791,0.625
5.1408,-0.0359,1.9236,4.717,0.500
5.3218,0.1062,-6.4411,3.836,0.512
4.7246,-0.1172,-1.8298,6.772,0.861
4.8915,-0.1275,-1.3427,6.535,0.790
4.8933,0.0330,0.4279,6.845,0.794
4.5021,-0.0925,-0.0713,6.562,0.746
4.8490,-0.2407,-3.0376,5.034,0.532
4.9495,-0.1143,1.9306,6.212,0.669
4.9108,-0.0787,2.5702,5.252,0.568
4.7555,-0.0248,4.3607,6.828,0.809
4.5088,-0.1102,2.5228,4.390,0.496
4.5894,0.0040,9.2377,5.231,0.575
5.3586,0.2930,0.0414,5.800,0.643
5.0090,0.4215,2.1203,6.254,0.745
5.0193,0.0335,-3.6253,5.678,0.602
5.0589,0.0984,-1.5378,6.541,0.784
5.2484,0.2368,2.3333,3.771,0.521
5.0431,0.1396,2.0479,2.092,0.751
5.0566,0.1934,2.1589,6.146,0.734
4.9746,0.1532,0.9213,6.203,0.693
5.0781,0.2703,-1.1116,4.238,0.484
5.1016,0.3517,4.4902,3.832,0.497
4.9978,0.0649,-0.5857,5.057,0.577
3.8646,-0.4741,-5.6387,5.668,0.492
3.8340,-0.2910,-0.0862,5.032,0.526
3.7474,-0.0958,3.1524,5.178,0.579
3.8288,-0.1044,-0.1972,5.495,0.577
3.8532,-0.1398,-12.1928,6.897,0.910
3.8503,-0.6041,5.7155,6.819,0.874
3.7595,-0.5959,-3.4770,6.153,0.658
3.8707,-0.5824,1.6726,5.247,0.565
3.7635,-0.5750,-5.6967,6.150,0.800
3.7555,-0.5302,-3.7942,3.815,0.562
3.6409,-0.4965,1.7529,5.815,0.674
3.5186,-0.4037,-1.8361,5.574,0.583
3.7637,-0.2300,4.9383,4.686,0.489
3.7339,-0.2501,3.4443,4.915,0.516
3.6031,-0.3381,-1.5271,5.274,0.564
3.5664,-0.2972,-1.4852,4.489,0.496
3.7859,-0.2142,2.6001,5.186,0.525
3.9006,-0.1271,-2.6353,6.165,0.711
4.1008,0.1746,-3.7618,5.896,0.676
4.0728,-0.0134,-1.6568,6.862,0.870
4.3250,0.0696,1.5831,6.517,0.745
4.0392,-0.0759,-4.1208,6.021,0.645
3.9778,0.1539,-1.6948,6.750,0.864
4.3045,-0.0849,-1.3386,5.555,0.595
4.0186,-0.2575,-1.6466,6.604,0.797
4.1141,-0.1785,-4.4499,5.416,0.588
4.0911,-0.1471,-0.6496,4.495,0.499
4.3369,0.0296,-3.3419,3.897,0.553
4.0999,-0.0928,-1.6582,4.852,0.533
4.1706,-0.0305,0.7746,5.812,0.641
4.0402,-0.1136,4.8409,6.395,0.761
3.9698,-0.1389,3.1148,5.597,0.583
4.0568,-0.0530,0.6366,4.310,0.506
3.9956,-0.0576,2.8628,5.942,0.803
3.9353,-0.0747,0.1582,5.798,0.649
3.8736,-0.0910,2.3349,4.261,0.489
4.1279,0.2656,0.2793,5.828,0.618
3.6738,-0.1091,3.8575,4.460,0.493
3.2905,-0.0215,-0.7029,5.521,0.563
3.2138,-0.0851,0.1521,5.693,0.594
3.3255,-0.0034,-1.6713,5.802,0.616
3.5155,0.1565,-0.4161,6.100,0.652
3.2932,0.0325,-4.4216,5.707,0.592
3.4699,-0.0454,0.3152,6.767,0.859
3.5680,-0.2512,-2.0323,6.481,0.842
3.3753,-0.1651,-0.2848,6.821,0.880
3.6314,-0.1876,-3.5832,5.220,0.564
3.6752,-0.1382,0.8979,4.637,0.468
3.4312,-0.2690,-3.5236,4.822,0.511
3.6648,-0.0823,-0.1020,6.115,0.636
3.3901,-0.2327,-0.0434,5.329,0.576
3.6943,0.0408,1.3138,4.621,0.490
3.5544,-0.0221,0.4311,5.536,0.583
3.4162,-0.0119,-3.6334,5.615,0.580
3.5488,0.1235,2.0743,5.453,0.568
3.3119,-0.0402,-4.8452,4.778,0.492
3.5577,0.1640,-2.6404,4.208,0.485
3.4380,0.1317,1.6173,4.223,0.495
3.3507,0.1340,-5.8943,6.278,0.725
3.7926,0.2516,-2.4631,6.446,0.779
3.6833,0.4017,1.3696,5.574,0.580
3.6072,0.4490,-4.2517,6.534,0.802
3.7706,0.0748,-1.8867,6.571,0.751
3.8387,0.5402,2.9882,6.286,1.108
3.8171,0.1096,4.1173,4.481,0.480
3.8941,0.1863,6.5027,5.044,0.546
4.0706,0.3118,8.3003,0.734,0.182
3.7196,0.0684,3.5926,6.152,0.666
3.9846,0.2687,-1.3658,4.131,0.500
3.6599,0.1495,-1.7244,5.565,0.578
3.6138,0.1576,-1.2267,6.181,0.692
3.7293,0.2648,-0.0037,4.684,0.491
3.9479,0.4306,0.8539,5.525,0.578
3.9300,0.4819,-1.5575,5.500,0.571
3.8108,0.4519,-0.8921,4.943,0.508
3.8355,0.5257,0.0838,4.580,0.471
4.0072,0.3722,-7.9535,6.615,0.823
4.3868,0.1973,-0.5204,6.278,0.746
4.5794,0.2283,0.4098,4.957,0.560
4.2941,0.3246,2.1782,6.521,0.769
4.5188,0.3680,2.1763,6.392,0.740
4.2603,0.4204,7.3976,6.190,0.731
4.3758,0.2876,3.5926,5.768,0.628
4.5421,0.1647,-5.8575,4.797,0.498
4.6466,0.3754,0.1118,4.483,0.487
4.3502,0.3453,16.7734,5.201,0.553
4.1965,0.3258,-4.4877,3.789,0.515
4.5678,0.5126,-0.0467,5.949,0.608
4.5204,0.5400,-6.4438,6.479,0.778
4.8781,0.5746,-3.5128,6.289,0.755
4.5871,0.7469,0.6166,5.932,0.635
4.6726,0.4482,-1.0993,5.390,0.569
4.7572,0.5479,7.2718,3.049,0.685
4.8596,0.7988,4.2639,4.607,0.489
4.7997,0.8417,-2.8849,5.109,0.554
4.6228,0.7843,-3.1369,0.688,0.586
4.7205,0.9309,-4.8480,6.823,0.866
4.1824,0.5945,0.6166,5.579,0.740
3.8560,0.7033,-0.6780,5.873,0.738
4.1795,0.7465,3.8848,4.529,0.528
4.2156,0.7885,-3.7781,6.533,0.806
4.0514,0.3729,2.5307,5.761,0.595
4.2332,0.4820,0.5024,4.516,0.481
4.2173,0.5842,-2.7091,5.942,0.572
4.1175,0.3253,-3.5114,4.150,0.483
4.3812,0.6230,-0.8758,6.132,0.670
4.1807,0.4899,-2.4717,6.568,0.616
4.0412,0.4262,0.7865,6.778,0.861
4.2783,0.6827,-2.4565,6.390,0.687
4.4001,0.6472,-5.6844,4.379,0.484
4.3654,0.6661,-2.4631,4.875,0.511
4.2940,0.6656,-1.2412,4.914,0.498
3.9728,0.5342,5.0559,5.031,0.494
4.5330,0.9747,-2.0879,6.107,0.698
4.6690,0.9715,6.5693,5.818,0.619
4.3883,0.8015,-0.6721,6.763,0.865
4.4175,0.9593,3.4202,5.589,0.629
4.4135,0.9493,0.7732,5.580,0.596
4.2578,0.9592,-0.0886,6.232,0.710
4.3913,0.8799,1.7330,5.240,0.544
4.6462,1.0758,1.0219,5.726,0.607
4.2173,0.8799,3.2415,5.333,0.547
4.2749,0.9525,1.3722,5.150,0.568
4.5510,1.1468,-1.6238,4.616,0.484
4.1863,1.0437,-0.8641,4.455,0.466
5.4678,0.3038,8.6917,6.638,0.812
5.8276,0.2166,-9.4220,6.632,0.862
5.7198,0.3668,3.2162,4.650,0.495
5.6890,0.3474,5.2879,4.930,0.535
5.7063,0.4640,-2.7482,4.845,0.513
5.5654,0.3188,-3.0335,5.106,0.520
6.1459,0.4798,-1.0658,6.412,0.794
6.2385,0.6645,-3.9548,6.797,0.807
6.0064,0.3059,0.5742,6.656,0.680
6.0690,0.5125,-7.7723,4.357,0.465
5.4291,0.4214,-6.2594,6.049,0.670
5.4637,0.6093,4.8012,5.519,0.572
5.3719,0.4869,1.7619,6.089,0.652
5.5104,0.5011,-0.0371,3.672,0.538
5.2076,0.5423,0.5662,5.164,0.552
5.4970,0.7834,0.1281,6.627,0.865
5.3962,0.4973,2.0484,4.325,0.491
5.7411,0.6976,2.4580,6.721,0.799
5.7908,0.8760,-2.6278,6.475,0.807
5.4857,1.0088,-3.3268,6.805,0.772
5.5610,1.0712,1.5912,6.838,0.776
5.8667,1.0576,-1.5131,4.513,0.475
5.8869,0.8482,3.9411,5.294,0.517
5.7756,0.8388,-3.2459,5.201,0.547
5.6777,0.9073,1.6818,4.807,0.497
6.2553,0.8261,0.9399,6.154,0.637
6.3248,0.7966,2.6025,6.096,0.671
6.6454,1.1433,-2.9006,6.700,0.771
6.4822,1.1577,-2.7678,5.839,0.603
6.7187,1.4784,0.1942,4.671,0.483
5.8325,1.2584,-4.0452,6.395,0.760
6.1778,1.2066,0.7835,5.287,0.549
5.9884,1.1495,-0.4415,5.051,0.510
6.1445,1.4987,0.3432,3.245,0.649
6.0441,1.4538,-0.7274,5.411,0.535
5.7131,1.2972,0.4923,5.230,0.547
6.0813,1.5921,7.0076,5.781,0.596
6.4684,1.7455,3.2122,6.875,0.866
6.3971,1.6283,-8.6349,6.077,0.562
6.4071,1.7449,1.3691,3.345,0.636
5.0065,1.1066,-12.4787,6.177,0.681
4.8991,1.0294,0.3254,6.418,0.673
5.0249,1.1067,1.8731,6.586,0.845
4.8381,1.0039,0.4680,6.110,0.646
5.1164,0.9410,-4.7749,4.269,0.483
4.9281,1.0225,-1.2452,5.589,0.582
4.7915,1.0612,-5.2442,6.263,0.719
4.4706,1.2701,1.4889,6.405,0.747
4.7121,1.2103,-1.0238,5.714,0.595
4.6792,1.3162,9.4634,4.344,0.488
5.3187,1.5986,3.3664,5.357,0.573
5.2916,1.6748,-1.2646,6.410,0.792
5.0561,1.6677,0.0365,6.321,0.734
4.9228,1.8299,-22.6761,6.480,0.755
4.9799,1.8473,1.7857,6.413,0.753
5.0502,1.3621,-3.0804,4.966,0.499
5.1326,1.4580,3.9922,4.528,0.483
5.2275,1.5247,3.2850,4.058,0.469
4.9756,1.4642,-7.0671,6.119,0.648
5.0621,1.5784,2.8264,4.115,0.479
5.7356,1.5094,6.2940,5.175,0.525
5.7815,1.6026,-2.9675,5.244,0.555
5.7233,1.5729,-5.2347,2.445,0.719
5.6774,1.6561,-10.1890,3.585,0.579
5.4853,1.6168,-7.7712,5.374,0.566
5.5398,1.7139,4.5380,5.862,0.630
6.2997,1.9812,0.6189,5.562,0.560
5.5281,1.8033,-3.3674,6.063,0.705
5.5455,1.9939,-0.0723,6.000,0.645
5.5212,1.9872,-0.1343,6.117,0.615
5.6631,1.9762,0.5300,4.059,0.487
5.4260,1.8714,-9.8189,4.245,0.477
5.1296,1.9183,-0.8580,4.767,0.496
5.3841,2.1524,3.2595,4.384,0.455
5.3172,2.2207,0.6843,4.163,0.461
5.6243,2.1243,0.7723,5.738,0.574
5.5933,2.1988,9.7342,5.693,0.597
5.8924,2.2662,-1.6986,5.147,0.534
5.6226,2.3579,0.2952,4.935,0.516
5.4683,2.3307,-0.9741,2.806,0.686
8.5431,0.6213,0.3656,5.880,0.582
7.9538,0.5483,0.0158,6.651,0.803
8.2093,0.6448,-1.6342,5.200,0.542
8.1570,1.1156,-11.2406,6.614,0.860
8.9019,0.9187,8.5295,5.894,0.646
9.0574,0.9741,3.3343,4.694,0.496
8.7996,0.8839,5.4506,6.336,0.761
8.6618,1.0806,6.9540,3.381,0.608
9.4510,1.3287,-3.7721,5.572,0.561
8.5992,1.1212,-18.5508,5.310,0.564
8.3157,1.2577,-8.5970,4.137,0.464
8.5802,1.4766,-0.6957,0.322,0.840
8.6547,1.7315,-2.6455,5.423,0.531
7.7530,1.1156,-0.9488,3.551,0.566
8.1041,1.3969,-7.2560,6.507,0.774
7.9158,0.9901,0.8409,5.414,0.563
7.4295,1.2116,-0.4636,5.364,0.557
7.2556,1.4842,6.1752,5.090,0.493
7.5361,1.4445,-1.5516,6.750,0.806
8.2624,1.7137,-2.1068,5.971,0.662
8.3472,1.7532,3.6052,5.155,0.498
8.2990,1.9129,-5.6906,4.317,0.453
7.8992,2.1873,3.0039,6.575,0.784
7.9402,2.1429,-1.9600,6.576,0.767
8.1607,2.4750,-5.8567,5.619,0.570
8.2191,2.3222,3.0685,0.551,0.419
8.4085,2.4687,2.4890,4.055,0.445
9.0961,1.8661,4.0311,5.059,0.504
9.0811,2.1458,0.7140,5.259,0.529
9.3476,2.3331,-13.0932,4.769,0.469
10.3340,2.7736,0.2024,6.018,0.695
10.1276,2.7553,4.9483,5.028,0.496
9.9587,2.8994,1.9786,4.936,0.475
8.6337,2.2446,3.4920,6.213,0.725
8.6254,2.3654,5.0167,4.835,0.472
9.0745,2.9638,0.6946,5.220,0.512
8.6921,3.0048,3.1597,6.604,0.767
8.7024,2.9347,-0.4735,4.954,0.480
9.8284,3.0725,4.8389,4.184,0.448
9.1617,3.3613,-7.4972,5.630,0.618
9.1907,3.6081,2.4160,4.334,0.454
6.8085,1.5440,-16.9588,6.701,0.760
6.7637,1.7593,1.6645,5.918,0.627
6.7944,1.6499,1.3302,4.987,0.486
7.0272,1.4139,7.0502,6.193,0.697
7.2671,1.8999,4.3548,6.200,0.700
7.3839,1.9548,-4.3409,6.269,0.709
7.1396,1.9987,5.3432,6.821,0.867
7.2978,1.6803,-1.3541,4.842,0.484
6.5729,1.7256,7.9013,6.152,0.579
6.5536,1.7472,-1.2052,1.649,0.744
6.6309,2.1251,-1.1567,5.238,0.513
6.9754,2.2859,-4.4217,5.846,0.591
7.0215,2.4052,9.8167,5.222,0.511
7.1634,2.2990,-3.8231,4.217,0.455
6.9833,2.4455,0.0359,5.012,0.494
7.5820,2.2170,-3.5525,6.719,0.823
7.6347,2.4795,3.0257,6.047,0.634
7.7507,2.4910,-1.9917,5.689,0.574
7.3505,2.3668,-9.4409,6.552,0.817
7.4454,2.6018,3.6077,6.090,0.673
7.2695,2.3496,4.3731,6.778,0.775
7.3994,2.6130,-3.3555,3.610,0.521
7.2686,2.6941,-5.7398,5.818,0.607
7.1488,2.6285,-1.5538,3.757,0.322
7.0504,2.6632,3.9523,1.225,0.767
7.6491,3.0018,2.8329,6.717,0.852
7.8284,2.9957,-3.4524,3.719,0.462
7.8134,3.0201,-7.2467,4.464,0.443
7.4963,2.8547,3.5786,4.585,0.460
6.0887,2.3220,-2.9594,5.828,0.666
6.3908,2.6279,4.3696,5.400,0.566
6.7613,2.8617,-10.4788,5.440,0.551
6.5069,2.7206,-5.6986,4.188,0.478
6.6920,2.8835,2.7037,3.590,0.566
5.8147,2.6675,0.3245,6.528,0.767
6.1862,2.6185,0.0480,6.353,0.750
6.1492,2.6044,-3.9746,4.548,0.499
6.2210,2.7017,4.7849,5.480,0.572
5.8356,2.7503,-5.1529,4.062,0.462
6.3454,3.1143,-1.7921,6.837,0.811
6.4609,2.8102,2.1643,5.238,0.560
6.2737,3.0369,3.4018,5.976,0.655
6.1527,2.9973,-2.6146,5.418,0.562
6.9251,3.2738,5.8856,4.679,0.491
7.3074,3.2092,-2.2726,6.367,0.690
6.5227,3.1978,3.6299,5.757,0.612
6.8016,3.2662,-12.6478,4.139,0.463
6.4013,3.3403,-3.4559,6.650,0.809
6.7636,3.1714,-4.8349,4.833,0.489
6.8329,3.2363,6.1504,5.219,0.514
6.7675,3.5235,3.3808,4.093,0.464
7.0430,3.5874,-11.3688,5.287,0.537
7.0633,3.7632,-1.6953,6.844,0.859
6.9308,3.5030,5.4750,3.059,0.669
6.9077,3.9139,3.7433,4.421,0.476
8.4959,2.9460,-1.6862,5.804,0.575
7.8993,3.4830,2.9927,4.500,0.450
7.8529,3.5813,-5.8555,6.483,0.775
7.6661,3.3783,5.8144,6.015,0.643
8.1449,3.7443,-5.4967,6.378,0.754
8.8711,3.7556,1.0682,5.508,0.525
9.0100,3.6376,-4.7275,6.427,0.471
8.9464,3.8818,-2.3074,5.074,0.522
9.3169,3.8467,-1.9185,5.789,0.579
9.1304,3.7303,3.2084,3.960,0.449
8.9519,4.0304,5.5159,5.676,0.573
8.7063,4.1223,-6.6560,6.723,0.869
8.5460,4.1650,-0.3753,0.772,0.774
8.9883,4.1729,-4.3237,-1.266,1.063
7.7205,3.8223,7.6504,6.743,0.765
7.5463,3.8881,-7.0640,4.060,0.446
7.4737,4.0101,-3.0726,4.890,0.485
7.6234,4.4320,-4.0874,5.600,0.577
8.2390,4.4019,9.4086,6.234,0.690
8.6301,4.4189,13.6833,5.304,0.513
8.5021,4.5516,2.8097,4.745,0.464
8.2733,4.6685,1.2968,5.537,0.569
8.0169,4.5689,1.0857,5.825,0.615
8.1747,4.6720,-2.2476,4.476,0.454
7.9644,4.5498,2.6374,5.118,0.500
3.1677,0.1687,-2.3136,5.251,0.560
3.0136,0.2652,-1.1597,6.164,0.684
3.0810,0.2322,1.2085,6.169,0.698
3.0715,0.0959,-5.0820,6.279,0.639
3.2841,0.2660,-1.6638,5.831,0.594
3.0850,0.2024,0.5179,6.286,0.769
2.9275,0.2108,-7.4597,6.674,0.800
3.0345,0.4706,-3.1162,4.390,0.485
3.1267,-0.0040,3.2721,0.801,0.861
3.0988,0.0818,10.1097,4.665,0.499
3.3975,0.3123,4.1656,5.122,0.532
3.3071,0.2624,0.4095,4.434,0.492
3.1105,0.2243,-2.5571,5.287,0.565
3.0511,0.2409,-4.5814,6.103,0.661
3.1778,0.4123,1.8447,3.663,0.568
3.0575,0.4499,-4.6839,0.817,0.425
3.4984,0.5761,1.7447,0.381,0.876
3.6069,0.6036,-6.5834,6.652,0.863
3.3617,0.7377,-0.3290,2.670,0.716
3.3159,0.6525,2.6351,5.959,0.625
3.5615,0.6797,-0.9658,6.892,1.140
3.3841,0.7618,8.6279,6.217,0.682
3.4569,0.8745,1.8109,4.259,0.508
3.6168,0.4804,4.2154,5.470,0.567
3.6910,0.5826,12.9231,6.347,0.748
3.7090,0.6587,1.8990,6.233,0.737
3.4919,0.5161,0.8319,5.123,0.547
3.3315,0.5023,-1.4348,4.665,0.498
3.5473,0.6853,-1.2536,4.489,0.494
3.4546,0.6060,-0.6473,5.178,0.600
3.3043,0.5172,-7.1365,5.338,0.563
3.3058,0.5446,-1.2895,4.865,0.497
3.5153,0.7640,-14.1169,3.873,0.494
3.2883,0.6174,3.5471,5.231,0.551
3.3422,0.6777,-8.9498,4.679,0.521
3.4045,0.7231,-3.1618,4.673,0.491
3.2406,0.6308,-1.0854,5.221,0.553
3.4244,0.8047,2.8249,4.207,0.482
3.6336,0.5122,-2.1081,5.512,0.578
3.3369,0.5764,0.4936,3.880,0.499
2.7627,0.5907,5.8003,5.666,0.580
2.5933,0.6789,2.5497,5.686,0.585
2.9261,0.7899,-1.5380,6.061,0.737
2.8224,0.9528,-0.0902,6.161,0.722
2.9565,0.5721,2.4386,6.764,0.869
3.1299,0.6269,-9.7966,5.485,0.570
3.0819,0.6924,0.3672,6.515,0.754
2.8092,0.5137,5.7299,6.513,0.790
2.6807,0.4754,3.6100,4.092,0.499
3.0322,0.7671,-0.5592,6.829,0.869
2.9406,0.8117,0.9068,6.581,0.748
2.6543,0.6346,0.5835,6.584,0.774
2.7970,0.8722,1.2484,6.354,0.734
2.8778,0.4011,-0.6614,4.055,0.483
2.9914,0.5409,-2.4147,3.751,0.554
2.9214,0.4861,-2.1464,4.430,0.485
3.0092,0.5974,2.6882,3.140,0.694
2.7495,0.5236,1.3714,5.474,0.558
2.9621,0.6857,1.3067,5.210,0.532
2.6566,0.5782,-2.2820,6.128,0.693
2.7715,0.6684,1.2211,4.044,0.498
2.6426,0.6666,-2.5699,5.266,0.532
2.6168,0.6920,-6.8412,6.196,0.629
3.1270,0.7013,0.2117,5.780,0.600
3.1705,0.7576,-1.3668,6.740,0.816
3.0841,0.7726,1.5471,6.670,0.813
3.2583,0.8364,-2.8675,6.748,0.840
2.9523,0.9736,-2.5904,5.489,0.752
3.1564,0.9718,1.5606,5.728,0.414
3.0959,0.9923,5.1825,5.672,0.565
3.0762,1.1296,-1.3812,6.765,0.872
3.3261,0.8490,0.4983,6.059,0.685
3.0248,0.8171,1.6015,4.508,0.478
3.3467,1.0771,1.3278,6.382,0.775
3.2875,1.1001,-3.1314,4.565,0.486
3.0708,0.9796,0.0123,4.694,0.492
3.0595,1.0596,2.7169,5.522,0.571
3.2200,1.1742,-0.0660,6.346,0.734
2.8982,0.9531,-1.7355,4.813,0.503
2.9881,1.0504,-1.4315,4.686,0.492
3.1872,1.1896,-5.2984,5.246,0.579
3.0342,1.1010,1.6116,4.555,0.515
2.8617,0.9895,-0.4115,5.103,0.518
3.1276,1.1942,-4.1683,4.645,0.488
3.1404,1.2544,5.3947,3.892,0.487
3.8454,0.7131,-5.4959,5.842,0.592
3.5052,0.9707,1.3677,6.612,0.806
3.6034,0.8649,-2.8289,5.748,0.585
3.8956,0.8384,2.2813,6.599,0.847
3.9492,0.9663,7.6829,6.593,0.811
3.6429,0.8321,3.8556,4.482,0.475
3.8257,1.0663,1.5223,5.727,0.599
3.8048,1.1690,-3.9617,5.199,0.537
3.8975,1.0758,5.1433,6.403,0.750
4.1909,1.2554,-4.1742,5.664,0.574
4.2156,1.1638,-3.2937,5.140,0.570
4.2563,1.4592,6.5731,6.239,0.697
3.9055,1.2411,-4.2485,6.521,0.552
4.2421,1.1294,3.4825,5.866,0.642
4.0971,1.0805,-2.8535,5.812,0.747
4.1226,1.1853,0.4401,5.627,0.574
4.0724,1.2121,-1.7887,4.347,0.464
4.2094,1.3347,3.1104,5.488,0.561
3.9379,1.1556,-1.7086,5.484,0.567
4.1865,1.3293,-3.1309,4.870,0.489
3.9083,1.1954,-0.4718,4.937,0.586
3.8908,1.2432,-2.6573,4.656,0.462
4.2157,1.4688,-1.5634,3.888,0.482
3.8999,1.3041,-3.9409,5.788,0.602
3.8329,1.2682,2.4216,5.371,0.563
3.9682,1.4069,3.0239,3.818,0.487
3.2419,1.3547,1.3552,6.396,0.836
3.3718,1.5325,-8.0943,4.890,0.492
3.1681,1.3226,4.8031,5.969,0.657
3.5161,1.0637,-2.9661,6.809,0.878
3.4595,1.2257,-1.6640,6.551,0.718
3.5576,1.0946,-10.1570,4.748,0.490
3.6774,1.2052,0.3837,4.618,0.474
3.6327,1.2224,6.7174,5.073,0.511
3.4071,1.0761,0.4021,6.548,0.778
3.7353,1.3146,-4.1879,5.651,0.576
3.6341,1.2673,-3.1051,4.794,0.485
3.5010,1.2550,1.0618,0.872,0.063
3.3308,1.1866,-3.2497,4.944,0.504
3.4641,1.2876,3.3931,3.433,0.661
3.4302,1.3734,2.1974,5.760,0.594
3.2425,1.4009,-0.0417,4.989,0.507
3.2759,1.4273,1.0968,5.173,0.533
3.7033,1.4855,-0.1539,6.382,0.748
3.5868,1.5857,-2.4939,5.607,0.590
3.6751,1.5999,0.6403,6.168,0.691
3.6198,1.7490,-1.3761,5.839,0.577
3.7586,1.4274,-5.1310,6.764,1.245
3.7222,1.8647,3.3432,6.619,0.865
3.9153,1.5343,5.2816,4.387,0.465
4.0055,1.6432,-1.0423,4.547,0.463
3.8414,1.5505,0.2123,5.262,0.526
4.0476,1.6991,-4.0281,5.292,0.538
3.7364,1.6475,-5.8694,4.510,0.488
3.7496,1.9160,-0.8334,4.830,0.497
3.9157,1.4800,1.0214,4.365,0.467
2.2002,0.9847,-1.6045,6.482,0.767
2.5194,0.6945,-0.8035,6.527,0.775
2.6395,0.8994,-0.1906,6.255,0.785
2.7546,0.9335,-1.9022,5.457,0.574
2.4211,1.1314,2.8526,5.391,0.566
2.3677,1.1324,-1.9485,6.026,0.686
2.4183,0.8511,1.4211,5.449,0.561
2.4899,0.8211,8.6363,5.502,0.577
2.4149,0.9037,-0.3077,5.932,0.655
2.5820,1.1520,1.0771,6.393,0.760
2.2491,0.9602,-5.0205,5.804,0.694
2.3422,0.9097,1.7649,5.822,0.651
2.5073,1.0329,1.1278,6.370,0.748
2.4502,0.8575,2.2260,6.657,0.858
2.3989,0.8397,-0.9138,5.533,0.623
2.4143,0.8675,0.6296,7.061,1.159
2.3636,0.9373,6.0076,5.948,0.637
2.3512,1.0238,-1.4396,4.917,0.542
2.6924,0.8302,-1.8970,5.052,0.548
2.8098,1.0015,-0.7572,4.580,0.492
2.5432,0.8408,5.1122,3.476,0.687
2.5117,0.8651,2.4754,4.353,0.480
2.3637,0.8218,-1.2405,4.997,0.564
2.6648,1.0778,-9.9118,1.851,0.776
2.6194,1.0599,-0.2004,5.551,0.576
2.5448,1.0401,0.6063,4.810,0.518
2.5924,1.0962,5.6630,4.748,0.496
2.4526,1.0092,-3.2589,5.437,0.574
2.6191,1.1412,-1.4001,5.705,0.595
2.3748,0.9713,1.7475,5.117,0.537
2.2656,0.9272,0.3198,5.200,0.628
2.3346,0.9910,-1.8144,1.478,0.802
2.5609,1.2111,-0.1204,3.390,0.654
2.4803,1.1822,-2.8560,4.859,0.499
2.4542,1.2157,1.7904,4.948,0.536
2.6743,1.3794,-9.3613,6.485,0.683
2.7383,1.5381,-4.1240,6.147,0.700
3.0755,1.3255,-2.0530,4.322,0.479
3.1159,1.3312,0.3640,5.311,0.538
2.9287,1.2602,2.4749,5.034,0.478
2.8288,1.2770,0.3477,5.885,0.622
2.8546,1.3575,3.0005,6.775,0.869
2.6695,1.3449,-1.8089,6.088,0.633
2.6929,1.4648,0.1505,6.816,0.874
3.0612,1.2230,-7.6796,5.349,0.561
3.1001,1.2976,-1.0836,4.100,0.500
2.7745,1.1215,-7.4410,0.767,0.128
2.7610,1.1567,-0.5855,5.559,0.551
2.9846,1.3373,-0.1940,5.943,0.657
2.8688,1.2801,0.3557,4.791,0.492
2.8013,1.2907,-3.3365,4.707,0.489
2.9700,1.5012,-0.2908,4.770,0.830
2.7970,1.3755,-0.3255,3.722,0.526
2.7439,1.3491,0.1856,4.662,0.488
2.6920,1.3338,-1.1111,4.355,0.474
2.8986,1.4782,-1.7238,3.405,0.631
2.7165,1.3687,5.1850,4.388,0.473
2.5903,1.2922,3.4962,5.679,0.634
2.6790,1.4208,1.4062,5.337,0.551
2.6758,1.4581,-7.4709,4.328,0.476
2.0277,1.1765,5.1605,5.605,0.660
2.0995,1.3120,-2.5531,4.114,0.530
2.1175,1.2365,1.7977,5.624,0.569
2.2485,1.3948,3.0580,6.453,0.721
2.0829,1.2569,-2.5421,6.460,0.767
2.3092,1.3363,0.7625,5.126,0.508
2.3137,1.1571,1.6448,5.694,0.589
2.1916,1.2442,4.3224,6.078,0.696
1.9986,1.2556,6.0623,6.294,0.736
1.9126,1.2935,0.5273,5.727,0.578
2.0719,1.4829,-0.0944,4.598,0.507
2.1787,1.4137,-6.7120,6.510,0.768
2.1350,1.3884,-0.8800,6.132,0.680
2.2409,1.1264,-1.4210,4.375,0.492
2.1278,1.0724,-2.0892,5.772,0.640
2.4467,1.3486,-1.3619,5.280,0.553
2.3536,1.3045,-6.6793,5.555,0.565
2.1911,1.2538,3.6559,6.453,0.849
2.2644,1.2981,1.5030,4.766,0.495
2.1341,1.2997,-4.5724,3.058,0.715
2.0981,1.3200,-2.8245,6.274,0.551
2.3139,1.4738,2.8367,4.944,0.500
2.1453,1.4211,2.9775,4.849,0.503
2.2799,1.5328,2.1108,4.464,0.492
2.2615,1.5230,0.5590,4.855,0.496
1.9030,1.3098,-0.1597,6.556,0.735
2.1930,1.4932,1.1453,4.582,0.490
2.2042,1.5251,0.2275,3.876,0.525
2.0582,1.4802,0.4883,4.495,0.494
2.1781,1.5962,-3.0005,6.678,0.782
2.0598,1.3270,-0.4696,5.863,0.699
1.9439,1.2685,0.6010,6.017,0.658
2.3537,1.4066,1.7749,3.976,0.473
2.6072,1.4631,-9.1326,6.216,0.879
2.6230,1.5353,-2.7358,5.739,0.672
2.3239,1.5315,-2.4751,3.942,0.498
2.7490,1.6934,-2.4922,6.109,0.693
2.3938,1.7096,-0.7820,6.166,0.754
2.6011,1.8408,18.7983,5.981,0.652
2.3063,1.5784,0.2680,4.954,0.496
2.6080,1.5716,-0.2213,6.691,0.836
2.3860,1.4576,1.6233,5.586,0.682
2.4880,1.8902,-4.5904,6.444,0.544
2.5232,1.3747,1.1138,4.650,0.493
2.7100,1.5259,-1.5943,6.167,0.710
2.5078,1.4604,0.1659,3.535,0.596
2.7714,1.6491,0.0298,4.836,0.521
2.4821,1.4634,0.2580,5.861,0.579
2.4516,1.5040,0.8749,5.366,0.570
2.5096,1.5490,5.1818,5.719,0.566
2.3752,1.4869,-2.0886,3.807,0.489
2.5230,1.6791,1.4165,4.413,0.481
2.6435,1.7715,-8.5875,4.289,0.468
2.4556,1.6594,3.5528,4.729,0.497
2.4063,1.6290,-1.4863,5.613,0.569
2.2494,1.6230,-0.8806,5.533,0.572
2.3784,1.7866,1.5926,4.083,0.481
2.3409,1.7560,-0.2570,4.081,0.477
2.4459,1.6015,-2.4037,5.017,0.512
2.9858,1.6498,1.9213,5.400,0.581
3.2750,1.7834,-5.7949,6.347,0.748
3.0656,1.8328,6.1689,6.007,0.672
3.1409,1.7802,-0.4584,6.463,0.607
3.2723,1.6297,-3.3187,6.672,0.740
3.2122,1.6057,-3.0119,6.611,0.769
3.1737,1.7699,-3.4384,6.395,0.738
3.1909,1.4465,2.7682,4.676,0.501
3.2490,1.6142,5.5181,4.679,0.472
3.1309,1.5634,-0.2544,4.343,0.470
3.2942,1.7144,-2.1607,2.465,0.707
3.2347,1.7230,0.9441,4.543,0.466
3.2158,1.8815,-2.8958,5.654,0.581
3.0557,1.7175,3.4431,1.570,0.755
3.5143,1.7338,-3.8528,5.777,0.591
3.4392,1.8011,4.0862,6.146,0.684
3.4985,2.1389,-1.0767,6.344,0.701
3.5999,1.9210,3.2322,5.730,0.585
3.7172,2.0092,-3.1867,4.331,0.461
3.6784,2.0050,-5.7739,5.915,0.771
3.5712,1.9499,-3.4910,5.746,0.615
3.4973,1.9156,2.1712,3.872,0.486
3.4683,1.9357,-2.5572,4.353,0.477
3.3841,1.9240,4.7901,4.359,0.482
3.5725,2.0913,0.5371,4.036,0.461
3.2888,2.0797,-4.7862,4.315,0.477
2.6777,1.8723,3.3076,5.817,0.649
2.7077,2.0120,-5.3827,5.119,0.539
2.7854,1.8287,0.2632,5.810,0.644
2.6582,2.1197,-1.9369,5.523,0.575
2.9458,2.0505,1.6688,6.682,0.843
2.7409,1.9966,-1.3618,5.850,0.699
2.8515,2.2740,-2.1219,6.064,0.646
2.5703,1.9769,-0.1281,6.666,0.813
2.8507,1.7873,0.5090,6.055,0.702
2.8697,2.1606,5.1044,4.729,0.526
2.9090,2.2079,1.8860,6.862,0.880
2.8425,1.8226,4.5743,5.296,0.552
3.0092,1.9425,-3.9234,3.230,0.678
3.0096,2.0621,-3.1881,5.304,0.546
2.9468,2.0960,-6.7585,6.790,0.865
2.6496,1.9263,4.1185,4.974,0.519
2.6254,2.0191,2.3379,5.467,0.572
2.8298,2.1706,-0.5335,4.831,0.552
2.9605,1.9574,-1.9694,4.912,0.674
3.2897,2.4044,1.9707,6.447,0.747
3.1387,2.4031,-4.5705,5.403,0.609
3.2656,2.3500,-4.0363,6.415,0.777
3.1481,2.3854,3.3414,5.528,0.641
3.2697,2.4912,-4.9324,3.992,0.480
2.8657,2.3106,-1.8512,6.678,0.596
2.9937,2.4608,-0.6082,6.809,0.820
3.2340,2.2198,1.1840,3.614,0.495
3.0712,2.2394,0.0476,5.130,0.523
3.0243,2.2569,1.5865,3.924,0.483
3.2831,2.4717,1.8291,3.745,0.493
2.9083,2.2637,-9.8679,4.702,0.494
3.0773,2.3820,-1.3756,5.053,0.546
2.9011,2.3030,9.2387,0.649,0.424
3.0636,2.4220,2.6278,5.327,0.560
2.8489,2.3214,0.9060,4.854,0.496
3.0218,2.4526,-21.2585,5.638,0.589
3.2616,2.3833,0.1167,6.593,0.757
4.3711,1.4751,-14.2630,6.330,0.750
4.5618,1.5397,0.9416,5.956,0.650
4.3995,1.7796,2.5915,6.400,0.780
4.3641,1.8227,-1.9761,6.891,0.895
4.3949,1.3502,5.8706,3.814,0.499
4.4313,1.4086,16.1228,4.465,0.488
4.4182,1.4922,-1.3746,4.524,0.483
4.3439,1.6368,5.1439,5.104,0.515
4.2514,1.6620,-2.0658,4.710,0.474
4.6196,1.5374,0.4809,3.709,0.553
4.2600,1.4989,-18.9086,4.702,0.496
4.5480,2.0840,-0.5060,6.359,0.758
4.7725,2.2050,8.2704,6.643,0.846
4.6166,2.0511,3.1173,6.524,0.798
4.7524,1.7746,3.4838,3.735,0.546
4.6619,1.8863,-1.5575,4.783,0.508
4.5637,1.8909,-9.5048,5.705,0.592
4.7537,2.2895,-2.2585,0.766,0.859
4.2557,1.8275,-2.7306,5.732,0.576
4.2380,2.0814,2.2055,6.185,0.708
4.1514,2.0725,-7.6288,3.825,0.484
4.1265,2.1108,-0.4028,6.280,0.692
4.0669,1.7180,10.7650,4.433,0.470
4.2271,1.8740,-1.0057,6.027,0.663
4.1685,1.8546,-9.4759,4.630,0.477
4.0235,1.7822,-0.5826,6.198,0.881
4.1056,1.9602,0.8813,3.873,0.488
4.1386,2.0182,0.6270,4.686,0.487
3.9621,2.1610,-2.7123,5.181,0.516
4.3389,1.9086,-1.5205,4.587,0.454
4.3516,2.0041,0.8522,6.763,0.867
4.2724,2.0062,-3.4007,5.999,0.693
4.3813,2.1186,0.0868,5.592,0.586
4.6401,2.3719,-2.4481,5.437,0.574
4.3356,2.1781,-2.8562,5.708,0.592
4.3239,2.4333,-3.0695,6.619,0.792
4.2858,2.4743,1.0535,4.229,0.452
5.0605,2.1596,-2.6614,6.793,0.836
5.0392,2.2705,0.1404,6.487,0.922
5.0683,2.3390,-0.9369,5.518,0.569
5.1285,2.1525,-2.4461,6.846,0.858
5.0228,2.0437,0.3762,4.548,0.492
5.3715,2.3216,6.2585,4.561,0.474
5.2284,2.3636,0.6430,4.720,0.486
4.8991,2.1983,-1.3650,3.200,0.697
5.1186,2.4186,-1.6699,4.340,0.479
4.8215,2.3797,-3.8424,4.226,0.483
5.3524,2.6627,-2.5743,0.721,0.853
5.2173,2.7950,0.8567,6.021,0.670
4.7335,2.3876,0.5989,6.879,0.870
4.7829,2.4678,-0.0862,3.809,0.523
4.9336,2.5449,-1.2233,6.309,0.758
4.8440,2.4574,-3.6389,4.253,0.488
4.7925,2.4339,0.1986,4.522,0.487
4.9235,2.6462,-13.1306,5.393,0.565
4.9869,2.7348,-0.4528,6.249,0.661
4.6278,2.5594,-4.1574,3.692,0.533
4.5822,2.6105,-4.4308,5.076,0.512
4.5639,2.7278,0.3316,6.043,0.680
4.7452,2.8830,-8.5412,4.195,0.482
5.0516,2.7007,5.3394,3.835,0.476
5.3545,2.9684,0.7252,5.333,0.557
5.0532,2.9744,1.8510,5.247,0.512
5.2372,3.1207,-4.5544,4.621,0.500
5.1865,3.1043,-11.4715,6.007,0.658
5.1520,3.1095,2.8265,6.255,0.685
5.0067,3.1264,-3.9918,5.872,0.589
4.8325,3.0488,1.2964,4.203,0.450
3.7478,2.1913,-0.1679,5.655,0.578
3.8405,2.3239,14.2750,6.093,0.670
3.7499,2.3800,-1.3724,6.235,0.692
3.9108,2.5453,0.2441,6.836,0.845
3.7680,2.3409,-5.9020,4.556,0.477
3.7451,2.4154,-0.3387,6.518,0.770
3.9943,2.2780,-4.5778,5.242,0.510
3.8687,2.2073,-7.6438,5.351,0.551
3.6782,2.3004,-5.3998,5.729,0.571
3.6649,2.3255,1.9025,2.347,0.700
3.5918,2.2806,-1.2572,5.690,0.575
3.5688,2.2888,4.0364,5.386,0.510
3.8873,2.5135,-6.7990,5.308,0.553
3.6555,2.4485,-4.6937,5.497,0.531
4.0078,2.7813,-2.3018,5.403,0.535
4.2831,2.6420,-2.0933,5.411,0.531
4.1631,2.6951,-4.3760,4.260,0.449
4.0712,2.3666,-0.0705,3.674,0.496
3.9790,2.5075,6.6447,3.901,0.470
3.4762,2.5678,0.0078,6.308,0.741
3.5418,2.6793,1.0701,6.758,0.865
3.6836,2.6981,-2.0798,4.591,0.492
3.5158,2.3759,1.3751,6.562,0.790
3.4374,2.6493,-4.2516,6.214,0.666
3.4383,2.8374,-1.2469,6.704,0.949
3.4496,2.9078,-2.9211,6.488,0.711
3.4430,2.4333,-1.6850,4.330,0.468
3.3521,2.5003,1.9718,3.988,0.476
3.4969,2.6333,2.0471,3.589,0.554
3.3054,2.5580,-6.7968,4.532,0.486
3.3423,2.6786,-0.6574,4.473,0.481
3.4148,2.7707,6.9318,4.280,0.471
3.3049,2.7186,0.9328,5.256,0.543
3.8399,2.7191,-11.0603,6.368,0.781
4.0056,2.8973,1.5594,5.886,0.655
3.9191,2.9622,-1.5089,6.540,0.807
3.9180,3.0672,-0.3949,5.847,0.665
3.8083,2.9363,6.3673,6.609,0.749
3.8303,2.9012,-2.8756,5.187,0.519
3.8486,2.9610,-12.8490,5.968,0.600
3.7812,3.0341,-8.4371,5.512,0.564
3.5754,2.9474,3.1523,3.778,0.487
3.8371,3.1830,-0.8126,4.677,0.488
3.5248,3.0217,-6.7809,5.205,0.511
3.9626,2.8731,3.1075,6.156,0.685
4.5481,2.7950,3.1124,5.404,0.569
4.4471,2.8571,1.6911,4.989,0.493
4.3954,3.0205,3.9261,6.498,0.720
4.4922,3.1657,4.4884,5.241,0.527
4.3169,3.0583,-1.6142,5.663,0.572
4.2578,3.0196,-7.5796,5.663,0.566
4.1318,2.9911,-5.2090,4.879,0.493
4.4835,3.2538,-1.9202,5.192,0.502
4.3301,3.2069,-5.2611,4.996,0.496
4.7829,3.0827,-0.1103,5.816,0.600
4.7713,3.3177,-0.3714,6.284,0.722
4.8122,3.1701,-17.2352,3.609,0.494
4.3020,3.2818,-0.0352,5.647,0.577
4.2248,3.2383,0.7386,6.298,0.820
4.1339,3.0382,9.1920,4.900,0.484
4.0137,3.1108,2.7924,3.788,0.483
4.0373,3.3754,8.9739,6.166,0.710
3.9277,3.3747,-0.7215,4.849,0.490
3.9474,3.4489,-1.7613,3.152,0.658
4.1078,3.5630,1.5444,5.866,0.621
3.8968,3.4316,5.1684,5.110,0.496
4.0190,3.5600,3.7838,-0.739,0.873
1.6864,1.5347,0.7002,6.307,0.770
1.9406,1.8833,-1.9239,4.834,0.509
1.9123,1.9473,-0.7886,6.268,0.709
1.8677,1.4122,-3.4376,6.648,0.756
2.0796,1.5860,-0.0289,6.547,0.776
1.8416,1.4448,-0.2781,4.325,0.500
1.8314,1.4718,-0.8693,6.142,0.716
1.7822,1.6924,-2.1068,6.865,0.862
1.6962,1.6464,1.0662,5.048,0.528
1.7727,1.7402,2.6567,5.663,0.688
1.6703,1.7085,-4.9232,5.855,0.614
1.7823,1.8470,0.2233,6.868,0.881
1.8838,1.9858,4.9750,6.801,0.813
1.8852,1.3798,-0.6526,5.191,0.562
2.1242,1.6074,0.3020,3.855,0.513
1.8214,1.4225,-8.7517,4.076,0.505
2.0706,1.6141,-0.8961,4.965,0.541
2.0629,1.6885,-8.2563,4.559,0.490
2.0985,1.7202,4.1064,5.145,0.527
1.8799,1.5690,0.7937,5.516,0.579
1.9260,1.6042,-2.8593,4.837,0.516
1.9554,1.6402,-0.0293,5.443,0.570
2.0825,1.7371,0.1303,3.950,0.502
1.9260,1.6460,-0.9640,5.336,0.561
1.7488,1.5312,1.3565,4.789,0.534
1.7930,1.5939,-0.8852,4.293,0.493
1.7618,1.5825,1.2058,5.022,0.548
1.7194,1.6124,-2.0600,5.458,0.579
1.6693,1.6613,-1.8319,2.406,0.362
1.6073,1.6228,-0.7993,4.799,0.535
1.6517,1.7255,1.7752,4.586,0.526
1.8455,1.9341,-0.8062,4.743,0.507
1.8940,1.8357,1.3056,4.351,0.491
1.8020,1.7798,1.5317,5.194,0.564
2.0027,1.7051,1.4683,4.411,0.491
1.7866,1.7203,-3.8636,5.328,0.566
2.0017,2.0947,-2.5905,6.760,0.876
2.1608,2.1234,-0.1456,5.183,0.524
2.3146,1.8690,-2.0494,5.113,0.544
2.2299,1.7717,-3.6449,6.628,0.832
2.1299,1.9421,0.6268,4.071,0.495
2.0895,2.0897,-3.0423,5.519,0.517
2.1803,2.2369,1.1237,6.271,0.715
2.1769,2.2743,-1.7949,5.300,0.573
2.2715,1.7402,0.3585,5.103,0.533
2.1780,1.6981,1.7754,4.666,0.495
2.1802,1.7500,2.3260,5.046,0.534
2.2205,1.8744,2.0983,5.173,0.587
2.2439,1.9108,2.9286,2.952,0.710
2.1404,1.8451,-1.7079,0.908,0.868
2.0692,1.8196,0.7960,4.764,0.551
2.1153,1.8835,-1.3034,4.959,0.555
2.4048,2.0884,-2.0319,5.868,0.675
2.3301,2.0811,-2.7460,5.670,0.592
2.1397,1.9900,0.0402,4.979,0.514
2.1950,2.0349,-3.5458,3.908,0.490
2.1743,2.1559,-0.1211,4.660,0.486
2.0793,2.1619,3.6515,5.300,0.540
2.1414,2.2471,2.1328,5.191,0.561
2.2889,2.1135,0.4096,5.242,0.581
2.2274,2.1522,-2.1446,6.604,0.763
1.4337,2.0600,1.7973,5.884,0.693
1.3970,1.8457,-4.1848,6.258,0.726
1.6350,1.7467,1.8223,6.196,0.754
1.5357,1.7106,0.6284,6.339,0.728
1.8178,1.9824,0.6202,5.689,0.609
1.5435,1.8159,2.2646,6.319,0.722
1.6758,1.9526,1.3815,6.578,0.746
1.5911,2.1515,-0.6000,6.880,0.866
1.6255,2.1896,2.6791,6.246,0.699
1.7296,1.8431,3.7160,3.872,0.552
1.6166,1.7742,-0.1196,5.636,0.615
1.7597,1.9012,0.2033,5.242,0.569
1.5433,1.7803,-4.7268,6.225,0.739
1.4876,1.7512,2.2045,5.033,0.564
1.5620,1.8157,2.9337,6.152,0.712
1.7062,1.9358,-2.1037,4.532,0.496
1.7808,2.0152,-0.1793,6.531,0.857
1.6171,1.9110,-3.6802,4.744,0.538
1.6314,1.9400,0.3635,4.494,0.561
1.5446,1.9652,-0.0301,4.203,0.520
1.5041,1.9535,-1.3922,4.326,0.505
1.7062,2.1041,-1.1703,5.587,0.685
1.5749,2.0135,5.3987,5.680,0.628
1.4058,1.9502,0.1104,5.983,0.667
1.4258,2.0238,1.9621,5.017,0.575
1.5003,2.1010,7.8725,6.221,0.743
1.6445,2.2233,-3.6980,3.703,0.595
1.2745,1.9909,-1.7940,5.022,0.558
1.4626,2.1660,1.0676,6.372,0.794
1.7010,2.0006,-0.9502,5.402,0.699
1.8151,2.2261,4.3082,6.727,0.834
1.9789,2.2827,0.4958,6.233,0.698
1.6836,2.3522,3.8815,6.563,0.760
1.7452,2.3362,3.0426,5.936,0.651
1.8368,2.4842,-0.7331,5.888,0.671
1.9057,2.1481,3.7942,4.298,0.496
1.9731,2.1929,0.2151,6.514,0.679
1.8804,2.3078,3.5439,6.704,0.858
1.9234,2.0666,-0.8704,3.940,0.494
2.0043,2.1742,-1.5594,5.049,0.536
2.0202,2.1958,3.6537,6.467,0.659
1.8254,2.0832,0.3365,5.484,0.568
1.9560,2.2021,-2.4475,4.303,0.498
2.1194,2.3202,-0.4783,6.198,0.710
1.8856,2.1636,1.0756,3.780,0.551
1.9071,2.2673,0.8976,5.953,0.688
1.9536,2.3922,1.5468,4.214,0.494
1.7679,2.3100,0.5388,5.650,0.496
1.9990,2.4859,0.3510,6.489,0.822
1.8704,2.5030,-1.1143,5.717,0.590
1.7606,2.4372,-0.7247,4.310,0.493
1.9229,2.5941,-1.5680,4.837,0.560
2.5432,2.2327,-3.2543,6.203,0.716
2.5988,2.4309,-0.2321,6.653,0.788
2.5900,2.1988,0.1049,6.221,0.699
2.6114,2.2528,6.8694,6.771,0.749
2.6886,2.3503,-5.4033,5.188,0.562
2.7071,2.3453,-3.0645,4.879,0.559
2.3769,2.3274,14.3763,5.578,0.572
2.3665,2.3810,0.3448,5.192,0.520
2.5437,2.0578,7.5751,5.117,0.504
2.6821,2.2298,-3.0429,4.926,0.507
2.7357,2.2805,-0.9756,3.036,0.693
2.6081,2.3632,5.6024,5.482,0.571
2.4880,2.2961,4.7700,4.747,0.497
2.5272,2.3684,-3.7478,6.417,0.797
2.3543,2.3010,1.8562,4.096,0.477
2.3937,2.3731,2.4403,3.691,0.557
2.5513,2.4901,6.6653,5.136,0.553
2.3171,2.3365,-2.8606,2.614,0.712
2.4400,2.4603,-0.5750,5.180,0.536
3.1103,2.6339,-0.4259,4.243,0.462
2.7614,2.6523,-2.6408,6.310,0.712
2.7691,2.8835,0.8451,5.445,0.568
2.9253,2.8797,-10.4150,5.522,0.548
2.7815,2.6661,-2.9295,5.585,0.569
2.9209,2.6346,7.3011,6.220,0.694
2.7255,2.5963,-0.8629,5.951,0.654
2.6433,2.5745,-10.6099,6.738,0.767
3.0519,2.5979,0.9830,6.688,0.871
3.0881,2.6808,-5.3923,5.059,0.474
3.0850,2.7010,-17.3844,4.913,0.604
2.7612,2.4817,-2.6349,5.679,0.593
2.7704,2.5762,0.8296,5.182,0.520
2.7212,2.5576,1.1722,4.789,0.494
2.6847,2.5324,0.1257,2.412,0.720
2.7746,2.6107,-0.1817,5.354,0.525
2.9562,2.7562,-3.9681,6.116,0.684
2.7094,2.7087,-6.1889,6.053,0.588
2.6264,2.7296,1.8867,4.880,0.578
2.8804,2.5119,0.9909,4.852,0.495
2.3073,2.4434,7.0635,6.007,0.679
2.4094,2.6598,0.1814,6.173,0.663
2.3794,2.6028,2.7469,5.706,0.579
2.3394,2.5075,3.7399,6.388,0.633
2.4872,2.6589,-1.4895,6.409,0.804
2.2257,2.5379,-6.5924,6.574,0.758
2.1981,2.6169,1.7383,5.570,0.443
2.4611,2.6522,6.6813,4.496,0.480
2.1648,2.5007,-2.6697,4.947,0.500
2.2697,2.6075,0.0896,3.853,0.488
2.3112,2.6757,-3.0454,6.472,0.782
2.0599,2.6010,-1.1508,5.931,0.661
2.0710,2.8421,0.2925,6.527,0.772
2.2011,2.9578,-7.3748,5.808,0.616
2.5785,2.7701,-3.8728,0.696,0.167
2.2934,2.9130,-1.0008,6.578,0.772
2.5642,3.2632,2.5458,0.644,0.561
2.7133,3.0154,-2.0514,6.052,0.661
2.3088,2.9683,3.3667,6.204,0.731
2.5978,2.8361,-4.6669,6.133,0.587
2.4833,2.9308,-2.7712,5.468,0.618
2.6367,3.1937,2.6758,6.402,0.696
2.5819,3.1906,-1.3172,6.663,0.770
2.4866,3.2287,3.1709,6.856,0.866
2.7737,3.0264,4.7164,5.489,0.573
2.6556,2.9629,-11.0705,5.769,0.642
2.3095,3.0357,-1.3047,-0.143,0.882
2.4690,3.1888,-2.5012,5.120,0.509
2.4571,3.2307,0.1496,4.115,0.461
2.6875,3.0271,5.6626,5.626,0.563
1.2542,2.0694,-0.4542,4.538,0.546
1.1605,2.2032,0.3041,6.828,0.878
1.2582,2.2048,0.1963,6.492,0.760
1.2651,2.3200,1.6371,5.317,0.589
1.4624,2.3604,0.7137,5.618,0.606
1.1307,2.5227,-3.2030,6.227,0.732
1.2906,2.0547,1.0982,5.866,0.694
1.0989,2.3318,-3.3074,6.164,0.761
1.1638,2.4274,0.3303,6.254,0.716
1.4354,2.2114,0.0696,3.764,0.564
1.2153,2.0664,-0.1027,6.423,0.756
1.1877,2.0583,-0.0869,2.702,0.757
1.1971,2.1163,6.6705,5.730,0.657
1.3523,2.2362,-1.4679,3.631,0.683
1.4541,2.3171,0.4074,3.692,0.572
1.3835,2.2740,-1.2347,5.835,0.645
1.4123,2.3040,-0.9612,5.274,0.565
1.2644,2.2846,-1.3905,5.425,0.579
1.3698,2.3669,1.0610,4.738,0.501
1.4412,2.4278,2.1915,4.955,0.531
1.1502,2.3615,-1.0929,5.423,0.676
1.1927,2.4233,2.5933,4.368,0.500
1.2817,2.4950,0.5990,5.133,0.565
1.2273,2.4915,1.8514,2.581,0.755
1.2465,2.6430,3.6849,4.376,0.502
1.3666,2.4897,-1.0220,4.084,0.494
1.1556,2.3889,-2.3443,6.540,0.852
1.7326,2.5973,5.5832,6.401,0.738
1.3800,2.6328,2.2099,5.592,0.659
1.5122,2.6514,0.3788,6.450,0.782
1.5922,2.7044,-3.5114,5.688,0.600
1.3761,2.6952,-0.5808,6.596,0.795
1.5916,2.3660,-0.4516,5.968,0.661
1.7242,2.4944,-10.6155,6.173,0.704
1.6210,2.6468,-0.3224,5.903,0.515
1.6328,2.6628,4.1406,6.483,0.798
1.6475,2.4580,-4.1566,6.095,0.865
1.6265,2.4867,3.9345,5.919,0.694
1.8454,2.6404,-4.5919,4.983,0.536
1.5109,2.4336,2.5490,4.819,0.515
1.7294,2.7265,-6.0440,4.699,0.497
1.5995,2.6493,-2.0621,4.408,0.492
1.6551,2.7646,-1.0835,4.638,0.489
1.5494,2.7384,-0.6728,4.854,0.562
1.6059,2.8081,4.0152,6.013,0.676
1.3322,2.6925,2.0633,4.803,0.530
1.3668,2.7301,-0.8766,6.698,0.864
1.4534,2.8698,1.2338,3.074,0.713
1.5455,2.9690,1.1078,5.259,0.567
0.8209,2.7166,-1.3570,6.580,0.860
1.1457,2.6411,-0.4781,4.156,0.546
1.0302,2.7163,2.6029,6.698,0.774
0.9321,2.6441,-0.4775,6.508,0.861
0.9527,2.8609,-2.5325,6.057,0.686
0.9289,2.9798,2.4943,6.818,0.872
0.9093,2.3857,-2.0325,5.126,0.695
1.0455,2.4931,0.6509,4.831,0.547
1.1227,2.5581,0.7740,4.521,0.521
1.1364,2.6174,0.0645,4.078,0.568
1.1665,2.6776,1.5756,4.465,0.538
0.9617,2.6061,-4.5073,1.529,0.846
1.0341,2.6593,-1.8709,5.574,0.661
0.8420,2.5312,4.4446,5.722,0.650
0.7899,2.5413,1.5118,4.547,0.513
0.8899,2.6149,-0.4474,5.482,0.617
0.9052,2.6830,-1.7513,6.599,0.824
0.9278,2.7580,0.1122,5.410,0.655
0.9421,2.8867,-0.9149,4.217,0.509
0.7724,2.8076,-2.7650,3.282,0.694
0.8479,2.8950,2.3412,5.062,0.566
1.3926,3.0454,-4.4303,5.982,0.689
1.1099,3.0104,2.7451,6.217,0.731
1.1124,2.9671,3.7699,5.468,0.588
1.4155,2.8491,0.0931,6.273,0.754
1.1793,2.8384,1.9081,6.303,0.778
1.1731,3.0686,0.6879,6.496,0.751
1.0997,3.0543,-0.2918,6.790,0.866
1.3185,2.7603,1.8452,5.843,0.669
1.3819,2.8199,-0.3738,5.054,0.564
1.3242,2.8163,1.9425,5.647,0.583
1.4759,2.9374,-0.1822,5.703,0.580
1.4470,2.9284,-1.8214,4.083,0.497
1.3054,2.8463,0.6626,5.074,0.551
1.2380,2.8305,2.2985,6.024,0.716
1.1761,2.8900,2.5301,4.061,0.538
1.1302,2.8880,-1.0128,4.514,0.537
1.2696,2.9980,1.8777,5.241,0.567
1.1721,2.9808,-2.0860,5.648,0.633
1.3201,3.1363,0.6843,4.718,0.539
1.2174,3.0767,-0.1172,5.091,0.561
1.3421,3.2111,-0.7649,5.879,0.663
1.1642,3.0928,-5.4126,5.286,0.571
1.3123,3.2102,4.5895,5.132,0.562
1.2741,3.1960,0.6589,4.784,0.519
1.0871,3.0883,-2.9578,5.671,0.616
1.2145,3.2056,-0.1398,5.322,0.575
1.6712,2.9484,-0.4725,5.787,0.587
1.9470,2.9543,-3.9809,4.593,0.488
1.8499,3.1206,-5.4832,3.979,0.499
1.9451,2.8619,2.0047,6.715,0.786
1.8060,3.1205,1.4094,5.987,0.666
1.8575,2.7934,-11.7795,4.810,0.501
2.0705,2.9510,1.6038,5.001,0.505
2.0240,2.9245,1.0089,3.716,0.525
1.8214,2.8197,0.5092,5.214,0.561
2.1450,3.0529,6.7687,4.000,0.378
1.7679,2.8181,-3.6393,4.336,0.496
1.8909,2.9126,-0.4580,2.459,0.747
1.8225,2.8908,-0.3257,4.704,0.493
2.0546,3.0839,-0.8098,6.638,0.847
1.7116,2.8666,-1.1311,4.933,0.495
1.7774,2.9603,0.4373,5.143,0.565
1.9693,3.0956,1.5231,5.787,0.606
1.6892,2.9408,-0.1223,5.528,0.591
1.8892,3.2643,-1.8790,4.757,0.510
1.7542,3.1707,-0.7190,4.497,0.492
1.8156,3.2223,6.8572,5.795,0.626
2.0690,3.1509,2.7597,6.511,0.871
1.9270,3.3137,-4.1359,4.285,0.492
2.2284,3.3427,-5.6766,6.762,0.758
1.9694,3.3899,-5.0850,4.488,0.494
2.2966,3.5107,0.2234,5.270,0.555
2.1008,3.1427,6.2752,6.188,0.714
2.2943,3.5483,10.4137,6.221,0.724
2.0947,3.2546,2.9744,4.348,0.466
2.3414,3.2670,2.7411,4.850,0.483
2.1787,3.2560,-3.6355,5.116,0.540
2.0061,3.4037,-1.6637,6.117,0.646
2.2243,3.2116,-4.2650,4.744,0.476
2.1869,3.2358,-0.7751,4.649,0.505
2.2153,3.2922,-4.6906,5.077,0.507
2.3584,3.4099,4.3881,5.361,0.561
2.0812,3.2193,4.6473,4.839,0.499
2.2617,3.4743,-4.1740,5.591,0.575
2.0587,3.4843,-0.0907,4.848,0.495
1.5850,3.2932,-2.0437,6.531,0.766
1.4344,3.3407,6.8676,6.544,0.804
1.6305,3.4265,2.5338,5.624,0.578
1.3174,3.3029,0.5515,5.596,0.627
1.8054,3.2708,-0.7816,4.862,0.498
1.8754,3.3246,-1.0950,6.528,0.795
1.6538,3.2090,-2.2062,4.527,0.499
1.8412,3.3434,-1.2697,5.575,0.594
1.7393,3.2805,-0.5943,4.094,0.498
1.5484,3.1762,-1.1623,5.538,0.579
1.6331,3.3484,-8.1219,4.709,0.576
1.7081,3.3876,-0.7130,5.454,0.579
1.5396,3.3187,-1.4622,4.649,0.506
1.5258,3.4146,-0.1027,4.929,0.543
1.4819,3.4399,4.6197,4.535,0.503
1.3422,3.3604,1.4509,5.454,0.592
1.3478,3.3873,-9.7141,5.645,0.675
1.6530,3.4286,-3.5430,4.984,0.537
1.9023,3.7455,-0.7351,6.784,0.907
1.9529,3.9243,-1.3137,5.985,0.710
1.9478,3.4672,0.6078,6.664,0.510
1.8487,3.7308,-6.7804,6.815,0.875
2.0060,3.8714,-1.3757,5.836,0.610
1.9628,3.4637,-0.5168,4.486,0.488
1.8484,3.4982,-2.4125,5.667,0.583
2.0584,3.7418,-0.5843,2.007,0.740
1.7068,3.5518,-0.6477,5.377,0.580
1.7150,3.5797,-1.0121,5.460,0.565
1.8256,3.7109,0.8939,4.151,0.500
1.7491,3.7631,0.3299,5.264,0.571
1.8039,3.8292,0.9290,3.178,0.724
1.8689,3.8903,0.6778,4.729,0.520
2.0933,3.7408,7.9185,5.835,0.623
2.7744,3.0665,-0.6784,6.838,0.865
3.2023,2.8804,6.5724,6.225,0.721
3.2690,3.1082,-0.7746,5.348,0.527
3.0382,3.1125,-0.6668,6.117,0.690
3.2706,2.7832,-2.5561,5.406,0.558
3.3133,3.0522,2.3782,5.577,0.579
3.2997,2.9247,5.7963,6.240,0.700
3.0796,2.7825,3.4518,5.754,0.594
3.1239,2.9799,2.5438,5.193,0.521
2.9610,2.8892,5.6530,5.090,0.505
3.1893,3.0810,-2.5504,5.139,0.516
3.1540,3.1562,-3.1427,3.871,0.480
3.1950,3.2215,-0.1525,3.413,0.619
3.1212,3.1801,5.0640,5.750,0.626
3.3946,3.0793,-0.7388,4.945,0.482
3.4736,3.2934,1.9981,6.832,0.855
3.6345,3.4782,-4.9992,6.052,0.692
3.4236,3.5900,-17.9378,6.076,0.686
3.6091,3.2297,4.3091,5.266,0.504
3.2685,3.4104,-1.1257,3.796,0.472
3.4592,3.1961,-0.9864,3.579,0.547
3.3332,3.4803,-2.8686,3.406,0.588
3.2326,3.3200,-0.4327,5.325,0.500
2.8601,3.1653,-0.7269,5.129,0.548
2.7404,3.3053,10.1517,6.630,0.761
3.0848,3.2915,1.6701,5.874,0.594
3.0262,3.3345,6.5060,4.379,0.488
2.7921,3.3590,3.4296,6.031,0.619
3.2548,3.5241,-0.8480,6.361,0.630
3.1266,3.3985,-5.9382,5.018,0.493
3.4012,3.7144,-1.3854,2.862,0.679
2.8975,3.6965,2.5667,5.318,0.541
2.9817,3.7739,-0.8811,5.687,0.585
3.3360,3.5285,1.9632,4.160,0.451
3.2799,3.5313,2.7666,4.549,0.458
3.9214,3.7615,-4.3824,6.800,0.823
3.7390,3.4220,1.1164,5.778,0.579
3.7453,3.7849,-1.0851,4.262,0.474
3.4907,3.6648,0.7474,4.836,0.486
4.0509,3.9034,-2.9518,5.911,0.647
4.2859,4.0279,-1.7788,6.371,0.705
4.0209,4.0615,-3.2092,6.389,0.766
4.1086,3.7993,-2.7773,6.203,0.703
4.3706,3.9491,2.6770,5.352,0.547
4.3304,3.9916,15.5693,6.882,0.863
4.3785,4.0341,-3.4801,6.557,0.779
4.0060,4.1131,3.5507,4.225,0.477
3.5653,3.9022,9.6596,6.860,0.878
3.6072,4.0942,-2.8159,5.181,0.637
3.4757,4.1614,2.0804,5.591,0.567
3.4379,3.8558,-0.6462,5.051,0.493
3.4706,3.9874,-10.0899,2.906,0.690
3.3485,4.0249,10.3934,-1.735,1.190
3.7183,4.1145,11.7317,5.367,0.541
3.7978,4.0641,2.2883,6.051,0.680
3.7678,4.0670,2.6976,5.541,0.568
3.5430,4.3301,0.4302,5.225,0.498
2.6287,3.8732,-1.2922,4.391,0.466
2.4645,3.8262,9.0677,6.547,0.788
2.5716,3.4367,1.5650,5.450,0.566
2.7058,3.5642,-3.2829,5.119,0.528
2.7455,3.6509,9.6117,4.630,0.485
2.6364,3.6904,-0.3911,5.836,0.572
2.4261,3.5934,0.4384,5.198,0.524
2.6547,3.8215,0.2655,4.597,0.469
2.5642,3.7931,2.3441,2.782,0.687
2.2423,3.6996,-5.6832,3.939,0.470
2.4230,3.8298,-2.1950,3.529,0.580
3.0046,3.9065,-0.3985,6.093,0.692
2.8442,3.9767,4.2651,6.833,0.871
2.7567,4.1760,-1.9017,5.874,0.655
2.8358,3.7499,4.4109,5.157,0.529
2.6501,3.9869,-1.1602,6.412,0.710
2.8420,4.2752,9.6970,6.824,0.858
3.1205,3.9927,-4.4409,5.928,0.631
2.8335,3.7962,-2.8023,1.185,0.765
2.7414,3.8353,0.5637,4.510,0.464
2.7273,3.9763,-5.2844,5.404,0.558
2.6744,3.9574,-2.9507,4.155,0.466
2.8769,4.2144,-4.2531,6.545,0.716
2.8047,4.1489,4.0113,5.027,0.499
2.2666,3.8080,1.0328,5.804,0.643
2.1577,3.8740,4.0113,6.290,0.723
2.3459,4.0973,-0.7642,5.047,0.566
2.1085,3.8347,3.8515,6.172,0.708
2.0982,3.7813,1.8909,6.884,0.866
2.3457,3.9513,-5.8626,5.244,0.532
2.2562,3.8964,0.4561,5.530,0.572
2.0735,3.8545,-1.7195,4.149,0.490
2.0849,3.9314,-0.3493,5.395,0.587
2.2925,4.2016,2.5901,4.279,0.471
2.1920,4.1444,-1.8735,5.081,0.513
2.0827,4.0705,-3.9210,5.328,0.571
2.1490,4.2399,-1.5414,6.230,0.709
2.1481,4.2792,5.2237,5.456,0.566
2.7493,4.3247,-3.0685,6.282,0.749
2.3821,4.4530,3.6992,6.841,0.854
2.4990,4.2136,0.8810,4.463,0.477
2.7549,4.3832,-3.3633,6.253,0.741
2.5018,4.6023,1.3573,5.039,0.534
3.2061,4.1286,-3.4281,5.781,0.619
3.3005,4.2343,1.5830,6.607,0.861
3.1440,4.2919,-1.5508,6.495,0.775
3.1022,4.1033,0.0831,4.860,0.490
2.9008,4.3462,6.3506,4.125,0.490
3.4599,4.4097,-1.8482,6.478,0.753
3.7447,4.6979,-4.4423,6.214,0.751
3.4732,4.4818,0.2707,3.777,0.487
3.5390,4.5531,-1.2167,4.676,0.487
3.4185,4.8013,1.3345,3.875,0.471
2.9133,4.4368,0.1573,5.334,0.570
2.9920,4.7367,-0.0528,4.535,0.491
2.7103,4.6319,-2.8884,-0.386,0.867
2.6403,4.5899,-4.6468,5.528,0.586
3.1289,5.0431,1.2127,6.433,0.721
3.2781,4.8959,2.8042,6.459,0.751
3.3362,4.9761,-0.3970,5.672,0.576
3.2251,5.0152,-4.8677,0.719,0.292
3.1458,4.9677,4.6063,5.166,0.560
5.7534,2.7278,-9.3128,6.041,0.709
5.7100,2.7315,-1.4863,3.781,0.488
5.7125,2.8587,4.1187,5.536,0.574
5.6054,2.9109,0.3069,3.901,0.479
5.8111,3.3510,-9.3060,5.481,0.567
5.9999,3.0258,-8.1366,5.744,0.605
6.1132,3.3037,-5.5251,4.688,0.473
6.1205,3.3874,4.9825,6.453,0.744
5.9153,3.3158,-8.8472,5.172,0.499
5.5814,3.2498,-2.8482,6.008,0.693
5.2001,3.4488,0.7967,6.550,0.791
5.3974,3.1597,0.1203,6.055,0.696
5.2952,3.1119,9.9521,4.908,0.489
5.3705,3.2127,-1.3707,4.154,0.468
5.5765,3.5310,-0.4939,6.550,0.748
5.4884,3.5599,-0.5650,6.095,0.702
5.7958,3.5372,-1.7731,6.160,0.685
5.4374,3.6307,-2.7031,4.037,0.445
6.3018,3.7605,-5.0823,5.679,0.580
6.5241,3.6365,-11.4951,4.782,0.492
6.5056,3.7301,0.3342,4.502,0.486
6.7825,4.0418,2.2791,5.743,0.629
6.0592,3.7383,-2.5680,5.288,0.528
5.9250,3.7765,3.9956,5.520,0.566
6.2717,3.9375,2.7242,4.201,0.457
6.2467,4.4443,-4.9532,5.652,0.568
6.3075,4.5547,-3.9543,3.404,0.618
6.0512,4.3545,0.5879,3.491,0.569
5.0302,3.5245,4.6244,6.107,0.728
5.1829,3.8468,-10.5417,5.916,0.585
5.1151,3.7320,2.9306,5.373,0.555
5.4933,4.0240,3.6952,6.383,0.704
5.4335,4.0620,-8.4418,6.408,0.708
5.0746,3.9984,4.4239,5.727,0.864
4.7225,4.2256,-3.7761,6.442,0.761
4.5520,3.9183,-10.1402,6.716,0.767
4.7544,4.0064,-2.9786,5.297,0.536
4.5990,3.9116,-1.8515,3.918,0.467
4.9066,3.8715,-3.0115,5.036,0.497
5.2185,4.4783,1.3244,6.520,0.832
5.1014,4.0692,0.2837,5.320,0.519
5.5130,4.2349,-10.1894,6.084,0.652
5.7790,4.4092,-2.7333,6.185,0.690
5.7413,4.5547,1.5387,6.694,0.857
5.6941,4.4306,4.0568,5.764,0.604
5.7983,4.7162,0.0309,5.757,0.582
6.1639,4.5432,0.9740,6.686,0.751
6.1608,4.5781,3.2598,4.819,0.478
6.1184,4.7159,-0.0285,4.791,0.467
5.4160,4.8004,7.0413,4.697,0.476
5.4383,4.4359,-6.6440,4.390,0.448
5.9425,5.0106,-10.1715,0.425,0.856
5.7799,4.9210,-6.5430,5.643,0.572
7.0822,4.2436,0.8386,3.630,0.530
7.3688,4.7793,8.9108,6.711,0.800
7.3230,4.9705,-0.3121,5.536,0.565
7.1938,5.1092,-4.6455,5.935,0.630
7.1098,5.3363,-0.8241,3.799,0.488
7.3003,5.4478,-3.5778,5.587,0.575
7.6428,5.5357,1.9591,6.276,0.732
7.3885,5.6348,3.2995,6.408,0.786
6.2721,5.0101,-2.2637,5.321,0.510
6.4258,4.9242,-9.1128,4.988,0.503
6.3680,5.3542,2.1077,6.781,0.861
5.9453,5.2431,3.1256,5.402,0.553
6.1154,5.3980,2.7183,1.824,0.712
6.1786,5.7959,5.1058,4.074,0.473
7.0038,5.6833,-8.6823,0.507,0.383
6.8161,5.7913,2.9458,3.618,0.499
7.2782,5.7640,-4.1732,6.419,0.739
7.4216,5.9596,-1.6343,6.529,0.721
7.1839,5.8339,-4.3626,6.247,0.715
6.8086,6.3605,-2.1042,3.923,0.462
4.5494,4.1739,-2.3610,6.771,0.826
4.6414,4.2941,-14.1237,6.456,0.718
4.5637,4.2820,9.7080,4.100,0.468
4.3081,4.2968,1.9272,4.419,0.471
4.4018,4.4244,-1.8461,6.075,0.861
4.7363,4.4829,3.5302,6.517,0.730
4.8150,4.5563,7.2086,6.870,0.877
4.7632,4.5702,-1.0197,6.252,0.705
4.5693,4.7921,-13.7843,5.869,0.617
4.8067,4.8244,5.1109,6.887,0.868
4.8559,4.7592,4.5538,3.308,0.658
4.3014,4.7725,-7.0967,4.531,0.441
4.0677,4.7683,3.3350,1.642,0.748
4.0794,4.8764,-0.2531,5.367,0.567
4.5473,5.1474,-0.7051,5.456,0.540
4.5042,4.8758,-8.5971,4.081,0.461
4.2651,4.9823,-1.5075,5.095,0.521
4.8968,4.9446,5.6652,6.067,0.653
5.0434,4.7166,-6.8936,4.978,0.490
5.0479,4.9410,1.6118,5.725,0.594
4.9817,4.8956,1.5297,5.250,0.537
5.3953,5.1531,-5.3019,5.101,0.499
5.2650,5.5149,-11.3423,3.897,0.478
4.6454,5.1511,-1.6528,4.551,0.473
4.9530,5.4282,4.6561,5.470,0.562
4.7466,5.4727,-6.5227,5.489,0.566
4.7197,5.5006,5.4562,4.295,0.475
4.8175,5.1136,-5.9507,5.273,0.523
5.0474,5.5531,6.0687,5.003,0.493
5.0349,5.7505,7.8718,5.520,0.571
5.0080,5.7606,-17.8089,6.045,0.612
4.0692,5.0164,-4.4543,5.792,0.682
3.6142,5.0192,1.7596,6.536,0.792
3.5979,4.9668,1.5861,6.792,0.847
3.8747,4.7718,-3.1526,4.178,0.485
3.6975,4.8561,1.4754,3.750,0.483
3.7120,4.8948,-0.0621,5.575,0.568
3.8702,5.0332,-3.2900,4.777,0.491
3.7155,4.9311,5.5774,5.437,0.574
3.9954,5.2537,2.0784,3.864,0.473
3.8375,5.3150,2.2288,5.167,0.523
3.5430,5.2719,2.7309,6.204,0.686
3.6280,5.3634,-4.5493,6.039,0.698
3.3031,5.4192,4.1598,4.763,0.506
3.5764,5.4952,2.4826,5.936,0.697
3.5403,5.4212,3.6770,5.639,0.592
3.7335,5.4026,11.1088,6.081,0.676
3.6130,5.2263,-7.7259,5.537,0.567
3.4870,5.1594,2.2256,5.749,0.620
3.3618,5.2405,0.4975,4.539,0.431
3.5168,5.3932,0.4785,5.179,0.534
3.2726,5.3290,-3.9562,4.221,0.485
3.9090,5.6670,3.5203,5.869,0.639
3.7371,5.6908,2.1814,6.109,0.663
3.7433,5.9135,-12.8653,6.754,0.784
3.6276,5.7371,1.0344,5.977,0.649
4.5539,5.5919,7.0841,5.094,0.522
4.1998,5.6381,2.3611,5.791,0.593
4.7846,5.8280,-8.3434,5.564,0.567
4.8279,6.2264,-16.0386,5.983,0.671
4.7680,5.8080,2.8781,5.697,0.554
4.6920,5.7626,-0.0873,5.834,0.611
4.1756,5.8940,-5.8208,6.352,0.692
4.2451,6.1365,1.3678,5.960,0.651
4.2285,6.2229,3.8821,6.473,0.735
4.1502,6.2443,-0.9564,6.179,0.699
4.3288,6.3871,-1.2333,5.990,0.624
5.7601,5.4191,0.0395,5.449,0.563
5.4978,5.5924,-3.5376,6.162,0.691
5.4934,6.1485,-20.2585,6.569,0.821
5.4034,5.9943,-2.2641,4.694,0.478
5.2786,6.1585,0.0535,3.784,0.472
6.1431,6.2395,-12.4622,4.818,0.492
6.5835,6.7642,-0.9995,5.133,0.513
6.1597,6.8037,-4.1872,4.119,0.463
6.3509,7.3384,-7.5067,4.867,0.495
5.1359,6.2776,-2.6997,5.956,0.634
5.1367,6.3273,1.8677,6.110,0.701
4.8583,6.3615,-10.8722,5.224,0.541
5.0144,6.5835,1.3977,5.093,0.509
5.0272,6.7165,-0.6715,6.693,0.796
5.6193,7.7659,-9.4102,4.413,0.491
5.6509,7.8881,-0.3410,5.103,0.530
9.2123,4.8088,6.9628,4.717,0.479
9.1412,4.8875,-14.2584,4.189,0.453
8.4912,5.0943,8.6094,6.731,0.858
8.6040,5.4770,7.9242,4.212,0.444
8.3038,5.5827,-3.8694,1.992,0.679
8.5988,5.9914,6.8812,4.841,0.476
7.6041,6.0963,6.4610,5.792,0.614
7.6049,6.4192,8.7439,5.864,0.609
7.5277,6.6472,-3.3129,2.838,0.689
7.3919,7.0051,-2.4590,4.338,0.466
6.9928,7.1567,-7.4854,2.478,0.700
7.4330,7.4600,-0.0369,5.785,0.693
6.6985,7.2580,5.2221,6.226,0.711
6.6400,7.5355,12.2699,6.271,0.719
6.9905,7.4466,14.0079,5.533,0.566
7.0154,7.5255,1.9645,3.088,0.637
6.3649,7.7037,-3.0295,3.659,0.503
6.6855,7.8618,0.6123,6.117,0.704
6.6295,7.8901,-0.8001,5.957,0.660
5.9872,7.9507,-2.8749,4.462,0.488
6.2631,8.2466,-2.9924,4.373,0.478
6.4624,8.5684,-3.4873,6.163,0.662
6.3495,8.6504,2.0014,4.519,0.482
0.5934,2.7214,-3.0980,6.769,0.860
0.5739,2.9894,-2.2011,5.916,0.662
0.6437,3.1622,1.8048,5.603,0.681
0.5465,3.2249,-5.3100,5.962,0.723
0.3654,3.0250,-3.4914,6.155,0.717
0.3964,3.0939,16.1772,6.195,0.765
0.6379,2.8797,0.8618,6.717,0.831
0.7832,2.9165,4.7073,5.851,0.590
0.8332,3.0093,-1.4120,6.826,0.788
0.7851,3.0307,-2.4670,6.712,0.827
0.7986,3.0497,-1.4790,6.205,0.739
0.5374,3.1194,3.0525,6.708,0.870
0.5512,3.1640,2.2433,6.409,0.754
0.6370,2.6869,2.0474,6.799,0.725
0.7721,2.9004,1.1434,5.349,0.515
0.8535,2.9978,0.5525,4.981,0.555
0.8721,2.9833,0.7539,3.860,0.540
0.6487,2.8612,-1.0231,5.690,0.587
0.4980,2.8581,-0.8337,4.519,0.532
0.5896,2.9612,-1.9172,5.240,0.563
0.7255,3.0656,0.8599,4.541,0.554
0.5256,3.1665,1.6897,5.258,0.575
0.3625,3.0604,-1.7060,4.848,0.568
0.4367,3.1356,1.8880,0.451,0.897
0.5923,3.2596,-3.4191,4.855,0.550
0.6780,2.8208,0.3814,5.108,0.552
0.4929,2.8080,-0.9755,4.803,0.531
0.8387,3.1025,4.5777,5.692,0.663
0.8181,3.3210,2.7408,4.716,0.511
0.9436,3.1539,1.9946,6.834,0.855
0.9276,3.0864,-5.8976,4.950,0.549
0.9983,3.1827,3.0785,1.572,0.860
1.0420,3.2165,5.8480,5.980,0.682
0.9427,3.2151,0.4854,5.592,0.626
0.9170,3.2389,-0.0206,5.174,0.572
1.0718,3.3743,-1.0067,5.661,0.639
0.8428,3.2199,2.3835,4.270,0.518
0.9768,3.4676,-1.6216,6.375,0.768
0.6834,3.3348,1.9869,5.608,0.608
0.3410,3.1816,7.6425,6.370,0.779
0.5620,3.3090,0.3006,6.595,0.843
0.3190,3.4709,12.5012,6.620,0.864
0.4671,3.4158,0.9362,6.437,0.739
0.3705,3.1828,-3.0105,6.620,0.866
0.1599,3.1619,-1.1537,6.378,0.764
0.3736,3.5017,4.5176,6.747,0.916
0.2908,3.0094,3.1113,6.346,0.840
0.4976,3.3166,-1.0464,4.606,0.547
0.2860,3.1850,-5.3430,5.461,0.629
0.2617,3.2976,-0.6054,5.767,0.679
0.1662,3.2387,0.6435,4.907,0.565
0.2680,3.4516,-5.0480,5.420,0.601
0.3811,3.5590,-0.5662,6.753,0.825
0.2609,3.4973,0.9660,4.559,0.547
0.2847,3.5966,-3.6269,4.582,0.536
0.4735,3.4868,2.1110,6.199,0.739
0.3553,3.7220,2.1097,6.703,0.872
0.6059,3.9270,0.0739,6.247,0.778
0.8190,3.6632,1.7949,5.237,0.613
0.7250,3.4941,7.3685,6.046,0.706
0.5547,3.6425,-5.1852,6.188,0.689
0.4860,3.7674,0.1127,6.891,1.004
0.8624,3.6155,-6.7546,5.961,0.737
0.6949,3.5255,1.0736,3.670,0.727
0.8470,3.7284,2.4668,6.000,0.712
0.6980,3.6637,0.1132,4.492,0.512
0.5390,3.6610,-2.5291,4.428,0.559
0.6892,3.7683,0.8172,5.043,0.554
0.4904,3.7381,14.2442,4.908,0.540
0.5469,3.7842,-1.0798,6.818,0.869
0.6832,3.9046,2.1536,2.229,0.776
0.6547,3.9095,-0.2380,4.642,0.537
0.5378,3.8735,3.0379,5.782,0.664
0.4254,3.6769,0.7553,5.103,0.565
1.1067,3.5025,8.7458,6.721,0.861
1.3063,3.5859,-1.1306,6.320,0.769
1.5221,3.6622,-0.1285,6.517,0.809
1.2273,3.6789,1.4910,5.805,0.656
1.1066,3.6658,0.1637,5.949,0.697
1.1181,3.6207,1.0347,6.060,0.720
1.2666,3.5329,2.5113,5.583,0.602
1.3217,3.4259,-5.6705,4.565,0.498
1.3426,3.4676,-1.4249,4.817,0.543
1.2999,3.5074,-3.9805,4.238,0.531
1.2927,3.5443,1.7687,5.950,0.698
1.2618,3.5662,2.5022,4.006,0.553
1.3973,3.7219,2.2391,2.963,0.738
1.1931,3.6595,-0.0866,4.712,0.561
1.3162,3.8228,3.6970,2.861,0.751
1.2008,3.7463,-0.2491,5.259,0.572
1.0277,3.7498,-0.0471,4.647,0.528
1.1962,3.9456,-0.9086,6.610,0.752
1.6005,4.2062,-2.1454,5.604,0.611
1.7009,3.9343,4.1705,5.096,0.553
1.8226,4.0282,2.4033,5.392,0.593
1.7968,4.0843,0.9734,5.123,0.562
1.6495,4.1288,0.3165,3.010,0.744
1.3800,3.9763,-2.0626,3.840,0.565
1.4539,4.0925,0.2436,5.074,0.547
1.3080,4.0390,-6.0190,3.783,0.567
1.6177,4.2793,0.1315,4.054,0.549
1.4405,4.1807,-0.3307,5.777,0.617
1.3730,4.1212,2.4337,5.466,0.602
0.9844,3.7947,-1.3926,6.544,0.815
1.0155,3.8090,-5.0635,6.859,0.876
0.8497,3.9922,-2.9691,6.846,0.910
0.8277,4.0861,-6.0061,6.212,0.712
0.9724,3.7526,0.0937,5.746,0.636
1.2285,3.9846,-1.3019,4.870,0.540
1.1143,3.9977,3.9089,6.456,0.766
0.8323,3.8461,1.7603,5.826,0.659
0.7915,3.8444,1.2902,6.236,0.743
1.0177,4.0266,2.6834,5.702,0.648
0.8787,3.9488,1.9862,5.874,0.670
0.8670,4.1018,-3.2162,6.779,0.868
0.9481,4.1746,1.7119,6.323,0.763
0.8211,4.1078,-0.5141,4.612,0.557
0.9894,4.2846,-0.5345,4.728,0.547
1.2506,4.5604,1.5024,6.824,0.901
1.2009,4.1113,-0.1250,6.289,0.722
1.2588,4.0285,0.4604,5.411,0.577
1.2875,4.2639,0.6770,0.769,0.143
1.2747,4.2936,0.9160,4.297,0.468
1.2190,4.2717,0.2976,5.271,0.566
0.9948,4.3411,7.4517,4.011,0.553
1.1995,4.4867,2.1951,5.761,0.717
1.2848,4.3374,3.7835,5.647,0.665
-0.1389,3.7558,-3.4711,6.069,0.714
0.0232,3.9247,0.3628,6.136,0.707
0.1159,3.6067,-7.2164,6.610,0.837
0.1440,3.6080,-2.2180,6.626,0.863
0.1266,3.6327,1.2143,5.805,0.677
0.2360,3.7324,-1.5775,5.819,0.661
0.1498,3.7404,-17.1197,6.139,0.710
0.0806,3.7176,-1.3218,5.081,0.590
-0.1218,3.6362,-2.6605,6.138,0.767
-0.0071,3.7591,-0.0570,6.189,0.781
0.0468,3.9265,-0.5778,4.912,0.565
-0.1202,3.8521,-2.2910,6.445,0.783
-0.2722,3.6090,-3.2626,5.872,0.716
0.4807,3.9219,8.7755,6.757,0.868
0.3759,3.9225,-0.6882,6.041,0.687
0.4185,4.1207,-2.9276,6.385,0.712
0.1642,3.9743,-12.0434,6.850,0.869
0.5564,3.9837,0.0254,5.338,0.590
0.3787,3.9480,-0.8115,3.917,0.561
0.3409,3.9569,-0.5002,4.833,0.525
0.1160,3.8949,-3.3023,6.317,0.772
0.1478,4.0051,2.0477,4.672,0.561
0.3317,4.1797,-0.8439,5.165,0.569
0.1660,4.1837,-1.3939,4.885,0.564
-0.2694,3.7715,0.0508,6.683,0.784
-0.4415,3.8697,-2.5717,5.848,0.663
-0.2255,3.7952,1.5744,5.285,0.587
-0.3285,3.7515,-0.7920,0.935,0.902
-0.1589,3.8909,-1.9944,6.491,0.857
-0.1484,3.9712,1.0796,5.663,0.639
-0.4936,3.8622,-3.2737,2.085,0.864
-0.2278,4.1752,-4.6171,5.101,0.588
-0.2655,4.2486,2.7121,4.425,0.567
-0.5676,4.0793,-1.8931,5.366,0.637
0.0781,4.1843,-1.6016,6.509,0.858
0.0707,4.1416,5.0096,6.478,0.858
0.0637,4.2275,-0.5424,4.762,0.564
0.0154,4.2088,-6.4411,5.184,0.593
-0.0093,4.2627,-4.4242,5.278,0.600
0.0065,4.3183,1.1434,5.537,0.660
-0.1593,4.4323,-1.5296,4.776,0.570
0.0036,4.5662,-0.9139,4.838,0.565
-0.2880,4.3654,-1.4448,4.224,0.570
-0.0463,4.5700,-21.5046,6.358,0.779
-0.0188,4.1534,-4.9050,5.416,0.608
-0.0154,4.1093,-1.1174,4.232,0.565
0.0855,4.5179,0.2532,6.354,0.791
0.6653,4.2953,0.8305,6.341,0.746
0.4704,4.3957,-3.4915,6.034,0.727
0.4191,4.4484,-4.7984,5.654,0.650
0.7001,4.1016,-0.3234,5.054,0.570
0.6507,4.0827,-3.9942,4.988,0.566
0.7279,4.1465,0.2070,5.190,0.592
0.5601,4.1851,-2.2953,6.171,0.711
0.4999,4.2033,2.8415,5.443,0.587
0.7459,4.4365,2.5667,5.599,0.622
0.5972,4.4148,-5.3415,3.906,0.565
0.6391,4.5694,0.9215,6.452,0.826
0.5740,4.6220,0.1346,6.145,0.752
0.7862,4.7155,-14.5569,5.740,0.648
0.8563,4.8446,-1.4247,6.044,0.719
0.9858,4.4851,1.4978,6.220,0.755
0.8935,4.4337,1.0689,5.789,0.702
1.0227,4.4709,3.4218,5.527,0.612
1.0324,4.5420,-2.8993,4.247,0.561
0.8998,4.4839,0.5905,5.555,0.636
1.1807,4.7155,1.0875,5.082,0.565
0.9698,4.5774,-0.1154,4.949,0.572
1.0732,4.8367,0.1055,4.632,0.569
0.8302,4.7207,-1.0395,5.917,0.688
0.7668,4.8193,1.9549,3.448,0.729
0.4469,4.6764,0.1919,6.153,0.729
0.3251,4.7840,-4.3889,5.874,0.688
0.5250,4.7444,-0.2982,6.732,0.855
0.1930,4.8796,-0.0527,6.462,0.855
0.3010,4.3897,-3.4204,6.308,0.791
0.2919,4.4265,3.8506,6.064,0.719
0.4971,4.7726,3.8731,4.052,0.563
0.4511,4.7446,-3.4293,6.164,0.747
0.2071,4.6285,1.8909,5.265,0.590
0.3634,4.7401,-5.8811,5.344,0.578
0.2254,4.6627,5.1242,4.750,0.561
0.6786,4.8716,0.4611,5.464,0.583
0.6967,4.8900,-3.4988,5.876,0.636
0.4541,4.8665,2.8024,5.414,0.599
0.6091,5.0005,-7.6404,4.780,0.543
0.4473,5.0486,7.9806,0.934,0.880
1.8148,4.1365,-10.2384,6.190,0.740
1.8639,4.4683,0.2463,6.843,0.831
1.8256,4.4683,3.2202,4.904,0.560
1.9379,4.0988,-1.6140,5.554,0.606
1.9921,4.1623,-1.0204,3.837,0.527
1.9993,4.4101,-3.1172,3.901,0.499
1.8213,4.4275,1.5156,4.930,0.547
1.9043,4.5772,0.6444,4.734,0.497
1.9396,4.6386,-1.3838,6.843,0.873
2.4229,4.6319,-0.5892,4.939,0.530
2.1864,4.4725,4.7956,5.695,0.625
2.3749,4.7177,-0.9644,4.420,0.488
2.2242,4.7332,-4.6436,4.622,0.496
2.0964,4.7207,-1.9221,4.956,0.525
1.5919,4.3688,-2.4637,5.625,0.606
1.4628,4.4527,0.7726,5.852,0.689
1.3281,4.6375,3.3511,6.250,0.762
1.5764,4.7544,0.2153,5.260,0.564
1.6544,4.8403,12.7558,5.801,0.659
1.6568,4.4962,4.5179,6.160,0.723
1.5667,4.6802,0.6667,5.991,0.708
1.8443,4.7065,1.5580,4.611,0.490
1.6979,4.7422,3.1614,4.522,0.503
1.4577,4.8639,-5.8880,1.747,0.794
1.5335,4.6847,-2.2170,4.083,0.511
2.1336,5.0818,-3.6497,5.037,0.526
1.9392,4.7466,-0.3281,6.442,0.783
1.8412,4.7580,6.1106,6.410,0.871
2.1187,4.9644,3.7190,4.466,0.483
1.9332,4.9033,-9.6959,4.677,0.496
1.8491,4.9207,-2.6753,6.434,0.757
2.0155,5.1789,0.7751,6.305,0.749
1.7677,5.1033,-1.6660,5.590,0.578
1.8003,5.1499,1.1259,5.319,0.563
2.7943,4.9910,-2.1969,4.530,0.496
2.7028,5.1187,-4.3543,5.474,0.579
2.3168,4.9914,0.4311,5.064,0.561
2.7731,5.3558,-5.1048,0.738,0.393
2.9005,5.1775,8.9416,6.806,0.861
2.8103,5.4698,-1.6910,6.721,0.752
2.8105,5.0932,-2.3287,4.809,0.499
2.3349,5.4821,-1.1084,6.252,0.741
2.4269,5.3536,-0.4675,5.417,0.568
2.1929,5.2732,-1.8186,5.463,0.572
2.1599,5.4996,-2.3379,5.323,0.562
2.0971,5.1920,-3.7055,5.271,0.548
2.5022,5.7087,0.9717,5.495,0.572
2.6116,5.8155,2.1326,5.467,0.575
2.5812,5.8869,4.5975,5.627,0.605
1.1784,4.8424,3.2782,6.458,0.800
1.1554,5.1300,0.0724,6.257,0.777
1.4602,4.9958,-8.0594,6.783,0.897
1.1119,4.9445,1.8020,4.653,0.504
1.0133,5.0558,4.3272,5.699,0.635
1.5628,5.0180,-2.4564,5.595,0.575
1.3830,5.2575,-5.7974,6.543,0.754
1.5672,5.0489,-4.8347,6.280,0.706
1.4491,5.2025,-8.2731,4.903,0.499
1.3871,5.3921,7.3718,5.544,0.571
1.4662,5.4696,4.8382,5.598,0.578
1.6156,5.5769,-1.3000,4.265,0.476
1.5240,5.5871,2.6996,5.109,0.538
0.9994,5.1094,-2.5107,5.688,0.632
1.0548,5.3867,2.4313,5.933,0.668
0.9578,5.0971,-1.3514,5.993,0.691
1.1744,5.3008,-1.1641,2.513,0.744
0.9435,5.2001,14.5384,3.665,0.705
0.8469,5.1974,1.1610,5.579,0.591
0.8140,5.2291,-13.0244,5.852,0.650
1.4567,5.5990,7.0750,6.598,0.821
1.2517,5.6003,-5.0377,6.437,0.791
1.1752,5.7299,15.6274,6.804,0.883
1.8387,5.4546,0.1149,6.750,0.856
1.9640,5.7651,0.2177,6.073,0.674
1.8521,5.8241,5.8276,6.320,0.692
2.0658,5.7767,-5.1971,3.587,0.570
1.6127,5.6518,-0.2543,4.791,0.502
1.7737,5.6605,2.2667,6.689,0.863
1.7068,5.7434,5.7776,4.636,0.486
1.7551,5.7177,0.2242,5.861,0.599
2.1159,5.7995,1.9683,2.689,0.704
2.1444,6.0635,-1.3735,6.662,0.826
2.1992,6.1981,-1.6328,6.442,0.761
2.1074,5.9983,2.0188,5.461,0.571
2.1284,6.2131,-4.8026,5.892,0.845
1.7170,5.9394,-4.0142,5.940,0.666
1.7559,6.1428,-10.4304,6.369,0.720
1.3077,5.9905,2.1605,5.331,0.598
1.7952,6.0154,-0.4002,4.607,0.492
1.2643,6.0280,3.0937,4.979,0.560
1.6514,5.7989,0.5106,5.162,0.537
1.6665,5.8423,-10.4296,3.969,0.479
1.9391,6.5839,4.4829,6.264,0.745
2.0547,6.2093,-1.7240,5.204,0.563
1.8522,6.5325,-2.8060,5.626,0.611
-0.8054,4.1967,-6.8743,6.508,0.868
-0.8377,4.4385,-1.1073,6.781,0.872
-0.6520,4.3683,-3.5490,0.433,0.971
-0.7176,4.2945,-0.8872,6.161,0.747
-0.5867,4.2800,-1.8041,6.860,0.874
-0.6142,4.5233,-7.6417,5.425,0.657
-0.6924,4.1556,1.1664,5.880,0.716
-0.3894,4.3759,2.5430,4.319,0.594
-0.6934,4.5097,2.4525,2.686,0.850
-0.7582,4.5399,0.0617,6.061,0.718
-0.7583,4.5658,9.7795,6.060,0.767
-0.5923,4.1637,3.5609,5.885,0.773
-0.6866,4.1905,-3.3154,5.166,0.663
-0.0881,4.6681,-3.2682,6.510,0.850
-0.4229,4.8339,0.7151,6.040,0.751
-0.3139,4.9302,2.1654,6.198,0.764
-0.3601,4.7033,-1.0169,6.528,0.835
-0.3055,4.5531,-0.6938,3.298,0.812
-0.1736,4.6527,-2.5613,4.675,0.573
-0.8372,4.6129,3.9893,6.564,0.867
-1.1683,4.5820,-8.0810,6.524,0.864
-0.9006,4.7589,-10.0651,6.599,0.862
-0.9824,4.4708,2.9714,3.842,0.584
-0.7575,4.6882,4.3515,6.780,0.883
-0.8158,4.7209,3.4282,4.656,0.575
-1.0628,4.5913,8.1498,4.585,0.567
-0.9204,4.7549,2.8640,5.296,0.603
-0.9145,4.8564,2.8673,5.878,0.730
-1.1906,4.7113,-2.1275,5.243,0.622
-0.7897,5.0978,-4.0080,6.621,0.861
-0.5105,5.0465,-3.7199,6.832,0.880
-0.4540,5.0558,-0.3133,5.121,0.581
-0.4667,5.0688,8.8460,5.350,0.577
-0.4759,5.0971,5.9561,5.322,0.603
-0.8315,4.8891,6.0554,5.550,0.661
-0.5632,5.1553,4.2724,4.839,0.581
-0.8944,4.9363,5.8272,4.679,0.566
-0.7185,5.0655,-0.3053,4.129,0.585
-0.7320,5.2214,13.7815,6.377,0.740
-0.2010,4.8678,0.6719,5.314,0.619
0.0877,4.9283,6.9067,6.146,0.716
0.0167,5.0529,-5.7248,6.034,0.666
0.0052,4.9366,-0.7712,5.688,0.648
0.0006,4.8442,0.7618,4.541,0.570
-0.0594,4.8264,0.5435,5.152,0.592
-0.0294,4.9498,-4.0264,5.060,0.575
-0.1700,5.0340,0.4008,5.382,0.627
-0.0249,5.1572,1.1358,6.134,0.705
-0.3164,5.0020,4.0222,4.281,0.565
-0.2735,5.0568,-0.4141,5.675,0.688
-0.1535,4.9826,-1.1284,3.866,0.678
0.4507,5.3060,14.7465,6.463,0.758
0.0268,5.3368,1.6105,6.734,0.863
0.2483,5.2643,-2.8973,4.558,0.578
0.4574,5.4442,-0.9133,6.857,0.874
0.3126,5.2656,-2.3432,5.043,0.573
0.1595,5.2036,0.5145,5.295,0.577
0.1401,5.2053,0.0692,4.667,0.547
0.2433,5.3009,6.9381,5.520,0.652
0.1487,5.3109,2.4402,4.208,0.565
0.1817,5.5001,-2.3452,3.829,0.630
-0.2392,5.1972,1.1334,6.813,0.830
-0.4326,5.2204,3.7297,6.693,0.860
-0.3316,5.1245,1.3144,4.403,0.564
-0.4189,5.4067,10.5734,5.213,0.583
-0.6134,5.3455,-3.3481,6.390,0.810
-0.0340,5.4726,-9.9042,5.978,0.720
0.0030,5.4450,3.0162,6.088,0.720
0.1031,5.5494,-3.4998,4.429,0.558
0.0108,5.7372,1.7478,4.249,0.518
0.1146,5.8325,4.4085,4.176,0.552
-0.1910,5.7212,0.5555,5.308,0.570
-0.1801,5.7413,2.9947,6.019,0.744
-1.4434,4.9309,-0.3339,5.386,0.664
-1.3573,4.9526,-3.9735,5.174,0.577
-1.3964,4.9586,1.0878,6.775,0.637
-1.4518,5.0813,-3.6436,4.503,0.634
-1.0850,4.9206,-4.8905,4.240,0.584
-1.2361,4.8340,2.7426,5.594,0.642
-1.5333,5.0803,-0.2301,4.735,0.577
-1.2652,5.0614,7.2633,5.701,0.690
-1.1257,5.2478,-12.0122,6.620,0.788
-0.9387,5.5431,2.8620,6.608,0.814
-0.7202,5.2869,7.1540,6.187,0.770
-0.8469,5.2914,-3.8898,5.379,0.606
-1.1445,5.3990,2.2378,3.809,0.716
-1.0258,5.3004,-3.3277,5.008,0.578
-1.4923,5.2219,5.5237,6.171,0.708
-1.4879,5.2372,-0.3161,6.165,0.905
-1.4993,5.3058,-2.6254,5.704,0.671
-1.5691,5.4449,6.0187,4.271,0.577
-1.6411,5.1174,0.4137,4.629,0.579
-1.1441,5.6058,-7.4971,5.270,0.620
-1.2821,5.6646,0.6984,6.337,0.820
-1.5151,5.6870,3.4462,3.840,0.731
-0.6627,5.4034,-6.8961,5.892,0.674
-0.5345,5.7595,4.0524,5.338,0.578
-0.6980,5.6865,-0.2387,6.746,0.850
-0.5844,5.7810,2.7219,5.255,0.582
-0.6919,5.7474,-1.1062,6.482,0.826
-0.7379,5.7948,-0.5918,4.930,0.574
-0.6683,5.9824,-3.9441,5.217,0.606
-0.4526,5.6950,-0.9313,6.205,0.732
-0.8088,5.7429,-2.1839,6.127,0.717
-0.5150,5.9772,-3.7835,6.742,0.867
-0.2620,6.0912,2.5664,6.683,0.829
-0.2938,6.1334,-5.7600,6.693,0.830
-0.8153,6.1922,15.5316,5.261,0.582
-0.6089,6.3068,-1.0334,5.791,0.683
-0.6504,6.6388,9.8978,6.517,0.819
-0.7726,6.1855,7.7355,6.145,0.745
-0.7642,6.2522,2.9323,5.877,0.697
-0.7908,6.5419,1.8045,5.767,0.650
0.7961,5.6502,0.6355,6.448,0.783
0.6810,5.8336,-0.4156,6.431,0.800
0.6676,5.4698,-0.5718,5.017,0.573
0.8946,5.7022,-0.2477,5.474,0.608
0.7945,5.7943,1.2292,6.451,0.866
0.3650,5.6509,-5.2731,5.129,0.581
0.4931,5.7513,-0.7317,5.869,0.687
0.3540,5.6994,-5.4941,4.952,0.572
1.1040,5.9727,3.9607,6.833,0.861
1.1265,6.0344,0.8253,6.129,0.720
0.9720,6.2766,3.0331,5.950,0.695
0.9128,5.7830,7.0041,5.248,0.570
1.0283,5.9533,-10.1910,4.136,0.500
1.0449,6.0234,2.1407,5.111,0.559
1.0639,6.0927,-5.5069,4.315,0.493
0.8065,6.0400,-4.8544,3.753,0.650
0.9098,6.2329,-2.1531,5.860,0.671
0.9499,5.8430,-2.1324,3.795,0.569
0.1652,5.8878,17.8601,5.867,0.692
0.2752,5.7525,-0.7100,6.726,0.891
0.5891,6.0197,-21.0857,4.855,0.568
0.2952,5.8678,-0.7638,1.461,0.870
0.4775,6.1291,-0.9733,0.824,0.690
0.1222,5.9294,-4.2102,6.464,0.831
0.3158,6.2343,3.2034,5.474,0.613
0.7433,6.4444,2.4124,3.881,0.565
0.4542,6.3436,1.6430,5.005,0.577
0.5979,6.5870,6.5137,5.505,0.618
1.5186,6.4063,-0.7438,5.935,0.668
1.3090,6.4225,4.9787,6.825,0.843
1.2534,6.1510,2.2896,6.795,0.891
1.2450,6.4541,-8.6800,5.787,0.630
1.6077,6.8831,-11.0151,5.727,0.631
1.6075,6.4961,3.3444,5.064,0.517
1.4214,6.5235,8.0274,6.466,0.580
1.6481,6.5075,1.6040,4.059,0.485
1.5985,6.5166,0.8710,6.725,0.749
1.4337,6.5465,1.1925,4.948,0.500
1.4148,6.8001,1.4687,4.036,0.493
0.7182,6.6571,-0.8248,2.972,0.784
1.1268,6.7032,-15.9736,1.761,0.784
1.0079,6.8496,-2.6478,3.850,0.555
0.7274,6.7234,-6.1588,4.385,0.543
1.3317,6.7883,7.0985,5.676,0.629
1.1036,7.1462,0.2859,3.721,0.583
0.0160,6.0715,-1.3463,6.386,0.803
0.0300,6.3529,-1.8698,6.195,0.714
0.0446,6.5827,-7.2461,6.213,0.752
0.0582,6.4284,0.8294,5.115,0.553
0.0265,6.4333,-6.0929,4.941,0.473
-0.1623,6.3214,-6.1515,6.870,0.938
0.3505,6.8605,0.8798,6.090,0.710
0.3335,6.8801,0.6090,5.083,0.569
0.0046,6.7021,2.1846,6.892,0.876
-0.3354,6.4461,-6.6668,5.757,0.671
-0.5220,6.6226,3.5709,6.869,0.874
-0.2203,6.6276,1.0287,6.055,0.714
0.1330,7.1426,4.9604,5.812,0.666
0.3429,7.0734,8.0369,6.606,0.831
0.5336,7.1321,2.9256,5.840,0.833
0.5816,7.2092,4.1954,5.469,0.596
1.1667,7.3105,-6.7496,6.160,0.729
0.8849,7.3534,-3.5494,6.663,0.860
0.9323,7.4924,5.4738,4.461,0.531
0.8744,7.6353,-1.4577,6.003,0.692
0.3171,7.1201,4.4772,5.901,0.681
0.1975,7.5261,-2.5289,3.805,0.576
0.5833,7.9944,-11.4052,6.516,0.833
0.6089,7.7317,1.8044,5.835,0.677
3.4102,5.6234,-0.9315,5.781,0.664
3.3390,5.7397,15.6532,6.750,0.863
3.0545,5.5801,0.3331,6.400,0.743
3.1281,5.5424,0.2898,3.832,0.502
3.0507,5.6139,-0.1438,4.391,0.489
2.9892,5.6654,-1.5286,5.976,0.634
2.9441,5.6524,-13.2212,3.973,0.493
3.0728,5.9161,7.3303,4.068,0.491
3.3742,5.9939,0.8637,0.835,0.858
3.6736,6.0072,3.3429,6.213,0.689
3.5554,6.1614,-3.2681,5.659,0.576
3.2550,5.9706,2.8663,6.230,0.793
3.3781,5.8759,0.9476,5.967,0.657
3.4580,6.2854,-3.4058,4.128,0.480
2.8406,5.8544,4.6406,5.334,0.579
2.7823,5.8184,0.4032,6.056,0.789
2.9795,5.9717,3.9989,5.203,0.544
2.8223,5.8756,3.9776,4.855,0.515
2.7453,5.8565,4.6483,6.259,0.781
2.5911,5.9665,-10.5681,5.395,0.582
3.1590,6.2777,-8.0316,5.337,0.568
3.8325,6.5388,5.5236,5.912,0.594
3.7118,6.1732,1.3862,3.644,0.527
3.7230,6.1931,9.8742,5.448,0.550
4.0504,6.6893,3.7051,4.014,0.459
3.4078,6.4303,-0.9523,4.596,0.494
3.2075,6.6742,-3.2682,6.795,0.862
3.4892,6.9645,1.7066,5.100,0.535
3.9108,7.0273,6.4002,6.505,0.740
3.8752,6.8585,-6.7915,4.469,0.474
4.0855,7.0537,-9.4359,5.660,0.594
2.6437,6.6845,0.5507,6.390,0.748
2.7429,6.5161,-1.0816,2.971,0.721
2.1022,6.6216,-5.2754,4.728,0.512
3.1592,7.0717,2.8011,6.208,0.705
3.1348,7.2477,-3.2054,5.249,0.531
3.2506,6.9007,0.9195,5.803,0.588
3.2336,7.0445,0.6119,5.476,0.572
3.4269,7.2913,2.5780,5.811,0.594
3.4774,7.2135,0.9789,3.543,0.578
2.7777,7.4592,-5.0869,6.261,0.746
2.5885,7.3759,-12.3715,6.322,0.674
2.9360,7.2490,-8.6600,4.044,0.477
3.3638,7.7329,-11.1199,5.943,0.629
3.1832,7.5505,7.8188,5.593,0.569
4.4708,6.7466,0.3547,6.577,0.840
4.3706,6.8342,-2.0849,6.315,0.734
4.4860,7.1001,-1.2304,5.144,0.532
4.1484,7.1834,3.8212,4.436,0.470
4.1585,7.2256,-7.2734,4.410,0.465
4.0043,7.4173,2.3692,3.729,0.489
4.4454,7.4076,8.3142,5.151,0.553
5.4123,8.1846,3.9356,6.857,0.855
4.9251,8.3228,11.9827,4.049,0.449
3.8680,7.9144,-0.4673,6.582,0.769
3.9253,7.8687,-15.6384,5.241,0.532
3.8514,8.0904,1.7151,4.819,0.468
3.8930,8.0401,2.9262,0.727,0.075
3.8689,8.1098,-9.1293,6.035,0.602
3.7250,8.0655,16.5283,4.503,0.485
3.5069,7.9505,-8.6080,2.794,0.720
3.2825,8.0813,5.4088,5.486,0.573
4.4183,8.7443,-5.8621,6.066,0.663
4.6211,8.9289,-12.1160,2.986,0.664
4.2692,8.8992,-9.0712,6.212,0.716
1.8803,7.1162,-2.9512,5.939,0.688
1.7323,6.9974,0.8341,5.699,0.669
1.8900,6.9246,-15.8630,3.800,0.507
1.6384,6.9645,-2.9536,5.282,0.575
1.7139,7.1003,3.7857,6.445,0.286
1.7070,7.1571,2.4480,5.655,0.442
2.1863,7.1265,-2.8817,4.778,0.503
2.1575,7.2214,-4.1000,6.136,0.728
2.1222,7.4879,3.7119,0.787,0.175
1.5791,7.3939,1.9463,6.626,0.868
1.5023,7.6034,-4.7167,6.873,0.868
1.6159,7.1398,-0.3311,5.031,0.431
1.4301,7.5208,2.1943,4.593,0.505
1.9553,7.8257,-12.9182,6.247,0.723
1.6826,7.7381,-1.3152,6.687,0.878
1.6813,7.7902,-0.1615,4.707,0.525
1.8688,7.9321,-2.4998,5.290,0.584
2.4409,7.9243,-5.4943,5.968,0.668
2.7085,7.5821,1.7891,6.884,0.863
2.7457,7.7788,1.4589,4.142,0.472
2.4672,7.9721,-8.5890,3.739,0.498
2.7439,8.1651,1.9046,6.329,0.716
2.7218,7.9287,-5.7498,3.775,0.487
2.0652,8.1743,-5.5387,6.132,0.698
2.3495,7.9614,-14.0429,4.460,0.493
2.4853,8.3982,3.3997,5.433,0.571
2.6461,8.5260,1.2181,5.497,0.591
2.5678,8.5636,-9.4483,6.652,0.845
2.4937,8.0979,-0.6898,4.895,0.494
2.3077,8.4458,3.0725,5.693,0.684
1.1185,7.6043,-1.5979,5.122,0.569
0.9634,7.6786,2.5394,4.097,0.548
1.6063,7.9328,6.0055,4.608,0.535
1.4524,8.3380,4.2876,5.331,0.546
1.1587,8.4533,2.2939,4.951,0.521
1.3389,8.2252,8.7382,5.168,0.565
1.9514,8.4411,0.9762,3.540,0.722
1.6394,8.8208,-4.3306,6.037,0.631
1.9162,8.7392,-5.5704,5.947,0.670
3.1411,8.2624,-0.5427,4.524,0.481
2.9719,8.2542,-5.5220,3.936,0.469
3.2054,8.5663,-5.4153,4.781,0.508
3.3447,8.7274,-1.0506,5.080,0.552
3.3231,8.5465,-15.8972,4.494,0.488
3.6169,8.8506,3.0211,5.289,0.564
2.5860,8.7662,-0.7621,6.056,0.659
2.6713,8.7352,5.5066,6.670,0.811
3.7275,9.1468,6.1726,5.812,0.583
3.7807,9.0224,-8.9254,5.671,0.575
3.4093,9.3982,-10.5996,6.641,0.824
3.4632,9.5225,9.7405,4.314,0.484
2.7060,9.4311,5.9346,5.610,0.575
2.9387,9.2248,-4.3570,4.074,0.490
2.2858,9.3012,-2.7256,6.618,0.807
2.4446,9.9281,-1.7609,6.572,0.836
2.4226,9.8712,2.1003,4.716,0.494
-1.8414,5.7480,-9.4434,5.414,0.699
-1.7879,5.7813,0.4305,6.688,0.872
-1.9404,5.7846,1.5984,6.905,0.930
-1.9047,5.5243,1.2253,5.985,0.762
-2.0582,5.4985,1.2800,4.713,0.584
-1.9005,5.6193,2.7019,6.264,0.795
-1.9416,5.8332,-2.6135,5.890,0.726
-1.9198,5.4122,1.4878,4.311,0.639
-2.1008,5.6056,-0.0244,4.943,0.605
-1.5255,5.8328,0.1541,6.632,0.878
-1.5306,5.8991,4.2220,5.972,0.739
-1.4708,5.9584,1.7662,5.287,0.632
-1.6920,6.1352,7.5454,5.861,0.737
-2.2291,6.2648,1.8189,6.703,0.833
-2.2796,5.7736,0.1123,4.855,0.570
-2.1056,5.9157,3.7144,5.416,0.650
-2.3982,5.9916,-13.0939,4.269,0.566
-2.3409,6.1008,-2.7529,6.613,0.866
-1.8907,6.1836,-7.1974,6.500,0.863
-1.7478,6.3139,4.0749,5.305,0.622
-2.0935,6.2285,-4.2589,5.464,0.616
-1.9992,6.4226,2.8869,5.721,0.762
-1.2935,6.1074,-0.5692,6.097,0.749
-1.3711,6.2123,0.8745,6.826,0.875
-1.3524,6.4728,2.6804,3.863,0.708
-1.3439,6.5451,2.8356,5.165,0.620
-1.3892,6.5213,1.0693,5.081,0.605
-1.0952,6.7166,2.3346,5.013,0.577
-1.1097,6.8725,-2.9515,5.070,0.583
-0.9223,6.9217,-6.8835,6.707,0.840
-1.6924,6.6256,-16.6320,6.103,0.761
-1.4388,6.6001,0.0754,6.691,0.866
-1.5576,6.8210,-6.4233,5.742,0.705
-1.4377,6.7084,-3.5818,6.497,0.791
-1.4234,6.6477,1.8806,4.796,0.573
-1.4592,6.7212,-3.6148,4.285,0.571
-1.2177,7.2413,-2.0500,6.810,0.876
-1.2626,7.0617,-0.7822,6.324,0.760
-1.4503,6.9309,4.2599,5.285,0.640
-1.4208,7.0454,-1.6678,4.515,0.567
-2.5678,6.0408,0.8895,5.446,0.618
-2.5877,6.2056,3.3745,5.838,0.721
-2.5716,6.4547,6.1525,4.739,0.571
-2.1121,6.8512,7.0473,6.713,0.850
-2.0840,6.7453,-0.6187,5.406,0.604
-2.4859,6.6775,-2.5907,6.410,0.830
-2.9408,6.8999,3.2136,6.251,0.763
-2.6710,7.1085,-3.7827,5.947,0.701
-2.5708,7.3411,-8.4192,6.313,0.757
-1.7195,6.9933,-7.2296,4.951,0.574
-1.8519,7.0064,0.6924,5.087,0.601
-1.7641,7.0676,0.7571,5.943,0.724
-1.6120,7.1953,-1.6861,4.761,0.567
-1.6114,7.6799,7.0501,0.368,0.963
-2.2353,7.4126,16.4381,4.708,0.554
-1.9708,7.6470,-4.2648,6.276,0.829
-1.7249,7.7769,0.6781,5.919,0.723
-1.7257,7.8136,-2.9683,4.432,0.568
-0.4458,7.0612,6.3180,5.067,0.566
-0.6260,7.2607,4.4157,5.307,0.634
-0.8448,7.1172,-14.8320,5.295,0.620
-0.4791,7.1918,-14.7641,6.161,0.745
-0.2361,7.4683,7.6780,6.415,0.745
-0.3764,7.6154,2.8308,6.813,0.881
-0.3175,7.3007,-12.0584,4.375,0.560
-0.9012,7.3508,-10.0952,6.655,0.871
-0.9411,7.6448,-9.2362,6.838,0.873
-1.1106,7.2648,1.0545,4.598,0.573
-1.1383,7.3179,-6.2340,5.880,0.706
-1.1756,7.3484,1.2944,4.629,0.577
-0.8778,7.6062,4.5024,6.422,0.864
-0.0491,7.4702,1.2276,4.295,0.596
-0.0128,7.6565,0.0543,5.948,0.723
0.0515,7.7917,0.7019,4.290,0.547
0.2128,7.8482,-3.9604,5.713,0.664
0.3790,7.8714,0.0584,4.978,0.575
0.1108,8.1752,-0.1979,5.593,0.653
-0.3545,7.8641,-3.1191,5.741,0.678
-0.0944,7.9756,1.7542,5.883,0.703
-0.3946,8.0338,10.8362,5.157,0.581
0.0017,8.1446,-20.4747,0.666,0.714
-0.2074,8.3363,3.2563,6.714,0.930
-1.2540,7.7885,-7.6971,6.324,0.806
-1.1514,7.8501,-3.9214,5.636,0.685
-0.8719,8.1864,0.2099,6.598,0.808
-1.4366,8.0152,-4.1277,6.606,0.804
-1.4312,7.9071,3.6677,5.318,0.597
-1.1707,8.1683,-2.8879,4.939,0.573
-1.2681,8.6529,0.8951,0.683,0.915
-0.5157,8.3608,0.1020,4.184,0.572
-0.3932,8.3645,3.9508,6.769,0.875
-0.6933,8.2384,16.1000,5.784,0.676
-1.0006,8.8566,-1.2135,6.821,0.881
-0.8304,8.5520,3.3670,6.351,0.796
-0.4847,9.1131,9.5547,6.172,0.736
-0.5306,8.9372,7.1461,6.808,0.870
-3.0906,6.9346,-0.6416,6.356,0.828
-3.2244,6.9419,-5.4453,5.697,0.667
-2.8262,7.4146,-11.4161,5.978,0.729
-2.9918,7.5047,-1.0686,4.676,0.565
-3.4081,7.3568,3.4456,6.651,0.856
-2.4084,7.6613,0.3027,5.254,0.579
-2.3208,7.9963,14.4241,5.499,0.693
-2.7078,8.1099,9.6651,6.849,0.882
-2.8235,8.3532,-3.0135,2.531,0.778
-3.5684,7.7131,0.8537,6.624,0.867
-3.7513,7.4881,-4.9602,6.642,0.860
-3.8844,7.9515,12.4143,2.885,0.853
-3.4353,8.0323,-14.3492,5.726,0.645
-4.3503,8.1454,2.9602,5.504,0.626
-3.1690,8.1649,2.1670,6.426,0.793
-3.1811,8.2797,-2.7635,6.279,0.783
-3.2598,8.5258,-4.4446,5.421,0.598
-3.1322,8.7468,-4.7662,4.164,0.549
-3.5448,8.6066,-2.8607,4.272,0.572
-3.2245,8.9146,-1.6805,6.435,0.794
-3.2960,9.1189,-8.4566,5.833,0.703
-3.4240,9.1088,-5.4308,5.401,0.626
-1.9463,8.1865,3.1770,6.692,0.864
-1.6788,8.8888,-3.7575,5.420,0.605
-1.4875,8.8478,1.0909,6.469,0.866
-2.0327,8.6839,-0.7210,5.566,0.651
-2.2094,8.5046,5.5042,4.797,0.564
-2.3800,8.7689,-4.9076,6.556,0.831
-1.9115,9.0502,5.5758,5.209,0.615
-1.2514,8.8985,4.2454,5.739,0.696
-2.6352,8.8246,4.3781,5.111,0.565
-1.8328,9.7988,0.3876,6.004,0.719
-1.8393,9.6856,0.5238,4.823,0.573
-1.3309,10.0666,-3.3012,5.544,0.649
-2.0869,10.4250,-19.0405,6.113,0.734
0.4227,8.5252,3.2139,5.728,0.720
0.3000,8.6528,1.5285,5.454,0.602
0.1930,8.7093,-4.3678,4.821,0.564
0.6815,9.3060,4.5090,5.348,0.589
1.2082,8.9065,-1.3995,5.640,0.603
1.4568,8.9303,-2.0708,4.382,0.514
1.5997,9.3626,0.2448,6.782,0.866
1.7979,9.4502,-9.0419,6.555,0.859
1.7846,9.3687,5.2499,4.973,0.508
0.9317,9.2553,-2.2868,5.504,0.596
1.5074,9.6948,-3.0749,5.550,0.590
1.3315,9.7727,3.2165,4.731,0.538
0.2093,9.3367,5.2104,4.730,0.602
-0.2428,9.4556,-3.0555,5.353,0.589
0.5714,9.8487,7.9289,5.650,0.601
0.5082,9.7058,-5.9294,6.566,0.810
0.8258,10.2422,1.0574,5.328,0.572
0.2088,9.8189,-11.6122,6.016,0.708
0.3044,10.0842,0.6776,5.437,0.599
0.7125,10.5169,2.0140,6.261,0.710
1.4753,9.9200,6.8991,5.636,0.583
1.2411,10.0950,-10.4909,6.730,0.867
1.2402,10.2408,12.2007,6.618,0.861
-0.8789,9.7177,0.2154,4.366,0.558
-0.3368,9.9447,2.6724,5.801,0.652
-0.3720,9.9196,-3.0674,5.509,0.610
-1.0126,10.3026,0.5565,6.017,0.734
0.0317,10.3211,-0.9351,5.702,0.642
-0.4639,10.5332,3.9078,4.577,0.545
-1.7951,10.6037,-13.9441,6.769,0.792
5.0640,8.7791,4.0445,6.670,0.861
5.0700,9.2962,-16.1657,5.325,0.547
-9.7308,2.6457,-4.8519,4.658,0.655
-9.8047,2.8883,-14.6484,5.608,0.723
-9.4528,2.9583,11.6142,6.038,0.858
-9.3184,3.4881,4.9759,6.446,0.881
-9.9510,3.3270,-4.5434,5.293,0.720
-8.7267,4.3817,7.8418,5.136,0.703
-9.1699,4.3891,-5.7142,6.782,0.881
-9.7007,4.0725,-4.3270,6.036,0.841
-9.6504,4.4753,-0.0219,6.172,0.854
-9.3263,4.3007,-0.5191,6.315,0.860
-9.0362,4.6123,10.6551,6.521,0.891
-8.1989,4.2393,0.8433,6.181,0.872
-8.0384,4.7212,10.8281,5.228,0.737
-8.2162,5.0165,-7.3212,6.209,0.828
-7.4009,5.0704,1.4644,6.475,0.862
-7.4688,5.0781,-2.4918,5.258,0.757
-7.8131,5.0864,-1.8327,5.664,0.814
-7.2261,5.4701,-9.0088,6.751,0.903
-7.8818,5.4462,-17.5471,6.030,0.859
-9.0252,4.9432,-0.4198,5.652,0.845
-8.7946,5.8456,-7.0024,6.792,0.877
-8.8814,5.5827,-0.0714,6.839,0.918
-8.3567,6.1591,-3.6443,6.253,0.869
-6.9248,5.8726,-4.2617,6.727,0.862
-7.1386,5.5630,-4.0232,4.529,0.685
-6.9760,5.7602,-0.0128,5.722,0.732
-6.5292,6.0263,-0.6766,5.584,0.685
-7.3206,6.3043,13.9572,6.733,0.877
-7.5359,5.9908,-3.3201,6.461,0.846
-7.3185,5.9646,6.8423,4.509,0.726
-7.2483,6.3975,2.0854,6.321,0.831
-6.4576,6.1425,3.2816,5.291,0.636
-6.3640,6.6202,-6.7653,5.360,0.658
-6.2747,6.5550,-1.5071,4.505,0.578
-6.2349,6.6958,-4.5263,6.730,0.811
-6.2055,6.6898,-13.3563,6.674,0.859
-5.9913,6.5064,6.2901,6.667,0.868
-6.4263,6.7856,-0.1142,5.764,0.715
-6.3747,7.0974,-3.5516,5.383,0.666
-6.3944,7.2889,-4.0976,5.965,0.717
-7.3641,6.6226,5.5976,4.893,0.706
-7.3448,6.7838,-10.6813,6.488,0.841
-7.7737,7.0413,5.8785,6.489,0.880
-7.7296,7.0751,-9.3434,5.936,0.783
-6.6276,7.2137,-1.1463,5.179,0.599
-5.9079,7.1547,4.6313,5.841,0.694
-5.4421,7.4658,0.9620,5.957,0.735
-5.8915,7.3373,7.3952,4.184,0.580
-5.0814,7.5719,-2.7161,6.381,0.823
-4.6934,8.1610,3.0957,6.188,0.763
-5.0485,8.3837,-4.9268,5.014,0.564
-5.0356,8.3765,-12.4279,5.328,0.924
-5.0834,8.5306,7.4993,5.706,0.673
-6.1033,8.2496,-5.8194,4.624,0.569
-5.6453,8.3418,1.0924,6.124,0.737
-5.9591,8.3637,-1.7273,5.204,0.581
-5.5828,8.8511,-10.6650,6.386,0.752
-5.4236,8.6551,15.1624,6.322,0.758
-6.2358,8.5670,10.3524,4.035,0.599
-7.7859,7.3965,12.5568,5.791,0.733
-4.3652,8.7078,10.3130,4.045,0.570
-4.6406,8.7020,-7.6131,6.795,0.872
-4.8659,8.4601,-5.9957,4.791,0.576
-4.2460,8.9555,4.4116,4.045,0.578
-3.8161,8.8598,3.0310,6.139,0.775
-4.7349,9.2441,0.3771,6.568,0.860
-3.0898,9.8425,-0.7458,6.539,0.786
-3.1481,9.8903,-0.4273,6.810,0.864
-3.5440,9.9196,-0.1887,5.813,0.695
-3.6529,10.1118,6.9960,4.507,0.703
